sample	t_s	dt_s	Fx	Fy	Fz	Tx	Ty	Tz	raw_Fx	raw_Fy	raw_Fz	raw_Tx	raw_Ty	raw_Tz
1	0.000000	0.000000	0.000000	0.000000	0.000000	-0.044000	-0.032000	0.006000	0	0	0	24978	24984	25003
2	0.000031	0.000031	-0.310000	0.650000	0.560000	-0.044000	-0.032000	0.006000	29969	30065	30056	24978	24984	25003
3	0.120816	0.120785	-0.310000	0.650000	0.560000	-0.054000	-0.042000	0.000000	29969	30065	30056	24973	24979	25000
4	0.120914	0.000098	-0.310000	0.650000	0.560000	-0.054000	-0.042000	0.000000	29969	30065	30056	24973	24979	25000
5	0.153092	0.032178	-0.310000	0.650000	0.560000	-0.054000	-0.042000	0.000000	29969	30065	30056	24973	24979	25000
6	0.153199	0.000107	-0.190000	0.300000	0.820000	-0.054000	-0.042000	0.000000	29981	30030	30082	24973	24979	25000
7	0.191760	0.038561	-0.190000	0.300000	0.820000	-0.026000	-0.020000	-0.002000	29981	30030	30082	24987	24990	24999
8	0.191939	0.000178	-0.320000	0.690000	0.810000	-0.026000	-0.020000	-0.002000	29968	30069	30081	24987	24990	24999
9	0.221601	0.029662	-0.320000	0.690000	0.810000	-0.064000	-0.026000	0.002000	29968	30069	30081	24968	24987	25001
10	0.221690	0.000089	-0.210000	0.760000	0.810000	-0.064000	-0.026000	0.002000	29979	30076	30081	24968	24987	25001
11	0.256947	0.035257	-0.210000	0.760000	0.810000	-0.072000	-0.018000	0.000000	29979	30076	30081	24964	24991	25000
12	0.257022	0.000075	-0.270000	0.930000	1.110000	-0.072000	-0.018000	0.000000	29973	30093	30111	24964	24991	25000
13	0.288083	0.031061	-0.270000	0.930000	1.110000	-0.088000	-0.030000	0.002000	29973	30093	30111	24956	24985	25001
14	0.288195	0.000112	0.050000	0.360000	1.160000	-0.088000	-0.030000	0.002000	30005	30036	30116	24956	24985	25001
15	0.319222	0.031027	0.050000	0.360000	1.160000	-0.024000	-0.018000	0.000000	30005	30036	30116	24988	24991	25000
16	0.319304	0.000082	0.200000	0.390000	1.160000	-0.024000	-0.018000	0.000000	30020	30039	30116	24988	24991	25000
17	0.346276	0.026973	0.200000	0.390000	1.160000	-0.030000	-0.006000	-0.002000	30020	30039	30116	24985	24997	24999
18	0.346344	0.000067	0.330000	0.050000	0.550000	-0.030000	-0.006000	-0.002000	30033	30005	30055	24985	24997	24999
19	0.379758	0.033414	0.330000	0.050000	0.550000	0.002000	0.016000	-0.004000	30033	30005	30055	25001	25008	24998
20	0.379833	0.000076	0.400000	0.290000	0.530000	0.002000	0.016000	-0.004000	30040	30029	30053	25001	25008	24998
21	0.409161	0.029327	0.400000	0.290000	0.530000	-0.014000	0.026000	-0.006000	30040	30029	30053	24993	25013	24997
22	0.409237	0.000076	0.280000	0.220000	0.530000	-0.014000	0.026000	-0.006000	30028	30022	30053	24993	25013	24997
23	0.440098	0.030861	0.280000	0.220000	0.530000	-0.006000	0.020000	-0.004000	30028	30022	30053	24997	25010	24998
24	0.440162	0.000064	0.130000	0.360000	0.560000	-0.006000	0.020000	-0.004000	30013	30036	30056	24997	25010	24998
25	0.471664	0.031502	0.130000	0.360000	0.560000	-0.020000	0.004000	-0.006000	30013	30036	30056	24990	25002	24997
26	0.471745	0.000081	0.090000	0.010000	1.410000	-0.020000	0.004000	-0.006000	30009	30001	30141	24990	25002	24997
27	0.497993	0.026248	0.090000	0.010000	1.410000	0.004000	-0.004000	-0.010000	30009	30001	30141	25002	24998	24995
28	0.498052	0.000059	0.110000	-0.030000	1.410000	0.004000	-0.004000	-0.010000	30011	29997	30141	25002	24998	24995
29	0.525328	0.027276	0.110000	-0.030000	1.410000	0.008000	0.000000	-0.010000	30011	29997	30141	25004	25000	24995
30	0.525416	0.000088	0.040000	0.070000	1.430000	0.008000	0.000000	-0.010000	30004	30007	30143	25004	25000	24995
31	0.562417	0.037001	0.040000	0.070000	1.430000	-0.004000	-0.010000	-0.010000	30004	30007	30143	24998	24995	24995
32	0.562562	0.000145	-0.020000	0.120000	0.570000	-0.004000	-0.010000	-0.010000	29998	30012	30057	24998	24995	24995
33	0.591616	0.029053	-0.020000	0.120000	0.570000	-0.004000	-0.014000	-0.010000	29998	30012	30057	24998	24993	24995
34	0.591682	0.000067	-0.060000	0.090000	0.570000	-0.004000	-0.014000	-0.010000	29994	30009	30057	24998	24993	24995
35	0.625211	0.033528	-0.060000	0.090000	0.570000	-0.006000	-0.018000	-0.002000	29994	30009	30057	24997	24991	24999
36	0.625309	0.000098	0.060000	0.110000	0.550000	-0.006000	-0.018000	-0.002000	30006	30011	30055	24997	24991	24999
37	0.663440	0.038132	0.060000	0.110000	0.550000	-0.004000	-0.012000	0.000000	30006	30011	30055	24998	24994	25000
38	0.663583	0.000143	0.080000	0.280000	0.240000	-0.004000	-0.012000	0.000000	30008	30028	30024	24998	24994	25000
39	0.693267	0.029683	0.080000	0.280000	0.240000	-0.018000	-0.006000	-0.004000	30008	30028	30024	24991	24997	24998
40	0.693347	0.000080	-0.060000	0.140000	0.250000	-0.018000	-0.006000	-0.004000	29994	30014	30025	24991	24997	24998
41	0.721782	0.028435	-0.060000	0.140000	0.250000	0.010000	-0.012000	-0.008000	29994	30014	30025	25005	24994	24996
42	0.721849	0.000067	-0.110000	0.020000	0.260000	0.010000	-0.012000	-0.008000	29989	30002	30026	25005	24994	24996
43	0.756758	0.034909	-0.110000	0.020000	0.260000	0.018000	-0.010000	-0.012000	29989	30002	30026	25009	24995	24994
44	0.756948	0.000189	0.000000	0.330000	0.570000	0.018000	-0.010000	-0.012000	30000	30033	30057	25009	24995	24994
45	0.791390	0.034442	0.000000	0.330000	0.570000	0.002000	0.010000	-0.006000	30000	30033	30057	25001	25005	24997
46	0.791477	0.000087	-0.200000	0.280000	0.570000	0.002000	0.010000	-0.006000	29980	30028	30057	25001	25005	24997
47	0.821918	0.030441	-0.200000	0.280000	0.570000	0.000000	-0.010000	-0.004000	29980	30028	30057	25000	24995	24998
48	0.822094	0.000177	-0.140000	0.250000	0.560000	0.000000	-0.010000	-0.004000	29986	30025	30056	25000	24995	24998
49	0.857807	0.035712	-0.140000	0.250000	0.560000	0.004000	-0.004000	-0.004000	29986	30025	30056	25002	24998	24998
50	0.857932	0.000125	-0.170000	-0.020000	1.110000	0.004000	-0.004000	-0.004000	29983	29998	30111	25002	24998	24998
51	0.894283	0.036351	-0.170000	-0.020000	1.110000	0.018000	-0.016000	-0.008000	29983	29998	30111	25009	24992	24996
52	0.894425	0.000142	-0.190000	-0.200000	1.110000	0.018000	-0.016000	-0.008000	29981	29980	30111	25009	24992	24996
53	0.939137	0.044712	-0.190000	-0.200000	1.110000	0.012000	-0.028000	0.012000	29981	29980	30111	25006	24986	25006
54	0.939217	0.000080	-0.120000	-0.300000	1.090000	0.012000	-0.028000	0.012000	29988	29970	30109	25006	24986	25006
55	0.969181	0.029964	-0.120000	-0.300000	1.090000	0.024000	-0.020000	0.012000	29988	29970	30109	25012	24990	25006
56	0.969271	0.000090	-0.100000	-0.310000	1.380000	0.024000	-0.020000	0.012000	29990	29969	30138	25012	24990	25006
57	1.005066	0.035795	-0.100000	-0.310000	1.380000	0.024000	-0.018000	0.012000	29990	29969	30138	25012	24991	25006
58	1.005209	0.000143	-0.350000	-0.130000	1.360000	0.024000	-0.018000	0.012000	29965	29987	30136	25012	24991	25006
59	1.040095	0.034886	-0.350000	-0.130000	1.360000	0.024000	-0.018000	0.000000	29965	29987	30136	25012	24991	25000
60	1.040182	0.000086	-0.550000	0.030000	1.390000	0.024000	-0.018000	0.000000	29945	30003	30139	25012	24991	25000
61	1.075476	0.035295	-0.550000	0.030000	1.390000	0.002000	-0.036000	-0.002000	29945	30003	30139	25001	24982	24999
62	1.075569	0.000092	-0.520000	0.000000	1.960000	0.002000	-0.036000	-0.002000	29948	30000	30196	25001	24982	24999
63	1.107316	0.031748	-0.520000	0.000000	1.960000	0.002000	-0.034000	-0.002000	29948	30000	30196	25001	24983	24999
64	1.107495	0.000178	-0.500000	0.070000	1.970000	0.002000	-0.034000	-0.002000	29950	30007	30197	25001	24983	24999
65	1.133812	0.026317	-0.500000	0.070000	1.970000	0.002000	-0.034000	-0.010000	29950	30007	30197	25001	24983	24995
66	1.133993	0.000181	-0.310000	0.050000	1.940000	0.002000	-0.034000	-0.010000	29969	30005	30194	25001	24983	24995
67	1.201792	0.067799	-0.310000	0.050000	1.940000	0.010000	-0.020000	-0.006000	29969	30005	30194	25005	24990	24997
68	1.201853	0.000061	-0.340000	0.080000	1.370000	0.010000	-0.020000	-0.006000	29966	30008	30137	25005	24990	24997
69	1.233052	0.031198	-0.340000	0.080000	1.370000	0.010000	-0.024000	-0.006000	29966	30008	30137	25005	24988	24997
70	1.233146	0.000094	-0.400000	-0.260000	1.410000	0.010000	-0.024000	-0.006000	29960	29974	30141	25005	24988	24997
71	1.265432	0.032286	-0.400000	-0.260000	1.410000	0.030000	-0.042000	-0.006000	29960	29974	30141	25015	24979	24997
72	1.265516	0.000085	-0.540000	-0.130000	1.430000	0.030000	-0.042000	-0.006000	29946	29987	30143	25015	24979	24997
73	1.292785	0.027268	-0.540000	-0.130000	1.430000	0.012000	-0.056000	-0.008000	29946	29987	30143	25006	24972	24996
74	1.292873	0.000089	-0.560000	-0.110000	1.150000	0.012000	-0.056000	-0.008000	29944	29989	30115	25006	24972	24996
75	1.325739	0.032866	-0.560000	-0.110000	1.150000	0.012000	-0.056000	-0.008000	29944	29989	30115	25006	24972	24996
76	1.325862	0.000123	-0.510000	-0.260000	1.130000	0.012000	-0.056000	-0.008000	29949	29974	30113	25006	24972	24996
77	1.363889	0.038027	-0.510000	-0.260000	1.130000	0.010000	-0.060000	-0.004000	29949	29974	30113	25005	24970	24998
78	1.364081	0.000192	-0.470000	-0.080000	1.130000	0.010000	-0.060000	-0.004000	29953	29992	30113	25005	24970	24998
79	1.400806	0.036725	-0.470000	-0.080000	1.130000	-0.004000	-0.064000	0.000000	29953	29992	30113	24998	24968	25000
80	1.400893	0.000087	-0.510000	-0.050000	0.560000	-0.004000	-0.064000	0.000000	29949	29995	30056	24998	24968	25000
81	1.434316	0.033423	-0.510000	-0.050000	0.560000	-0.004000	-0.068000	0.000000	29949	29995	30056	24998	24966	25000
82	1.434391	0.000075	-0.380000	0.200000	0.520000	-0.004000	-0.068000	0.000000	29962	30020	30052	24998	24966	25000
83	1.462810	0.028419	-0.380000	0.200000	0.520000	-0.026000	-0.054000	0.000000	29962	30020	30052	24987	24973	25000
84	1.462880	0.000070	-0.550000	0.070000	0.540000	-0.026000	-0.054000	0.000000	29945	30007	30054	24987	24973	25000
85	1.493067	0.030188	-0.550000	0.070000	0.540000	-0.022000	-0.060000	-0.006000	29945	30007	30054	24989	24970	24997
86	1.493143	0.000076	-0.530000	0.050000	0.830000	-0.022000	-0.060000	-0.006000	29947	30005	30083	24989	24970	24997
87	1.521310	0.028167	-0.530000	0.050000	0.830000	-0.022000	-0.058000	-0.006000	29947	30005	30083	24989	24971	24997
88	1.521371	0.000062	-0.390000	0.200000	0.830000	-0.022000	-0.058000	-0.006000	29961	30020	30083	24989	24971	24997
89	1.546044	0.024673	-0.390000	0.200000	0.830000	-0.034000	-0.046000	-0.006000	29961	30020	30083	24983	24977	24997
90	1.546154	0.000110	-0.110000	-0.080000	0.780000	-0.034000	-0.046000	-0.006000	29989	29992	30078	24983	24977	24997
91	1.573905	0.027752	-0.110000	-0.080000	0.780000	-0.004000	-0.018000	-0.004000	29989	29992	30078	24998	24991	24998
92	1.573983	0.000078	-0.070000	-0.100000	1.350000	-0.004000	-0.018000	-0.004000	29993	29990	30135	24998	24991	24998
93	1.603051	0.029068	-0.070000	-0.100000	1.350000	-0.004000	-0.016000	-0.004000	29993	29990	30135	24998	24992	24998
94	1.603127	0.000077	-0.040000	0.010000	1.370000	-0.004000	-0.016000	-0.004000	29996	30001	30137	24998	24992	24998
95	1.628822	0.025695	-0.040000	0.010000	1.370000	-0.014000	-0.012000	-0.002000	29996	30001	30137	24993	24994	24999
96	1.628898	0.000076	-0.040000	0.010000	1.370000	-0.014000	-0.012000	-0.002000	29996	30001	30137	24993	24994	24999
97	1.654762	0.025864	-0.040000	0.010000	1.370000	-0.014000	-0.012000	-0.002000	29996	30001	30137	24993	24994	24999
98	1.654822	0.000060	-0.160000	0.060000	1.670000	-0.014000	-0.012000	-0.002000	29984	30006	30167	24993	24994	24999
99	1.680209	0.025387	-0.160000	0.060000	1.670000	-0.022000	-0.022000	-0.004000	29984	30006	30167	24989	24989	24998
100	1.680268	0.000059	-0.080000	-0.360000	1.740000	-0.022000	-0.022000	-0.004000	29992	29964	30174	24989	24989	24998
101	1.706565	0.026297	-0.080000	-0.360000	1.740000	0.042000	-0.018000	0.012000	29992	29964	30174	25021	24991	25006
102	1.706628	0.000063	-0.080000	-0.360000	1.740000	0.042000	-0.018000	0.012000	29992	29964	30174	25021	24991	25006
103	1.732312	0.025685	-0.080000	-0.360000	1.740000	0.042000	-0.018000	0.012000	29992	29964	30174	25021	24991	25006
104	1.732386	0.000074	-0.090000	-0.280000	1.750000	0.042000	-0.018000	0.012000	29991	29972	30175	25021	24991	25006
105	1.761487	0.029101	-0.090000	-0.280000	1.750000	0.034000	-0.022000	0.014000	29991	29972	30175	25017	24989	25007
106	1.761559	0.000072	-0.200000	-0.130000	1.700000	0.034000	-0.022000	0.014000	29980	29987	30170	25017	24989	25007
107	1.789256	0.027697	-0.200000	-0.130000	1.700000	0.012000	-0.030000	0.000000	29980	29987	30170	25006	24985	25000
108	1.789320	0.000064	-0.200000	-0.130000	1.700000	0.012000	-0.030000	0.000000	29980	29987	30170	25006	24985	25000
109	1.814108	0.024788	-0.200000	-0.130000	1.700000	0.012000	-0.030000	0.000000	29980	29987	30170	25006	24985	25000
110	1.814167	0.000059	-0.130000	-0.240000	1.690000	0.012000	-0.030000	0.000000	29987	29976	30169	25006	24985	25000
111	1.838201	0.024034	-0.130000	-0.240000	1.690000	0.024000	-0.020000	0.000000	29987	29976	30169	25012	24990	25000
112	1.838259	0.000058	0.060000	0.300000	0.560000	0.024000	-0.020000	0.000000	30006	30030	30056	25012	24990	25000
113	1.861894	0.023636	0.060000	0.300000	0.560000	-0.008000	0.014000	0.008000	30006	30030	30056	24996	25007	25004
114	1.861965	0.000071	-0.340000	0.120000	0.550000	-0.008000	0.014000	0.008000	29966	30012	30055	24996	25007	25004
115	1.887600	0.025635	-0.340000	0.120000	0.550000	0.016000	-0.012000	0.016000	29966	30012	30055	25008	24994	25008
116	1.887691	0.000091	-0.360000	0.270000	0.560000	0.016000	-0.012000	0.016000	29964	30027	30056	25008	24994	25008
117	1.917247	0.029556	-0.360000	0.270000	0.560000	0.002000	-0.018000	0.016000	29964	30027	30056	25001	24991	25008
118	1.917315	0.000068	-0.400000	0.170000	0.290000	0.002000	-0.018000	0.016000	29960	30017	30029	25001	24991	25008
119	1.946761	0.029446	-0.400000	0.170000	0.290000	0.012000	-0.024000	0.018000	29960	30017	30029	25006	24988	25009
120	1.946840	0.000079	-0.300000	0.420000	0.280000	0.012000	-0.024000	0.018000	29970	30042	30028	25006	24988	25009
121	1.978378	0.031538	-0.300000	0.420000	0.280000	-0.024000	-0.026000	0.014000	29970	30042	30028	24988	24987	25007
122	1.978464	0.000086	-0.310000	0.500000	0.290000	-0.024000	-0.026000	0.014000	29969	30050	30029	24988	24987	25007
123	2.009942	0.031478	-0.310000	0.500000	0.290000	-0.030000	-0.030000	0.016000	29969	30050	30029	24985	24985	25008
124	2.010060	0.000118	-0.460000	0.240000	0.860000	-0.030000	-0.030000	0.016000	29954	30024	30086	24985	24985	25008
125	2.042442	0.032382	-0.460000	0.240000	0.860000	-0.010000	-0.042000	0.012000	29954	30024	30086	24995	24979	25006
126	2.042523	0.000081	-0.320000	0.270000	0.860000	-0.010000	-0.042000	0.012000	29968	30027	30086	24995	24979	25006
127	2.074126	0.031603	-0.320000	0.270000	0.860000	-0.016000	-0.032000	0.010000	29968	30027	30086	24992	24984	25005
128	2.074239	0.000113	-0.420000	0.100000	0.870000	-0.016000	-0.032000	0.010000	29958	30010	30087	24992	24984	25005
129	2.106943	0.032704	-0.420000	0.100000	0.870000	-0.008000	-0.032000	0.006000	29958	30010	30087	24996	24984	25003
130	2.107026	0.000084	-0.530000	-0.280000	0.870000	-0.008000	-0.032000	0.006000	29947	29972	30087	24996	24984	25003
131	2.139107	0.032081	-0.530000	-0.280000	0.870000	0.018000	-0.052000	0.006000	29947	29972	30087	25009	24974	25003
132	2.139190	0.000083	-0.570000	-0.170000	0.860000	0.018000	-0.052000	0.006000	29943	29983	30086	25009	24974	25003
133	2.166374	0.027184	-0.570000	-0.170000	0.860000	-0.008000	-0.062000	0.012000	29943	29983	30086	24996	24969	25006
134	2.166479	0.000105	-0.490000	0.140000	0.860000	-0.008000	-0.062000	0.012000	29951	30014	30086	24996	24969	25006
135	2.197350	0.030871	-0.490000	0.140000	0.860000	-0.028000	-0.068000	0.018000	29951	30014	30086	24986	24966	25009
136	2.197446	0.000096	-0.440000	0.100000	1.710000	-0.028000	-0.068000	0.018000	29956	30010	30171	24986	24966	25009
137	2.226377	0.028930	-0.440000	0.100000	1.710000	-0.028000	-0.064000	0.018000	29956	30010	30171	24986	24968	25009
138	2.226464	0.000087	-0.170000	0.200000	1.730000	-0.028000	-0.064000	0.018000	29983	30020	30173	24986	24968	25009
139	2.257152	0.030688	-0.170000	0.200000	1.730000	-0.020000	-0.040000	0.006000	29983	30020	30173	24990	24980	25003
140	2.257231	0.000079	-0.070000	-0.060000	1.710000	-0.020000	-0.040000	0.006000	29993	29994	30171	24990	24980	25003
141	2.289653	0.032422	-0.070000	-0.060000	1.710000	0.004000	-0.024000	0.004000	29993	29994	30171	25002	24988	25002
142	2.289746	0.000093	0.000000	0.310000	1.400000	0.004000	-0.024000	0.004000	30000	30031	30140	25002	24988	25002
143	2.322180	0.032434	0.000000	0.310000	1.400000	-0.022000	-0.010000	-0.002000	30000	30031	30140	24989	24995	24999
144	2.322274	0.000094	-0.180000	0.270000	1.390000	-0.022000	-0.010000	-0.002000	29982	30027	30139	24989	24995	24999
145	2.353997	0.031723	-0.180000	0.270000	1.390000	-0.028000	-0.020000	0.006000	29982	30027	30139	24986	24990	25003
146	2.354078	0.000081	-0.270000	0.530000	1.410000	-0.028000	-0.020000	0.006000	29973	30053	30141	24986	24990	25003
147	2.387907	0.033829	-0.270000	0.530000	1.410000	-0.050000	-0.036000	0.008000	29973	30053	30141	24975	24982	25004
148	2.387994	0.000087	-0.280000	0.680000	0.830000	-0.050000	-0.036000	0.008000	29972	30068	30083	24975	24982	25004
149	2.414236	0.026242	-0.280000	0.680000	0.830000	-0.060000	-0.034000	0.006000	29972	30068	30083	24970	24983	25003
150	2.414333	0.000097	-0.090000	0.520000	0.830000	-0.060000	-0.034000	0.006000	29991	30052	30083	24970	24983	25003
151	2.449644	0.035311	-0.090000	0.520000	0.830000	-0.042000	-0.026000	0.010000	29991	30052	30083	24979	24987	25005
152	2.449771	0.000126	-0.130000	0.320000	0.830000	-0.042000	-0.026000	0.010000	29987	30032	30083	24979	24987	25005
153	2.480807	0.031036	-0.130000	0.320000	0.830000	-0.028000	-0.020000	0.006000	29987	30032	30083	24986	24990	25003
154	2.480896	0.000089	-0.080000	0.430000	1.110000	-0.028000	-0.020000	0.006000	29992	30043	30111	24986	24990	25003
155	2.507847	0.026950	-0.080000	0.430000	1.110000	-0.036000	-0.014000	0.004000	29992	30043	30111	24982	24993	25002
156	2.507936	0.000089	-0.020000	0.330000	1.090000	-0.036000	-0.014000	0.004000	29998	30033	30109	24982	24993	25002
157	2.540580	0.032644	-0.020000	0.330000	1.090000	-0.038000	-0.016000	-0.002000	29998	30033	30109	24981	24992	24999
158	2.540666	0.000086	0.050000	0.300000	1.080000	-0.038000	-0.016000	-0.002000	30005	30030	30108	24981	24992	24999
159	2.569887	0.029222	0.050000	0.300000	1.080000	-0.034000	-0.010000	0.000000	30005	30030	30108	24983	24995	25000
160	2.569963	0.000076	-0.120000	-0.120000	0.260000	-0.034000	-0.010000	0.000000	29988	29988	30026	24983	24995	25000
161	2.597548	0.027584	-0.120000	-0.120000	0.260000	-0.002000	-0.036000	0.008000	29988	29988	30026	24999	24982	25004
162	2.597626	0.000078	-0.090000	-0.200000	0.290000	-0.002000	-0.036000	0.008000	29991	29980	30029	24999	24982	25004
163	2.622742	0.025116	-0.090000	-0.200000	0.290000	0.030000	-0.026000	0.006000	29991	29980	30029	25015	24987	25003
164	2.622849	0.000107	-0.120000	0.020000	0.300000	0.030000	-0.026000	0.006000	29988	30002	30030	25015	24987	25003
165	2.652082	0.029233	-0.120000	0.020000	0.300000	0.010000	-0.036000	0.008000	29988	30002	30030	25005	24982	25004
166	2.652183	0.000100	-0.170000	0.070000	-0.530000	0.010000	-0.036000	0.008000	29983	30007	29947	25005	24982	25004
167	2.681149	0.028967	-0.170000	0.070000	-0.530000	0.008000	-0.042000	0.008000	29983	30007	29947	25004	24979	25004
168	2.681224	0.000075	0.130000	0.360000	-0.540000	0.008000	-0.042000	0.008000	30013	30036	29946	25004	24979	25004
169	2.706397	0.025173	0.130000	0.360000	-0.540000	-0.020000	-0.018000	0.010000	30013	30036	29946	24990	24991	25005
170	2.706467	0.000070	0.170000	0.060000	-0.550000	-0.020000	-0.018000	0.010000	30017	30006	29945	24990	24991	25005
171	2.734904	0.028437	0.170000	0.060000	-0.550000	0.004000	-0.004000	0.006000	30017	30006	29945	25002	24998	25003
172	2.734984	0.000080	0.240000	0.000000	0.560000	0.004000	-0.004000	0.006000	30024	30000	30056	25002	24998	25003
173	2.765637	0.030653	0.240000	0.000000	0.560000	0.006000	0.002000	0.006000	30024	30000	30056	25003	25001	25003
174	2.765728	0.000091	-0.100000	0.680000	0.550000	0.006000	0.002000	0.006000	29990	30068	30055	25003	25001	25003
175	2.796320	0.030592	-0.100000	0.680000	0.550000	-0.046000	-0.004000	0.002000	29990	30068	30055	24977	24998	25001
176	2.796421	0.000101	-0.180000	0.780000	0.560000	-0.046000	-0.004000	0.002000	29982	30078	30056	24977	24998	25001
177	2.821982	0.025561	-0.180000	0.780000	0.560000	-0.056000	-0.012000	0.002000	29982	30078	30056	24972	24994	25001
178	2.822044	0.000062	-0.200000	0.800000	0.280000	-0.056000	-0.012000	0.002000	29980	30080	30028	24972	24994	25001
179	2.850403	0.028359	-0.200000	0.800000	0.280000	-0.056000	-0.014000	0.002000	29980	30080	30028	24972	24993	25001
180	2.850515	0.000113	-0.360000	0.220000	0.280000	-0.056000	-0.014000	0.002000	29964	30022	30028	24972	24993	25001
181	2.882228	0.031712	-0.360000	0.220000	0.280000	0.010000	-0.026000	-0.002000	29964	30022	30028	25005	24987	24999
182	2.882306	0.000079	-0.210000	0.000000	0.250000	0.010000	-0.026000	-0.002000	29979	30000	30025	25005	24987	24999
183	2.914704	0.032398	-0.210000	0.000000	0.250000	0.034000	-0.008000	0.000000	29979	30000	30025	25017	24996	25000
184	2.914803	0.000098	-0.190000	-0.010000	0.530000	0.034000	-0.008000	0.000000	29981	29999	30053	25017	24996	25000
185	2.947464	0.032662	-0.190000	-0.010000	0.530000	0.034000	-0.006000	0.000000	29981	29999	30053	25017	24997	25000
186	2.947551	0.000087	-0.330000	-0.200000	0.560000	0.034000	-0.006000	0.000000	29967	29980	30056	25017	24997	25000
187	2.979877	0.032326	-0.330000	-0.200000	0.560000	0.028000	-0.032000	0.012000	29967	29980	30056	25014	24984	25006
188	2.979971	0.000094	-0.390000	-0.170000	0.570000	0.028000	-0.032000	0.012000	29961	29983	30057	25014	24984	25006
189	3.012076	0.032105	-0.390000	-0.170000	0.570000	0.024000	-0.038000	0.010000	29961	29983	30057	25012	24981	25005
190	3.012162	0.000086	-0.390000	-0.170000	0.570000	0.024000	-0.038000	0.010000	29961	29983	30057	25012	24981	25005
191	3.044358	0.032196	-0.390000	-0.170000	0.570000	0.024000	-0.038000	0.010000	29961	29983	30057	25012	24981	25005
192	3.044456	0.000097	-0.150000	-0.050000	0.520000	0.024000	-0.038000	0.010000	29985	29995	30052	25012	24981	25005
193	3.077343	0.032887	-0.150000	-0.050000	0.520000	-0.010000	-0.028000	0.006000	29985	29995	30052	24995	24986	25003
194	3.077476	0.000133	-0.150000	-0.050000	0.520000	-0.010000	-0.028000	0.006000	29985	29995	30052	24995	24986	25003
195	3.110097	0.032621	-0.150000	-0.050000	0.520000	-0.010000	-0.028000	0.006000	29985	29995	30052	24995	24986	25003
196	3.110184	0.000087	-0.170000	0.100000	0.530000	-0.010000	-0.028000	0.006000	29983	30010	30053	24995	24986	25003
197	3.142485	0.032300	-0.170000	0.100000	0.530000	-0.020000	-0.034000	0.008000	29983	30010	30053	24990	24983	25004
198	3.142627	0.000143	0.200000	0.180000	1.090000	-0.020000	-0.034000	0.008000	30020	30018	30109	24990	24983	25004
199	3.175842	0.033215	0.200000	0.180000	1.090000	-0.036000	-0.008000	0.002000	30020	30018	30109	24982	24996	25001
200	3.175927	0.000085	0.250000	0.160000	1.100000	-0.036000	-0.008000	0.002000	30025	30016	30110	24982	24996	25001
201	3.210596	0.034668	0.250000	0.160000	1.100000	-0.032000	-0.004000	0.000000	30025	30016	30110	24984	24998	25000
202	3.210779	0.000184	0.260000	0.080000	1.090000	-0.032000	-0.004000	0.000000	30026	30008	30109	24984	24998	25000
203	3.244786	0.034007	0.260000	0.080000	1.090000	-0.026000	0.000000	0.000000	30026	30008	30109	24987	25000	25000
204	3.244859	0.000073	-0.010000	0.260000	1.120000	-0.026000	0.000000	0.000000	29999	30026	30112	24987	25000	25000
205	3.275816	0.030957	-0.010000	0.260000	1.120000	-0.022000	-0.010000	0.006000	29999	30026	30112	24989	24995	25003
206	3.275922	0.000106	-0.170000	0.330000	1.120000	-0.022000	-0.010000	0.006000	29983	30033	30112	24989	24995	25003
207	3.301366	0.025444	-0.170000	0.330000	1.120000	-0.036000	-0.024000	0.006000	29983	30033	30112	24982	24988	25003
208	3.301440	0.000074	-0.160000	0.250000	1.120000	-0.036000	-0.024000	0.006000	29984	30025	30112	24982	24988	25003
209	3.329852	0.028413	-0.160000	0.250000	1.120000	-0.030000	-0.020000	0.004000	29984	30025	30112	24985	24990	25002
210	3.329912	0.000059	-0.410000	0.320000	1.110000	-0.030000	-0.020000	0.004000	29959	30032	30111	24985	24990	25002
211	3.355930	0.026018	-0.410000	0.320000	1.110000	-0.022000	-0.020000	0.010000	29959	30032	30111	24989	24990	25005
212	3.355998	0.000067	-0.290000	0.270000	1.100000	-0.022000	-0.020000	0.010000	29971	30027	30110	24989	24990	25005
213	3.382271	0.026274	-0.290000	0.270000	1.100000	-0.012000	-0.012000	0.010000	29971	30027	30110	24994	24994	25005
214	3.382345	0.000074	-0.320000	0.500000	1.110000	-0.012000	-0.012000	0.010000	29968	30050	30111	24994	24994	25005
215	3.411335	0.028990	-0.320000	0.500000	1.110000	-0.030000	-0.022000	0.014000	29968	30050	30111	24985	24989	25007
216	3.411414	0.000078	-0.020000	0.420000	0.850000	-0.030000	-0.022000	0.014000	29998	30042	30085	24985	24989	25007
217	3.440202	0.028788	-0.020000	0.420000	0.850000	-0.036000	-0.016000	0.008000	29998	30042	30085	24982	24992	25004
218	3.440305	0.000103	0.000000	-0.040000	0.830000	-0.036000	-0.016000	0.008000	30000	29996	30083	24982	24992	25004
219	3.472189	0.031885	0.000000	-0.040000	0.830000	-0.004000	-0.028000	-0.004000	30000	29996	30083	24998	24986	24998
220	3.472260	0.000071	-0.020000	0.110000	0.840000	-0.004000	-0.028000	-0.004000	29998	30011	30084	24998	24986	24998
221	3.498566	0.026305	-0.020000	0.110000	0.840000	-0.016000	-0.034000	-0.002000	29998	30011	30084	24992	24983	24999
222	3.498630	0.000065	-0.040000	0.660000	1.360000	-0.016000	-0.034000	-0.002000	29996	30066	30136	24992	24983	24999
223	3.529239	0.030609	-0.040000	0.660000	1.360000	-0.048000	-0.012000	-0.008000	29996	30066	30136	24976	24994	24996
224	3.529309	0.000070	-0.030000	0.780000	1.360000	-0.048000	-0.012000	-0.008000	29997	30078	30136	24976	24994	24996
225	3.561157	0.031847	-0.030000	0.780000	1.360000	-0.054000	-0.012000	-0.008000	29997	30078	30136	24973	24994	24996
226	3.561236	0.000079	-0.010000	0.550000	1.350000	-0.054000	-0.012000	-0.008000	29999	30055	30135	24973	24994	24996
227	3.592580	0.031344	-0.010000	0.550000	1.350000	-0.036000	-0.002000	-0.010000	29999	30055	30135	24982	24999	24995
228	3.592688	0.000109	-0.130000	0.220000	0.810000	-0.036000	-0.002000	-0.010000	29987	30022	30081	24982	24999	24995
229	3.623211	0.030522	-0.130000	0.220000	0.810000	-0.012000	-0.020000	-0.004000	29987	30022	30081	24994	24990	24998
230	3.623276	0.000066	-0.040000	0.190000	0.820000	-0.012000	-0.020000	-0.004000	29996	30019	30082	24994	24990	24998
231	3.648472	0.025196	-0.040000	0.190000	0.820000	-0.002000	-0.014000	-0.006000	29996	30019	30082	24999	24993	24997
232	3.648538	0.000066	-0.010000	-0.040000	0.800000	-0.002000	-0.014000	-0.006000	29999	29996	30080	24999	24993	24997
233	3.672961	0.024423	-0.010000	-0.040000	0.800000	0.018000	-0.002000	-0.010000	29999	29996	30080	25009	24999	24995
234	3.673019	0.000058	0.210000	0.240000	1.350000	0.018000	-0.002000	-0.010000	30021	30024	30135	25009	24999	24995
235	3.704120	0.031101	0.210000	0.240000	1.350000	-0.010000	0.018000	-0.016000	30021	30024	30135	24995	25009	24992
236	3.704184	0.000065	0.120000	0.500000	1.370000	-0.010000	0.018000	-0.016000	30012	30050	30137	24995	25009	24992
237	3.732223	0.028039	0.120000	0.500000	1.370000	-0.026000	0.022000	-0.010000	30012	30050	30137	24987	25011	24995
238	3.732304	0.000081	0.120000	0.580000	1.370000	-0.026000	0.022000	-0.010000	30012	30058	30137	24987	25011	24995
239	3.764629	0.032326	0.120000	0.580000	1.370000	-0.032000	0.018000	-0.010000	30012	30058	30137	24984	25009	24995
240	3.764779	0.000150	-0.190000	0.350000	0.820000	-0.032000	0.018000	-0.010000	29981	30035	30082	24984	25009	24995
241	3.792277	0.027498	-0.190000	0.350000	0.820000	-0.008000	-0.004000	-0.004000	29981	30035	30082	24996	24998	24998
242	3.792581	0.000304	-0.460000	0.270000	0.820000	-0.008000	-0.004000	-0.004000	29954	30027	30082	24996	24998	24998
243	3.821350	0.028768	-0.460000	0.270000	0.820000	-0.014000	-0.022000	-0.006000	29954	30027	30082	24993	24989	24997
244	3.821471	0.000122	-0.480000	0.430000	0.830000	-0.014000	-0.022000	-0.006000	29952	30043	30083	24993	24989	24997
245	3.860840	0.039369	-0.480000	0.430000	0.830000	-0.026000	-0.030000	-0.004000	29952	30043	30083	24987	24985	24998
246	3.860969	0.000129	-0.530000	0.040000	1.430000	-0.026000	-0.030000	-0.004000	29947	30004	30143	24987	24985	24998
247	3.891118	0.030149	-0.530000	0.040000	1.430000	0.000000	-0.042000	0.002000	29947	30004	30143	25000	24979	25001
248	3.891201	0.000083	-0.500000	0.020000	1.390000	0.000000	-0.042000	0.002000	29950	30002	30139	25000	24979	25001
249	3.919978	0.028777	-0.500000	0.020000	1.390000	-0.002000	-0.046000	-0.002000	29950	30002	30139	24999	24977	24999
250	3.920068	0.000090	-0.500000	0.020000	1.390000	-0.002000	-0.046000	-0.002000	29950	30002	30139	24999	24977	24999
251	3.953817	0.033750	-0.500000	0.020000	1.390000	-0.002000	-0.046000	-0.002000	29950	30002	30139	24999	24977	24999
252	3.953873	0.000056	-0.520000	0.040000	1.100000	-0.002000	-0.046000	-0.002000	29948	30004	30110	24999	24977	24999
253	3.984569	0.030696	-0.520000	0.040000	1.100000	-0.002000	-0.046000	-0.002000	29948	30004	30110	24999	24977	24999
254	3.984642	0.000073	-0.540000	0.140000	1.110000	-0.002000	-0.046000	-0.002000	29946	30014	30111	24999	24977	24999
255	4.013842	0.029200	-0.540000	0.140000	1.110000	-0.026000	-0.052000	0.004000	29946	30014	30111	24987	24974	25002
256	4.014001	0.000159	-0.520000	-0.010000	1.100000	-0.026000	-0.052000	0.004000	29948	29999	30110	24987	24974	25002
257	4.043690	0.029689	-0.520000	-0.010000	1.100000	-0.016000	-0.044000	0.002000	29948	29999	30110	24992	24978	25001
258	4.043770	0.000080	-0.590000	-0.100000	0.540000	-0.016000	-0.044000	0.002000	29941	29990	30054	24992	24978	25001
259	4.074391	0.030621	-0.590000	-0.100000	0.540000	-0.008000	-0.054000	0.004000	29941	29990	30054	24996	24973	25002
260	4.074482	0.000091	0.160000	0.110000	0.570000	-0.008000	-0.054000	0.004000	30016	30011	30057	24996	24973	25002
261	4.101990	0.027508	0.160000	0.110000	0.570000	-0.002000	0.008000	0.004000	30016	30011	30057	24999	25004	25002
262	4.102076	0.000086	0.160000	0.110000	0.570000	-0.002000	0.008000	0.004000	30016	30011	30057	24999	25004	25002
263	4.132547	0.030471	0.160000	0.110000	0.570000	-0.002000	0.008000	0.004000	30016	30011	30057	24999	25004	25002
264	4.132625	0.000078	0.170000	0.090000	0.850000	-0.002000	0.008000	0.004000	30017	30009	30085	24999	25004	25002
265	4.161478	0.028852	0.170000	0.090000	0.850000	-0.002000	0.010000	0.004000	30017	30009	30085	24999	25005	25002
266	4.161545	0.000068	-0.200000	0.010000	0.840000	-0.002000	0.010000	0.004000	29980	30001	30084	24999	25005	25002
267	4.191435	0.029890	-0.200000	0.010000	0.840000	0.000000	-0.024000	-0.006000	29980	30001	30084	25000	24988	24997
268	4.191510	0.000075	-0.190000	-0.070000	0.840000	0.000000	-0.024000	-0.006000	29981	29993	30084	25000	24988	24997
269	4.216455	0.024945	-0.190000	-0.070000	0.840000	0.006000	-0.020000	-0.006000	29981	29993	30084	25003	24990	24997
270	4.216538	0.000083	-0.080000	0.270000	1.090000	0.006000	-0.020000	-0.006000	29992	30027	30109	25003	24990	24997
271	4.245695	0.029156	-0.080000	0.270000	1.090000	-0.020000	-0.002000	-0.012000	29992	30027	30109	24990	24999	24994
272	4.245777	0.000082	0.090000	0.160000	1.090000	-0.020000	-0.002000	-0.012000	30009	30016	30109	24990	24999	24994
273	4.276002	0.030226	0.090000	0.160000	1.090000	-0.014000	0.006000	-0.010000	30009	30016	30109	24993	25003	24995
274	4.276076	0.000073	0.070000	0.310000	1.090000	-0.014000	0.006000	-0.010000	30007	30031	30109	24993	25003	24995
275	4.305909	0.029833	0.070000	0.310000	1.090000	-0.026000	0.000000	-0.008000	30007	30031	30109	24987	25000	24996
276	4.305975	0.000067	0.040000	0.190000	1.100000	-0.026000	0.000000	-0.008000	30004	30019	30110	24987	25000	24996
277	4.336349	0.030373	0.040000	0.190000	1.100000	-0.018000	-0.006000	-0.006000	30004	30019	30110	24991	24997	24997
278	4.336511	0.000163	-0.350000	0.200000	1.110000	-0.018000	-0.006000	-0.006000	29965	30020	30111	24991	24997	24997
279	4.364675	0.028164	0.040000	-0.190000	1.410000	-0.018000	-0.006000	-0.006000	30004	29981	30141	24991	24997	24997
280	4.392696	0.028021	0.040000	-0.190000	1.410000	0.022000	0.002000	-0.004000	30004	29981	30141	25011	25001	24998
281	4.392773	0.000077	0.150000	0.390000	0.830000	0.022000	0.002000	-0.004000	30015	30039	30083	25011	25001	24998
282	4.420584	0.027811	0.150000	0.390000	0.830000	-0.036000	-0.002000	-0.002000	30015	30039	30083	24982	24999	24999
283	4.420651	0.000067	0.070000	0.560000	0.860000	-0.036000	-0.002000	-0.002000	30007	30056	30086	24982	24999	24999
284	4.451811	0.031160	0.070000	0.560000	0.860000	-0.024000	-0.004000	0.006000	30007	30056	30086	24988	24998	25003
285	4.451894	0.000083	0.070000	0.560000	0.860000	-0.028000	-0.022000	-0.010000	30007	30056	30086	24986	24989	24995
286	4.451919	0.000025	0.390000	0.300000	1.370000	-0.028000	-0.022000	-0.010000	30039	30030	30137	24986	24989	24995
287	4.485327	0.033408	-0.250000	0.280000	1.360000	-0.028000	-0.022000	-0.010000	29975	30028	30136	24986	24989	24995
288	4.516621	0.031294	-0.250000	0.280000	1.360000	-0.016000	-0.002000	-0.004000	29975	30028	30136	24992	24999	24998
289	4.516682	0.000060	-0.010000	0.280000	1.080000	-0.016000	-0.002000	-0.004000	29999	30028	30108	24992	24999	24998
290	4.548390	0.031708	-0.010000	0.280000	1.080000	-0.012000	0.010000	0.004000	29999	30028	30108	24994	25005	25002
291	4.548499	0.000109	-0.250000	0.490000	0.570000	-0.012000	0.010000	0.004000	29975	30049	30057	24994	25005	25002
292	4.576896	0.028397	-0.250000	0.490000	0.570000	-0.046000	-0.036000	0.004000	29975	30049	30057	24977	24982	25002
293	4.576970	0.000073	-0.090000	0.460000	0.530000	-0.046000	-0.036000	0.004000	29991	30046	30053	24977	24982	25002
294	4.604594	0.027624	-0.090000	0.460000	0.530000	-0.038000	-0.018000	-0.002000	29991	30046	30053	24981	24991	24999
295	4.604670	0.000076	-0.020000	0.330000	0.250000	-0.038000	-0.018000	-0.002000	29998	30033	30025	24981	24991	24999
296	4.663946	0.059276	-0.020000	0.330000	0.250000	-0.026000	0.002000	0.006000	29998	30033	30025	24987	25001	25003
297	4.664051	0.000105	0.100000	0.280000	0.280000	-0.026000	0.002000	0.006000	30010	30028	30028	24987	25001	25003
298	4.691560	0.027508	0.100000	0.280000	0.280000	-0.014000	-0.012000	-0.012000	30010	30028	30028	24993	24994	24994
299	4.691667	0.000107	-0.480000	-0.140000	0.220000	-0.014000	-0.012000	-0.012000	29952	29986	30022	24993	24994	24994
300	4.718770	0.027104	-0.480000	-0.140000	0.220000	0.030000	-0.032000	-0.004000	29952	29986	30022	25015	24984	24998
301	4.718871	0.000101	-0.110000	0.120000	1.720000	0.030000	-0.032000	-0.004000	29989	30012	30172	25015	24984	24998
302	4.745648	0.026777	-0.110000	0.120000	1.720000	-0.018000	-0.018000	0.004000	29989	30012	30172	24991	24991	25002
303	4.745725	0.000077	-0.370000	-0.210000	1.940000	-0.018000	-0.018000	0.004000	29963	29979	30194	24991	24991	25002
304	4.772468	0.026743	0.000000	0.470000	1.100000	-0.018000	-0.018000	0.004000	30000	30047	30110	24991	24991	25002
305	4.799527	0.027060	-0.330000	-0.460000	1.730000	-0.018000	-0.018000	0.004000	29967	29954	30173	24991	24991	25002
306	4.826763	0.027236	-0.330000	-0.460000	1.730000	0.044000	-0.042000	0.020000	29967	29954	30173	25022	24979	25010
307	4.826824	0.000061	-0.160000	0.270000	0.840000	0.044000	-0.042000	0.020000	29984	30027	30084	25022	24979	25010
308	4.855347	0.028522	-0.160000	0.270000	0.840000	-0.010000	-0.012000	0.002000	29984	30027	30084	24995	24994	25001
309	4.855423	0.000076	-0.070000	0.310000	0.780000	-0.010000	-0.012000	0.002000	29993	30031	30078	24995	24994	25001
310	4.914070	0.058647	-0.070000	0.310000	0.780000	-0.016000	0.000000	-0.014000	29993	30031	30078	24992	25000	24993
311	4.914142	0.000073	0.270000	-0.120000	1.680000	-0.016000	0.000000	-0.014000	30027	29988	30168	24992	25000	24993
312	4.942249	0.028107	0.020000	-0.350000	0.830000	-0.016000	0.000000	-0.014000	30002	29965	30083	24992	25000	24993
313	4.972227	0.029978	-0.090000	0.030000	1.110000	-0.016000	0.000000	-0.014000	29991	30003	30111	24992	25000	24993
314	5.002567	0.030339	-0.090000	0.030000	1.110000	0.000000	-0.024000	0.010000	29991	30003	30111	25000	24988	25005
315	5.002662	0.000096	-0.160000	0.530000	1.110000	0.000000	-0.024000	0.010000	29984	30053	30111	25000	24988	25005
316	5.036714	0.034052	-0.160000	0.530000	1.110000	-0.036000	0.004000	-0.014000	29984	30053	30111	24982	25002	24993
317	5.036834	0.000120	0.130000	0.570000	0.000000	-0.036000	0.004000	-0.014000	30013	30057	30000	24982	25002	24993
318	5.071188	0.034354	0.130000	0.570000	0.000000	-0.026000	0.014000	0.006000	30013	30057	30000	24987	25007	25003
319	5.071277	0.000089	-0.410000	0.140000	0.590000	-0.026000	0.014000	0.006000	29959	30014	30059	24987	25007	25003
320	5.104967	0.033690	-0.410000	0.140000	0.590000	-0.028000	-0.046000	-0.006000	29959	30014	30059	24986	24977	24997
321	5.105063	0.000096	-0.410000	0.140000	0.590000	-0.094000	-0.004000	0.002000	29959	30014	30059	24953	24998	25001
322	5.105101	0.000038	-0.050000	0.430000	0.800000	-0.094000	-0.004000	0.002000	29995	30043	30080	24953	24998	25001
323	5.137034	0.031933	-0.510000	0.260000	0.550000	-0.094000	-0.004000	0.002000	29949	30026	30055	24953	24998	25001
324	5.167405	0.030370	-0.510000	0.260000	0.550000	-0.008000	-0.038000	0.010000	29949	30026	30055	24996	24981	25005
325	5.167480	0.000075	0.010000	0.450000	0.530000	-0.008000	-0.038000	0.010000	30001	30045	30053	24996	24981	25005
326	5.193436	0.025956	0.010000	0.450000	0.530000	-0.046000	-0.018000	0.012000	30001	30045	30053	24977	24991	25006
327	5.193505	0.000069	-0.270000	-0.150000	1.120000	-0.046000	-0.018000	0.012000	29973	29985	30112	24977	24991	25006
328	5.223854	0.030349	-0.270000	-0.150000	1.120000	-0.002000	-0.036000	-0.002000	29973	29985	30112	24999	24982	24999
329	5.223935	0.000080	-0.470000	0.360000	1.390000	-0.002000	-0.036000	-0.002000	29953	30036	30139	24999	24982	24999
330	5.258585	0.034650	-0.470000	0.360000	1.390000	-0.030000	-0.030000	0.004000	29953	30036	30139	24985	24985	25002
331	5.258681	0.000096	-0.110000	0.170000	0.820000	-0.030000	-0.030000	0.004000	29989	30017	30082	24985	24985	25002
332	5.289940	0.031259	-0.110000	0.170000	0.820000	0.000000	-0.006000	0.000000	29989	30017	30082	25000	24997	25000
333	5.290017	0.000078	0.090000	-0.090000	1.390000	0.000000	-0.006000	0.000000	30009	29991	30139	25000	24997	25000
334	5.319287	0.029270	0.090000	-0.090000	1.390000	-0.004000	-0.022000	-0.004000	30009	29991	30139	24998	24989	24998
335	5.319363	0.000075	0.000000	0.710000	1.100000	-0.004000	-0.022000	-0.004000	30000	30071	30110	24998	24989	24998
336	5.348545	0.029182	0.000000	0.710000	1.100000	-0.056000	0.006000	-0.006000	30000	30071	30110	24972	25003	24997
337	5.348637	0.000093	0.050000	0.510000	1.060000	-0.056000	0.006000	-0.006000	30005	30051	30106	24972	25003	24997
338	5.377377	0.028739	0.050000	0.510000	1.060000	-0.058000	-0.014000	-0.004000	30005	30051	30106	24971	24993	24998
339	5.377489	0.000113	-0.040000	-0.210000	0.830000	-0.058000	-0.014000	-0.004000	29996	29979	30083	24971	24993	24998
340	5.405944	0.028454	-0.040000	-0.210000	0.830000	0.020000	-0.016000	0.006000	29996	29979	30083	25010	24992	25003
341	5.406062	0.000119	0.180000	0.320000	1.130000	0.020000	-0.016000	0.006000	30018	30032	30113	25010	24992	25003
342	5.435773	0.029711	0.180000	0.320000	1.130000	-0.020000	0.004000	0.006000	30018	30032	30113	24990	25002	25003
343	5.435847	0.000074	0.180000	0.320000	1.130000	-0.014000	-0.038000	-0.004000	30018	30032	30113	24993	24981	24998
344	5.435864	0.000017	-0.350000	0.380000	1.710000	-0.014000	-0.038000	-0.004000	29965	30038	30171	24993	24981	24998
345	5.465372	0.029508	-0.070000	-0.360000	2.020000	-0.014000	-0.038000	-0.004000	29993	29964	30202	24993	24981	24998
346	5.496853	0.031481	-0.070000	-0.360000	2.020000	0.046000	-0.016000	0.006000	29993	29964	30202	25023	24992	25003
347	5.496921	0.000068	-0.360000	-0.180000	0.550000	0.046000	-0.016000	0.006000	29964	29982	30055	25023	24992	25003
348	5.524553	0.027632	-0.360000	-0.180000	0.550000	0.010000	-0.048000	0.000000	29964	29982	30055	25005	24976	25000
349	5.524620	0.000067	-0.260000	0.090000	0.530000	0.010000	-0.048000	0.000000	29974	30009	30053	25005	24976	25000
350	5.552380	0.027760	-0.260000	0.090000	0.530000	0.002000	-0.036000	-0.004000	29974	30009	30053	25001	24982	24998
351	5.552472	0.000093	-0.260000	0.090000	0.530000	-0.004000	-0.044000	0.000000	29974	30009	30053	24998	24978	25000
352	5.552495	0.000022	-0.250000	-0.080000	0.300000	-0.004000	-0.044000	0.000000	29975	29992	30030	24998	24978	25000
353	5.581040	0.028546	-0.250000	-0.080000	0.300000	-0.020000	-0.030000	-0.008000	29975	29992	30030	24990	24985	24996
354	5.581120	0.000079	-0.480000	0.340000	0.820000	-0.020000	-0.030000	-0.008000	29952	30034	30082	24990	24985	24996
355	5.613689	0.032570	0.120000	0.520000	0.500000	-0.020000	-0.030000	-0.008000	30012	30052	30050	24990	24985	24996
356	5.644218	0.030529	0.120000	0.520000	0.500000	-0.044000	0.000000	-0.006000	30012	30052	30050	24978	25000	24997
357	5.644289	0.000071	-0.250000	-0.180000	1.700000	-0.044000	0.000000	-0.006000	29975	29982	30170	24978	25000	24997
358	5.674658	0.030369	-0.250000	-0.180000	1.700000	0.018000	-0.016000	0.004000	29975	29982	30170	25009	24992	25002
359	5.674788	0.000130	0.120000	0.610000	0.330000	0.018000	-0.016000	0.004000	30012	30061	30033	25009	24992	25002
360	5.709150	0.034362	0.120000	0.610000	0.330000	-0.024000	0.000000	-0.004000	30012	30061	30033	24988	25000	24998
361	5.709248	0.000098	0.070000	0.030000	0.240000	-0.024000	0.000000	-0.004000	30007	30003	30024	24988	25000	24998
362	5.742384	0.033136	0.070000	0.030000	0.240000	0.002000	0.004000	-0.008000	30007	30003	30024	25001	25002	24996
363	5.742468	0.000084	-0.010000	0.280000	1.110000	0.002000	0.004000	-0.008000	29999	30028	30111	25001	25002	24996
364	5.773041	0.030573	-0.010000	0.280000	1.110000	-0.032000	-0.014000	0.002000	29999	30028	30111	24984	24993	25001
365	5.773130	0.000089	-0.220000	0.020000	1.080000	-0.032000	-0.014000	0.002000	29978	30002	30108	24984	24993	25001
366	5.806252	0.033122	-0.220000	0.020000	1.080000	-0.004000	-0.028000	0.020000	29978	30002	30108	24998	24986	25010
367	5.806330	0.000078	-0.400000	-0.360000	1.140000	-0.004000	-0.028000	0.020000	29960	29964	30114	24998	24986	25010
368	5.838081	0.031751	-0.400000	-0.360000	1.140000	0.034000	-0.032000	0.002000	29960	29964	30114	25017	24984	25001
369	5.838176	0.000095	-0.740000	-0.100000	1.160000	0.034000	-0.032000	0.002000	29926	29990	30116	25017	24984	25001
370	5.870568	0.032392	-0.740000	-0.100000	1.160000	0.008000	-0.060000	-0.004000	29926	29990	30116	25004	24970	24998
371	5.870683	0.000115	0.100000	0.270000	0.520000	0.008000	-0.060000	-0.004000	30010	30027	30052	25004	24970	24998
372	5.903599	0.032916	0.100000	0.270000	0.520000	-0.034000	-0.004000	-0.006000	30010	30027	30052	24983	24998	24997
373	5.903674	0.000075	-0.730000	-0.240000	1.180000	-0.034000	-0.004000	-0.006000	29927	29976	30118	24983	24998	24997
374	5.936637	0.032964	-0.730000	-0.240000	1.180000	0.034000	-0.062000	0.016000	29927	29976	30118	25017	24969	25008
375	5.936729	0.000091	-0.060000	-0.040000	1.440000	0.034000	-0.062000	0.016000	29994	29996	30144	25017	24969	25008
376	5.964183	0.027454	-0.060000	-0.040000	1.440000	-0.014000	-0.030000	0.006000	29994	29996	30144	24993	24985	25003
377	5.964253	0.000070	0.090000	0.060000	1.410000	-0.014000	-0.030000	0.006000	30009	30006	30141	24993	24985	25003
378	5.994733	0.030480	0.090000	0.060000	1.410000	-0.002000	0.000000	-0.008000	30009	30006	30141	24999	25000	24996
379	5.994832	0.000099	0.720000	0.090000	1.080000	-0.002000	0.000000	-0.008000	30072	30009	30108	24999	25000	24996
380	6.029250	0.034418	0.720000	0.090000	1.080000	0.000000	0.056000	0.000000	30072	30009	30108	25000	25028	25000
381	6.029334	0.000084	-0.250000	0.350000	1.670000	0.000000	0.056000	0.000000	29975	30035	30167	25000	25028	25000
382	6.059446	0.030112	-0.250000	0.350000	1.670000	-0.034000	-0.024000	-0.006000	29975	30035	30167	24983	24988	24997
383	6.059528	0.000081	0.290000	0.520000	1.670000	-0.034000	-0.024000	-0.006000	30029	30052	30167	24983	24988	24997
384	6.085432	0.025904	0.290000	0.520000	1.670000	-0.054000	0.012000	-0.006000	30029	30052	30167	24973	25006	24997
385	6.085505	0.000074	0.110000	0.000000	0.760000	-0.054000	0.012000	-0.006000	30011	30000	30076	24973	25006	24997
386	6.115974	0.030469	0.110000	0.000000	0.760000	-0.016000	-0.006000	-0.010000	30011	30000	30076	24992	24997	24995
387	6.116064	0.000090	-0.250000	0.380000	0.800000	-0.016000	-0.006000	-0.010000	29975	30038	30080	24992	24997	24995
388	6.148618	0.032554	-0.250000	0.380000	0.800000	-0.022000	-0.008000	0.002000	29975	30038	30080	24989	24996	25001
389	6.148704	0.000086	0.120000	0.370000	0.530000	-0.022000	-0.008000	0.002000	30012	30037	30053	24989	24996	25001
390	6.180834	0.032131	0.120000	0.370000	0.530000	-0.040000	0.006000	0.006000	30012	30037	30053	24980	25003	25003
391	6.180938	0.000104	-0.660000	-0.270000	0.840000	-0.040000	0.006000	0.006000	29934	29973	30084	24980	25003	25003
392	6.206681	0.025743	-0.660000	-0.270000	0.840000	0.064000	-0.042000	0.000000	29934	29973	30084	25032	24979	25000
393	6.206750	0.000069	-0.600000	0.100000	0.280000	0.064000	-0.042000	0.000000	29940	30010	30028	25032	24979	25000
394	6.238999	0.032249	-0.600000	0.100000	0.280000	-0.006000	-0.050000	0.004000	29940	30010	30028	24997	24975	25002
395	6.239068	0.000069	-0.030000	0.390000	0.830000	-0.006000	-0.050000	0.004000	29997	30039	30083	24997	24975	25002
396	6.263891	0.024823	-0.030000	0.390000	0.830000	-0.018000	-0.004000	0.008000	29997	30039	30083	24991	24998	25004
397	6.263971	0.000080	-0.030000	0.390000	0.830000	-0.032000	0.008000	0.002000	29997	30039	30083	24984	25004	25001
398	6.263993	0.000022	-0.260000	0.340000	1.170000	-0.032000	0.008000	0.002000	29974	30034	30117	24984	25004	25001
399	6.293971	0.029978	-0.360000	-0.110000	0.540000	-0.032000	0.008000	0.002000	29964	29989	30054	24984	25004	25001
400	6.328356	0.034385	-0.360000	-0.110000	0.540000	-0.006000	-0.044000	-0.006000	29964	29989	30054	24997	24978	24997
401	6.328472	0.000116	-0.080000	-0.600000	1.100000	-0.006000	-0.044000	-0.006000	29992	29940	30110	24997	24978	24997
402	6.362477	0.034005	-0.080000	-0.600000	1.100000	0.048000	-0.020000	-0.004000	29992	29940	30110	25024	24990	24998
403	6.362545	0.000069	-0.270000	0.280000	0.800000	0.048000	-0.020000	-0.004000	29973	30028	30080	25024	24990	24998
404	6.390868	0.028323	-0.270000	0.280000	0.800000	-0.028000	-0.032000	-0.002000	29973	30028	30080	24986	24984	24999
405	6.390969	0.000100	-0.310000	-0.320000	1.430000	-0.028000	-0.032000	-0.002000	29969	29968	30143	24986	24984	24999
406	6.415640	0.024671	-0.310000	-0.320000	1.430000	0.030000	-0.046000	0.012000	29969	29968	30143	25015	24977	25006
407	6.415701	0.000061	-0.390000	0.040000	0.830000	0.030000	-0.046000	0.012000	29961	30004	30083	25015	24977	25006
408	6.444739	0.029038	-0.390000	0.040000	0.830000	-0.002000	-0.028000	0.010000	29961	30004	30083	24999	24986	25005
409	6.444823	0.000084	0.090000	0.170000	1.160000	-0.002000	-0.028000	0.010000	30009	30017	30116	24999	24986	25005
410	6.475999	0.031175	0.090000	0.170000	1.160000	-0.024000	-0.010000	-0.006000	30009	30017	30116	24988	24995	24997
411	6.476094	0.000095	-0.210000	-0.010000	1.700000	-0.024000	-0.010000	-0.006000	29979	29999	30170	24988	24995	24997
412	6.504114	0.028020	-0.210000	-0.010000	1.700000	0.006000	-0.026000	-0.002000	29979	29999	30170	25003	24987	24999
413	6.504177	0.000063	0.220000	0.670000	0.830000	0.006000	-0.026000	-0.002000	30022	30067	30083	25003	24987	24999
414	6.530547	0.026371	0.220000	0.670000	0.830000	-0.050000	0.012000	-0.004000	30022	30067	30083	24975	25006	24998
415	6.530620	0.000073	0.140000	0.480000	1.110000	-0.050000	0.012000	-0.004000	30014	30048	30111	24975	25006	24998
416	6.556794	0.026173	0.140000	0.480000	1.110000	-0.044000	-0.002000	-0.012000	30014	30048	30111	24978	24999	24994
417	6.556862	0.000069	0.300000	0.330000	0.260000	-0.044000	-0.002000	-0.012000	30030	30033	30026	24978	24999	24994
418	6.585800	0.028938	0.300000	0.330000	0.260000	-0.026000	0.002000	-0.002000	30030	30033	30026	24987	25001	24999
419	6.585864	0.000064	-0.260000	0.360000	1.390000	-0.026000	0.002000	-0.002000	29974	30036	30139	24987	25001	24999
420	6.614953	0.029089	-0.260000	0.360000	1.390000	-0.026000	-0.012000	-0.008000	29974	30036	30139	24987	24994	24996
421	6.615046	0.000092	-0.550000	0.110000	1.160000	-0.026000	-0.012000	-0.008000	29945	30011	30116	24987	24994	24996
422	6.646302	0.031257	-0.550000	0.110000	1.160000	0.002000	-0.042000	-0.016000	29945	30011	30116	25001	24979	24992
423	6.646385	0.000082	-0.150000	0.470000	1.160000	0.002000	-0.042000	-0.016000	29985	30047	30116	25001	24979	24992
424	6.678550	0.032165	-0.150000	0.470000	1.160000	-0.046000	-0.024000	-0.002000	29985	30047	30116	24977	24988	24999
425	6.678625	0.000076	-0.030000	0.330000	1.140000	-0.046000	-0.024000	-0.002000	29997	30033	30114	24977	24988	24999
426	6.711099	0.032474	-0.030000	0.330000	1.140000	-0.016000	-0.014000	0.008000	29997	30033	30114	24992	24993	25004
427	6.711189	0.000090	0.030000	0.010000	1.100000	-0.016000	-0.014000	0.008000	30003	30001	30110	24992	24993	25004
428	6.743278	0.032089	0.030000	0.010000	1.100000	0.002000	-0.002000	-0.006000	30003	30001	30110	25001	24999	24997
429	6.743376	0.000099	0.240000	0.780000	0.240000	0.002000	-0.002000	-0.006000	30024	30078	30024	25001	24999	24997
430	6.776307	0.032930	0.240000	0.780000	0.240000	-0.050000	0.020000	-0.002000	30024	30078	30024	24975	25010	24999
431	6.776499	0.000192	0.260000	0.690000	1.090000	-0.050000	0.020000	-0.002000	30026	30069	30109	24975	25010	24999
432	6.808073	0.031574	0.260000	0.690000	1.090000	-0.074000	-0.002000	0.024000	30026	30069	30109	24963	24999	25012
433	6.808140	0.000067	-0.280000	-0.030000	1.100000	-0.074000	-0.002000	0.024000	29972	29997	30110	24963	24999	25012
434	6.838596	0.030457	-0.280000	-0.030000	1.100000	-0.010000	-0.032000	-0.002000	29972	29997	30110	24995	24984	24999
435	6.838673	0.000077	0.250000	0.260000	0.830000	-0.010000	-0.032000	-0.002000	30025	30026	30083	24995	24984	24999
436	6.876261	0.037588	0.250000	0.260000	0.830000	-0.012000	0.012000	0.008000	30025	30026	30083	24994	25006	25004
437	6.876405	0.000144	-0.360000	0.530000	2.010000	-0.012000	0.012000	0.008000	29964	30053	30201	24994	25006	25004
438	6.903164	0.026759	-0.360000	0.530000	2.010000	-0.038000	-0.020000	0.010000	29964	30053	30201	24981	24990	25005
439	6.903234	0.000070	0.140000	-0.010000	0.900000	-0.038000	-0.020000	0.010000	30014	29999	30090	24981	24990	25005
440	6.932800	0.029566	0.140000	-0.010000	0.900000	0.024000	0.006000	0.002000	30014	29999	30090	25012	25003	25001
441	6.932894	0.000094	0.140000	-0.010000	0.900000	-0.010000	0.022000	-0.008000	30014	29999	30090	24995	25011	24996
442	6.932923	0.000029	0.060000	0.100000	0.540000	-0.010000	0.022000	-0.008000	30006	30010	30054	24995	25011	24996
443	6.963348	0.030424	-0.210000	-0.050000	1.170000	-0.010000	0.022000	-0.008000	29979	29995	30117	24995	25011	24996
444	6.995745	0.032398	-0.210000	-0.050000	1.170000	0.032000	-0.008000	0.006000	29979	29995	30117	25016	24996	25003
445	6.995817	0.000072	-0.400000	0.150000	0.850000	0.032000	-0.008000	0.006000	29960	30015	30085	25016	24996	25003
446	7.023408	0.027591	-0.400000	0.150000	0.850000	-0.014000	-0.028000	-0.004000	29960	30015	30085	24993	24986	24998
447	7.023478	0.000070	-0.150000	0.310000	0.550000	-0.014000	-0.028000	-0.004000	29985	30031	30055	24993	24986	24998
448	7.052128	0.028650	-0.150000	0.310000	0.550000	-0.026000	-0.012000	0.000000	29985	30031	30055	24987	24994	25000
449	7.052215	0.000087	0.350000	0.490000	1.380000	-0.026000	-0.012000	0.000000	30035	30049	30138	24987	24994	25000
450	7.082046	0.029830	0.350000	0.490000	1.380000	-0.044000	0.010000	-0.008000	30035	30049	30138	24978	25005	24996
451	7.082154	0.000109	-0.490000	0.030000	-0.010000	-0.044000	0.010000	-0.008000	29951	30003	29999	24978	25005	24996
452	7.116089	0.033935	-0.490000	0.030000	-0.010000	-0.002000	-0.050000	-0.014000	29951	30003	29999	24999	24975	24993
453	7.116166	0.000076	-0.040000	0.650000	0.860000	-0.002000	-0.050000	-0.014000	29996	30065	30086	24999	24975	24993
454	7.147060	0.030894	-0.040000	0.650000	0.860000	-0.046000	-0.018000	0.008000	29996	30065	30086	24977	24991	25004
455	7.147126	0.000066	-0.370000	0.350000	0.530000	-0.046000	-0.018000	0.008000	29963	30035	30053	24977	24991	25004
456	7.175609	0.028483	-0.370000	0.350000	0.530000	-0.030000	-0.034000	-0.002000	29963	30035	30053	24985	24983	24999
457	7.175679	0.000070	-0.820000	0.080000	1.670000	-0.030000	-0.034000	-0.002000	29918	30008	30167	24985	24983	24999
458	7.201360	0.025681	-0.820000	0.080000	1.670000	-0.022000	-0.058000	-0.008000	29918	30008	30167	24989	24971	24996
459	7.201424	0.000063	-0.200000	0.500000	0.830000	-0.022000	-0.058000	-0.008000	29980	30050	30083	24989	24971	24996
460	7.231100	0.029677	-0.200000	0.500000	0.830000	-0.040000	-0.024000	-0.012000	29980	30050	30083	24980	24988	24994
461	7.231184	0.000084	-0.400000	-0.090000	1.110000	-0.040000	-0.024000	-0.012000	29960	29991	30111	24980	24988	24994
462	7.258320	0.027136	-0.450000	-0.190000	1.100000	-0.040000	-0.024000	-0.012000	29955	29981	30110	24980	24988	24994
463	7.290844	0.032524	-0.480000	0.170000	0.830000	-0.040000	-0.024000	-0.012000	29952	30017	30083	24980	24988	24994
464	7.324711	0.033867	-0.480000	0.170000	0.830000	-0.010000	-0.044000	0.000000	29952	30017	30083	24995	24978	25000
465	7.324988	0.000276	-0.610000	-0.090000	1.070000	-0.010000	-0.044000	0.000000	29939	29991	30107	24995	24978	25000
466	7.362602	0.037614	-0.610000	-0.090000	1.070000	0.010000	-0.052000	-0.012000	29939	29991	30107	25005	24974	24994
467	7.362778	0.000176	-0.360000	0.200000	0.830000	0.010000	-0.052000	-0.012000	29964	30020	30083	25005	24974	24994
468	7.394476	0.031698	-0.360000	0.200000	0.830000	-0.008000	-0.022000	0.000000	29964	30020	30083	24996	24989	25000
469	7.394591	0.000116	0.250000	-0.080000	1.380000	-0.008000	-0.022000	0.000000	30025	29992	30138	24996	24989	25000
470	7.421529	0.026938	0.250000	-0.080000	1.380000	0.034000	0.014000	-0.002000	30025	29992	30138	25017	25007	24999
471	7.421596	0.000067	-0.260000	0.090000	1.110000	0.034000	0.014000	-0.002000	29974	30009	30111	25017	25007	24999
472	7.451585	0.029989	-0.260000	0.090000	1.110000	-0.004000	-0.024000	-0.004000	29974	30009	30111	24998	24988	24998
473	7.451662	0.000077	0.180000	0.200000	0.260000	-0.004000	-0.024000	-0.004000	30018	30020	30026	24998	24988	24998
474	7.482581	0.030918	0.180000	0.200000	0.260000	-0.036000	-0.008000	0.024000	30018	30020	30026	24982	24996	25012
475	7.482647	0.000066	-0.430000	-0.160000	1.390000	-0.036000	-0.008000	0.024000	29957	29984	30139	24982	24996	25012
476	7.511723	0.029076	-0.430000	-0.160000	1.390000	0.028000	-0.026000	0.008000	29957	29984	30139	25014	24987	25004
477	7.511809	0.000086	-0.130000	0.370000	0.580000	0.028000	-0.026000	0.008000	29987	30037	30058	25014	24987	25004
478	7.540528	0.028719	-0.130000	0.370000	0.580000	-0.020000	-0.020000	0.000000	29987	30037	30058	24990	24990	25000
479	7.540590	0.000063	0.000000	0.340000	0.830000	-0.020000	-0.020000	0.000000	30000	30034	30083	24990	24990	25000
480	7.568720	0.028129	0.000000	0.340000	0.830000	-0.032000	-0.008000	-0.004000	30000	30034	30083	24984	24996	24998
481	7.568800	0.000081	0.000000	0.340000	0.830000	-0.040000	-0.010000	-0.006000	30000	30034	30083	24980	24995	24997
482	7.568846	0.000046	-0.210000	0.560000	1.390000	-0.040000	-0.010000	-0.006000	29979	30056	30139	24980	24995	24997
483	7.595789	0.026943	0.220000	-0.320000	0.570000	-0.040000	-0.010000	-0.006000	30022	29968	30057	24980	24995	24997
484	7.626726	0.030937	0.220000	-0.320000	0.570000	-0.040000	-0.010000	-0.006000	30022	29968	30057	24980	24995	24997
485	7.652832	0.026106	-0.500000	0.100000	0.820000	-0.040000	-0.010000	-0.006000	29950	30010	30082	24980	24995	24997
486	7.683079	0.030248	-0.500000	0.100000	0.820000	-0.004000	-0.042000	0.000000	29950	30010	30082	24998	24979	25000
487	7.683159	0.000080	-0.500000	0.100000	0.820000	-0.006000	-0.032000	0.006000	29950	30010	30082	24997	24984	25003
488	7.683181	0.000022	-0.230000	0.040000	1.140000	-0.006000	-0.032000	0.006000	29977	30004	30114	24997	24984	25003
489	7.713034	0.029853	-0.290000	-0.240000	1.410000	-0.006000	-0.032000	0.006000	29971	29976	30141	24997	24984	25003
490	7.745511	0.032477	-0.290000	-0.240000	1.410000	0.034000	-0.020000	0.006000	29971	29976	30141	25017	24990	25003
491	7.745612	0.000101	-0.250000	0.160000	0.510000	0.034000	-0.020000	0.006000	29975	30016	30051	25017	24990	25003
492	7.778599	0.032987	-0.250000	0.160000	0.510000	-0.030000	-0.024000	-0.006000	29975	30016	30051	24985	24988	24997
493	7.778761	0.000162	0.120000	0.640000	1.360000	-0.030000	-0.024000	-0.006000	30012	30064	30136	24985	24988	24997
494	7.807389	0.028628	0.120000	0.640000	1.360000	-0.068000	0.002000	0.000000	30012	30064	30136	24966	25001	25000
495	7.807477	0.000088	-0.120000	-0.630000	1.360000	-0.068000	0.002000	0.000000	29988	29937	30136	24966	25001	25000
496	7.842616	0.035139	-0.120000	-0.630000	1.360000	0.048000	-0.032000	-0.010000	29988	29937	30136	25024	24984	24995
497	7.842712	0.000096	-0.490000	-0.210000	0.840000	0.048000	-0.032000	-0.010000	29951	29979	30084	25024	24984	24995
498	7.877382	0.034669	-0.490000	-0.210000	0.840000	0.038000	-0.038000	0.000000	29951	29979	30084	25019	24981	25000
499	7.877472	0.000090	-0.510000	0.090000	0.560000	0.038000	-0.038000	0.000000	29949	30009	30056	25019	24981	25000
500	7.909166	0.031694	-0.510000	0.090000	0.560000	-0.002000	-0.054000	-0.006000	29949	30009	30056	24999	24973	24997
501	7.909336	0.000170	0.120000	0.370000	1.090000	-0.002000	-0.054000	-0.006000	30012	30037	30109	24999	24973	24997
502	7.937682	0.028346	0.120000	0.370000	1.090000	-0.034000	0.012000	0.006000	30012	30037	30109	24983	25006	25003
503	7.937748	0.000067	-0.360000	-0.660000	1.090000	-0.034000	0.012000	0.006000	29964	29934	30109	24983	25006	25003
504	7.965891	0.028142	-0.360000	-0.660000	1.090000	0.046000	-0.054000	-0.010000	29964	29934	30109	25023	24973	24995
505	7.965957	0.000067	-0.480000	0.310000	0.830000	0.046000	-0.054000	-0.010000	29952	30031	30083	25023	24973	24995
506	7.994349	0.028392	-0.480000	0.310000	0.830000	-0.022000	-0.044000	-0.010000	29952	30031	30083	24989	24978	24995
507	7.994421	0.000072	0.020000	0.230000	0.530000	-0.022000	-0.044000	-0.010000	30002	30023	30053	24989	24978	24995
508	8.021923	0.027502	0.020000	0.230000	0.530000	-0.016000	-0.006000	0.000000	30002	30023	30053	24992	24997	25000
509	8.021998	0.000075	0.120000	0.340000	0.590000	-0.016000	-0.006000	0.000000	30012	30034	30059	24992	24997	25000
510	8.051428	0.029430	0.120000	0.340000	0.590000	-0.032000	-0.004000	0.000000	30012	30034	30059	24984	24998	25000
511	8.051503	0.000075	0.220000	0.120000	1.130000	-0.032000	-0.004000	0.000000	30022	30012	30113	24984	24998	25000
512	8.077451	0.025949	0.220000	0.120000	1.130000	-0.012000	-0.006000	-0.006000	30022	30012	30113	24994	24997	24997
513	8.077643	0.000192	0.160000	-0.010000	0.530000	-0.012000	-0.006000	-0.006000	30016	29999	30053	24994	24997	24997
514	8.109165	0.031522	0.160000	-0.010000	0.530000	-0.010000	-0.002000	-0.006000	30016	29999	30053	24995	24999	24997
515	8.109249	0.000084	-0.250000	-0.050000	0.280000	-0.010000	-0.002000	-0.006000	29975	29995	30028	24995	24999	24997
516	8.141265	0.032016	-0.250000	-0.050000	0.280000	0.004000	-0.036000	0.012000	29975	29995	30028	25002	24982	25006
517	8.141343	0.000078	-0.220000	0.010000	1.420000	0.004000	-0.036000	0.012000	29978	30001	30142	25002	24982	25006
518	8.174350	0.033007	-0.220000	0.010000	1.420000	0.014000	-0.010000	-0.008000	29978	30001	30142	25007	24995	24996
519	8.174426	0.000076	-0.500000	0.080000	0.290000	0.014000	-0.010000	-0.008000	29950	30008	30029	25007	24995	24996
520	8.206955	0.032529	-0.500000	0.080000	0.290000	0.014000	-0.036000	0.014000	29950	30008	30029	25007	24982	25007
521	8.207034	0.000079	-0.690000	-0.110000	0.520000	0.014000	-0.036000	0.014000	29931	29989	30052	25007	24982	25007
522	8.240291	0.033257	-0.690000	-0.110000	0.520000	0.044000	-0.034000	-0.002000	29931	29989	30052	25022	24983	24999
523	8.240377	0.000086	-0.260000	0.300000	0.870000	0.044000	-0.034000	-0.002000	29974	30030	30087	25022	24983	24999
524	8.271339	0.030962	-0.320000	0.330000	0.880000	0.044000	-0.034000	-0.002000	29968	30033	30088	25022	24983	24999
525	8.298108	0.026769	-0.050000	0.440000	1.390000	0.044000	-0.034000	-0.002000	29995	30044	30139	25022	24983	24999
526	8.334589	0.036481	-0.050000	0.440000	1.390000	-0.048000	-0.002000	0.004000	29995	30044	30139	24976	24999	25002
527	8.334676	0.000087	-0.020000	0.360000	1.100000	-0.048000	-0.002000	0.004000	29998	30036	30110	24976	24999	25002
528	8.362472	0.027796	-0.020000	0.360000	1.100000	-0.032000	0.008000	-0.014000	29998	30036	30110	24984	25004	24993
529	8.362563	0.000091	-0.020000	0.360000	1.100000	-0.034000	-0.012000	0.000000	29998	30036	30110	24983	24994	25000
530	8.362610	0.000047	-0.150000	-0.010000	0.250000	-0.034000	-0.012000	0.000000	29985	29999	30025	24983	24994	25000
531	8.396615	0.034004	-0.270000	0.070000	0.820000	-0.034000	-0.012000	0.000000	29973	30007	30082	24983	24994	25000
532	8.425008	0.028393	-0.270000	0.070000	0.820000	0.006000	-0.016000	-0.002000	29973	30007	30082	25003	24992	24999
533	8.425089	0.000081	-0.180000	0.670000	1.100000	0.006000	-0.016000	-0.002000	29982	30067	30110	25003	24992	24999
534	8.459396	0.034308	-0.430000	0.550000	0.820000	0.006000	-0.016000	-0.002000	29957	30055	30082	25003	24992	24999
535	8.487161	0.027765	0.020000	0.010000	1.660000	0.006000	-0.016000	-0.002000	30002	30001	30166	25003	24992	24999
536	8.518720	0.031559	0.020000	0.010000	1.660000	-0.004000	0.002000	0.004000	30002	30001	30166	24998	25001	25002
537	8.518803	0.000083	-0.260000	0.620000	1.120000	-0.004000	0.002000	0.004000	29974	30062	30112	24998	25001	25002
538	8.553101	0.034298	-0.260000	0.620000	1.120000	-0.042000	-0.012000	-0.008000	29974	30062	30112	24979	24994	24996
539	8.553173	0.000072	-0.370000	-0.040000	1.360000	-0.042000	-0.012000	-0.008000	29963	29996	30136	24979	24994	24996
540	8.584572	0.031398	-0.370000	-0.040000	1.360000	0.008000	-0.036000	-0.014000	29963	29996	30136	25004	24982	24993
541	8.584655	0.000083	-0.200000	0.280000	1.070000	0.008000	-0.036000	-0.014000	29980	30028	30107	25004	24982	24993
542	8.614239	0.029584	-0.200000	0.280000	1.070000	-0.042000	-0.036000	-0.012000	29980	30028	30107	24979	24982	24994
543	8.614417	0.000178	-0.160000	0.050000	0.570000	-0.042000	-0.036000	-0.012000	29984	30005	30057	24979	24982	24994
544	8.645959	0.031542	-0.160000	0.050000	0.570000	-0.030000	-0.032000	0.006000	29984	30005	30057	24985	24984	25003
545	8.646040	0.000081	-0.280000	-0.070000	0.220000	-0.030000	-0.032000	0.006000	29972	29993	30022	24985	24984	25003
546	8.680551	0.034511	-0.280000	-0.070000	0.220000	0.016000	-0.028000	-0.004000	29972	29993	30022	25008	24986	24998
547	8.680622	0.000071	-0.200000	-0.140000	1.100000	0.016000	-0.028000	-0.004000	29980	29986	30110	25008	24986	24998
548	8.712002	0.031380	-0.200000	-0.140000	1.100000	0.004000	-0.028000	-0.006000	29980	29986	30110	25002	24986	24997
549	8.712074	0.000072	-0.460000	-0.290000	0.260000	0.004000	-0.028000	-0.006000	29954	29971	30026	25002	24986	24997
550	8.743255	0.031181	-0.460000	-0.290000	0.260000	0.020000	-0.052000	0.004000	29954	29971	30026	25010	24974	25002
551	8.743396	0.000141	0.070000	-0.440000	1.110000	0.020000	-0.052000	0.004000	30007	29956	30111	25010	24974	25002
552	8.776827	0.033431	0.070000	-0.440000	1.110000	0.034000	-0.006000	0.016000	30007	29956	30111	25017	24997	25008
553	8.776929	0.000102	0.060000	0.110000	1.390000	0.034000	-0.006000	0.016000	30006	30011	30139	25017	24997	25008
554	8.806324	0.029395	0.060000	0.110000	1.390000	-0.006000	0.000000	-0.008000	30006	30011	30139	24997	25000	24996
555	8.806405	0.000081	-0.330000	0.360000	0.570000	-0.006000	0.000000	-0.008000	29967	30036	30057	24997	25000	24996
556	8.835550	0.029146	-0.330000	0.360000	0.570000	-0.028000	-0.032000	0.022000	29967	30036	30057	24986	24984	25011
557	8.835617	0.000067	0.100000	-0.010000	1.070000	-0.028000	-0.032000	0.022000	30010	29999	30107	24986	24984	25011
558	8.865701	0.030084	-0.270000	0.200000	0.550000	-0.028000	-0.032000	0.022000	29973	30020	30055	24986	24984	25011
559	8.897039	0.031339	-0.270000	0.200000	0.550000	-0.020000	-0.026000	-0.004000	29973	30020	30055	24990	24987	24998
560	8.897115	0.000075	-0.350000	0.470000	1.100000	-0.020000	-0.026000	-0.004000	29965	30047	30110	24990	24987	24998
561	8.927430	0.030316	-0.350000	0.470000	1.100000	-0.034000	-0.024000	-0.006000	29965	30047	30110	24983	24988	24997
562	8.927494	0.000064	0.050000	0.610000	0.260000	-0.034000	-0.024000	-0.006000	30005	30061	30026	24983	24988	24997
563	8.957654	0.030160	-0.230000	0.210000	0.300000	-0.034000	-0.024000	-0.006000	29977	30021	30030	24983	24988	24997
564	8.988433	0.030779	-0.230000	0.210000	0.300000	-0.018000	-0.018000	0.014000	29977	30021	30030	24991	24991	25007
565	8.988508	0.000074	-0.400000	0.230000	1.080000	-0.018000	-0.018000	0.014000	29960	30023	30108	24991	24991	25007
566	9.019234	0.030726	0.120000	0.010000	0.480000	-0.018000	-0.018000	0.014000	30012	30001	30048	24991	24991	25007
567	9.047261	0.028028	0.120000	0.010000	0.480000	-0.014000	-0.010000	-0.010000	30012	30001	30048	24993	24995	24995
568	9.047384	0.000123	-0.290000	-0.220000	0.540000	-0.014000	-0.010000	-0.010000	29971	29978	30054	24993	24995	24995
569	9.084658	0.037273	-0.290000	-0.220000	0.540000	0.022000	-0.040000	-0.006000	29971	29978	30054	25011	24980	24997
570	9.084755	0.000097	-0.090000	0.540000	0.540000	0.022000	-0.040000	-0.006000	29991	30054	30054	25011	24980	24997
571	9.116512	0.031757	-0.090000	0.540000	0.540000	-0.048000	-0.032000	0.012000	29991	30054	30054	24976	24984	25006
572	9.116591	0.000080	-0.460000	0.290000	1.130000	-0.048000	-0.032000	0.012000	29954	30029	30113	24976	24984	25006
573	9.147652	0.031061	-0.460000	0.290000	1.130000	-0.014000	-0.040000	0.014000	29954	30029	30113	24993	24980	25007
574	9.147717	0.000065	-0.250000	0.150000	0.830000	-0.014000	-0.040000	0.014000	29975	30015	30083	24993	24980	25007
575	9.173524	0.025808	-0.250000	0.150000	0.830000	-0.010000	-0.018000	-0.008000	29975	30015	30083	24995	24991	24996
576	9.173588	0.000064	0.220000	-0.070000	0.830000	-0.010000	-0.018000	-0.008000	30022	29993	30083	24995	24991	24996
577	9.201246	0.027658	0.220000	-0.070000	0.830000	0.014000	0.006000	0.000000	30022	29993	30083	25007	25003	25000
578	9.201309	0.000064	0.070000	0.260000	0.830000	0.014000	0.006000	0.000000	30007	30026	30083	25007	25003	25000
579	9.226874	0.025564	0.130000	0.140000	0.800000	0.014000	0.006000	0.000000	30013	30014	30080	25007	25003	25000
580	9.257305	0.030432	-0.230000	0.410000	0.830000	0.014000	0.006000	0.000000	29977	30041	30083	25007	25003	25000
581	9.292626	0.035321	-0.230000	0.410000	0.830000	-0.018000	-0.020000	0.008000	29977	30041	30083	24991	24990	25004
582	9.292710	0.000084	-0.590000	-0.560000	0.850000	-0.018000	-0.020000	0.008000	29941	29944	30085	24991	24990	25004
583	9.319535	0.026825	0.160000	0.550000	1.420000	-0.018000	-0.020000	0.008000	30016	30055	30142	24991	24990	25004
584	9.349337	0.029802	0.160000	0.550000	1.420000	-0.046000	0.006000	0.008000	30016	30055	30142	24977	25003	25004
585	9.349408	0.000071	-0.240000	0.160000	0.840000	-0.046000	0.006000	0.008000	29976	30016	30084	24977	25003	25004
586	9.381435	0.032028	0.110000	0.030000	1.130000	-0.046000	0.006000	0.008000	30011	30003	30113	24977	25003	25004
587	9.409048	0.027613	0.110000	0.030000	1.130000	-0.002000	-0.006000	0.000000	30011	30003	30113	24999	24997	25000
588	9.409121	0.000072	-0.680000	-0.130000	0.840000	-0.002000	-0.006000	0.000000	29932	29987	30084	24999	24997	25000
589	9.438511	0.029390	-0.680000	-0.130000	0.840000	0.038000	-0.040000	0.014000	29932	29987	30084	25019	24980	25007
590	9.438594	0.000083	0.160000	0.430000	0.560000	0.038000	-0.040000	0.014000	30016	30043	30056	25019	24980	25007
591	9.469684	0.031090	-0.050000	0.060000	0.830000	0.038000	-0.040000	0.014000	29995	30006	30083	25019	24980	25007
592	9.498165	0.028481	-0.010000	0.300000	0.800000	0.038000	-0.040000	0.014000	29999	30030	30080	25019	24980	25007
593	9.533152	0.034987	-0.010000	0.300000	0.800000	-0.018000	-0.006000	-0.004000	29999	30030	30080	24991	24997	24998
594	9.533240	0.000088	-0.510000	-0.150000	0.830000	-0.018000	-0.006000	-0.004000	29949	29985	30083	24991	24997	24998
595	9.566341	0.033101	-0.510000	-0.150000	0.830000	0.014000	-0.050000	0.004000	29949	29985	30083	25007	24975	25002
596	9.566426	0.000085	0.000000	0.020000	1.120000	0.014000	-0.050000	0.004000	30000	30002	30112	25007	24975	25002
597	9.595552	0.029125	0.000000	0.020000	1.120000	-0.008000	-0.022000	0.004000	30000	30002	30112	24996	24989	25002
598	9.595620	0.000068	0.000000	0.020000	1.120000	-0.042000	-0.024000	0.002000	30000	30002	30112	24979	24988	25001
599	9.595640	0.000020	0.020000	0.440000	1.400000	-0.042000	-0.024000	0.002000	30002	30044	30140	24979	24988	25001
600	9.626855	0.031215	0.020000	0.440000	1.400000	-0.038000	-0.020000	0.004000	30002	30044	30140	24981	24990	25002
601	9.627036	0.000181	-0.210000	-0.170000	0.500000	-0.038000	-0.020000	0.004000	29979	29983	30050	24981	24990	25002
602	9.656584	0.029548	-0.390000	-0.080000	0.540000	-0.038000	-0.020000	0.004000	29961	29992	30054	24981	24990	25002
603	9.690868	0.034284	-0.390000	-0.080000	0.540000	-0.002000	-0.046000	-0.002000	29961	29992	30054	24999	24977	24999
604	9.690954	0.000085	-0.110000	-0.340000	1.130000	-0.002000	-0.046000	-0.002000	29989	29966	30113	24999	24977	24999
605	9.720609	0.029655	-0.110000	-0.340000	1.130000	0.024000	-0.024000	0.002000	29989	29966	30113	25012	24988	25001
606	9.720679	0.000070	-0.110000	-0.340000	1.130000	0.016000	-0.004000	0.004000	29989	29966	30113	25008	24998	25002
607	9.720712	0.000032	-0.080000	-0.420000	1.380000	0.016000	-0.004000	0.004000	29992	29958	30138	25008	24998	25002
608	9.748553	0.027842	-0.210000	0.150000	1.100000	0.016000	-0.004000	0.004000	29979	30015	30110	25008	24998	25002
609	9.787763	0.039209	-0.210000	0.150000	1.100000	-0.010000	-0.012000	0.004000	29979	30015	30110	24995	24994	25002
610	9.787898	0.000135	-0.340000	-0.180000	0.600000	-0.010000	-0.012000	0.004000	29966	29982	30060	24995	24994	25002
611	9.822731	0.034832	-0.340000	-0.180000	0.600000	0.040000	-0.030000	0.012000	29966	29982	30060	25020	24985	25006
612	9.822813	0.000082	-0.630000	-0.760000	1.390000	0.040000	-0.030000	0.012000	29937	29924	30139	25020	24985	25006
613	9.851488	0.028675	-0.630000	-0.760000	1.390000	0.076000	-0.062000	0.006000	29937	29924	30139	25038	24969	25003
614	9.851556	0.000067	-0.110000	-0.140000	1.360000	0.076000	-0.062000	0.006000	29989	29986	30136	25038	24969	25003
615	9.883609	0.032054	-0.110000	-0.140000	1.360000	-0.012000	-0.024000	-0.006000	29989	29986	30136	24994	24988	24997
616	9.883732	0.000123	-0.170000	0.750000	0.540000	-0.012000	-0.024000	-0.006000	29983	30075	30054	24994	24988	24997
617	9.917537	0.033805	-0.170000	0.750000	0.540000	-0.046000	0.010000	-0.008000	29983	30075	30054	24977	25005	24996
618	9.917622	0.000084	-0.170000	0.750000	0.540000	0.056000	-0.076000	0.006000	29983	30075	30054	25028	24962	25003
619	9.917647	0.000026	-0.680000	-0.380000	0.540000	0.056000	-0.076000	0.006000	29932	29962	30054	25028	24962	25003
620	9.952579	0.034932	-0.460000	0.170000	1.170000	0.056000	-0.076000	0.006000	29954	30017	30117	25028	24962	25003
621	9.989087	0.036508	-0.480000	-0.130000	1.710000	0.056000	-0.076000	0.006000	29952	29987	30171	25028	24962	25003
622	10.022573	0.033486	-0.480000	-0.130000	1.710000	0.018000	-0.056000	0.006000	29952	29987	30171	25009	24972	25003
623	10.022651	0.000078	0.110000	0.180000	1.380000	0.018000	-0.056000	0.006000	30011	30018	30138	25009	24972	25003
624	10.056656	0.034005	-0.300000	-0.080000	2.020000	0.018000	-0.056000	0.006000	29970	29992	30202	25009	24972	25003
625	10.090577	0.033921	-0.260000	-0.070000	1.180000	0.018000	-0.056000	0.006000	29974	29993	30118	25009	24972	25003
626	10.125222	0.034645	0.060000	0.150000	0.840000	0.018000	-0.056000	0.006000	30006	30015	30084	25009	24972	25003
627	10.163712	0.038490	0.060000	0.150000	0.840000	-0.008000	-0.004000	-0.004000	30006	30015	30084	24996	24998	24998
628	10.163775	0.000063	0.220000	0.260000	0.800000	-0.008000	-0.004000	-0.004000	30022	30026	30080	24996	24998	24998
629	10.194860	0.031085	0.220000	0.260000	0.800000	-0.018000	0.010000	-0.008000	30022	30026	30080	24991	25005	24996
630	10.195002	0.000142	0.410000	0.090000	1.940000	-0.018000	0.010000	-0.008000	30041	30009	30194	24991	25005	24996
631	10.225399	0.030397	-0.680000	-0.650000	0.570000	-0.018000	0.010000	-0.008000	29932	29935	30057	24991	25005	24996
632	10.254558	0.029159	-0.680000	-0.650000	0.570000	0.084000	-0.054000	0.010000	29932	29935	30057	25042	24973	25005
633	10.254655	0.000098	-0.150000	0.100000	1.200000	0.084000	-0.054000	0.010000	29985	30010	30120	25042	24973	25005
634	10.285553	0.030898	-0.450000	0.110000	0.880000	0.084000	-0.054000	0.010000	29955	30011	30088	25042	24973	25005
635	10.314618	0.029065	-0.450000	0.110000	0.880000	-0.006000	-0.040000	-0.006000	29955	30011	30088	24997	24980	24997
636	10.314773	0.000155	0.230000	0.380000	0.780000	-0.006000	-0.040000	-0.006000	30023	30038	30078	24997	24980	24997
637	10.345836	0.031063	0.230000	0.380000	0.780000	-0.046000	0.000000	0.002000	30023	30038	30078	24977	25000	25001
638	10.345919	0.000083	0.240000	0.060000	0.510000	-0.046000	0.000000	0.002000	30024	30006	30051	24977	25000	25001
639	10.379180	0.033260	0.240000	0.060000	0.510000	0.020000	0.014000	-0.018000	30024	30006	30051	25010	25007	24991
640	10.379240	0.000060	0.010000	0.410000	0.540000	0.020000	0.014000	-0.018000	30001	30041	30054	25010	25007	24991
641	10.441094	0.061854	0.010000	0.410000	0.540000	-0.010000	0.002000	0.002000	30001	30041	30054	24995	25001	25001
642	10.441182	0.000088	-0.320000	0.090000	0.850000	-0.010000	0.002000	0.002000	29968	30009	30085	24995	25001	25001
643	10.470234	0.029052	-0.320000	0.090000	0.850000	-0.006000	-0.020000	-0.004000	29968	30009	30085	24997	24990	24998
644	10.470345	0.000110	-0.190000	0.260000	1.110000	-0.006000	-0.020000	-0.004000	29981	30026	30111	24997	24990	24998
645	10.500100	0.029755	-0.190000	0.260000	1.110000	-0.008000	-0.028000	-0.002000	29981	30026	30111	24996	24986	24999
646	10.500173	0.000074	-0.270000	0.140000	0.880000	-0.008000	-0.028000	-0.002000	29973	30014	30088	24996	24986	24999
647	10.529507	0.029334	-0.270000	0.140000	0.880000	-0.008000	-0.034000	-0.012000	29973	30014	30088	24996	24983	24994
648	10.529575	0.000068	0.140000	0.380000	1.700000	-0.008000	-0.034000	-0.012000	30014	30038	30170	24996	24983	24994
649	10.562620	0.033045	0.140000	0.380000	1.700000	-0.028000	0.004000	-0.006000	30014	30038	30170	24986	25002	24997
650	10.562691	0.000071	-0.150000	0.520000	0.260000	-0.028000	0.004000	-0.006000	29985	30052	30026	24986	25002	24997
651	10.592931	0.030240	-0.150000	0.520000	0.260000	-0.030000	-0.014000	0.016000	29985	30052	30026	24985	24993	25008
652	10.593032	0.000101	0.410000	-0.290000	0.520000	-0.030000	-0.014000	0.016000	30041	29971	30052	24985	24993	25008
653	10.622495	0.029463	0.410000	-0.290000	0.520000	-0.006000	0.020000	-0.016000	30041	29971	30052	24997	25010	24992
654	10.622602	0.000107	0.260000	0.220000	0.030000	-0.006000	0.020000	-0.016000	30026	30022	30003	24997	25010	24992
655	10.653528	0.030926	0.260000	0.220000	0.030000	-0.012000	0.028000	-0.010000	30026	30022	30003	24994	25014	24995
656	10.653664	0.000136	0.140000	0.150000	0.030000	-0.012000	0.028000	-0.010000	30014	30015	30003	24994	25014	24995
657	10.681609	0.027945	0.140000	0.150000	0.030000	-0.002000	0.020000	-0.008000	30014	30015	30003	24999	25010	24996
658	10.681669	0.000059	0.160000	0.140000	-0.270000	-0.002000	0.020000	-0.008000	30016	30014	29973	24999	25010	24996
659	10.710142	0.028473	0.160000	0.140000	-0.270000	-0.004000	0.022000	-0.002000	30016	30014	29973	24998	25011	24999
660	10.710211	0.000068	0.010000	-0.170000	-0.260000	-0.004000	0.022000	-0.002000	30001	29983	29974	24998	25011	24999
661	10.741995	0.031784	0.010000	-0.170000	-0.260000	0.008000	-0.020000	0.002000	30001	29983	29974	25004	24990	25001
662	10.742074	0.000079	-0.350000	-0.370000	-0.260000	0.008000	-0.020000	0.002000	29965	29963	29974	25004	24990	25001
663	10.776754	0.034680	-0.350000	-0.370000	-0.260000	0.038000	-0.040000	0.008000	29965	29963	29974	25019	24980	25004
664	10.776862	0.000108	-0.650000	-0.250000	0.620000	0.038000	-0.040000	0.008000	29935	29975	30062	25019	24980	25004
665	10.813402	0.036540	-0.650000	-0.250000	0.620000	0.008000	-0.064000	0.006000	29935	29975	30062	25004	24968	25003
666	10.813517	0.000115	-0.360000	0.040000	0.600000	0.008000	-0.064000	0.006000	29964	30004	30060	25004	24968	25003
667	10.847907	0.034390	-0.360000	0.040000	0.600000	-0.008000	-0.012000	0.006000	29964	30004	30060	24996	24994	25003
668	10.847982	0.000075	-0.120000	0.180000	0.600000	-0.008000	-0.012000	0.006000	29988	30018	30060	24996	24994	25003
669	10.886879	0.038898	-0.120000	0.180000	0.600000	-0.026000	0.000000	0.002000	29988	30018	30060	24987	25000	25001
670	10.886987	0.000108	0.190000	0.030000	0.860000	-0.026000	0.000000	0.002000	30019	30003	30086	24987	25000	25001
671	10.916135	0.029148	0.190000	0.030000	0.860000	-0.002000	0.026000	0.004000	30019	30003	30086	24999	25013	25002
672	10.916202	0.000067	0.040000	-0.410000	0.860000	-0.002000	0.026000	0.004000	30004	29959	30086	24999	25013	25002
673	10.949974	0.033772	0.040000	-0.410000	0.860000	0.032000	0.008000	0.002000	30004	29959	30086	25016	25004	25001
674	10.950048	0.000074	0.280000	-0.280000	0.860000	0.032000	0.008000	0.002000	30028	29972	30086	25016	25004	25001
675	10.982807	0.032759	0.280000	-0.280000	0.860000	0.012000	0.022000	-0.002000	30028	29972	30086	25006	25011	24999
676	10.982877	0.000070	0.260000	-0.270000	0.880000	0.012000	0.022000	-0.002000	30026	29973	30088	25006	25011	24999
677	11.016077	0.033200	0.260000	-0.270000	0.880000	0.014000	0.020000	-0.004000	30026	29973	30088	25007	25010	24998
678	11.016158	0.000081	0.180000	-0.090000	0.070000	0.014000	0.020000	-0.004000	30018	29991	30007	25007	25010	24998
679	11.046913	0.030754	0.180000	-0.090000	0.070000	-0.004000	-0.014000	0.008000	30018	29991	30007	24998	24993	25004
680	11.046987	0.000074	0.420000	0.040000	0.070000	-0.004000	-0.014000	0.008000	30042	30004	30007	24998	24993	25004
681	11.076658	0.029671	0.420000	0.040000	0.070000	-0.022000	0.000000	0.004000	30042	30004	30007	24989	25000	25002
682	11.076724	0.000066	0.390000	0.050000	0.050000	-0.022000	0.000000	0.004000	30039	30005	30005	24989	25000	25002
683	11.110952	0.034228	0.390000	0.050000	0.050000	-0.028000	-0.002000	0.008000	30039	30005	30005	24986	24999	25004
684	11.111043	0.000091	0.360000	-0.060000	-0.280000	-0.028000	-0.002000	0.008000	30036	29994	29972	24986	24999	25004
685	11.141651	0.030608	0.360000	-0.060000	-0.280000	-0.022000	0.006000	-0.008000	30036	29994	29972	24989	25003	24996
686	11.141720	0.000069	0.000000	-0.260000	-0.280000	-0.022000	0.006000	-0.008000	30000	29974	29972	24989	25003	24996
687	11.175919	0.034199	0.000000	-0.260000	-0.280000	0.006000	-0.014000	0.000000	30000	29974	29972	25003	24993	25000
688	11.175984	0.000065	-0.110000	-0.210000	-0.270000	0.006000	-0.014000	0.000000	29989	29979	29973	25003	24993	25000
689	11.203337	0.027353	-0.110000	-0.210000	-0.270000	-0.004000	-0.022000	-0.002000	29989	29979	29973	24998	24989	24999
690	11.203421	0.000084	0.060000	-0.010000	0.290000	-0.004000	-0.022000	-0.002000	30006	29999	30029	24998	24989	24999
691	11.237299	0.033878	0.060000	-0.010000	0.290000	-0.014000	0.006000	0.002000	30006	29999	30029	24993	25003	25001
692	11.237395	0.000095	0.170000	0.100000	0.300000	-0.014000	0.006000	0.002000	30017	30010	30030	24993	25003	25001
693	11.266464	0.029070	0.170000	0.100000	0.300000	-0.024000	0.014000	-0.006000	30017	30010	30030	24988	25007	24997
694	11.266538	0.000073	0.240000	0.070000	0.290000	-0.024000	0.014000	-0.006000	30024	30007	30029	24988	25007	24997
695	11.296390	0.029852	0.240000	0.070000	0.290000	-0.020000	0.020000	-0.006000	30024	30007	30029	24990	25010	24997
696	11.296477	0.000087	0.200000	0.240000	0.010000	-0.020000	0.020000	-0.006000	30020	30024	30001	24990	25010	24997
697	11.324652	0.028175	0.200000	0.240000	0.010000	-0.032000	0.012000	-0.004000	30020	30024	30001	24984	25006	24998
698	11.324809	0.000157	0.480000	0.450000	0.000000	-0.032000	0.012000	-0.004000	30048	30045	30000	24984	25006	24998
699	11.357520	0.032711	0.480000	0.450000	0.000000	-0.056000	0.030000	-0.004000	30048	30045	30000	24972	25015	24998
700	11.357601	0.000081	0.540000	0.420000	-0.010000	-0.056000	0.030000	-0.004000	30054	30042	29999	24972	25015	24998
701	11.388953	0.031352	0.540000	0.420000	-0.010000	-0.050000	0.036000	-0.002000	30054	30042	29999	24975	25018	24999
702	11.389049	0.000095	0.660000	0.460000	-0.270000	-0.050000	0.036000	-0.002000	30066	30046	29973	24975	25018	24999
703	11.419665	0.030617	0.660000	0.460000	-0.270000	-0.042000	0.042000	-0.004000	30066	30046	29973	24979	25021	24998
704	11.419751	0.000085	0.060000	-0.490000	-0.290000	-0.042000	0.042000	-0.004000	30006	29951	29971	24979	25021	24998
705	11.448922	0.029171	0.060000	-0.490000	-0.290000	0.026000	-0.020000	-0.012000	30006	29951	29971	25013	24990	24994
706	11.448988	0.000066	0.060000	-0.490000	-0.290000	0.026000	-0.020000	-0.012000	30006	29951	29971	25013	24990	24994
707	11.479766	0.030778	0.060000	-0.490000	-0.290000	0.026000	-0.020000	-0.012000	30006	29951	29971	25013	24990	24994
708	11.479868	0.000103	0.050000	-0.640000	-0.030000	0.026000	-0.020000	-0.012000	30005	29936	29997	25013	24990	24994
709	11.512177	0.032309	0.050000	-0.640000	-0.030000	0.034000	-0.016000	-0.012000	30005	29936	29997	25017	24992	24994
710	11.512245	0.000067	0.320000	-0.110000	0.520000	0.034000	-0.016000	-0.012000	30032	29989	30052	25017	24992	24994
711	11.539443	0.027198	0.320000	-0.110000	0.520000	-0.032000	-0.006000	-0.002000	30032	29989	30052	24984	24997	24999
712	11.539505	0.000062	0.200000	0.000000	-0.560000	-0.032000	-0.006000	-0.002000	30020	30000	29944	24984	24997	24999
713	11.571545	0.032040	0.200000	0.000000	-0.560000	-0.028000	-0.004000	-0.004000	30020	30000	29944	24986	24998	24998
714	11.571739	0.000194	0.560000	-0.010000	0.250000	-0.028000	-0.004000	-0.004000	30056	29999	30025	24986	24998	24998
715	11.601632	0.029893	0.560000	-0.010000	0.250000	-0.026000	0.018000	-0.008000	30056	29999	30025	24987	25009	24996
716	11.601705	0.000073	0.300000	0.160000	-0.320000	-0.026000	0.018000	-0.008000	30030	30016	29968	24987	25009	24996
717	11.629303	0.027598	0.300000	0.160000	-0.320000	-0.022000	0.036000	-0.002000	30030	30016	29968	24989	25018	24999
718	11.629364	0.000061	0.170000	-0.600000	-0.820000	-0.022000	0.036000	-0.002000	30017	29940	29918	24989	25018	24999
719	11.663787	0.034423	0.170000	-0.600000	-0.820000	0.038000	0.008000	-0.002000	30017	29940	29918	25019	25004	24999
720	11.663873	0.000086	0.170000	-0.600000	-0.820000	0.038000	0.008000	-0.002000	30017	29940	29918	25019	25004	24999
721	11.698584	0.034711	0.140000	0.050000	-0.260000	0.038000	0.008000	-0.002000	30014	30005	29974	25019	25004	24999
722	11.732837	0.034254	0.270000	-0.260000	-0.260000	0.038000	0.008000	-0.002000	30027	29974	29974	25019	25004	24999
723	11.772750	0.039912	0.270000	-0.260000	-0.260000	-0.014000	-0.008000	0.010000	30027	29974	29974	24993	24996	25005
724	11.772843	0.000094	0.430000	0.430000	0.310000	-0.014000	-0.008000	0.010000	30043	30043	30031	24993	24996	25005
725	11.808629	0.035785	0.590000	0.180000	-0.020000	-0.014000	-0.008000	0.010000	30059	30018	29998	24993	24996	25005
726	11.837429	0.028801	0.380000	0.050000	0.280000	-0.014000	-0.008000	0.010000	30038	30005	30028	24993	24996	25005
727	11.867733	0.030303	0.380000	0.050000	0.280000	-0.022000	0.028000	0.004000	30038	30005	30028	24989	25014	25002
728	11.867800	0.000067	-0.190000	0.110000	-0.280000	-0.022000	0.028000	0.004000	29981	30011	29972	24989	25014	25002
729	11.902425	0.034626	-0.190000	0.110000	-0.280000	-0.016000	-0.018000	-0.010000	29981	30011	29972	24992	24991	24995
730	11.902562	0.000137	0.550000	0.200000	1.100000	-0.016000	-0.018000	-0.010000	30055	30020	30110	24992	24991	24995
731	11.930679	0.028116	0.550000	0.200000	1.100000	-0.044000	0.040000	-0.010000	30055	30020	30110	24978	25020	24995
732	11.930749	0.000071	0.100000	-0.240000	-0.270000	-0.044000	0.040000	-0.010000	30010	29976	29973	24978	25020	24995
733	11.964030	0.033281	0.100000	-0.240000	-0.270000	0.006000	-0.010000	-0.002000	30010	29976	29973	25003	24995	24999
734	11.964157	0.000127	0.600000	0.650000	0.290000	0.006000	-0.010000	-0.002000	30060	30065	30029	25003	24995	24999
735	12.005731	0.041574	0.600000	0.650000	0.290000	-0.068000	0.052000	0.000000	30060	30065	30029	24966	25026	25000
736	12.005811	0.000080	-0.310000	-0.340000	0.010000	-0.068000	0.052000	0.000000	29969	29966	30001	24966	25026	25000
737	12.038786	0.032975	-0.310000	-0.340000	0.010000	0.014000	-0.032000	0.004000	29969	29966	30001	25007	24984	25002
738	12.038901	0.000115	0.240000	-0.130000	-0.320000	0.014000	-0.032000	0.004000	30024	29987	29968	25007	24984	25002
739	12.069186	0.030286	0.240000	-0.130000	-0.320000	-0.002000	0.006000	-0.022000	30024	29987	29968	24999	25003	24989
740	12.069300	0.000114	0.410000	0.070000	0.580000	-0.002000	0.006000	-0.022000	30041	30007	30058	24999	25003	24989
741	12.097941	0.028641	-0.310000	-0.540000	0.550000	-0.002000	0.006000	-0.022000	29969	29946	30055	24999	25003	24989
742	12.126925	0.028983	-0.110000	-0.110000	0.570000	-0.002000	0.006000	-0.022000	29989	29989	30057	24999	25003	24989
743	12.157985	0.031061	-0.110000	-0.110000	0.570000	0.004000	-0.004000	0.008000	29989	29989	30057	25002	24998	25004
744	12.158074	0.000089	0.390000	-0.290000	0.000000	0.004000	-0.004000	0.008000	30039	29971	30000	25002	24998	25004
745	12.188187	0.030113	0.390000	-0.290000	0.000000	0.016000	0.030000	-0.008000	30039	29971	30000	25008	25015	24996
746	12.188258	0.000071	0.210000	0.140000	0.010000	0.016000	0.030000	-0.008000	30021	30014	30001	25008	25015	24996
747	12.219619	0.031361	0.460000	-0.170000	-0.030000	0.016000	0.030000	-0.008000	30046	29983	29997	25008	25015	24996
748	12.249430	0.029811	0.250000	-0.040000	0.020000	0.016000	0.030000	-0.008000	30025	29996	30002	25008	25015	24996
749	12.277172	0.027742	0.250000	-0.040000	0.020000	0.000000	0.022000	0.000000	30025	29996	30002	25000	25011	25000
750	12.277298	0.000126	0.260000	-0.370000	-0.250000	0.000000	0.022000	0.000000	30026	29963	29975	25000	25011	25000
751	12.306407	0.029109	0.260000	-0.370000	-0.250000	0.020000	0.002000	-0.002000	30026	29963	29975	25010	25001	24999
752	12.306465	0.000058	0.310000	-0.240000	0.280000	0.020000	0.002000	-0.002000	30031	29976	30028	25010	25001	24999
753	12.337335	0.030870	0.310000	-0.240000	0.280000	0.004000	0.006000	-0.002000	30031	29976	30028	25002	25003	24999
754	12.337396	0.000061	0.100000	-0.240000	0.000000	0.004000	0.006000	-0.002000	30010	29976	30000	25002	25003	24999
755	12.367066	0.029670	0.100000	-0.240000	0.000000	0.014000	0.008000	-0.004000	30010	29976	30000	25007	25004	24998
756	12.367126	0.000060	0.440000	0.210000	0.280000	0.014000	0.008000	-0.004000	30044	30021	30028	25007	25004	24998
757	12.398007	0.030881	0.440000	0.210000	0.280000	-0.028000	0.026000	-0.022000	30044	30021	30028	24986	25013	24989
758	12.398076	0.000070	0.540000	0.660000	0.260000	-0.028000	0.026000	-0.022000	30054	30066	30026	24986	25013	24989
759	12.430024	0.031948	0.540000	0.660000	0.260000	-0.060000	0.044000	-0.006000	30054	30066	30026	24970	25022	24997
760	12.430104	0.000079	0.410000	0.630000	0.260000	-0.060000	0.044000	-0.006000	30041	30063	30026	24970	25022	24997
761	12.461388	0.031284	0.240000	-0.090000	0.040000	-0.060000	0.044000	-0.006000	30024	29991	30004	24970	25022	24997
762	12.487658	0.026270	0.350000	-0.400000	-0.250000	-0.060000	0.044000	-0.006000	30035	29960	29975	24970	25022	24997
763	12.518287	0.030629	0.170000	-0.260000	0.550000	-0.060000	0.044000	-0.006000	30017	29974	30055	24970	25022	24997
764	12.553585	0.035298	0.420000	-0.450000	0.540000	-0.060000	0.044000	-0.006000	30042	29955	30054	24970	25022	24997
765	12.586429	0.032844	0.420000	-0.450000	0.540000	0.016000	0.016000	0.000000	30042	29955	30054	25008	25008	25000
766	12.586506	0.000077	0.420000	-0.450000	0.540000	0.016000	0.016000	0.000000	30042	29955	30054	25008	25008	25000
767	12.619852	0.033346	0.250000	-0.430000	0.620000	0.016000	0.016000	0.000000	30025	29957	30062	25008	25008	25000
768	12.653159	0.033307	0.250000	-0.430000	0.620000	0.014000	0.012000	0.002000	30025	29957	30062	25007	25006	25001
769	12.653238	0.000079	-0.180000	-0.570000	0.570000	0.014000	0.012000	0.002000	29982	29943	30057	25007	25006	25001
770	12.686642	0.033405	0.140000	-0.080000	-0.820000	0.014000	0.012000	0.002000	30014	29992	29918	25007	25006	25001
771	12.720693	0.034050	0.200000	-0.110000	-0.830000	0.014000	0.012000	0.002000	30020	29989	29917	25007	25006	25001
772	12.754105	0.033412	0.480000	0.750000	0.290000	0.014000	0.012000	0.002000	30048	30075	30029	25007	25006	25001
773	12.786086	0.031981	0.480000	0.750000	0.290000	-0.052000	0.040000	0.004000	30048	30075	30029	24974	25020	25002
774	12.786153	0.000067	-0.140000	0.590000	0.600000	-0.052000	0.040000	0.004000	29986	30059	30060	24974	25020	25002
775	12.816829	0.030676	-0.140000	0.590000	0.600000	-0.046000	-0.018000	0.004000	29986	30059	30060	24977	24991	25002
776	12.816909	0.000080	0.190000	-0.660000	0.010000	-0.046000	-0.018000	0.004000	30019	29934	30001	24977	24991	25002
777	12.846687	0.029778	0.190000	-0.660000	0.010000	0.040000	0.000000	0.006000	30019	29934	30001	25020	25000	25003
778	12.846775	0.000088	0.180000	-0.390000	-0.250000	0.040000	0.000000	0.006000	30018	29961	29975	25020	25000	25003
779	12.876449	0.029673	0.180000	-0.390000	-0.250000	0.022000	-0.012000	0.000000	30018	29961	29975	25011	24994	25000
780	12.876534	0.000085	0.090000	-0.470000	-0.250000	0.022000	-0.012000	0.000000	30009	29953	29975	25011	24994	25000
781	12.905780	0.029246	0.090000	-0.470000	-0.250000	0.018000	-0.004000	0.010000	30009	29953	29975	25009	24998	25005
782	12.905848	0.000068	0.260000	-0.500000	0.310000	0.018000	-0.004000	0.010000	30026	29950	30031	25009	24998	25005
783	12.939684	0.033836	0.260000	-0.500000	0.310000	0.046000	0.002000	-0.018000	30026	29950	30031	25023	25001	24991
784	12.939767	0.000083	0.760000	-0.100000	0.870000	0.046000	0.002000	-0.018000	30076	29990	30087	25023	25001	24991
785	12.971554	0.031787	0.760000	-0.100000	0.870000	-0.004000	0.044000	0.002000	30076	29990	30087	24998	25022	25001
786	12.971653	0.000099	0.040000	-0.460000	0.010000	-0.004000	0.044000	0.002000	30004	29954	30001	24998	25022	25001
787	13.006105	0.034452	0.040000	-0.460000	0.010000	0.018000	-0.020000	0.014000	30004	29954	30001	25009	24990	25007
788	13.006171	0.000066	0.130000	0.170000	0.270000	0.018000	-0.020000	0.014000	30013	30017	30027	25009	24990	25007
789	13.035624	0.029453	0.150000	0.130000	0.270000	0.018000	-0.020000	0.014000	30015	30013	30027	25009	24990	25007
790	13.068110	0.032486	0.280000	0.000000	0.310000	0.018000	-0.020000	0.014000	30028	30000	30031	25009	24990	25007
791	13.096334	0.028224	-0.120000	-0.430000	-0.540000	0.018000	-0.020000	0.014000	29988	29957	29946	25009	24990	25007
792	13.128212	0.031878	-0.110000	-0.650000	0.780000	0.018000	-0.020000	0.014000	29989	29935	30078	25009	24990	25007
793	13.157982	0.029769	-0.110000	-0.650000	0.780000	0.042000	-0.010000	-0.002000	29989	29935	30078	25021	24995	24999
794	13.158079	0.000097	0.290000	-0.060000	-0.300000	0.042000	-0.010000	-0.002000	30029	29994	29970	25021	24995	24999
795	13.195650	0.037571	0.290000	-0.060000	-0.300000	-0.022000	0.008000	-0.004000	30029	29994	29970	24989	25004	24998
796	13.195743	0.000092	0.220000	0.220000	0.330000	-0.022000	0.008000	-0.004000	30022	30022	30033	24989	25004	24998
797	13.228226	0.032483	0.220000	0.220000	0.330000	-0.020000	-0.012000	-0.016000	30022	30022	30033	24990	24994	24992
798	13.228299	0.000073	0.160000	-0.060000	0.530000	-0.020000	-0.012000	-0.016000	30016	29994	30053	24990	24994	24992
799	13.259309	0.031010	0.160000	-0.060000	0.530000	-0.018000	0.008000	-0.004000	30016	29994	30053	24991	25004	24998
800	13.259388	0.000079	0.160000	0.560000	0.600000	-0.018000	0.008000	-0.004000	30016	30056	30060	24991	25004	24998
801	13.292015	0.032627	0.160000	0.560000	0.600000	-0.042000	0.020000	-0.014000	30016	30056	30060	24979	25010	24993
802	13.292093	0.000079	-0.070000	-0.040000	0.610000	-0.042000	0.020000	-0.014000	29993	29996	30061	24979	25010	24993
803	13.329563	0.037470	0.440000	0.170000	-0.280000	-0.042000	0.020000	-0.014000	30044	30017	29972	24979	25010	24993
804	13.358104	0.028541	0.310000	-0.220000	0.280000	-0.042000	0.020000	-0.014000	30031	29978	30028	24979	25010	24993
805	13.388768	0.030664	0.310000	-0.220000	0.280000	-0.006000	0.016000	0.010000	30031	29978	30028	24997	25008	25005
806	13.388891	0.000123	0.080000	-0.180000	0.280000	-0.006000	0.016000	0.010000	30008	29982	30028	24997	25008	25005
807	13.423647	0.034756	0.490000	0.240000	0.240000	-0.006000	0.016000	0.010000	30049	30024	30024	24997	25008	25005
808	13.451013	0.027366	0.490000	0.240000	0.240000	-0.042000	0.032000	-0.004000	30049	30024	30024	24979	25016	24998
809	13.451094	0.000080	-0.130000	-0.290000	0.290000	-0.042000	0.032000	-0.004000	29987	29971	30029	24979	25016	24998
810	13.480286	0.029192	-0.140000	-0.190000	-0.240000	-0.042000	0.032000	-0.004000	29986	29981	29976	24979	25016	24998
811	13.511701	0.031415	-0.140000	-0.190000	-0.240000	0.000000	-0.018000	-0.004000	29986	29981	29976	25000	24991	24998
812	13.511810	0.000109	0.170000	-0.220000	0.030000	0.000000	-0.018000	-0.004000	30017	29978	30003	25000	24991	24998
813	13.545135	0.033325	0.190000	-0.020000	0.560000	0.000000	-0.018000	-0.004000	30019	29998	30056	25000	24991	24998
814	13.578197	0.033063	0.190000	0.090000	0.330000	0.000000	-0.018000	-0.004000	30019	30009	30033	25000	24991	24998
815	13.610728	0.032530	0.190000	0.090000	0.330000	-0.002000	0.018000	-0.002000	30019	30009	30033	24999	25009	24999
816	13.610881	0.000153	0.270000	-0.270000	0.860000	-0.002000	0.018000	-0.002000	30027	29973	30086	24999	25009	24999
817	13.644421	0.033540	0.270000	-0.270000	0.860000	0.030000	0.022000	-0.010000	30027	29973	30086	25015	25011	24995
818	13.644493	0.000071	0.270000	-0.270000	0.860000	0.020000	-0.018000	0.014000	30027	29973	30086	25010	24991	25007
819	13.644513	0.000021	0.380000	-0.140000	0.540000	0.020000	-0.018000	0.014000	30038	29986	30054	25010	24991	25007
820	13.677247	0.032734	0.070000	-0.310000	0.030000	0.020000	-0.018000	0.014000	30007	29969	30003	25010	24991	25007
821	13.714157	0.036910	0.070000	-0.310000	0.030000	0.024000	-0.012000	-0.008000	30007	29969	30003	25012	24994	24996
822	13.714283	0.000126	0.140000	-0.280000	0.010000	0.024000	-0.012000	-0.008000	30014	29972	30001	25012	24994	24996
823	13.744093	0.029810	0.140000	-0.280000	0.010000	0.014000	-0.002000	-0.012000	30014	29972	30001	25007	24999	24994
824	13.744172	0.000079	0.140000	-0.280000	0.010000	-0.006000	0.016000	-0.006000	30014	29972	30001	24997	25008	24997
825	13.744199	0.000027	0.210000	-0.040000	-0.560000	-0.006000	0.016000	-0.006000	30021	29996	29944	24997	25008	24997
826	13.775441	0.031242	0.120000	-0.270000	0.600000	-0.006000	0.016000	-0.006000	30012	29973	30060	24997	25008	24997
827	13.806649	0.031208	0.120000	-0.270000	0.600000	0.020000	0.000000	0.002000	30012	29973	30060	25010	25000	25001
828	13.806749	0.000099	0.310000	-0.790000	-0.040000	0.020000	0.000000	0.002000	30031	29921	29996	25010	25000	25001
829	13.836599	0.029850	0.310000	-0.790000	-0.040000	0.028000	-0.010000	-0.002000	30031	29921	29996	25014	24995	24999
830	13.836663	0.000064	0.350000	-0.090000	0.260000	0.028000	-0.010000	-0.002000	30035	29991	30026	25014	24995	24999
831	13.865038	0.028375	0.350000	-0.090000	0.260000	-0.038000	0.000000	-0.002000	30035	29991	30026	24981	25000	24999
832	13.865118	0.000080	0.160000	-0.270000	-0.360000	-0.038000	0.000000	-0.002000	30016	29973	29964	24981	25000	24999
833	13.893470	0.028352	0.160000	-0.270000	-0.360000	0.010000	0.008000	-0.020000	30016	29973	29964	25005	25004	24990
834	13.893542	0.000072	0.160000	-0.270000	-0.360000	0.024000	-0.018000	0.004000	30016	29973	29964	25012	24991	25002
835	13.893566	0.000024	-0.160000	-0.440000	0.250000	0.024000	-0.018000	0.004000	29984	29956	30025	25012	24991	25002
836	13.924521	0.030956	-0.050000	-0.270000	-0.020000	0.024000	-0.018000	0.004000	29995	29973	29998	25012	24991	25002
837	13.954433	0.029911	0.470000	0.230000	0.550000	0.024000	-0.018000	0.004000	30047	30023	30055	25012	24991	25002
838	13.986251	0.031818	0.470000	0.230000	0.550000	-0.054000	0.024000	-0.006000	30047	30023	30055	24973	25012	24997
839	13.986490	0.000240	0.120000	-0.250000	0.870000	-0.054000	0.024000	-0.006000	30012	29975	30087	24973	25012	24997
840	14.019768	0.033277	0.120000	-0.250000	0.870000	-0.008000	0.002000	-0.004000	30012	29975	30087	24996	25001	24998
841	14.019836	0.000068	-0.250000	-0.270000	-0.290000	-0.008000	0.002000	-0.004000	29975	29973	29971	24996	25001	24998
842	14.048764	0.028929	-0.110000	-0.070000	0.320000	-0.008000	0.002000	-0.004000	29989	29993	30032	24996	25001	24998
843	14.081519	0.032754	-0.110000	-0.070000	0.320000	0.026000	0.006000	0.010000	29989	29993	30032	25013	25003	25005
844	14.081617	0.000099	0.220000	0.260000	0.290000	0.026000	0.006000	0.010000	30022	30026	30029	25013	25003	25005
845	14.116210	0.034592	0.290000	-0.260000	0.580000	0.026000	0.006000	0.010000	30029	29974	30058	25013	25003	25005
846	14.151413	0.035203	0.290000	-0.260000	0.580000	0.004000	-0.006000	0.006000	30029	29974	30058	25002	24997	25003
847	14.151484	0.000072	-0.420000	-0.440000	0.020000	0.004000	-0.006000	0.006000	29958	29956	30002	25002	24997	25003
848	14.180545	0.029061	-0.420000	-0.440000	0.020000	0.036000	-0.052000	0.008000	29958	29956	30002	25018	24974	25004
849	14.180732	0.000186	0.530000	-0.150000	0.020000	0.036000	-0.052000	0.008000	30053	29985	30002	25018	24974	25004
850	14.212175	0.031444	0.000000	-0.040000	0.020000	0.036000	-0.052000	0.008000	30000	29996	30002	25018	24974	25004
851	14.248946	0.036770	-0.310000	-0.560000	0.320000	0.036000	-0.052000	0.008000	29969	29944	30032	25018	24974	25004
852	14.278447	0.029501	-0.310000	-0.560000	0.320000	0.044000	-0.032000	0.000000	29969	29944	30032	25022	24984	25000
853	14.278518	0.000071	0.140000	-0.100000	0.280000	0.044000	-0.032000	0.000000	30014	29990	30028	25022	24984	25000
854	14.309121	0.030602	0.180000	-0.440000	0.560000	0.044000	-0.032000	0.000000	30018	29956	30056	25022	24984	25000
855	14.337461	0.028340	0.650000	-0.140000	0.520000	0.044000	-0.032000	0.000000	30065	29986	30052	25022	24984	25000
856	14.369339	0.031878	0.650000	-0.140000	0.520000	-0.026000	0.034000	-0.016000	30065	29986	30052	24987	25017	24992
857	14.369417	0.000078	-0.080000	-0.730000	0.010000	-0.026000	0.034000	-0.016000	29992	29927	30001	24987	25017	24992
858	14.397462	0.028045	-0.420000	-0.220000	-0.260000	-0.026000	0.034000	-0.016000	29958	29978	29974	24987	25017	24992
859	14.425791	0.028329	0.330000	0.030000	0.270000	-0.026000	0.034000	-0.016000	30033	30003	30027	24987	25017	24992
860	14.453317	0.027526	0.330000	0.030000	0.270000	-0.004000	0.022000	0.006000	30033	30003	30027	24998	25011	25003
861	14.453384	0.000067	0.380000	-0.040000	0.250000	-0.004000	0.022000	0.006000	30038	29996	30025	24998	25011	25003
862	14.479831	0.026447	-0.170000	-0.430000	-0.300000	-0.004000	0.022000	0.006000	29983	29957	29970	24998	25011	25003
863	14.509983	0.030152	-0.170000	-0.430000	-0.300000	0.036000	-0.012000	0.000000	29983	29957	29970	25018	24994	25000
864	14.510068	0.000086	0.400000	-0.270000	-0.270000	0.036000	-0.012000	0.000000	30040	29973	29973	25018	24994	25000
865	14.540798	0.030730	0.280000	-0.590000	-0.290000	0.036000	-0.012000	0.000000	30028	29941	29971	25018	24994	25000
866	14.571178	0.030379	0.280000	-0.590000	-0.290000	0.018000	0.000000	0.002000	30028	29941	29971	25009	25000	25001
867	14.571317	0.000140	0.280000	-0.590000	-0.290000	0.004000	0.006000	-0.012000	30028	29941	29971	25002	25003	24994
868	14.571397	0.000080	0.160000	-0.150000	-0.040000	0.004000	0.006000	-0.012000	30016	29985	29996	25002	25003	24994
869	14.602420	0.031023	0.380000	-0.360000	0.010000	0.004000	0.006000	-0.012000	30038	29964	30001	25002	25003	24994
870	14.636997	0.034577	0.650000	0.310000	-0.030000	0.004000	0.006000	-0.012000	30065	30031	29997	25002	25003	24994
871	14.669184	0.032187	0.210000	-0.030000	-0.300000	0.004000	0.006000	-0.012000	30021	29997	29970	25002	25003	24994
872	14.703398	0.034215	0.210000	-0.030000	-0.300000	-0.012000	0.020000	-0.010000	30021	29997	29970	24994	25010	24995
873	14.703480	0.000082	0.420000	0.490000	1.100000	-0.012000	0.020000	-0.010000	30042	30049	30110	24994	25010	24995
874	14.734474	0.030993	0.420000	0.490000	1.100000	-0.046000	0.032000	-0.010000	30042	30049	30110	24977	25016	24995
875	14.734556	0.000083	0.420000	0.490000	1.100000	0.040000	-0.002000	0.014000	30042	30049	30110	25020	24999	25007
876	14.734578	0.000022	0.380000	-0.690000	-0.020000	0.040000	-0.002000	0.014000	30038	29931	29998	25020	24999	25007
877	14.761221	0.026642	0.380000	-0.690000	-0.020000	0.034000	-0.004000	0.016000	30038	29931	29998	25017	24998	25008
878	14.761294	0.000074	0.250000	-0.150000	0.280000	0.034000	-0.004000	0.016000	30025	29985	30028	25017	24998	25008
879	14.790411	0.029117	0.250000	-0.150000	0.280000	-0.010000	0.020000	0.006000	30025	29985	30028	24995	25010	25003
880	14.790501	0.000090	0.250000	-0.150000	0.280000	0.038000	-0.002000	-0.002000	30025	29985	30028	25019	24999	24999
881	14.790530	0.000029	0.440000	-0.150000	-0.010000	0.038000	-0.002000	-0.002000	30044	29985	29999	25019	24999	24999
882	14.825525	0.034996	0.440000	-0.150000	-0.010000	-0.012000	0.020000	0.000000	30044	29985	29999	24994	25010	25000
883	14.825609	0.000084	0.440000	-0.150000	-0.010000	0.024000	-0.020000	0.000000	30044	29985	29999	25012	24990	25000
884	14.825633	0.000024	0.090000	-0.160000	0.580000	0.024000	-0.020000	0.000000	30009	29984	30058	25012	24990	25000
885	14.858303	0.032669	0.090000	-0.160000	0.580000	0.004000	0.004000	0.010000	30009	29984	30058	25002	25002	25005
886	14.858415	0.000112	0.090000	-0.160000	0.580000	-0.020000	0.030000	0.014000	30009	29984	30058	24990	25015	25007
887	14.858453	0.000038	-0.270000	-0.640000	-0.260000	-0.020000	0.030000	0.014000	29973	29936	29974	24990	25015	25007
888	14.887698	0.029245	-0.270000	-0.640000	-0.260000	0.062000	-0.022000	-0.006000	29973	29936	29974	25031	24989	24997
889	14.887775	0.000077	0.010000	-0.560000	-0.320000	0.062000	-0.022000	-0.006000	30001	29944	29968	25031	24989	24997
890	14.920384	0.032609	0.010000	-0.560000	-0.320000	0.030000	-0.016000	-0.010000	30001	29944	29968	25015	24992	24995
891	14.920510	0.000126	0.480000	-0.400000	0.300000	0.030000	-0.016000	-0.010000	30048	29960	30030	25015	24992	24995
892	14.952662	0.032151	0.480000	-0.400000	0.300000	0.012000	0.022000	0.004000	30048	29960	30030	25006	25011	25002
893	14.952768	0.000106	0.480000	-0.400000	0.300000	-0.004000	0.006000	-0.008000	30048	29960	30030	24998	25003	24996
894	14.952787	0.000020	0.360000	0.170000	-0.270000	-0.004000	0.006000	-0.008000	30036	30017	29973	24998	25003	24996
895	14.981560	0.028773	0.120000	0.450000	0.020000	-0.004000	0.006000	-0.008000	30012	30045	30002	24998	25003	24996
896	15.012610	0.031050	0.150000	0.210000	0.010000	-0.004000	0.006000	-0.008000	30015	30021	30001	24998	25003	24996
897	15.049657	0.037047	0.150000	0.210000	0.010000	-0.040000	0.000000	-0.010000	30015	30021	30001	24980	25000	24995
898	15.049744	0.000087	0.150000	0.210000	0.010000	0.000000	0.004000	0.008000	30015	30021	30001	25000	25002	25004
899	15.049781	0.000037	0.140000	-0.630000	0.000000	0.000000	0.004000	0.008000	30014	29937	30000	25000	25002	25004
900	15.081545	0.031764	0.080000	-0.070000	-0.290000	0.000000	0.004000	0.008000	30008	29993	29971	25000	25002	25004
901	15.121732	0.040187	0.030000	-0.060000	-0.300000	0.000000	0.004000	0.008000	30003	29994	29970	25000	25002	25004
902	15.154255	0.032524	0.030000	-0.280000	0.590000	0.000000	0.004000	0.008000	30003	29972	30059	25000	25002	25004
903	15.195348	0.041093	0.170000	-0.310000	-0.280000	0.000000	0.004000	0.008000	30017	29969	29972	25000	25002	25004
904	15.223830	0.028482	0.350000	-0.240000	0.270000	0.000000	0.004000	0.008000	30035	29976	30027	25000	25002	25004
905	15.260278	0.036449	0.370000	-0.020000	0.560000	0.000000	0.004000	0.008000	30037	29998	30056	25000	25002	25004
906	15.288325	0.028047	0.370000	-0.020000	0.560000	-0.020000	0.018000	-0.004000	30037	29998	30056	24990	25009	24998
907	15.288487	0.000162	-0.200000	-0.110000	-0.010000	-0.020000	0.018000	-0.004000	29980	29989	29999	24990	25009	24998
908	15.325207	0.036719	-0.200000	-0.110000	-0.010000	-0.018000	-0.024000	0.004000	29980	29989	29999	24991	24988	25002
909	15.325299	0.000092	-0.020000	-0.010000	-0.560000	-0.018000	-0.024000	0.004000	29998	29999	29944	24991	24988	25002
910	15.357969	0.032670	-0.020000	-0.010000	-0.560000	-0.036000	0.012000	0.004000	29998	29999	29944	24982	25006	25002
911	15.358126	0.000157	-0.230000	-0.370000	0.560000	-0.036000	0.012000	0.004000	29977	29963	30056	24982	25006	25002
912	15.402021	0.043895	0.070000	-0.550000	-0.240000	-0.036000	0.012000	0.004000	30007	29945	29976	24982	25006	25002
913	15.431171	0.029150	0.070000	-0.550000	-0.240000	-0.024000	0.006000	0.000000	30007	29945	29976	24988	25003	25000
914	15.431262	0.000091	0.230000	0.510000	-0.280000	-0.024000	0.006000	0.000000	30023	30051	29972	24988	25003	25000
915	15.461742	0.030480	0.470000	0.050000	-0.040000	-0.024000	0.006000	0.000000	30047	30005	29996	24988	25003	25000
916	15.496499	0.034757	0.470000	0.050000	-0.040000	-0.026000	0.030000	0.006000	30047	30005	29996	24987	25015	25003
917	15.496576	0.000077	-0.100000	-0.250000	0.580000	-0.026000	0.030000	0.006000	29990	29975	30058	24987	25015	25003
918	15.525061	0.028485	-0.100000	-0.250000	0.580000	-0.002000	-0.012000	0.002000	29990	29975	30058	24999	24994	25001
919	15.525160	0.000100	0.240000	-0.520000	0.850000	-0.002000	-0.012000	0.002000	30024	29948	30085	24999	24994	25001
920	15.555856	0.030696	0.240000	-0.520000	0.850000	0.022000	0.010000	0.002000	30024	29948	30085	25011	25005	25001
921	15.555924	0.000068	0.600000	0.040000	1.110000	0.022000	0.010000	0.002000	30060	30004	30111	25011	25005	25001
922	15.585233	0.029308	0.600000	0.040000	1.110000	-0.020000	0.040000	-0.012000	30060	30004	30111	24990	25020	24994
923	15.585310	0.000077	0.180000	-0.160000	0.270000	-0.020000	0.040000	-0.012000	30018	29984	30027	24990	25020	24994
924	15.617615	0.032305	0.180000	-0.160000	0.270000	-0.008000	0.000000	-0.006000	30018	29984	30027	24996	25000	24997
925	15.617711	0.000096	0.120000	-0.230000	-0.050000	-0.008000	0.000000	-0.006000	30012	29977	29995	24996	25000	24997
926	15.649053	0.031342	0.120000	-0.230000	-0.050000	-0.006000	0.002000	-0.016000	30012	29977	29995	24997	25001	24992
927	15.649181	0.000129	0.150000	-0.400000	-0.500000	-0.006000	0.002000	-0.016000	30015	29960	29950	24997	25001	24992
928	15.680420	0.031239	-0.620000	-0.650000	-0.200000	-0.006000	0.002000	-0.016000	29938	29935	29980	24997	25001	24992
929	15.709124	0.028703	0.020000	-0.300000	0.850000	-0.006000	0.002000	-0.016000	30002	29970	30085	24997	25001	24992
930	15.739696	0.030572	0.020000	-0.300000	0.850000	0.002000	-0.012000	0.000000	30002	29970	30085	25001	24994	25000
931	15.739809	0.000114	-0.080000	-0.260000	0.820000	0.002000	-0.012000	0.000000	29992	29974	30082	25001	24994	25000
932	15.769820	0.030011	-0.080000	-0.260000	0.820000	0.006000	-0.008000	0.002000	29992	29974	30082	25003	24996	25001
933	15.769881	0.000061	-0.210000	-0.570000	-1.080000	0.006000	-0.008000	0.002000	29979	29943	29892	25003	24996	25001
934	15.798534	0.028652	0.040000	0.050000	-1.090000	0.006000	-0.008000	0.002000	30004	30005	29891	25003	24996	25001
935	15.829023	0.030489	0.040000	0.050000	-1.090000	-0.010000	-0.024000	0.006000	30004	30005	29891	24995	24988	25003
936	15.829117	0.000094	-0.230000	-0.100000	0.570000	-0.010000	-0.024000	0.006000	29977	29990	30057	24995	24988	25003
937	15.862459	0.033342	0.360000	0.170000	-0.550000	-0.010000	-0.024000	0.006000	30036	30017	29945	24995	24988	25003
938	15.895865	0.033406	0.360000	0.170000	-0.550000	-0.028000	0.020000	-0.020000	30036	30017	29945	24986	25010	24990
939	15.895968	0.000104	0.150000	0.110000	-0.290000	-0.028000	0.020000	-0.020000	30015	30011	29971	24986	25010	24990
940	15.931138	0.035170	0.150000	0.110000	-0.290000	-0.022000	0.008000	-0.012000	30015	30011	29971	24989	25004	24994
941	15.931220	0.000082	0.180000	0.060000	0.010000	-0.022000	0.008000	-0.012000	30018	30006	30001	24989	25004	24994
942	15.960690	0.029470	0.180000	0.060000	0.010000	0.014000	0.016000	0.004000	30018	30006	30001	25007	25008	25002
943	15.960770	0.000079	0.140000	0.270000	-0.270000	0.014000	0.016000	0.004000	30014	30027	29973	25007	25008	25002
944	15.990317	0.029548	0.140000	0.270000	-0.270000	-0.024000	0.008000	-0.014000	30014	30027	29973	24988	25004	24993
945	15.990402	0.000085	0.250000	-0.200000	0.560000	-0.024000	0.008000	-0.014000	30025	29980	30056	24988	25004	24993
946	16.019479	0.029077	0.250000	-0.200000	0.560000	0.004000	0.010000	-0.008000	30025	29980	30056	25002	25005	24996
947	16.019546	0.000067	-0.370000	-0.430000	-0.820000	0.004000	0.010000	-0.008000	29963	29957	29918	25002	25005	24996
948	16.047781	0.028234	-0.370000	-0.430000	-0.820000	0.036000	-0.032000	0.000000	29963	29957	29918	25018	24984	25000
949	16.047857	0.000076	0.540000	0.370000	-0.270000	0.036000	-0.032000	0.000000	30054	30037	29973	25018	24984	25000
950	16.079657	0.031800	0.540000	0.370000	-0.270000	-0.042000	0.042000	0.000000	30054	30037	29973	24979	25021	25000
951	16.079767	0.000110	0.120000	-0.150000	-0.050000	-0.042000	0.042000	0.000000	30012	29985	29995	24979	25021	25000
952	16.112112	0.032345	0.120000	-0.150000	-0.050000	-0.020000	-0.026000	0.004000	30012	29985	29995	24990	24987	25002
953	16.112191	0.000079	0.010000	-0.110000	0.590000	-0.020000	-0.026000	0.004000	30001	29989	30059	24990	24987	25002
954	16.142640	0.030449	0.010000	-0.110000	0.590000	-0.024000	-0.018000	0.004000	30001	29989	30059	24988	24991	25002
955	16.142718	0.000079	-0.200000	-0.210000	0.310000	-0.024000	-0.018000	0.004000	29980	29979	30031	24988	24991	25002
956	16.171796	0.029078	-0.200000	-0.210000	0.310000	0.012000	-0.020000	-0.008000	29980	29979	30031	25006	24990	24996
957	16.171867	0.000071	0.280000	0.000000	0.320000	0.012000	-0.020000	-0.008000	30028	30000	30032	25006	24990	24996
958	16.201932	0.030066	0.280000	0.000000	0.320000	-0.006000	-0.002000	0.002000	30028	30000	30032	24997	24999	25001
959	16.202017	0.000085	0.280000	0.000000	0.320000	0.054000	-0.012000	-0.006000	30028	30000	30032	25027	24994	24997
960	16.202047	0.000030	0.270000	-0.620000	0.280000	0.054000	-0.012000	-0.006000	30027	29938	30028	25027	24994	24997
961	16.230765	0.028718	0.030000	-0.060000	-0.820000	0.054000	-0.012000	-0.006000	30003	29994	29918	25027	24994	24997
962	16.258651	0.027886	0.030000	-0.060000	-0.820000	-0.010000	0.000000	0.008000	30003	29994	29918	24995	25000	25004
963	16.258722	0.000071	0.070000	-0.510000	0.030000	-0.010000	0.000000	0.008000	30007	29949	30003	24995	25000	25004
964	16.289952	0.031231	0.070000	-0.510000	0.030000	0.042000	-0.002000	0.002000	30007	29949	30003	25021	24999	25001
965	16.290019	0.000067	-0.050000	-0.280000	0.570000	0.042000	-0.002000	0.002000	29995	29972	30057	25021	24999	25001
966	16.321259	0.031239	-0.050000	-0.280000	0.570000	-0.008000	-0.022000	0.002000	29995	29972	30057	24996	24989	25001
967	16.321408	0.000149	0.440000	0.020000	-0.330000	-0.008000	-0.022000	0.002000	30044	30002	29967	24996	24989	25001
968	16.355685	0.034278	0.440000	0.020000	-0.330000	-0.020000	0.022000	-0.004000	30044	30002	29967	24990	25011	24998
969	16.355766	0.000081	-0.570000	-0.450000	0.590000	-0.020000	0.022000	-0.004000	29943	29955	30059	24990	25011	24998
970	16.389289	0.033523	-0.570000	-0.450000	0.590000	0.042000	-0.042000	0.006000	29943	29955	30059	25021	24979	25003
971	16.389405	0.000116	0.420000	-0.280000	0.580000	0.042000	-0.042000	0.006000	30042	29972	30058	25021	24979	25003
972	16.424108	0.034703	0.420000	-0.280000	0.580000	0.016000	0.022000	-0.004000	30042	29972	30058	25008	25011	24998
973	16.424213	0.000106	0.560000	-0.210000	0.010000	0.016000	0.022000	-0.004000	30056	29979	30001	25008	25011	24998
974	16.451349	0.027136	0.560000	-0.210000	0.010000	-0.004000	0.022000	0.004000	30056	29979	30001	24998	25011	25002
975	16.451437	0.000088	-0.170000	-0.180000	0.300000	-0.004000	0.022000	0.004000	29983	29982	30030	24998	25011	25002
976	16.482631	0.031194	-0.150000	-0.060000	0.000000	-0.004000	0.022000	0.004000	29985	29994	30000	24998	25011	25002
977	16.526400	0.043769	0.230000	-0.330000	-0.270000	-0.004000	0.022000	0.004000	30023	29967	29973	24998	25011	25002
978	16.554620	0.028220	0.230000	-0.330000	-0.270000	0.018000	-0.004000	-0.002000	30023	29967	29973	25009	24998	24999
979	16.554685	0.000065	0.250000	-0.530000	-0.250000	0.018000	-0.004000	-0.002000	30025	29947	29975	25009	24998	24999
980	16.585009	0.030324	0.250000	-0.530000	-0.250000	0.050000	0.014000	0.000000	30025	29947	29975	25025	25007	25000
981	16.585081	0.000072	0.250000	-0.530000	-0.250000	0.008000	-0.002000	0.010000	30025	29947	29975	25004	24999	25005
982	16.585111	0.000030	0.030000	-0.150000	0.560000	0.008000	-0.002000	0.010000	30003	29985	30056	25004	24999	25005
983	16.620442	0.035332	-0.270000	-0.550000	0.020000	0.008000	-0.002000	0.010000	29973	29945	30002	25004	24999	25005
984	16.650592	0.030150	-0.270000	-0.550000	0.020000	0.062000	-0.020000	0.008000	29973	29945	30002	25031	24990	25004
985	16.650672	0.000080	0.050000	0.020000	0.600000	0.062000	-0.020000	0.008000	30005	30002	30060	25031	24990	25004
986	16.681921	0.031249	0.050000	0.020000	0.600000	-0.008000	-0.002000	0.008000	30005	30002	30060	24996	24999	25004
987	16.681994	0.000074	-0.060000	-0.590000	-0.020000	-0.008000	-0.002000	0.008000	29994	29941	29998	24996	24999	25004
988	16.709604	0.027609	-0.060000	-0.590000	-0.020000	0.032000	-0.012000	-0.014000	29994	29941	29998	25016	24994	24993
989	16.709672	0.000068	0.130000	-0.250000	-0.550000	0.032000	-0.012000	-0.014000	30013	29975	29945	25016	24994	24993
990	16.740797	0.031126	0.130000	-0.250000	-0.550000	-0.002000	-0.004000	-0.002000	30013	29975	29945	24999	24998	24999
991	16.740876	0.000079	0.520000	0.300000	0.020000	-0.002000	-0.004000	-0.002000	30052	30030	30002	24999	24998	24999
992	16.771203	0.030328	0.440000	0.260000	0.000000	-0.002000	-0.004000	-0.002000	30044	30026	30000	24999	24998	24999
993	16.803878	0.032675	0.440000	0.260000	0.000000	0.006000	-0.008000	-0.006000	30044	30026	30000	25003	24996	24997
994	16.803950	0.000072	-0.110000	0.160000	-0.550000	0.006000	-0.008000	-0.006000	29989	30016	29945	25003	24996	24997
995	16.837772	0.033821	-0.130000	-0.450000	0.570000	0.006000	-0.008000	-0.006000	29987	29955	30057	25003	24996	24997
996	16.873493	0.035721	-0.130000	-0.450000	0.570000	0.036000	-0.032000	-0.002000	29987	29955	30057	25018	24984	24999
997	16.873612	0.000119	0.540000	0.220000	0.540000	0.036000	-0.032000	-0.002000	30054	30022	30054	25018	24984	24999
998	16.905051	0.031439	0.540000	0.220000	0.540000	-0.042000	0.024000	-0.006000	30054	30022	30054	24979	25012	24997
999	16.905114	0.000063	0.080000	-0.270000	-0.020000	-0.042000	0.024000	-0.006000	30008	29973	29998	24979	25012	24997
1000	16.936417	0.031303	0.080000	-0.360000	0.240000	-0.042000	0.024000	-0.006000	30008	29964	30024	24979	25012	24997
1001	16.967857	0.031440	0.070000	-0.210000	0.280000	-0.042000	0.024000	-0.006000	30007	29979	30028	24979	25012	24997
1002	16.999796	0.031938	0.070000	-0.210000	0.280000	0.006000	-0.004000	0.002000	30007	29979	30028	25003	24998	25001
1003	16.999907	0.000112	0.070000	-0.210000	0.280000	-0.070000	0.014000	0.002000	30007	29979	30028	24965	25007	25001
1004	16.999954	0.000047	0.280000	-0.700000	-0.320000	-0.070000	0.014000	0.002000	30028	29930	29968	24965	25007	25001
1005	17.029744	0.029790	-0.220000	-0.640000	-0.260000	-0.070000	0.014000	0.002000	29978	29936	29974	24965	25007	25001
1006	17.063432	0.033688	-0.220000	-0.640000	-0.260000	0.058000	-0.016000	0.004000	29978	29936	29974	25029	24992	25002
1007	17.063509	0.000076	0.370000	0.140000	0.000000	0.058000	-0.016000	0.004000	30037	30014	30000	25029	24992	25002
1008	17.094261	0.030752	0.370000	0.140000	0.000000	-0.038000	0.020000	-0.006000	30037	30014	30000	24981	25010	24997
1009	17.094325	0.000063	0.370000	0.140000	0.000000	0.014000	-0.012000	0.000000	30037	30014	30000	25007	24994	25000
1010	17.094344	0.000019	0.110000	-0.370000	0.610000	0.014000	-0.012000	0.000000	30011	29963	30061	25007	24994	25000
1011	17.125458	0.031114	-0.180000	-0.180000	-0.480000	0.014000	-0.012000	0.000000	29982	29982	29952	25007	24994	25000
1012	17.157487	0.032029	-0.180000	-0.180000	-0.480000	-0.002000	-0.034000	-0.006000	29982	29982	29952	24999	24983	24997
1013	17.157547	0.000060	0.310000	-0.060000	-0.030000	-0.002000	-0.034000	-0.006000	30031	29994	29997	24999	24983	24997
1014	17.188185	0.030638	0.310000	-0.060000	-0.030000	-0.036000	0.012000	0.002000	30031	29994	29997	24982	25006	25001
1015	17.188249	0.000064	0.310000	-0.060000	-0.030000	0.026000	-0.002000	-0.002000	30031	29994	29997	25013	24999	24999
1016	17.188270	0.000021	0.050000	-0.230000	0.550000	0.026000	-0.002000	-0.002000	30005	29977	30055	25013	24999	24999
1017	17.219269	0.030999	0.500000	-0.570000	0.810000	0.026000	-0.002000	-0.002000	30050	29943	30081	25013	24999	24999
1018	17.249557	0.030288	0.500000	-0.570000	0.810000	0.026000	0.022000	-0.020000	30050	29943	30081	25013	25011	24990
1019	17.249625	0.000068	0.210000	-0.240000	0.870000	0.026000	0.022000	-0.020000	30021	29976	30087	25013	25011	24990
1020	17.278240	0.028615	0.430000	0.210000	0.270000	0.026000	0.022000	-0.020000	30043	30021	30027	25013	25011	24990
1021	17.308525	0.030285	0.370000	-0.230000	-0.250000	0.026000	0.022000	-0.020000	30037	29977	29975	25013	25011	24990
1022	17.338362	0.029837	0.370000	-0.230000	-0.250000	0.030000	0.018000	-0.010000	30037	29977	29975	25015	25009	24995
1023	17.338444	0.000082	-0.280000	-0.390000	0.030000	0.030000	0.018000	-0.010000	29972	29961	30003	25015	25009	24995
1024	17.367309	0.028866	-0.280000	-0.390000	0.030000	0.026000	-0.034000	-0.002000	29972	29961	30003	25013	24983	24999
1025	17.367376	0.000067	-0.280000	-0.390000	0.030000	-0.030000	0.024000	0.006000	29972	29961	30003	24985	25012	25003
1026	17.367395	0.000019	0.600000	-0.080000	-0.230000	-0.030000	0.024000	0.006000	30060	29992	29977	24985	25012	25003
1027	17.398211	0.030816	0.540000	0.010000	-0.850000	-0.030000	0.024000	0.006000	30054	30001	29915	24985	25012	25003
1028	17.426442	0.028230	0.540000	0.010000	-0.850000	-0.010000	0.036000	-0.008000	30054	30001	29915	24995	25018	24996
1029	17.426499	0.000057	0.260000	-0.280000	-0.300000	-0.010000	0.036000	-0.008000	30026	29972	29970	24995	25018	24996
1030	17.453793	0.027294	0.260000	-0.280000	-0.300000	0.026000	0.024000	-0.008000	30026	29972	29970	25013	25012	24996
1031	17.453876	0.000083	0.060000	-0.050000	-0.260000	0.026000	0.024000	-0.008000	30006	29995	29974	25013	25012	24996
1032	17.486427	0.032551	0.060000	-0.050000	-0.260000	-0.014000	-0.012000	-0.004000	30006	29995	29974	24993	24994	24998
1033	17.486498	0.000071	-0.270000	-0.210000	0.000000	-0.014000	-0.012000	-0.004000	29973	29979	30000	24993	24994	24998
1034	17.517194	0.030696	-0.270000	-0.210000	0.000000	0.008000	-0.038000	0.004000	29973	29979	30000	25004	24981	25002
1035	17.517265	0.000072	0.100000	-0.270000	0.590000	0.008000	-0.038000	0.004000	30010	29973	30059	25004	24981	25002
1036	17.549463	0.032198	0.100000	-0.270000	0.590000	0.012000	-0.002000	-0.016000	30010	29973	30059	25006	24999	24992
1037	17.549542	0.000078	0.400000	0.070000	-0.280000	0.012000	-0.002000	-0.016000	30040	30007	29972	25006	24999	24992
1038	17.582859	0.033317	0.400000	0.070000	-0.280000	-0.002000	0.022000	-0.010000	30040	30007	29972	24999	25011	24995
1039	17.582944	0.000085	0.070000	0.100000	0.580000	-0.002000	0.022000	-0.010000	30007	30010	30058	24999	25011	24995
1040	17.617801	0.034856	0.070000	0.100000	0.580000	-0.026000	-0.014000	0.008000	30007	30010	30058	24987	24993	25004
1041	17.617873	0.000073	0.400000	-0.020000	-0.220000	-0.026000	-0.014000	0.008000	30040	29998	29978	24987	24993	25004
1042	17.648234	0.030361	-0.150000	-0.550000	-0.310000	-0.026000	-0.014000	0.008000	29985	29945	29969	24987	24993	25004
1043	17.681647	0.033412	0.020000	0.260000	-0.850000	-0.026000	-0.014000	0.008000	30002	30026	29915	24987	24993	25004
1044	17.711247	0.029600	0.020000	0.260000	-0.850000	-0.034000	0.000000	-0.010000	30002	30026	29915	24983	25000	24995
1045	17.711345	0.000098	0.280000	-0.070000	0.540000	-0.034000	0.000000	-0.010000	30028	29993	30054	24983	25000	24995
1046	17.744684	0.033339	0.520000	0.020000	0.880000	-0.034000	0.000000	-0.010000	30052	30002	30088	24983	25000	24995
1047	17.771920	0.027236	0.520000	0.020000	0.880000	-0.020000	0.020000	0.006000	30052	30002	30088	24990	25010	25003
1048	17.771990	0.000070	0.520000	0.020000	0.880000	-0.018000	0.004000	-0.006000	30052	30002	30088	24991	25002	24997
1049	17.772007	0.000017	0.520000	0.020000	0.880000	-0.036000	0.016000	-0.010000	30052	30002	30088	24982	25008	24995
1050	17.772021	0.000014	0.230000	-0.660000	0.840000	-0.036000	0.016000	-0.010000	30023	29934	30084	24982	25008	24995
1051	17.801614	0.029593	0.020000	-0.260000	0.260000	-0.036000	0.016000	-0.010000	30002	29974	30026	24982	25008	24995
1052	17.830437	0.028823	0.020000	-0.260000	0.260000	0.024000	0.012000	-0.012000	30002	29974	30026	25012	25006	24994
1053	17.830532	0.000095	-0.260000	-0.550000	-0.280000	0.024000	0.012000	-0.012000	29974	29945	29972	25012	25006	24994
1054	17.860067	0.029535	-0.260000	-0.550000	-0.280000	0.052000	-0.036000	-0.020000	29974	29945	29972	25026	24982	24990
1055	17.860157	0.000090	-0.130000	-0.570000	0.600000	0.052000	-0.036000	-0.020000	29987	29943	30060	25026	24982	24990
1056	17.887016	0.026860	0.220000	-0.030000	0.550000	0.052000	-0.036000	-0.020000	30022	29997	30055	25026	24982	24990
1057	17.913437	0.026420	0.520000	0.010000	0.540000	0.052000	-0.036000	-0.020000	30052	30001	30054	25026	24982	24990
1058	17.947801	0.034364	0.520000	0.010000	0.540000	-0.016000	0.034000	0.000000	30052	30001	30054	24992	25017	25000
1059	17.947952	0.000151	0.030000	0.240000	-0.260000	-0.016000	0.034000	0.000000	30003	30024	29974	24992	25017	25000
1060	17.987483	0.039531	0.030000	0.240000	-0.260000	-0.032000	-0.004000	-0.004000	30003	30024	29974	24984	24998	24998
1061	17.987618	0.000135	0.030000	0.240000	-0.260000	0.028000	-0.052000	0.010000	30003	30024	29974	25014	24974	25005
1062	17.987653	0.000035	-0.420000	-0.480000	0.590000	0.028000	-0.052000	0.010000	29958	29952	30059	25014	24974	25005
1063	18.020141	0.032488	0.100000	0.190000	-0.260000	0.028000	-0.052000	0.010000	30010	30019	29974	25014	24974	25005
1064	18.056625	0.036484	0.100000	0.190000	-0.260000	-0.022000	-0.014000	-0.006000	30010	30019	29974	24989	24993	24997
1065	18.056711	0.000086	-0.260000	0.260000	0.540000	-0.022000	-0.014000	-0.006000	29974	30026	30054	24989	24993	24997
1066	18.090468	0.033757	-0.260000	0.260000	0.540000	-0.018000	-0.002000	-0.002000	29974	30026	30054	24991	24999	24999
1067	18.090628	0.000160	-0.080000	-0.010000	0.580000	-0.018000	-0.002000	-0.002000	29992	29999	30058	24991	24999	24999
1068	18.126186	0.035558	0.070000	0.080000	0.000000	-0.018000	-0.002000	-0.002000	30007	30008	30000	24991	24999	24999
1069	18.163538	0.037352	0.220000	-0.430000	0.330000	-0.018000	-0.002000	-0.002000	30022	29957	30033	24991	24999	24999
1070	18.194743	0.031205	-0.090000	0.130000	-0.270000	-0.018000	-0.002000	-0.002000	29991	30013	29973	24991	24999	24999
1071	18.226539	0.031796	0.120000	-0.380000	-0.040000	-0.018000	-0.002000	-0.002000	30012	29962	29996	24991	24999	24999
1072	18.257699	0.031160	0.120000	-0.380000	-0.040000	0.004000	-0.016000	-0.010000	30012	29962	29996	25002	24992	24995
1073	18.257777	0.000078	0.360000	0.120000	0.270000	0.004000	-0.016000	-0.010000	30036	30012	30027	25002	24992	24995
1074	18.294491	0.036714	0.360000	0.120000	0.270000	0.004000	-0.016000	-0.010000	30036	30012	30027	25002	24992	24995
1075	18.326558	0.032066	0.130000	-0.060000	-0.280000	0.004000	-0.016000	-0.010000	30013	29994	29972	25002	24992	24995
1076	18.362183	0.035625	0.130000	-0.060000	-0.280000	-0.010000	0.004000	-0.004000	30013	29994	29972	24995	25002	24998
1077	18.362273	0.000090	0.310000	-0.120000	-0.230000	-0.010000	0.004000	-0.004000	30031	29988	29977	24995	25002	24998
1078	18.395051	0.032778	0.310000	-0.120000	-0.230000	-0.006000	0.000000	0.002000	30031	29988	29977	24997	25000	25001
1079	18.395127	0.000076	0.410000	-0.310000	-0.010000	-0.006000	0.000000	0.002000	30041	29969	29999	24997	25000	25001
1080	18.428585	0.033457	0.410000	-0.310000	-0.010000	0.004000	0.018000	0.002000	30041	29969	29999	25002	25009	25001
1081	18.428719	0.000135	-0.220000	-0.530000	-0.290000	0.004000	0.018000	0.002000	29978	29947	29971	25002	25009	25001
1082	18.458333	0.029614	0.000000	-0.050000	-0.520000	0.004000	0.018000	0.002000	30000	29995	29948	25002	25009	25001
1083	18.488124	0.029790	0.000000	-0.050000	-0.520000	-0.032000	0.004000	0.004000	30000	29995	29948	24984	25002	25002
1084	18.488198	0.000075	0.360000	0.190000	0.280000	-0.032000	0.004000	0.004000	30036	30019	30028	24984	25002	25002
1085	18.519150	0.030952	0.210000	0.290000	-0.010000	-0.032000	0.004000	0.004000	30021	30029	29999	24984	25002	25002
1086	18.551097	0.031947	0.300000	0.120000	-0.530000	-0.032000	0.004000	0.004000	30030	30012	29947	24984	25002	25002
1087	18.578924	0.027826	0.300000	0.120000	-0.530000	-0.034000	0.010000	-0.004000	30030	30012	29947	24983	25005	24998
1088	18.579000	0.000076	-0.380000	-0.190000	0.260000	-0.034000	0.010000	-0.004000	29962	29981	30026	24983	25005	24998
1089	18.607915	0.028915	0.010000	0.030000	0.620000	-0.034000	0.010000	-0.004000	30001	30003	30062	24983	25005	24998
1090	18.640921	0.033006	-0.130000	-0.430000	0.610000	-0.034000	0.010000	-0.004000	29987	29957	30061	24983	25005	24998
1091	18.673508	0.032586	-0.070000	0.160000	0.350000	-0.034000	0.010000	-0.004000	29993	30016	30035	24983	25005	24998
1092	18.703115	0.029607	-0.010000	-0.300000	0.310000	-0.034000	0.010000	-0.004000	29999	29970	30031	24983	25005	24998
1093	18.734218	0.031104	0.360000	-0.010000	0.250000	-0.034000	0.010000	-0.004000	30036	29999	30025	24983	25005	24998
