sample	t_s	dt_s	Fx	Fy	Fz	Tx	Ty	Tz	raw_Fx	raw_Fy	raw_Fz	raw_Tx	raw_Ty	raw_Tz
1	0.000000	0.000000	-4.670000	-3.610000	24.990000	0.000000	0.000000	0.000000	29533	29639	32499	0	0	0
2	0.196527	0.196527	-4.670000	-3.610000	24.990000	0.220000	-0.216000	0.670000	29533	29639	32499	25110	24892	25335
3	0.196617	0.000090	-4.580000	-3.540000	24.990000	0.220000	-0.216000	0.670000	29542	29646	32499	25110	24892	25335
4	0.227403	0.030786	-4.580000	-3.540000	24.990000	0.232000	-0.196000	0.660000	29542	29646	32499	25116	24902	25330
5	0.227533	0.000131	-4.680000	-3.610000	25.260000	0.232000	-0.196000	0.660000	29532	29639	32526	25116	24902	25330
6	0.259950	0.032416	-4.680000	-3.610000	25.260000	0.240000	-0.202000	0.662000	29532	29639	32526	25120	24899	25331
7	0.260072	0.000122	-4.580000	-3.740000	25.240000	0.240000	-0.202000	0.662000	29542	29626	32524	25120	24899	25331
8	0.300022	0.039950	-4.580000	-3.740000	25.240000	0.254000	-0.196000	0.664000	29542	29626	32524	25127	24902	25332
9	0.300157	0.000134	-4.390000	-3.480000	25.190000	0.254000	-0.196000	0.664000	29561	29652	32519	25127	24902	25332
10	0.339245	0.039089	-4.390000	-3.480000	25.190000	0.198000	-0.188000	0.678000	29561	29652	32519	25099	24906	25339
11	0.339377	0.000132	-4.650000	-3.580000	24.930000	0.198000	-0.188000	0.678000	29535	29642	32493	25099	24906	25339
12	0.375391	0.036014	-4.650000	-3.580000	24.930000	0.216000	-0.204000	0.682000	29535	29642	32493	25108	24898	25341
13	0.375495	0.000104	-4.650000	-3.580000	24.930000	0.216000	-0.204000	0.682000	29535	29642	32493	25108	24898	25341
14	0.407277	0.031783	-4.650000	-3.580000	24.930000	0.216000	-0.204000	0.682000	29535	29642	32493	25108	24898	25341
15	0.407377	0.000100	-4.640000	-3.370000	24.920000	0.216000	-0.204000	0.682000	29536	29663	32492	25108	24898	25341
16	0.447925	0.040548	-4.640000	-3.370000	24.920000	0.212000	-0.196000	0.674000	29536	29663	32492	25106	24902	25337
17	0.448029	0.000104	-4.500000	-3.330000	25.190000	0.212000	-0.196000	0.674000	29550	29667	32519	25106	24902	25337
18	0.480221	0.032192	-4.500000	-3.330000	25.190000	0.202000	-0.186000	0.670000	29550	29667	32519	25101	24907	25335
19	0.480317	0.000096	-4.450000	-2.990000	25.220000	0.202000	-0.186000	0.670000	29555	29701	32522	25101	24907	25335
20	0.516385	0.036067	-4.450000	-2.990000	25.220000	0.182000	-0.172000	0.676000	29555	29701	32522	25091	24914	25338
21	0.516497	0.000112	-4.720000	-3.220000	25.270000	0.182000	-0.172000	0.676000	29528	29678	32527	25091	24914	25338
22	0.553703	0.037206	-4.720000	-3.220000	25.270000	0.204000	-0.204000	0.678000	29528	29678	32527	25102	24898	25339
23	0.553767	0.000064	-4.910000	-3.240000	24.990000	0.204000	-0.204000	0.678000	29509	29676	32499	25102	24898	25339
24	0.584044	0.030277	-4.910000	-3.240000	24.990000	0.208000	-0.218000	0.680000	29509	29676	32499	25104	24891	25340
25	0.584146	0.000101	-4.960000	-3.390000	24.980000	0.208000	-0.218000	0.680000	29504	29661	32498	25104	24891	25340
26	0.620149	0.036003	-4.960000	-3.390000	24.980000	0.216000	-0.226000	0.678000	29504	29661	32498	25108	24887	25339
27	0.620297	0.000148	-4.870000	-3.520000	24.970000	0.216000	-0.226000	0.678000	29513	29648	32497	25108	24887	25339
28	0.654992	0.034696	-4.870000	-3.520000	24.970000	0.224000	-0.216000	0.678000	29513	29648	32497	25112	24892	25339
29	0.655057	0.000064	-4.390000	-3.400000	25.240000	0.224000	-0.216000	0.678000	29561	29660	32524	25112	24892	25339
30	0.684313	0.029256	-4.390000	-3.400000	25.240000	0.210000	-0.186000	0.668000	29561	29660	32524	25105	24907	25334
31	0.684428	0.000115	-4.420000	-3.480000	25.230000	0.210000	-0.186000	0.668000	29558	29652	32523	25105	24907	25334
32	0.712623	0.028195	-4.420000	-3.480000	25.230000	0.214000	-0.190000	0.666000	29558	29652	32523	25107	24905	25333
33	0.712766	0.000143	-4.290000	-3.300000	25.200000	0.214000	-0.190000	0.666000	29571	29670	32520	25107	24905	25333
34	0.744318	0.031552	-4.290000	-3.300000	25.200000	0.198000	-0.166000	0.662000	29571	29670	32520	25099	24917	25331
35	0.744375	0.000057	-5.070000	-3.510000	25.470000	0.198000	-0.166000	0.662000	29493	29649	32547	25099	24917	25331
36	0.773093	0.028719	-5.070000	-3.510000	25.470000	0.222000	-0.214000	0.676000	29493	29649	32547	25111	24893	25338
37	0.773205	0.000112	-5.080000	-3.330000	25.490000	0.222000	-0.214000	0.676000	29492	29667	32549	25111	24893	25338
38	0.802073	0.028868	-5.080000	-3.330000	25.490000	0.210000	-0.210000	0.678000	29492	29667	32549	25105	24895	25339
39	0.802211	0.000138	-5.290000	-3.860000	25.560000	0.210000	-0.210000	0.678000	29471	29614	32556	25105	24895	25339
40	0.840122	0.037911	-5.290000	-3.860000	25.560000	0.252000	-0.248000	0.690000	29471	29614	32556	25126	24876	25345
41	0.840208	0.000086	-5.300000	-3.840000	25.560000	0.252000	-0.248000	0.690000	29470	29616	32556	25126	24876	25345
42	0.873851	0.033642	-5.300000	-3.840000	25.560000	0.252000	-0.248000	0.684000	29470	29616	32556	25126	24876	25342
43	0.874070	0.000219	-5.310000	-4.100000	25.530000	0.252000	-0.248000	0.684000	29469	29590	32553	25126	24876	25342
44	0.911433	0.037363	-5.310000	-4.100000	25.530000	0.268000	-0.256000	0.680000	29469	29590	32553	25134	24872	25340
45	0.911498	0.000065	-5.210000	-3.800000	25.500000	0.268000	-0.256000	0.680000	29479	29620	32550	25134	24872	25340
46	0.939975	0.028478	-5.210000	-3.800000	25.500000	0.242000	-0.240000	0.676000	29479	29620	32550	25121	24880	25338
47	0.940065	0.000090	-4.810000	-3.700000	24.690000	0.242000	-0.240000	0.676000	29519	29630	32469	25121	24880	25338
48	0.968203	0.028138	-4.810000	-3.700000	24.690000	0.238000	-0.216000	0.676000	29519	29630	32469	25119	24892	25338
49	0.968303	0.000100	-4.810000	-3.700000	24.690000	0.238000	-0.216000	0.676000	29519	29630	32469	25119	24892	25338
50	0.997920	0.029616	-4.810000	-3.700000	24.690000	0.238000	-0.216000	0.676000	29519	29630	32469	25119	24892	25338
51	0.998071	0.000151	-4.830000	-3.870000	24.710000	0.238000	-0.216000	0.676000	29517	29613	32471	25119	24892	25338
52	1.029102	0.031031	-4.830000	-3.870000	24.710000	0.254000	-0.218000	0.682000	29517	29613	32471	25127	24891	25341
53	1.029171	0.000069	-4.520000	-3.780000	25.540000	0.254000	-0.218000	0.682000	29548	29622	32554	25127	24891	25341
54	1.063931	0.034760	-4.520000	-3.780000	25.540000	0.246000	-0.200000	0.674000	29548	29622	32554	25123	24900	25337
55	1.064021	0.000090	-4.520000	-3.780000	25.540000	0.246000	-0.200000	0.674000	29548	29622	32554	25123	24900	25337
56	1.093811	0.029790	-4.520000	-3.780000	25.540000	0.246000	-0.200000	0.674000	29548	29622	32554	25123	24900	25337
57	1.093880	0.000069	-4.520000	-3.670000	25.490000	0.246000	-0.200000	0.674000	29548	29633	32549	25123	24900	25337
58	1.122111	0.028231	-4.520000	-3.670000	25.490000	0.228000	-0.202000	0.664000	29548	29633	32549	25114	24899	25332
59	1.122201	0.000090	-4.730000	-3.730000	25.760000	0.228000	-0.202000	0.664000	29527	29627	32576	25114	24899	25332
60	1.152332	0.030131	-4.730000	-3.730000	25.760000	0.236000	-0.214000	0.664000	29527	29627	32576	25118	24893	25332
61	1.152440	0.000109	-4.800000	-3.700000	25.770000	0.236000	-0.214000	0.664000	29520	29630	32577	25118	24893	25332
62	1.186803	0.034363	-4.800000	-3.700000	25.770000	0.232000	-0.220000	0.664000	29520	29630	32577	25116	24890	25332
63	1.186867	0.000064	-4.680000	-3.350000	25.760000	0.232000	-0.220000	0.664000	29532	29665	32576	25116	24890	25332
64	1.217046	0.030179	-4.680000	-3.350000	25.760000	0.206000	-0.198000	0.662000	29532	29665	32576	25103	24901	25331
65	1.217131	0.000085	-4.850000	-3.270000	25.490000	0.206000	-0.198000	0.662000	29515	29673	32549	25103	24901	25331
66	1.248046	0.030915	-4.850000	-3.270000	25.490000	0.194000	-0.214000	0.670000	29515	29673	32549	25097	24893	25335
67	1.248146	0.000100	-4.850000	-3.270000	25.490000	0.194000	-0.214000	0.670000	29515	29673	32549	25097	24893	25335
68	1.276267	0.028122	-4.850000	-3.270000	25.490000	0.194000	-0.214000	0.670000	29515	29673	32549	25097	24893	25335
69	1.276333	0.000066	-5.020000	-3.770000	25.540000	0.194000	-0.214000	0.670000	29498	29623	32554	25097	24893	25335
70	1.307779	0.031446	-5.020000	-3.770000	25.540000	0.236000	-0.242000	0.680000	29498	29623	32554	25118	24879	25340
71	1.307877	0.000097	-4.710000	-4.010000	25.810000	0.236000	-0.242000	0.680000	29529	29599	32581	25118	24879	25340
72	1.341914	0.034037	-4.710000	-4.010000	25.810000	0.264000	-0.212000	0.676000	29529	29599	32581	25132	24894	25338
73	1.341983	0.000069	-4.640000	-4.040000	25.800000	0.264000	-0.212000	0.676000	29536	29596	32580	25132	24894	25338
74	1.377709	0.035726	-4.640000	-4.040000	25.800000	0.270000	-0.206000	0.678000	29536	29596	32580	25135	24897	25339
75	1.377773	0.000064	-4.690000	-4.080000	25.790000	0.270000	-0.206000	0.678000	29531	29592	32579	25135	24897	25339
76	1.406844	0.029071	-4.690000	-4.080000	25.790000	0.270000	-0.216000	0.676000	29531	29592	32579	25135	24892	25338
77	1.406926	0.000082	-4.720000	-3.720000	25.760000	0.270000	-0.216000	0.676000	29528	29628	32576	25135	24892	25338
78	1.438120	0.031194	-4.720000	-3.720000	25.760000	0.264000	-0.194000	0.654000	29528	29628	32576	25132	24903	25327
79	1.438208	0.000087	-4.720000	-3.700000	24.660000	0.264000	-0.194000	0.654000	29528	29630	32466	25132	24903	25327
80	1.468484	0.030276	-4.720000	-3.700000	24.660000	0.268000	-0.196000	0.654000	29528	29630	32466	25134	24902	25327
81	1.468562	0.000078	-4.670000	-3.540000	24.680000	0.268000	-0.196000	0.654000	29533	29646	32468	25134	24902	25327
82	1.497769	0.029207	-4.670000	-3.540000	24.680000	0.260000	-0.186000	0.658000	29533	29646	32468	25130	24907	25329
83	1.497838	0.000069	-4.270000	-3.370000	24.660000	0.260000	-0.186000	0.658000	29573	29663	32466	25130	24907	25329
84	1.528045	0.030207	-4.270000	-3.370000	24.660000	0.214000	-0.170000	0.662000	29573	29663	32466	25107	24915	25331
85	1.528117	0.000072	-4.340000	-3.350000	25.500000	0.214000	-0.170000	0.662000	29566	29665	32550	25107	24915	25331
86	1.556680	0.028564	-4.340000	-3.350000	25.500000	0.204000	-0.176000	0.660000	29566	29665	32550	25102	24912	25330
87	1.556753	0.000072	-4.340000	-3.350000	25.500000	0.204000	-0.176000	0.660000	29566	29665	32550	25102	24912	25330
88	1.587027	0.030274	-4.340000	-3.350000	25.500000	0.204000	-0.176000	0.660000	29566	29665	32550	25102	24912	25330
89	1.587093	0.000066	-4.640000	-3.850000	25.540000	0.204000	-0.176000	0.660000	29536	29615	32554	25102	24912	25330
90	1.620022	0.032929	-4.640000	-3.850000	25.540000	0.246000	-0.204000	0.662000	29536	29615	32554	25123	24898	25331
91	1.620133	0.000111	-4.660000	-3.830000	25.260000	0.246000	-0.204000	0.662000	29534	29617	32526	25123	24898	25331
92	1.649731	0.029598	-4.660000	-3.830000	25.260000	0.246000	-0.206000	0.662000	29534	29617	32526	25123	24897	25331
93	1.649850	0.000119	-4.690000	-3.910000	25.260000	0.246000	-0.206000	0.662000	29531	29609	32526	25123	24897	25331
94	1.681773	0.031923	-4.690000	-3.910000	25.260000	0.250000	-0.212000	0.662000	29531	29609	32526	25125	24894	25331
95	1.681855	0.000082	-4.360000	-3.460000	25.230000	0.250000	-0.212000	0.662000	29564	29654	32523	25125	24894	25331
96	1.716249	0.034394	-4.360000	-3.460000	25.230000	0.196000	-0.194000	0.672000	29564	29654	32523	25098	24903	25336
97	1.716316	0.000067	-4.280000	-3.500000	25.490000	0.196000	-0.194000	0.672000	29572	29650	32549	25098	24903	25336
98	1.749500	0.033184	-4.280000	-3.500000	25.490000	0.200000	-0.186000	0.672000	29572	29650	32549	25100	24907	25336
99	1.749591	0.000091	-4.200000	-3.270000	25.510000	0.200000	-0.186000	0.672000	29580	29673	32551	25100	24907	25336
100	1.782616	0.033025	-4.200000	-3.270000	25.510000	0.188000	-0.172000	0.678000	29580	29673	32551	25094	24914	25339
101	1.782749	0.000133	-4.560000	-3.490000	25.540000	0.188000	-0.172000	0.678000	29544	29651	32554	25094	24914	25339
102	1.813580	0.030830	-4.560000	-3.490000	25.540000	0.212000	-0.200000	0.676000	29544	29651	32554	25106	24900	25338
103	1.813674	0.000094	-4.700000	-3.540000	25.270000	0.212000	-0.200000	0.676000	29530	29646	32527	25106	24900	25338
104	1.846520	0.032846	-4.700000	-3.540000	25.270000	0.220000	-0.210000	0.678000	29530	29646	32527	25110	24895	25339
105	1.846698	0.000179	-4.700000	-3.540000	25.270000	0.220000	-0.210000	0.678000	29530	29646	32527	25110	24895	25339
106	1.879152	0.032453	-4.700000	-3.540000	25.270000	0.220000	-0.210000	0.678000	29530	29646	32527	25110	24895	25339
107	1.879226	0.000075	-4.590000	-2.990000	25.230000	0.220000	-0.210000	0.678000	29541	29701	32523	25110	24895	25339
108	1.911399	0.032173	-4.590000	-2.990000	25.230000	0.174000	-0.194000	0.674000	29541	29701	32523	25087	24903	25337
109	1.911485	0.000085	-4.360000	-2.980000	25.790000	0.174000	-0.194000	0.674000	29564	29702	32579	25087	24903	25337
110	1.944023	0.032538	-4.360000	-2.980000	25.790000	0.178000	-0.178000	0.666000	29564	29702	32579	25089	24911	25333
111	1.944100	0.000078	-4.390000	-3.060000	25.790000	0.178000	-0.178000	0.666000	29561	29694	32579	25089	24911	25333
112	1.979542	0.035442	-4.390000	-3.060000	25.790000	0.182000	-0.184000	0.664000	29561	29694	32579	25091	24908	25332
113	1.979610	0.000067	-4.170000	-2.970000	25.760000	0.182000	-0.184000	0.664000	29583	29703	32576	25091	24908	25332
114	2.009226	0.029616	-4.170000	-2.970000	25.760000	0.170000	-0.158000	0.664000	29583	29703	32576	25085	24921	25332
115	2.009298	0.000072	-4.380000	-3.100000	26.020000	0.170000	-0.158000	0.664000	29562	29690	32602	25085	24921	25332
116	2.039938	0.030639	-4.380000	-3.100000	26.020000	0.188000	-0.168000	0.670000	29562	29690	32602	25094	24916	25335
117	2.040009	0.000072	-4.400000	-3.180000	26.010000	0.188000	-0.168000	0.670000	29560	29682	32601	25094	24916	25335
118	2.071942	0.031933	-4.400000	-3.180000	26.010000	0.192000	-0.174000	0.668000	29560	29682	32601	25096	24913	25334
119	2.072012	0.000070	-4.770000	-3.520000	26.070000	0.192000	-0.174000	0.668000	29523	29648	32607	25096	24913	25334
120	2.104068	0.032056	-4.770000	-3.520000	26.070000	0.226000	-0.214000	0.668000	29523	29648	32607	25113	24893	25334
121	2.104146	0.000078	-4.520000	-3.290000	25.250000	0.226000	-0.214000	0.668000	29548	29671	32525	25113	24893	25334
122	2.136839	0.032694	-4.520000	-3.290000	25.250000	0.194000	-0.202000	0.662000	29548	29671	32525	25097	24899	25331
123	2.136901	0.000062	-4.570000	-3.440000	25.240000	0.194000	-0.202000	0.662000	29543	29656	32524	25097	24899	25331
124	2.166606	0.029705	-4.570000	-3.440000	25.240000	0.200000	-0.212000	0.658000	29543	29656	32524	25100	24894	25329
125	2.166687	0.000081	-4.420000	-3.770000	25.230000	0.200000	-0.212000	0.658000	29558	29623	32523	25100	24894	25329
126	2.199125	0.032438	-4.420000	-3.770000	25.230000	0.226000	-0.196000	0.662000	29558	29623	32523	25113	24902	25331
127	2.199201	0.000076	-4.570000	-3.700000	24.950000	0.226000	-0.196000	0.662000	29543	29630	32495	25113	24902	25331
128	2.230503	0.031302	-4.570000	-3.700000	24.950000	0.208000	-0.208000	0.666000	29543	29630	32495	25104	24896	25333
129	2.230579	0.000076	-4.570000	-3.700000	24.950000	0.208000	-0.208000	0.666000	29543	29630	32495	25104	24896	25333
130	2.261854	0.031274	-4.570000	-3.700000	24.950000	0.208000	-0.208000	0.666000	29543	29630	32495	25104	24896	25333
131	2.261928	0.000074	-4.370000	-3.120000	24.920000	0.208000	-0.208000	0.666000	29563	29688	32492	25104	24896	25333
132	2.292804	0.030876	-4.370000	-3.120000	24.920000	0.164000	-0.174000	0.664000	29563	29688	32492	25082	24913	25332
133	2.292883	0.000079	-4.460000	-3.030000	24.400000	0.164000	-0.174000	0.664000	29554	29697	32440	25082	24913	25332
134	2.323586	0.030703	-4.460000	-3.030000	24.400000	0.152000	-0.186000	0.670000	29554	29697	32440	25076	24907	25335
135	2.323662	0.000076	-4.460000	-3.030000	24.400000	0.152000	-0.186000	0.670000	29554	29697	32440	25076	24907	25335
136	2.353771	0.030110	-4.460000	-3.030000	24.400000	0.152000	-0.186000	0.670000	29554	29697	32440	25076	24907	25335
137	2.353842	0.000071	-4.600000	-3.660000	24.470000	0.152000	-0.186000	0.670000	29540	29634	32447	25076	24907	25335
138	2.382990	0.029148	-4.600000	-3.660000	24.470000	0.210000	-0.202000	0.680000	29540	29634	32447	25105	24899	25340
139	2.383076	0.000086	-4.930000	-3.820000	25.290000	0.210000	-0.202000	0.680000	29507	29618	32529	25105	24899	25340
140	2.413265	0.030189	-4.930000	-3.820000	25.290000	0.236000	-0.220000	0.672000	29507	29618	32529	25118	24890	25336
141	2.413355	0.000089	-4.930000	-3.820000	25.290000	0.236000	-0.220000	0.672000	29507	29618	32529	25118	24890	25336
142	2.444833	0.031479	-4.930000	-3.820000	25.290000	0.236000	-0.220000	0.672000	29507	29618	32529	25118	24890	25336
143	2.444938	0.000104	-4.810000	-3.450000	25.210000	0.236000	-0.220000	0.672000	29519	29655	32521	25118	24890	25336
144	2.475161	0.030223	-4.810000	-3.450000	25.210000	0.198000	-0.200000	0.658000	29519	29655	32521	25099	24900	25329
145	2.475227	0.000066	-4.930000	-3.160000	24.400000	0.198000	-0.200000	0.658000	29507	29684	32440	25099	24900	25329
146	2.507807	0.032580	-4.930000	-3.160000	24.400000	0.186000	-0.224000	0.678000	29507	29684	32440	25093	24888	25339
147	2.507885	0.000079	-4.930000	-3.160000	24.400000	0.186000	-0.224000	0.678000	29507	29684	32440	25093	24888	25339
148	2.535598	0.027713	-4.930000	-3.160000	24.400000	0.186000	-0.224000	0.678000	29507	29684	32440	25093	24888	25339
149	2.535668	0.000070	-4.900000	-2.970000	24.410000	0.186000	-0.224000	0.678000	29510	29703	32441	25093	24888	25339
150	2.566217	0.030549	-4.900000	-2.970000	24.410000	0.176000	-0.218000	0.680000	29510	29703	32441	25088	24891	25340
151	2.566352	0.000135	-4.560000	-3.090000	24.970000	0.176000	-0.218000	0.680000	29544	29691	32497	25088	24891	25340
152	2.606830	0.040478	-4.560000	-3.090000	24.970000	0.180000	-0.186000	0.656000	29544	29691	32497	25090	24907	25328
153	2.606906	0.000075	-4.560000	-3.090000	24.970000	0.180000	-0.186000	0.656000	29544	29691	32497	25090	24907	25328
154	2.638886	0.031981	-4.560000	-3.090000	24.970000	0.180000	-0.186000	0.656000	29544	29691	32497	25090	24907	25328
155	2.638956	0.000069	-4.670000	-3.510000	24.990000	0.180000	-0.186000	0.656000	29533	29649	32499	25090	24907	25328
156	2.668849	0.029893	-4.670000	-3.510000	24.990000	0.212000	-0.204000	0.662000	29533	29649	32499	25106	24898	25331
157	2.668922	0.000073	-4.550000	-3.500000	24.970000	0.212000	-0.204000	0.662000	29545	29650	32497	25106	24898	25331
158	2.701144	0.032222	-4.550000	-3.500000	24.970000	0.216000	-0.196000	0.664000	29545	29650	32497	25108	24902	25332
159	2.701231	0.000087	-4.550000	-3.500000	24.970000	0.216000	-0.196000	0.664000	29545	29650	32497	25108	24902	25332
160	2.728759	0.027528	-4.550000	-3.500000	24.970000	0.216000	-0.196000	0.664000	29545	29650	32497	25108	24902	25332
161	2.728830	0.000071	-4.430000	-3.050000	24.930000	0.216000	-0.196000	0.664000	29557	29695	32493	25108	24902	25332
162	2.761808	0.032978	-4.430000	-3.050000	24.930000	0.178000	-0.178000	0.656000	29557	29695	32493	25089	24911	25328
163	2.761896	0.000088	-4.630000	-3.060000	24.950000	0.178000	-0.178000	0.656000	29537	29694	32495	25089	24911	25328
164	2.795052	0.033156	-4.630000	-3.060000	24.950000	0.180000	-0.190000	0.652000	29537	29694	32495	25090	24905	25326
165	2.795141	0.000089	-4.630000	-3.060000	24.950000	0.180000	-0.190000	0.652000	29537	29694	32495	25090	24905	25326
166	2.828501	0.033360	-4.630000	-3.060000	24.950000	0.180000	-0.190000	0.652000	29537	29694	32495	25090	24905	25326
167	2.828581	0.000080	-4.790000	-3.420000	24.990000	0.180000	-0.190000	0.652000	29521	29658	32499	25090	24905	25326
168	2.855919	0.027338	-4.790000	-3.420000	24.990000	0.210000	-0.218000	0.658000	29521	29658	32499	25105	24891	25329
169	2.855981	0.000061	-4.900000	-3.670000	24.990000	0.210000	-0.218000	0.658000	29510	29633	32499	25105	24891	25329
170	2.882554	0.026574	-4.900000	-3.670000	24.990000	0.244000	-0.218000	0.660000	29510	29633	32499	25122	24891	25330
171	2.882621	0.000066	-4.940000	-3.650000	24.450000	0.244000	-0.218000	0.660000	29506	29635	32445	25122	24891	25330
172	2.909956	0.027336	-4.940000	-3.650000	24.450000	0.244000	-0.220000	0.660000	29506	29635	32445	25122	24890	25330
173	2.910035	0.000079	-4.900000	-3.520000	24.420000	0.244000	-0.220000	0.660000	29510	29648	32442	25122	24890	25330
174	2.937815	0.027780	-4.900000	-3.520000	24.420000	0.230000	-0.214000	0.656000	29510	29648	32442	25115	24893	25328
175	2.937868	0.000053	-5.010000	-3.400000	24.420000	0.230000	-0.214000	0.656000	29499	29660	32442	25115	24893	25328
176	2.964159	0.026291	-5.010000	-3.400000	24.420000	0.212000	-0.224000	0.652000	29499	29660	32442	25106	24888	25326
177	2.964226	0.000067	-4.920000	-3.460000	25.780000	0.212000	-0.224000	0.652000	29508	29654	32578	25106	24888	25326
178	2.989807	0.025580	-4.920000	-3.460000	25.780000	0.212000	-0.216000	0.652000	29508	29654	32578	25106	24892	25326
179	2.989863	0.000056	-4.810000	-3.350000	25.750000	0.212000	-0.216000	0.652000	29519	29665	32575	25106	24892	25326
180	3.017562	0.027699	-4.810000	-3.350000	25.750000	0.204000	-0.196000	0.650000	29519	29665	32575	25102	24902	25325
181	3.017646	0.000084	-4.250000	-3.180000	25.740000	0.204000	-0.196000	0.650000	29575	29682	32574	25102	24902	25325
182	3.044256	0.026610	-4.250000	-3.180000	25.740000	0.180000	-0.166000	0.660000	29575	29682	32574	25090	24917	25330
183	3.044345	0.000089	-4.330000	-3.120000	24.650000	0.180000	-0.166000	0.660000	29567	29688	32465	25090	24917	25330
184	3.074439	0.030094	-4.330000	-3.120000	24.650000	0.178000	-0.174000	0.660000	29567	29688	32465	25089	24913	25330
185	3.074503	0.000064	-4.320000	-2.890000	24.660000	0.178000	-0.174000	0.660000	29568	29711	32466	25089	24913	25330
186	3.105245	0.030743	-4.320000	-2.890000	24.660000	0.162000	-0.172000	0.662000	29568	29711	32466	25081	24914	25331
187	3.105306	0.000061	-4.550000	-3.160000	24.690000	0.162000	-0.172000	0.662000	29545	29684	32469	25081	24914	25331
188	3.130670	0.025364	-4.550000	-3.160000	24.690000	0.208000	-0.178000	0.650000	29545	29684	32469	25104	24911	25325
189	3.130733	0.000063	-4.530000	-3.180000	24.960000	0.208000	-0.178000	0.650000	29547	29682	32496	25104	24911	25325
190	3.156722	0.025989	-4.530000	-3.180000	24.960000	0.208000	-0.176000	0.650000	29547	29682	32496	25104	24912	25325
191	3.156785	0.000064	-4.710000	-3.710000	24.970000	0.208000	-0.176000	0.650000	29529	29629	32497	25104	24912	25325
192	3.185421	0.028636	-4.710000	-3.710000	24.970000	0.246000	-0.206000	0.652000	29529	29629	32497	25123	24897	25326
193	3.185512	0.000092	-4.330000	-3.620000	24.960000	0.246000	-0.206000	0.652000	29567	29638	32496	25123	24897	25326
194	3.216234	0.030722	-4.330000	-3.620000	24.960000	0.226000	-0.182000	0.644000	29567	29638	32496	25113	24909	25322
195	3.216300	0.000066	-4.440000	-3.570000	24.970000	0.226000	-0.182000	0.644000	29556	29643	32497	25113	24909	25322
196	3.245997	0.029696	-4.440000	-3.570000	24.970000	0.214000	-0.190000	0.644000	29556	29643	32497	25107	24905	25322
197	3.246115	0.000118	-4.390000	-3.530000	24.970000	0.214000	-0.190000	0.644000	29561	29647	32497	25107	24905	25322
198	3.282261	0.036146	-4.390000	-3.530000	24.970000	0.214000	-0.182000	0.646000	29561	29647	32497	25107	24909	25323
199	3.282364	0.000103	-5.000000	-3.780000	25.000000	0.214000	-0.182000	0.646000	29500	29622	32500	25107	24909	25323
200	3.316857	0.034494	-5.000000	-3.780000	25.000000	0.254000	-0.224000	0.648000	29500	29622	32500	25127	24888	25324
201	3.316958	0.000100	-4.990000	-3.800000	25.530000	0.254000	-0.224000	0.648000	29501	29620	32553	25127	24888	25324
202	3.346586	0.029628	-4.990000	-3.800000	25.530000	0.250000	-0.222000	0.652000	29501	29620	32553	25125	24889	25326
203	3.346693	0.000107	-4.990000	-3.800000	25.530000	0.250000	-0.222000	0.652000	29501	29620	32553	25125	24889	25326
204	3.375656	0.028963	-4.990000	-3.800000	25.530000	0.250000	-0.222000	0.652000	29501	29620	32553	25125	24889	25326
205	3.375732	0.000077	-4.540000	-3.120000	25.500000	0.250000	-0.222000	0.652000	29546	29688	32550	25125	24889	25326
206	3.402118	0.026386	-4.540000	-3.120000	25.500000	0.180000	-0.190000	0.648000	29546	29688	32550	25090	24905	25324
207	3.402194	0.000076	-4.470000	-3.150000	25.490000	0.180000	-0.190000	0.648000	29553	29685	32549	25090	24905	25324
208	3.427756	0.025561	-4.470000	-3.150000	25.490000	0.186000	-0.184000	0.648000	29553	29685	32549	25093	24908	25324
209	3.427857	0.000101	-4.470000	-3.150000	25.490000	0.186000	-0.184000	0.648000	29553	29685	32549	25093	24908	25324
210	3.454249	0.026392	-4.470000	-3.150000	25.490000	0.186000	-0.184000	0.648000	29553	29685	32549	25093	24908	25324
211	3.454310	0.000061	-4.550000	-3.620000	25.510000	0.186000	-0.184000	0.648000	29545	29638	32551	25093	24908	25324
212	3.484434	0.030124	-4.550000	-3.620000	25.510000	0.232000	-0.184000	0.676000	29545	29638	32551	25116	24908	25338
213	3.484513	0.000079	-4.640000	-3.580000	25.780000	0.232000	-0.184000	0.676000	29536	29642	32578	25116	24908	25338
214	3.516371	0.031857	-4.640000	-3.580000	25.780000	0.222000	-0.190000	0.674000	29536	29642	32578	25111	24905	25337
215	3.516440	0.000070	-4.640000	-3.580000	25.780000	0.222000	-0.190000	0.674000	29536	29642	32578	25111	24905	25337
216	3.544805	0.028365	-4.640000	-3.580000	25.780000	0.222000	-0.190000	0.674000	29536	29642	32578	25111	24905	25337
217	3.544875	0.000070	-4.560000	-3.710000	25.750000	0.222000	-0.190000	0.674000	29544	29629	32575	25111	24905	25337
218	3.571008	0.026133	-4.560000	-3.710000	25.750000	0.222000	-0.188000	0.658000	29544	29629	32575	25111	24906	25329
219	3.571086	0.000078	-4.490000	-3.730000	25.480000	0.222000	-0.188000	0.658000	29551	29627	32548	25111	24906	25329
220	3.602793	0.031707	-4.490000	-3.730000	25.480000	0.232000	-0.182000	0.656000	29551	29627	32548	25116	24909	25328
221	3.602868	0.000075	-4.490000	-3.730000	25.480000	0.232000	-0.182000	0.656000	29551	29627	32548	25116	24909	25328
222	3.633088	0.030221	-4.490000	-3.730000	25.480000	0.232000	-0.182000	0.656000	29551	29627	32548	25116	24909	25328
223	3.633156	0.000067	-4.060000	-3.290000	25.420000	0.232000	-0.182000	0.656000	29594	29671	32542	25116	24909	25328
224	3.660171	0.027015	-4.060000	-3.290000	25.420000	0.174000	-0.156000	0.642000	29594	29671	32542	25087	24922	25321
225	3.660323	0.000152	-4.190000	-3.330000	25.420000	0.174000	-0.156000	0.642000	29581	29667	32542	25087	24922	25321
226	3.686895	0.026572	-4.190000	-3.330000	25.420000	0.182000	-0.164000	0.638000	29581	29667	32542	25091	24918	25319
227	3.686958	0.000063	-4.190000	-3.330000	25.420000	0.182000	-0.164000	0.638000	29581	29667	32542	25091	24918	25319
228	3.715466	0.028507	-4.190000	-3.330000	25.420000	0.182000	-0.164000	0.638000	29581	29667	32542	25091	24918	25319
229	3.715525	0.000059	-4.530000	-3.590000	25.470000	0.182000	-0.164000	0.638000	29547	29641	32547	25091	24918	25319
230	3.748296	0.032771	-4.530000	-3.590000	25.470000	0.230000	-0.170000	0.648000	29547	29641	32547	25115	24915	25324
231	3.748380	0.000084	-4.550000	-3.590000	25.740000	0.230000	-0.170000	0.648000	29545	29641	32574	25115	24915	25324
232	3.781174	0.032794	-4.550000	-3.590000	25.740000	0.224000	-0.172000	0.648000	29545	29641	32574	25112	24914	25324
233	3.781261	0.000087	-4.550000	-3.590000	25.740000	0.224000	-0.172000	0.648000	29545	29641	32574	25112	24914	25324
234	3.816278	0.035017	-4.550000	-3.590000	25.740000	0.224000	-0.172000	0.648000	29545	29641	32574	25112	24914	25324
235	3.816373	0.000095	-4.370000	-3.240000	25.760000	0.224000	-0.172000	0.648000	29563	29676	32576	25112	24914	25324
236	3.850083	0.033710	-4.370000	-3.240000	25.760000	0.186000	-0.174000	0.650000	29563	29676	32576	25093	24913	25325
237	3.850172	0.000089	-4.610000	-3.210000	24.670000	0.186000	-0.174000	0.650000	29539	29679	32467	25093	24913	25325
238	3.884547	0.034375	-4.610000	-3.210000	24.670000	0.188000	-0.190000	0.646000	29539	29679	32467	25094	24905	25323
239	3.884635	0.000088	-4.610000	-3.210000	24.670000	0.188000	-0.190000	0.646000	29539	29679	32467	25094	24905	25323
240	3.924362	0.039727	-4.610000	-3.210000	24.670000	0.188000	-0.190000	0.646000	29539	29679	32467	25094	24905	25323
241	3.924491	0.000128	-4.630000	-3.260000	24.650000	0.188000	-0.190000	0.646000	29537	29674	32465	25094	24905	25323
242	3.959163	0.034672	-4.630000	-3.260000	24.650000	0.186000	-0.194000	0.642000	29537	29674	32465	25093	24903	25321
243	3.959274	0.000111	-4.790000	-3.550000	24.940000	0.186000	-0.194000	0.642000	29521	29645	32494	25093	24903	25321
244	3.993272	0.033998	-4.790000	-3.550000	24.940000	0.238000	-0.202000	0.656000	29521	29645	32494	25119	24899	25328
245	3.993392	0.000120	-4.790000	-3.550000	24.940000	0.238000	-0.202000	0.656000	29521	29645	32494	25119	24899	25328
246	4.029285	0.035893	-4.790000	-3.550000	24.940000	0.238000	-0.202000	0.656000	29521	29645	32494	25119	24899	25328
247	4.029377	0.000092	-4.820000	-3.830000	24.960000	0.238000	-0.202000	0.656000	29518	29617	32496	25119	24899	25328
248	4.060496	0.031119	-4.820000	-3.830000	24.960000	0.264000	-0.204000	0.662000	29518	29617	32496	25132	24898	25331
249	4.060585	0.000089	-4.220000	-3.510000	24.930000	0.264000	-0.204000	0.662000	29578	29649	32493	25132	24898	25331
250	4.092316	0.031731	-4.220000	-3.510000	24.930000	0.204000	-0.172000	0.656000	29578	29649	32493	25102	24914	25328
251	4.092504	0.000188	-4.200000	-3.520000	25.210000	0.204000	-0.172000	0.656000	29580	29648	32521	25102	24914	25328
252	4.126205	0.033701	-4.200000	-3.520000	25.210000	0.204000	-0.170000	0.656000	29580	29648	32521	25102	24915	25328
253	4.126283	0.000077	-4.130000	-3.080000	25.200000	0.204000	-0.170000	0.656000	29587	29692	32520	25102	24915	25328
254	4.158323	0.032041	-4.130000	-3.080000	25.200000	0.172000	-0.158000	0.654000	29587	29692	32520	25086	24921	25327
255	4.158381	0.000058	-4.480000	-3.170000	25.200000	0.172000	-0.158000	0.654000	29552	29683	32520	25086	24921	25327
256	4.185301	0.026920	-4.480000	-3.170000	25.200000	0.182000	-0.174000	0.640000	29552	29683	32520	25091	24913	25320
257	4.185375	0.000074	-4.480000	-3.170000	25.200000	0.182000	-0.174000	0.640000	29552	29683	32520	25091	24913	25320
258	4.216259	0.030884	-4.480000	-3.170000	25.200000	0.182000	-0.174000	0.640000	29552	29683	32520	25091	24913	25320
259	4.216346	0.000087	-4.540000	-3.350000	25.200000	0.182000	-0.174000	0.640000	29546	29665	32520	25091	24913	25320
260	4.249051	0.032705	-4.540000	-3.350000	25.200000	0.194000	-0.184000	0.640000	29546	29665	32520	25097	24908	25320
261	4.249141	0.000090	-4.560000	-3.460000	25.210000	0.194000	-0.184000	0.640000	29544	29654	32521	25097	24908	25320
262	4.281175	0.032035	-4.560000	-3.460000	25.210000	0.214000	-0.186000	0.646000	29544	29654	32521	25107	24907	25323
263	4.281263	0.000087	-4.580000	-3.440000	24.940000	0.214000	-0.186000	0.646000	29542	29656	32494	25107	24907	25323
264	4.315249	0.033986	-4.580000	-3.440000	24.940000	0.214000	-0.186000	0.646000	29542	29656	32494	25107	24907	25323
265	4.315339	0.000090	-4.610000	-3.520000	24.940000	0.214000	-0.186000	0.646000	29539	29648	32494	25107	24907	25323
266	4.343202	0.027863	-4.610000	-3.520000	24.940000	0.218000	-0.192000	0.644000	29539	29648	32494	25109	24904	25322
267	4.343274	0.000072	-4.460000	-3.460000	24.940000	0.218000	-0.192000	0.644000	29554	29654	32494	25109	24904	25322
268	4.376484	0.033210	-4.460000	-3.460000	24.940000	0.218000	-0.186000	0.646000	29554	29654	32494	25109	24907	25323
269	4.376572	0.000087	-4.450000	-3.480000	25.220000	0.218000	-0.186000	0.646000	29555	29652	32522	25109	24907	25323
270	4.409348	0.032776	-4.450000	-3.480000	25.220000	0.220000	-0.184000	0.646000	29555	29652	32522	25110	24908	25323
271	4.409429	0.000082	-4.480000	-3.700000	25.220000	0.220000	-0.184000	0.646000	29552	29630	32522	25110	24908	25323
272	4.441453	0.032024	-4.480000	-3.700000	25.220000	0.236000	-0.190000	0.646000	29552	29630	32522	25118	24905	25323
273	4.441523	0.000070	-4.220000	-3.760000	25.220000	0.236000	-0.190000	0.646000	29578	29624	32522	25118	24905	25323
274	4.471428	0.029905	-4.220000	-3.760000	25.220000	0.254000	-0.170000	0.646000	29578	29624	32522	25127	24915	25323
275	4.471512	0.000084	-4.220000	-3.760000	25.220000	0.254000	-0.170000	0.646000	29578	29624	32522	25127	24915	25323
276	4.500006	0.028493	-4.220000	-3.760000	25.220000	0.254000	-0.170000	0.646000	29578	29624	32522	25127	24915	25323
277	4.500073	0.000067	-4.100000	-3.400000	25.210000	0.254000	-0.170000	0.646000	29590	29660	32521	25127	24915	25323
278	4.532769	0.032696	-4.100000	-3.400000	25.210000	0.228000	-0.150000	0.646000	29590	29660	32521	25114	24925	25323
279	4.532844	0.000075	-4.100000	-3.400000	25.210000	0.178000	-0.116000	0.602000	29590	29660	32521	25089	24942	25301
280	4.532867	0.000024	-3.300000	-2.260000	26.020000	0.178000	-0.116000	0.602000	29670	29774	32602	25089	24942	25301
281	4.566143	0.033276	-3.300000	-2.260000	26.020000	0.134000	-0.060000	0.568000	29670	29774	32602	25067	24970	25284
282	4.566222	0.000079	-3.850000	-3.000000	25.170000	0.134000	-0.060000	0.568000	29615	29700	32517	25067	24970	25284
283	4.595640	0.029418	-3.850000	-3.000000	25.170000	0.198000	-0.102000	0.550000	29615	29700	32517	25099	24949	25275
284	4.595852	0.000212	-2.940000	-2.190000	24.900000	0.198000	-0.102000	0.550000	29706	29781	32490	25099	24949	25275
285	4.638739	0.042887	-3.000000	-2.460000	24.880000	0.198000	-0.102000	0.550000	29700	29754	32488	25099	24949	25275
286	4.669505	0.030765	-3.030000	-2.310000	24.100000	0.198000	-0.102000	0.550000	29697	29769	32410	25099	24949	25275
287	4.707578	0.038073	-3.030000	-2.500000	24.910000	0.198000	-0.102000	0.550000	29697	29750	32491	25099	24949	25275
288	4.741374	0.033796	-3.070000	-3.120000	25.750000	0.198000	-0.102000	0.550000	29693	29688	32575	25099	24949	25275
289	4.772713	0.031339	-3.070000	-3.120000	25.750000	0.196000	-0.068000	0.568000	29693	29688	32575	25098	24966	25284
290	4.772786	0.000073	-2.660000	-2.180000	25.450000	0.196000	-0.068000	0.568000	29734	29782	32545	25098	24966	25284
291	4.805283	0.032498	-2.660000	-2.180000	25.450000	0.114000	-0.022000	0.566000	29734	29782	32545	25057	24989	25283
292	4.805392	0.000108	-3.270000	-2.700000	24.920000	0.114000	-0.022000	0.566000	29673	29730	32492	25057	24989	25283
293	4.838889	0.033497	-3.270000	-2.700000	24.920000	0.162000	-0.086000	0.576000	29673	29730	32492	25081	24957	25288
294	4.838964	0.000076	-3.920000	-3.000000	24.160000	0.162000	-0.086000	0.576000	29608	29700	32416	25081	24957	25288
295	4.871329	0.032365	-3.580000	-3.130000	25.190000	0.162000	-0.086000	0.576000	29642	29687	32519	25081	24957	25288
296	4.904135	0.032806	-3.650000	-2.790000	24.690000	0.162000	-0.086000	0.576000	29635	29721	32469	25081	24957	25288
297	4.937705	0.033570	-3.650000	-2.790000	24.690000	0.178000	-0.126000	0.580000	29635	29721	32469	25089	24937	25290
298	4.937786	0.000081	-3.560000	-2.980000	25.520000	0.178000	-0.126000	0.580000	29644	29702	32552	25089	24937	25290
299	4.978578	0.040793	-3.560000	-2.980000	25.520000	0.182000	-0.132000	0.608000	29644	29702	32552	25091	24934	25304
300	4.978650	0.000072	-3.330000	-2.670000	24.400000	0.182000	-0.132000	0.608000	29667	29733	32440	25091	24934	25304
301	5.008267	0.029617	-3.330000	-2.670000	24.400000	0.152000	-0.112000	0.606000	29667	29733	32440	25076	24944	25303
302	5.008339	0.000071	-3.360000	-2.900000	25.760000	0.152000	-0.112000	0.606000	29664	29710	32576	25076	24944	25303
303	5.038050	0.029712	-3.360000	-2.900000	25.760000	0.158000	-0.128000	0.602000	29664	29710	32576	25079	24936	25301
304	5.038115	0.000065	-3.480000	-3.160000	24.660000	0.158000	-0.128000	0.602000	29652	29684	32466	25079	24936	25301
305	5.065846	0.027731	-3.480000	-3.160000	24.660000	0.182000	-0.156000	0.618000	29652	29684	32466	25091	24922	25309
306	5.065916	0.000070	-3.420000	-2.570000	24.900000	0.182000	-0.156000	0.618000	29658	29743	32490	25091	24922	25309
307	5.094006	0.028089	-3.420000	-2.570000	24.900000	0.126000	-0.126000	0.618000	29658	29743	32490	25063	24937	25309
308	5.094075	0.000069	-3.270000	-3.460000	24.650000	0.126000	-0.126000	0.618000	29673	29654	32465	25063	24937	25309
309	5.125846	0.031771	-3.270000	-3.460000	24.650000	0.220000	-0.128000	0.600000	29673	29654	32465	25110	24936	25300
310	5.125942	0.000096	-3.350000	-3.670000	24.960000	0.220000	-0.128000	0.600000	29665	29633	32496	25110	24936	25300
311	5.153539	0.027597	-3.350000	-3.670000	24.960000	0.230000	-0.136000	0.618000	29665	29633	32496	25115	24932	25309
312	5.153632	0.000093	-3.360000	-2.650000	24.910000	0.230000	-0.136000	0.618000	29664	29735	32491	25115	24932	25309
313	5.180521	0.026889	-3.360000	-2.650000	24.910000	0.140000	-0.110000	0.602000	29664	29735	32491	25070	24945	25301
314	5.180593	0.000073	-3.090000	-3.310000	24.890000	0.140000	-0.110000	0.602000	29691	29669	32489	25070	24945	25301
315	5.212054	0.031460	-3.090000	-3.310000	24.890000	0.192000	-0.110000	0.596000	29691	29669	32489	25096	24945	25298
316	5.212135	0.000081	-2.830000	-2.820000	24.870000	0.192000	-0.110000	0.596000	29717	29718	32487	25096	24945	25298
317	5.238145	0.026010	-2.830000	-2.820000	24.870000	0.134000	-0.094000	0.612000	29717	29718	32487	25067	24953	25306
318	5.238201	0.000056	-2.650000	-3.030000	25.420000	0.134000	-0.094000	0.612000	29735	29697	32542	25067	24953	25306
319	5.264646	0.026446	-2.650000	-3.030000	25.420000	0.156000	-0.080000	0.610000	29735	29697	32542	25078	24960	25305
320	5.264720	0.000073	-3.360000	-3.410000	23.840000	0.156000	-0.080000	0.610000	29664	29659	32384	25078	24960	25305
321	5.297137	0.032417	-3.240000	-3.300000	23.840000	0.156000	-0.080000	0.610000	29676	29670	32384	25078	24960	25305
322	5.332023	0.034886	-2.830000	-3.670000	24.910000	0.156000	-0.080000	0.610000	29717	29633	32491	25078	24960	25305
323	5.365223	0.033200	-2.830000	-3.670000	24.910000	0.242000	-0.108000	0.566000	29717	29633	32491	25121	24946	25283
324	5.365305	0.000082	-2.830000	-3.670000	24.910000	0.148000	-0.116000	0.574000	29717	29633	32491	25074	24942	25287
325	5.365326	0.000022	-2.710000	-2.440000	24.870000	0.148000	-0.116000	0.574000	29729	29756	32487	25074	24942	25287
326	5.398173	0.032847	-2.920000	-2.700000	25.240000	0.148000	-0.116000	0.574000	29708	29730	32524	25074	24942	25287
327	5.430921	0.032748	-2.920000	-2.700000	25.240000	0.148000	-0.128000	0.588000	29708	29730	32524	25074	24936	25294
328	5.430993	0.000072	-2.920000	-2.700000	25.240000	0.144000	-0.152000	0.568000	29708	29730	32524	25072	24924	25284
329	5.431013	0.000020	-3.250000	-2.970000	25.200000	0.144000	-0.152000	0.568000	29675	29703	32520	25072	24924	25284
330	5.463443	0.032430	-3.140000	-2.970000	24.690000	0.144000	-0.152000	0.568000	29686	29703	32469	25072	24924	25284
331	5.495876	0.032433	-3.140000	-2.970000	24.690000	0.174000	-0.148000	0.568000	29686	29703	32469	25087	24926	25284
332	5.495959	0.000083	-3.140000	-2.970000	24.690000	0.144000	-0.122000	0.566000	29686	29703	32469	25072	24939	25283
333	5.495983	0.000024	-2.850000	-3.000000	24.650000	0.144000	-0.122000	0.566000	29715	29700	32465	25072	24939	25283
334	5.528470	0.032487	-2.830000	-2.950000	24.130000	0.144000	-0.122000	0.566000	29717	29705	32413	25072	24939	25283
335	5.560442	0.031971	-2.830000	-2.950000	24.130000	0.174000	-0.120000	0.590000	29717	29705	32413	25087	24940	25295
336	5.560524	0.000082	-3.010000	-2.420000	24.340000	0.174000	-0.120000	0.590000	29699	29758	32434	25087	24940	25295
337	5.600075	0.039551	-3.010000	-2.420000	24.340000	0.130000	-0.116000	0.574000	29699	29758	32434	25065	24942	25287
338	5.600167	0.000092	-2.930000	-2.360000	24.140000	0.130000	-0.116000	0.574000	29707	29764	32414	25065	24942	25287
339	5.628486	0.028319	-2.930000	-2.360000	24.140000	0.132000	-0.132000	0.590000	29707	29764	32414	25066	24934	25295
340	5.628561	0.000075	-3.280000	-3.270000	24.970000	0.132000	-0.132000	0.590000	29672	29673	32497	25066	24934	25295
341	5.660428	0.031868	-3.280000	-3.270000	24.970000	0.216000	-0.142000	0.622000	29672	29673	32497	25108	24929	25311
342	5.660532	0.000103	-3.480000	-3.070000	25.170000	0.216000	-0.142000	0.622000	29652	29693	32517	25108	24929	25311
343	5.688100	0.027569	-3.480000	-3.070000	25.170000	0.180000	-0.146000	0.602000	29652	29693	32517	25090	24927	25301
344	5.688168	0.000068	-2.900000	-2.640000	24.380000	0.180000	-0.146000	0.602000	29710	29736	32438	25090	24927	25301
345	5.719365	0.031197	-2.900000	-2.640000	24.380000	0.160000	-0.098000	0.598000	29710	29736	32438	25080	24951	25299
346	5.719452	0.000087	-3.450000	-3.110000	25.510000	0.160000	-0.098000	0.598000	29655	29689	32551	25080	24951	25299
347	5.752876	0.033424	-3.450000	-3.110000	25.510000	0.194000	-0.140000	0.602000	29655	29689	32551	25097	24930	25301
348	5.752951	0.000075	-3.410000	-2.790000	25.430000	0.194000	-0.140000	0.602000	29659	29721	32543	25097	24930	25301
349	5.785013	0.032062	-3.410000	-2.790000	25.430000	0.176000	-0.118000	0.598000	29659	29721	32543	25088	24941	25299
350	5.785099	0.000086	-3.410000	-2.790000	25.430000	0.198000	-0.090000	0.616000	29659	29721	32543	25099	24955	25308
351	5.785148	0.000049	-2.900000	-2.550000	25.140000	0.198000	-0.090000	0.616000	29710	29745	32514	25099	24955	25308
352	5.818494	0.033346	-3.270000	-2.670000	25.200000	0.198000	-0.090000	0.616000	29673	29733	32520	25099	24955	25308
353	5.851329	0.032835	-3.270000	-2.670000	25.200000	0.166000	-0.108000	0.600000	29673	29733	32520	25083	24946	25300
354	5.851391	0.000061	-2.960000	-3.370000	24.890000	0.166000	-0.108000	0.600000	29704	29663	32489	25083	24946	25300
355	5.879158	0.027768	-2.960000	-3.370000	24.890000	0.220000	-0.088000	0.594000	29704	29663	32489	25110	24956	25297
356	5.879229	0.000071	-3.220000	-2.780000	24.350000	0.220000	-0.088000	0.594000	29678	29722	32435	25110	24956	25297
357	5.911427	0.032197	-3.220000	-2.780000	24.350000	0.158000	-0.094000	0.578000	29678	29722	32435	25079	24953	25289
358	5.911518	0.000091	-3.670000	-3.780000	24.900000	0.158000	-0.094000	0.578000	29633	29622	32490	25079	24953	25289
359	5.943228	0.031710	-3.670000	-3.780000	24.900000	0.256000	-0.118000	0.558000	29633	29622	32490	25128	24941	25279
360	5.943308	0.000080	-2.920000	-3.220000	25.220000	0.256000	-0.118000	0.558000	29708	29678	32522	25128	24941	25279
361	5.982395	0.039087	-2.920000	-3.220000	25.220000	0.192000	-0.058000	0.546000	29708	29678	32522	25096	24971	25273
362	5.982530	0.000135	-3.960000	-3.300000	24.160000	0.192000	-0.058000	0.546000	29604	29670	32416	25096	24971	25273
363	6.014404	0.031875	-3.960000	-3.300000	24.160000	0.224000	-0.132000	0.536000	29604	29670	32416	25112	24934	25268
364	6.014481	0.000077	-3.330000	-2.790000	25.190000	0.224000	-0.132000	0.536000	29667	29721	32519	25112	24934	25268
365	6.048520	0.034039	-3.330000	-2.790000	25.190000	0.134000	-0.080000	0.562000	29667	29721	32519	25067	24960	25281
366	6.048614	0.000094	-3.140000	-2.860000	24.400000	0.134000	-0.080000	0.562000	29686	29714	32440	25067	24960	25281
367	6.076318	0.027704	-3.140000	-2.860000	24.400000	0.160000	-0.064000	0.568000	29686	29714	32440	25080	24968	25284
368	6.076394	0.000076	-3.090000	-3.150000	24.960000	0.160000	-0.064000	0.568000	29691	29685	32496	25080	24968	25284
369	6.108842	0.032447	-3.090000	-3.150000	24.960000	0.160000	-0.092000	0.568000	29691	29685	32496	25080	24954	25284
370	6.108927	0.000085	-2.610000	-2.920000	24.620000	0.160000	-0.092000	0.568000	29739	29708	32462	25080	24954	25284
371	6.141619	0.032692	-2.610000	-2.920000	24.620000	0.142000	-0.030000	0.558000	29739	29708	32462	25071	24985	25279
372	6.141727	0.000108	-2.300000	-3.350000	25.970000	0.142000	-0.030000	0.558000	29770	29665	32597	25071	24985	25279
373	6.176400	0.034673	-2.300000	-3.350000	25.970000	0.154000	-0.020000	0.578000	29770	29665	32597	25077	24990	25289
374	6.176488	0.000088	-2.850000	-3.220000	24.600000	0.154000	-0.020000	0.578000	29715	29678	32460	25077	24990	25289
375	6.208095	0.031607	-2.850000	-3.220000	24.600000	0.170000	-0.058000	0.570000	29715	29678	32460	25085	24971	25285
376	6.208203	0.000108	-2.790000	-3.080000	24.920000	0.170000	-0.058000	0.570000	29721	29692	32492	25085	24971	25285
377	6.240673	0.032470	-2.790000	-3.080000	24.920000	0.144000	-0.074000	0.566000	29721	29692	32492	25072	24963	25283
378	6.240800	0.000127	-3.160000	-2.970000	24.660000	0.144000	-0.074000	0.566000	29684	29703	32466	25072	24963	25283
379	6.273406	0.032606	-3.160000	-2.970000	24.660000	0.138000	-0.116000	0.566000	29684	29703	32466	25069	24942	25283
380	6.273477	0.000071	-3.150000	-3.550000	25.720000	0.138000	-0.116000	0.566000	29685	29645	32572	25069	24942	25283
381	6.306094	0.032617	-3.150000	-3.550000	25.720000	0.184000	-0.114000	0.578000	29685	29645	32572	25092	24943	25289
382	6.306162	0.000069	-3.010000	-2.950000	24.650000	0.184000	-0.114000	0.578000	29699	29705	32465	25092	24943	25289
383	6.337448	0.031285	-3.010000	-2.950000	24.650000	0.156000	-0.086000	0.556000	29699	29705	32465	25078	24957	25278
384	6.337526	0.000078	-2.880000	-3.120000	24.380000	0.156000	-0.086000	0.556000	29712	29688	32438	25078	24957	25278
385	6.369972	0.032446	-2.880000	-3.120000	24.380000	0.162000	-0.078000	0.552000	29712	29688	32438	25081	24961	25276
386	6.370059	0.000088	-2.710000	-3.410000	24.940000	0.162000	-0.078000	0.552000	29729	29659	32494	25081	24961	25276
387	6.403317	0.033257	-2.710000	-3.410000	24.940000	0.182000	-0.080000	0.574000	29729	29659	32494	25091	24960	25287
388	6.403400	0.000083	-3.230000	-3.160000	25.480000	0.182000	-0.080000	0.574000	29677	29684	32548	25091	24960	25287
389	6.437120	0.033720	-3.230000	-3.160000	25.480000	0.164000	-0.144000	0.582000	29677	29684	32548	25082	24928	25291
390	6.437221	0.000102	-3.580000	-3.160000	24.410000	0.164000	-0.144000	0.582000	29642	29684	32441	25082	24928	25291
391	6.471057	0.033836	-3.580000	-3.160000	24.410000	0.172000	-0.168000	0.578000	29642	29684	32441	25086	24916	25289
392	6.471141	0.000084	-3.590000	-3.210000	24.150000	0.172000	-0.168000	0.578000	29641	29679	32415	25086	24916	25289
393	6.504286	0.033145	-3.590000	-3.210000	24.150000	0.186000	-0.180000	0.572000	29641	29679	32415	25093	24910	25286
394	6.504436	0.000150	-3.590000	-3.210000	24.150000	0.184000	-0.158000	0.590000	29641	29679	32415	25092	24921	25295
395	6.504523	0.000087	-3.300000	-3.160000	24.390000	0.184000	-0.158000	0.590000	29670	29684	32439	25092	24921	25295
396	6.532970	0.028447	-3.300000	-3.160000	24.390000	0.206000	-0.166000	0.582000	29670	29684	32439	25103	24917	25291
397	6.533030	0.000060	-3.630000	-3.210000	24.910000	0.206000	-0.166000	0.582000	29637	29679	32491	25103	24917	25291
398	6.566274	0.033244	-3.990000	-3.090000	24.960000	0.206000	-0.166000	0.582000	29601	29691	32496	25103	24917	25291
399	6.605888	0.039614	-3.990000	-3.090000	24.960000	0.186000	-0.190000	0.590000	29601	29691	32496	25093	24905	25295
400	6.605978	0.000089	-3.670000	-3.340000	25.200000	0.186000	-0.190000	0.590000	29633	29666	32520	25093	24905	25295
401	6.633914	0.027936	-3.670000	-3.340000	25.200000	0.176000	-0.178000	0.588000	29633	29666	32520	25088	24911	25294
402	6.634018	0.000104	-3.780000	-3.320000	24.160000	0.176000	-0.178000	0.588000	29622	29668	32416	25088	24911	25294
403	6.664088	0.030070	-3.780000	-3.320000	24.160000	0.196000	-0.182000	0.610000	29622	29668	32416	25098	24909	25305
404	6.664187	0.000098	-3.150000	-2.630000	24.660000	0.196000	-0.182000	0.610000	29685	29737	32466	25098	24909	25305
405	6.697055	0.032869	-3.150000	-2.630000	24.660000	0.156000	-0.120000	0.572000	29685	29737	32466	25078	24940	25286
406	6.697145	0.000090	-2.870000	-3.150000	25.180000	0.156000	-0.120000	0.572000	29713	29685	32518	25078	24940	25286
407	6.729982	0.032837	-2.870000	-3.150000	25.180000	0.162000	-0.130000	0.570000	29713	29685	32518	25081	24935	25285
408	6.730085	0.000102	-3.060000	-3.180000	24.390000	0.162000	-0.130000	0.570000	29694	29682	32439	25081	24935	25285
409	6.763862	0.033777	-3.060000	-3.180000	24.390000	0.180000	-0.132000	0.556000	29694	29682	32439	25090	24934	25278
410	6.763942	0.000080	-3.430000	-3.180000	25.220000	0.180000	-0.132000	0.556000	29657	29682	32522	25090	24934	25278
411	6.795724	0.031783	-3.430000	-3.180000	25.220000	0.194000	-0.152000	0.560000	29657	29682	32522	25097	24924	25280
412	6.795831	0.000107	-3.620000	-2.810000	25.250000	0.194000	-0.152000	0.560000	29638	29719	32525	25097	24924	25280
413	6.822927	0.027096	-3.620000	-2.810000	25.250000	0.160000	-0.162000	0.562000	29638	29719	32525	25080	24919	25281
414	6.822999	0.000072	-2.820000	-2.820000	24.680000	0.160000	-0.162000	0.562000	29718	29718	32468	25080	24919	25281
415	6.854480	0.031480	-2.820000	-2.820000	24.680000	0.138000	-0.134000	0.544000	29718	29718	32468	25069	24933	25272
416	6.854575	0.000096	-2.820000	-2.820000	24.680000	0.166000	-0.132000	0.514000	29718	29718	32468	25083	24934	25257
417	6.854602	0.000027	-3.240000	-2.560000	24.110000	0.166000	-0.132000	0.514000	29676	29744	32411	25083	24934	25257
418	6.888256	0.033654	-2.750000	-2.370000	23.840000	0.166000	-0.132000	0.514000	29725	29763	32384	25083	24934	25257
419	6.921119	0.032863	-2.750000	-2.370000	23.840000	0.136000	-0.108000	0.508000	29725	29763	32384	25068	24946	25254
420	6.921203	0.000084	-2.850000	-2.650000	24.430000	0.136000	-0.108000	0.508000	29715	29735	32443	25068	24946	25254
421	6.953784	0.032581	-2.850000	-2.650000	24.430000	0.140000	-0.132000	0.512000	29715	29735	32443	25070	24934	25256
422	6.953881	0.000097	-3.100000	-2.910000	24.150000	0.140000	-0.132000	0.512000	29690	29709	32415	25070	24934	25256
423	6.987116	0.033235	-3.100000	-2.910000	24.150000	0.182000	-0.136000	0.486000	29690	29709	32415	25091	24932	25243
424	6.987198	0.000082	-2.610000	-2.090000	25.210000	0.182000	-0.136000	0.486000	29739	29791	32521	25091	24932	25243
425	7.020290	0.033092	-2.610000	-2.090000	25.210000	0.088000	-0.102000	0.486000	29739	29791	32521	25044	24949	25243
426	7.020397	0.000107	-2.580000	-2.460000	24.380000	0.088000	-0.102000	0.486000	29742	29754	32438	25044	24949	25243
427	7.049316	0.028919	-2.580000	-2.460000	24.380000	0.124000	-0.098000	0.460000	29742	29754	32438	25062	24951	25230
428	7.049388	0.000072	-2.900000	-2.530000	24.650000	0.124000	-0.098000	0.460000	29710	29747	32465	25062	24951	25230
429	7.080585	0.031197	-2.900000	-2.530000	24.650000	0.130000	-0.118000	0.460000	29710	29747	32465	25065	24941	25230
430	7.080685	0.000100	-2.590000	-2.790000	25.200000	0.130000	-0.118000	0.460000	29741	29721	32520	25065	24941	25230
431	7.109017	0.028331	-2.590000	-2.790000	25.200000	0.172000	-0.090000	0.468000	29741	29721	32520	25086	24955	25234
432	7.109119	0.000102	-3.090000	-3.250000	26.010000	0.172000	-0.090000	0.468000	29691	29675	32601	25086	24955	25234
433	7.144002	0.034883	-2.770000	-3.160000	26.000000	0.172000	-0.090000	0.468000	29723	29684	32600	25086	24955	25234
434	7.172932	0.028930	-2.610000	-2.910000	24.660000	0.172000	-0.090000	0.468000	29739	29709	32466	25086	24955	25234
435	7.206275	0.033343	-2.640000	-3.010000	23.840000	0.172000	-0.090000	0.468000	29736	29699	32384	25086	24955	25234
436	7.238855	0.032581	-2.210000	-2.530000	24.640000	0.172000	-0.090000	0.468000	29779	29747	32464	25086	24955	25234
437	7.271388	0.032533	-2.210000	-2.530000	24.640000	0.130000	-0.082000	0.460000	29779	29747	32464	25065	24959	25230
438	7.271462	0.000074	-2.640000	-2.000000	24.370000	0.130000	-0.082000	0.460000	29736	29800	32437	25065	24959	25230
439	7.309550	0.038088	-2.640000	-2.000000	24.370000	0.104000	-0.114000	0.468000	29736	29800	32437	25052	24943	25234
440	7.309666	0.000116	-3.330000	-3.470000	24.440000	0.104000	-0.114000	0.468000	29667	29653	32444	25052	24943	25234
441	7.338956	0.029290	-3.330000	-3.470000	24.440000	0.266000	-0.174000	0.480000	29667	29653	32444	25133	24913	25240
442	7.339032	0.000076	-3.760000	-3.470000	23.910000	0.266000	-0.174000	0.480000	29624	29653	32391	25133	24913	25240
443	7.371931	0.032899	-3.760000	-3.470000	23.910000	0.220000	-0.232000	0.478000	29624	29653	32391	25110	24884	25239
444	7.372011	0.000080	-2.670000	-2.200000	24.120000	0.220000	-0.232000	0.478000	29733	29780	32412	25110	24884	25239
445	7.406586	0.034575	-2.670000	-2.200000	24.120000	0.102000	-0.132000	0.492000	29733	29780	32412	25051	24934	25246
446	7.406675	0.000089	-2.670000	-2.200000	24.120000	0.212000	-0.194000	0.490000	29733	29780	32412	25106	24903	25245
447	7.406704	0.000029	-3.210000	-2.790000	24.700000	0.212000	-0.194000	0.490000	29679	29721	32470	25106	24903	25245
448	7.435810	0.029106	-3.230000	-3.190000	24.670000	0.212000	-0.194000	0.490000	29677	29681	32467	25106	24903	25245
449	7.468161	0.032351	-3.230000	-3.190000	24.670000	0.178000	-0.192000	0.500000	29677	29681	32467	25089	24904	25250
450	7.468247	0.000086	-3.230000	-3.190000	24.670000	0.146000	-0.162000	0.500000	29677	29681	32467	25073	24919	25250
451	7.468296	0.000049	-2.910000	-2.740000	24.150000	0.146000	-0.162000	0.500000	29709	29726	32415	25073	24919	25250
452	7.503675	0.035379	-2.640000	-2.520000	23.820000	0.146000	-0.162000	0.500000	29736	29748	32382	25073	24919	25250
453	7.533408	0.029733	-2.640000	-2.520000	23.820000	0.120000	-0.132000	0.492000	29736	29748	32382	25060	24934	25246
454	7.533487	0.000080	-1.940000	-2.190000	24.070000	0.120000	-0.132000	0.492000	29806	29781	32407	25060	24934	25246
455	7.562236	0.028749	-1.940000	-2.190000	24.070000	0.090000	-0.062000	0.486000	29806	29781	32407	25045	24969	25243
456	7.562307	0.000071	-1.920000	-2.930000	24.410000	0.090000	-0.062000	0.486000	29808	29707	32441	25045	24969	25243
457	7.597399	0.035092	-1.920000	-2.930000	24.410000	0.156000	-0.098000	0.498000	29808	29707	32441	25078	24951	25249
458	7.597477	0.000078	-1.650000	-2.680000	24.330000	0.156000	-0.098000	0.498000	29835	29732	32433	25078	24951	25249
459	7.626102	0.028625	-1.650000	-2.680000	24.330000	0.152000	-0.048000	0.492000	29835	29732	32433	25076	24976	25246
460	7.626191	0.000089	-1.690000	-2.320000	24.960000	0.152000	-0.048000	0.492000	29831	29768	32496	25076	24976	25246
461	7.654686	0.028495	-1.690000	-2.320000	24.960000	0.092000	-0.084000	0.490000	29831	29768	32496	25046	24958	25245
462	7.654757	0.000071	-1.820000	-2.380000	25.220000	0.092000	-0.084000	0.490000	29818	29762	32522	25046	24958	25245
463	7.681521	0.026764	-1.820000	-2.380000	25.220000	0.096000	-0.092000	0.494000	29818	29762	32522	25048	24954	25247
464	7.681606	0.000085	-1.750000	-2.760000	24.140000	0.096000	-0.092000	0.494000	29825	29724	32414	25048	24954	25247
465	7.721902	0.040296	-1.750000	-2.760000	24.140000	0.146000	-0.096000	0.490000	29825	29724	32414	25073	24952	25245
466	7.722007	0.000105	-1.720000	-1.920000	24.350000	0.146000	-0.096000	0.490000	29828	29808	32435	25073	24952	25245
467	7.756313	0.034306	-1.720000	-1.920000	24.350000	0.098000	-0.072000	0.466000	29828	29808	32435	25049	24964	25233
468	7.756394	0.000081	-2.270000	-2.390000	25.200000	0.098000	-0.072000	0.466000	29773	29761	32520	25049	24964	25233
469	7.789389	0.032995	-2.270000	-2.390000	25.200000	0.110000	-0.114000	0.460000	29773	29761	32520	25055	24943	25230
470	7.789470	0.000081	-1.860000	-1.730000	24.110000	0.110000	-0.114000	0.460000	29814	29827	32411	25055	24943	25230
471	7.822793	0.033323	-1.860000	-1.730000	24.110000	0.050000	-0.088000	0.442000	29814	29827	32411	25025	24956	25221
472	7.822854	0.000061	-2.330000	-2.420000	23.900000	0.050000	-0.088000	0.442000	29767	29758	32390	25025	24956	25221
473	7.853675	0.030821	-2.330000	-2.420000	23.900000	0.102000	-0.144000	0.470000	29767	29758	32390	25051	24928	25235
474	7.853754	0.000079	-2.330000	-2.420000	23.900000	0.182000	-0.206000	0.464000	29767	29758	32390	25091	24897	25232
475	7.853779	0.000025	-2.720000	-3.040000	23.550000	0.182000	-0.206000	0.464000	29728	29696	32355	25091	24897	25232
476	7.887373	0.033594	-2.740000	-2.580000	23.940000	0.182000	-0.206000	0.464000	29726	29742	32394	25091	24897	25232
477	7.919928	0.032555	-2.740000	-2.580000	23.940000	0.138000	-0.168000	0.454000	29726	29742	32394	25069	24916	25227
478	7.920019	0.000091	-2.250000	-1.970000	24.700000	0.138000	-0.168000	0.454000	29775	29803	32470	25069	24916	25227
479	7.955473	0.035454	-2.080000	-2.060000	23.850000	0.138000	-0.168000	0.454000	29792	29794	32385	25069	24916	25227
480	7.991498	0.036025	-2.310000	-2.280000	24.160000	0.138000	-0.168000	0.454000	29769	29772	32416	25069	24916	25227
481	8.019521	0.028023	-2.310000	-2.280000	24.160000	0.122000	-0.098000	0.442000	29769	29772	32416	25061	24951	25221
482	8.019624	0.000102	-2.030000	-2.360000	24.630000	0.122000	-0.098000	0.442000	29797	29764	32463	25061	24951	25221
483	8.051683	0.032059	-2.030000	-2.360000	24.630000	0.106000	-0.078000	0.420000	29797	29764	32463	25053	24961	25210
484	8.051755	0.000073	-2.020000	-2.730000	24.410000	0.106000	-0.078000	0.420000	29798	29727	32441	25053	24961	25210
485	8.078116	0.026360	-2.020000	-2.730000	24.410000	0.144000	-0.080000	0.438000	29798	29727	32441	25072	24960	25219
486	8.078183	0.000067	-2.260000	-2.660000	24.390000	0.144000	-0.080000	0.438000	29774	29734	32439	25072	24960	25219
487	8.104957	0.026774	-2.260000	-2.660000	24.390000	0.142000	-0.092000	0.430000	29774	29734	32439	25071	24954	25215
488	8.105025	0.000068	-2.350000	-2.960000	24.150000	0.142000	-0.092000	0.430000	29765	29704	32415	25071	24954	25215
489	8.135197	0.030172	-2.350000	-2.960000	24.150000	0.176000	-0.128000	0.434000	29765	29704	32415	25088	24936	25217
490	8.135290	0.000093	-2.120000	-2.420000	24.150000	0.176000	-0.128000	0.434000	29788	29758	32415	25088	24936	25217
491	8.169296	0.034006	-2.120000	-2.420000	24.150000	0.128000	-0.084000	0.422000	29788	29758	32415	25064	24958	25211
492	8.169379	0.000083	-2.020000	-2.190000	23.820000	0.128000	-0.084000	0.422000	29798	29781	32382	25064	24958	25211
493	8.203092	0.033713	-2.020000	-2.190000	23.820000	0.118000	-0.056000	0.418000	29798	29781	32382	25059	24972	25209
494	8.203177	0.000085	-1.790000	-2.480000	23.560000	0.118000	-0.056000	0.418000	29821	29752	32356	25059	24972	25209
495	8.236661	0.033484	-1.790000	-2.480000	23.560000	0.124000	-0.056000	0.422000	29821	29752	32356	25062	24972	25211
496	8.236745	0.000084	-2.620000	-2.670000	24.180000	0.124000	-0.056000	0.422000	29738	29733	32418	25062	24972	25211
497	8.269470	0.032725	-2.620000	-2.670000	24.180000	0.142000	-0.124000	0.420000	29738	29733	32418	25071	24938	25210
498	8.269541	0.000071	-2.100000	-2.090000	23.820000	0.142000	-0.124000	0.420000	29790	29791	32382	25071	24938	25210
499	8.303678	0.034137	-2.100000	-2.090000	23.820000	0.102000	-0.066000	0.402000	29790	29791	32382	25051	24967	25201
500	8.303740	0.000062	-2.290000	-2.320000	23.890000	0.102000	-0.066000	0.402000	29771	29768	32389	25051	24967	25201
501	8.336669	0.032929	-2.290000	-2.320000	23.890000	0.108000	-0.094000	0.436000	29771	29768	32389	25054	24953	25218
502	8.336817	0.000148	-2.570000	-2.220000	23.860000	0.108000	-0.094000	0.436000	29743	29778	32386	25054	24953	25218
503	8.365130	0.028313	-2.570000	-2.220000	23.860000	0.084000	-0.126000	0.418000	29743	29778	32386	25042	24937	25209
504	8.365219	0.000089	-2.570000	-2.220000	23.860000	0.100000	-0.076000	0.422000	29743	29778	32386	25050	24962	25211
505	8.365236	0.000017	-2.680000	-2.390000	23.620000	0.100000	-0.076000	0.422000	29732	29761	32362	25050	24962	25211
506	8.392568	0.027332	-2.690000	-3.060000	24.420000	0.100000	-0.076000	0.422000	29731	29694	32442	25050	24962	25211
507	8.422379	0.029810	-2.690000	-3.060000	24.420000	0.184000	-0.106000	0.394000	29731	29694	32442	25092	24947	25197
508	8.422444	0.000066	-1.810000	-1.980000	24.640000	0.184000	-0.106000	0.394000	29819	29802	32464	25092	24947	25197
509	8.452016	0.029572	-1.810000	-1.980000	24.640000	0.070000	-0.040000	0.404000	29819	29802	32464	25035	24980	25202
510	8.452246	0.000230	-2.550000	-2.850000	24.440000	0.070000	-0.040000	0.404000	29745	29715	32444	25035	24980	25202
511	8.484430	0.032183	-2.550000	-2.850000	24.440000	0.174000	-0.088000	0.418000	29745	29715	32444	25087	24956	25209
512	8.484539	0.000109	-2.380000	-2.670000	24.140000	0.174000	-0.088000	0.418000	29762	29733	32414	25087	24956	25209
513	8.515374	0.030835	-2.380000	-2.670000	24.140000	0.176000	-0.074000	0.416000	29762	29733	32414	25088	24963	25208
514	8.515464	0.000090	-2.090000	-2.220000	23.840000	0.176000	-0.074000	0.416000	29791	29778	32384	25088	24963	25208
515	8.546277	0.030813	-2.090000	-2.220000	23.840000	0.126000	-0.046000	0.408000	29791	29778	32384	25063	24977	25204
516	8.546336	0.000059	-2.060000	-2.130000	24.640000	0.126000	-0.046000	0.408000	29794	29787	32464	25063	24977	25204
517	8.572784	0.026449	-2.060000	-2.130000	24.640000	0.100000	-0.044000	0.404000	29794	29787	32464	25050	24978	25202
518	8.572852	0.000067	-2.310000	-3.010000	23.820000	0.100000	-0.044000	0.404000	29769	29699	32382	25050	24978	25202
519	8.603512	0.030660	-2.310000	-3.010000	23.820000	0.160000	-0.072000	0.406000	29769	29699	32382	25080	24964	25203
520	8.603612	0.000100	-2.740000	-2.330000	24.120000	0.160000	-0.072000	0.406000	29726	29767	32412	25080	24964	25203
521	8.631312	0.027700	-2.740000	-2.330000	24.120000	0.138000	-0.088000	0.422000	29726	29767	32412	25069	24956	25211
522	8.631376	0.000064	-2.570000	-2.570000	23.830000	0.138000	-0.088000	0.422000	29743	29743	32383	25069	24956	25211
523	8.660218	0.028843	-2.570000	-2.570000	23.830000	0.148000	-0.086000	0.412000	29743	29743	32383	25074	24957	25206
524	8.660294	0.000076	-2.620000	-2.340000	23.810000	0.148000	-0.086000	0.412000	29738	29766	32381	25074	24957	25206
525	8.687167	0.026873	-2.620000	-2.340000	23.810000	0.110000	-0.090000	0.390000	29738	29766	32381	25055	24955	25195
526	8.687228	0.000060	-2.540000	-2.570000	23.350000	0.110000	-0.090000	0.390000	29746	29743	32335	25055	24955	25195
527	8.718012	0.030784	-2.540000	-2.570000	23.350000	0.150000	-0.084000	0.410000	29746	29743	32335	25075	24958	25205
528	8.718132	0.000120	-2.510000	-2.060000	23.580000	0.150000	-0.084000	0.410000	29749	29794	32358	25075	24958	25205
529	8.755875	0.037744	-2.510000	-2.060000	23.580000	0.120000	-0.062000	0.404000	29749	29794	32358	25060	24969	25202
530	8.755955	0.000080	-2.190000	-2.280000	23.860000	0.120000	-0.062000	0.404000	29781	29772	32386	25060	24969	25202
531	8.789361	0.033406	-2.190000	-2.280000	23.860000	0.118000	-0.064000	0.402000	29781	29772	32386	25059	24968	25201
532	8.789460	0.000099	-2.160000	-2.140000	23.850000	0.118000	-0.064000	0.402000	29784	29786	32385	25059	24968	25201
533	8.821587	0.032127	-2.160000	-2.140000	23.850000	0.110000	-0.054000	0.390000	29784	29786	32385	25055	24973	25195
534	8.821661	0.000074	-2.390000	-2.670000	24.430000	0.110000	-0.054000	0.390000	29761	29733	32443	25055	24973	25195
535	8.849144	0.027482	-2.390000	-2.670000	24.430000	0.154000	-0.086000	0.408000	29761	29733	32443	25077	24957	25204
536	8.849207	0.000063	-2.740000	-2.900000	23.890000	0.154000	-0.086000	0.408000	29726	29710	32389	25077	24957	25204
537	8.881345	0.032138	-2.740000	-2.900000	23.890000	0.180000	-0.110000	0.396000	29726	29710	32389	25090	24945	25198
538	8.881412	0.000067	-2.470000	-2.270000	24.680000	0.180000	-0.110000	0.396000	29753	29773	32468	25090	24945	25198
539	8.911043	0.029631	-2.470000	-2.270000	24.680000	0.128000	-0.070000	0.388000	29753	29773	32468	25064	24965	25194
540	8.911121	0.000078	-1.670000	-2.250000	24.670000	0.128000	-0.070000	0.388000	29833	29775	32467	25064	24965	25194
541	8.942363	0.031242	-1.670000	-2.250000	24.670000	0.124000	-0.030000	0.394000	29833	29775	32467	25062	24985	25197
542	8.942444	0.000081	-2.370000	-2.580000	25.240000	0.124000	-0.030000	0.394000	29763	29742	32524	25062	24985	25197
543	8.970024	0.027580	-2.370000	-2.580000	25.240000	0.160000	-0.078000	0.408000	29763	29742	32524	25080	24961	25204
544	8.970100	0.000076	-2.340000	-2.240000	24.360000	0.160000	-0.078000	0.408000	29766	29776	32436	25080	24961	25204
545	9.001838	0.031738	-2.340000	-2.240000	24.360000	0.126000	-0.060000	0.390000	29766	29776	32436	25063	24970	25195
546	9.001919	0.000081	-2.380000	-2.330000	24.100000	0.126000	-0.060000	0.390000	29762	29767	32410	25063	24970	25195
547	9.033896	0.031978	-2.380000	-2.330000	24.100000	0.120000	-0.068000	0.410000	29762	29767	32410	25060	24966	25205
548	9.033980	0.000084	-1.950000	-2.640000	24.120000	0.120000	-0.068000	0.410000	29805	29736	32412	25060	24966	25205
549	9.066823	0.032843	-1.950000	-2.640000	24.120000	0.148000	-0.064000	0.386000	29805	29736	32412	25074	24968	25193
550	9.066903	0.000081	-2.150000	-2.040000	24.130000	0.148000	-0.064000	0.386000	29785	29796	32413	25074	24968	25193
551	9.103603	0.036700	-2.150000	-2.040000	24.130000	0.106000	-0.058000	0.400000	29785	29796	32413	25053	24971	25200
552	9.103944	0.000341	-2.930000	-2.540000	24.160000	0.106000	-0.058000	0.400000	29707	29746	32416	25053	24971	25200
553	9.135064	0.031121	-2.930000	-2.540000	24.160000	0.144000	-0.114000	0.410000	29707	29746	32416	25072	24943	25205
554	9.135164	0.000100	-2.440000	-2.460000	24.160000	0.144000	-0.114000	0.410000	29756	29754	32416	25072	24943	25205
555	9.163163	0.027999	-2.440000	-2.460000	24.160000	0.140000	-0.088000	0.400000	29756	29754	32416	25070	24956	25200
556	9.163226	0.000063	-3.040000	-2.500000	24.430000	0.140000	-0.088000	0.400000	29696	29750	32443	25070	24956	25200
557	9.193356	0.030129	-3.040000	-2.500000	24.430000	0.156000	-0.114000	0.432000	29696	29750	32443	25078	24943	25216
558	9.193421	0.000065	-2.990000	-2.520000	24.440000	0.156000	-0.114000	0.432000	29701	29748	32444	25078	24943	25216
559	9.222764	0.029343	-2.390000	-2.470000	24.670000	0.156000	-0.114000	0.432000	29761	29753	32467	25078	24943	25216
560	9.254934	0.032169	-2.390000	-2.470000	24.670000	0.128000	-0.076000	0.410000	29761	29753	32467	25064	24962	25205
561	9.255009	0.000075	-2.000000	-2.300000	23.830000	0.128000	-0.076000	0.410000	29800	29770	32383	25064	24962	25205
562	9.285519	0.030510	-2.000000	-2.300000	23.830000	0.114000	-0.046000	0.404000	29800	29770	32383	25057	24977	25202
563	9.285592	0.000072	-2.690000	-2.210000	24.370000	0.114000	-0.046000	0.404000	29731	29779	32437	25057	24977	25202
564	9.319111	0.033519	-2.320000	-2.260000	24.350000	0.114000	-0.046000	0.404000	29768	29774	32435	25057	24977	25202
565	9.346482	0.027371	-2.150000	-2.900000	24.980000	0.114000	-0.046000	0.404000	29785	29710	32498	25057	24977	25202
566	9.379157	0.032675	-2.790000	-3.130000	24.410000	0.114000	-0.046000	0.404000	29721	29687	32441	25057	24977	25202
567	9.412066	0.032908	-1.890000	-1.950000	24.370000	0.114000	-0.046000	0.404000	29811	29805	32437	25057	24977	25202
568	9.444032	0.031966	-1.890000	-1.950000	24.370000	0.082000	-0.044000	0.424000	29811	29805	32437	25041	24978	25212
569	9.444099	0.000067	-2.710000	-3.260000	23.870000	0.082000	-0.044000	0.424000	29729	29674	32387	25041	24978	25212
570	9.476458	0.032359	-2.710000	-3.260000	23.870000	0.208000	-0.110000	0.428000	29729	29674	32387	25104	24945	25214
571	9.476569	0.000111	-2.710000	-3.260000	23.870000	0.140000	-0.036000	0.438000	29729	29674	32387	25070	24982	25219
572	9.476599	0.000031	-2.130000	-2.550000	24.970000	0.140000	-0.036000	0.438000	29787	29745	32497	25070	24982	25219
573	9.512601	0.036002	-3.020000	-2.750000	24.180000	0.140000	-0.036000	0.438000	29698	29725	32418	25070	24982	25219
574	9.546132	0.033530	-2.490000	-2.530000	23.860000	0.140000	-0.036000	0.438000	29751	29747	32386	25070	24982	25219
575	9.581148	0.035016	-2.710000	-2.430000	24.650000	0.140000	-0.036000	0.438000	29729	29757	32465	25070	24982	25219
576	9.619806	0.038658	-2.710000	-2.430000	24.650000	0.138000	-0.082000	0.432000	29729	29757	32465	25069	24959	25216
577	9.619951	0.000145	-2.450000	-2.770000	24.680000	0.138000	-0.082000	0.432000	29755	29723	32468	25069	24959	25216
578	9.658672	0.038721	-2.450000	-2.770000	24.680000	0.150000	-0.068000	0.428000	29755	29723	32468	25075	24966	25214
579	9.658764	0.000092	-2.700000	-2.790000	24.130000	0.150000	-0.068000	0.428000	29730	29721	32413	25075	24966	25214
580	9.687777	0.029012	-2.700000	-2.790000	24.130000	0.162000	-0.082000	0.416000	29730	29721	32413	25081	24959	25208
581	9.687845	0.000068	-2.180000	-2.570000	24.090000	0.162000	-0.082000	0.416000	29782	29743	32409	25081	24959	25208
582	9.720657	0.032812	-2.180000	-2.570000	24.090000	0.124000	-0.058000	0.408000	29782	29743	32409	25062	24971	25204
583	9.720741	0.000084	-2.350000	-2.180000	24.920000	0.124000	-0.058000	0.408000	29765	29782	32492	25062	24971	25204
584	9.750283	0.029542	-2.350000	-2.180000	24.920000	0.112000	-0.052000	0.398000	29765	29782	32492	25056	24974	25199
585	9.750349	0.000067	-2.350000	-2.180000	24.920000	0.106000	-0.028000	0.404000	29765	29782	32492	25053	24986	25202
586	9.750368	0.000018	-2.180000	-2.320000	24.070000	0.106000	-0.028000	0.404000	29782	29768	32407	25053	24986	25202
587	9.777636	0.027268	-2.410000	-2.400000	24.370000	0.106000	-0.028000	0.404000	29759	29760	32437	25053	24986	25202
588	9.805004	0.027368	-2.410000	-2.400000	24.370000	0.124000	-0.070000	0.404000	29759	29760	32437	25062	24965	25202
589	9.805094	0.000090	-2.010000	-2.580000	24.390000	0.124000	-0.070000	0.404000	29799	29742	32439	25062	24965	25202
590	9.833031	0.027937	-2.010000	-2.580000	24.390000	0.134000	-0.048000	0.424000	29799	29742	32439	25067	24976	25212
591	9.833125	0.000094	-2.120000	-2.230000	23.870000	0.134000	-0.048000	0.424000	29788	29777	32387	25067	24976	25212
592	9.866384	0.033259	-2.120000	-2.230000	23.870000	0.132000	-0.048000	0.410000	29788	29777	32387	25066	24976	25205
593	9.866488	0.000104	-2.090000	-2.290000	24.130000	0.132000	-0.048000	0.410000	29791	29771	32413	25066	24976	25205
594	9.900100	0.033612	-2.090000	-2.290000	24.130000	0.132000	-0.066000	0.420000	29791	29771	32413	25066	24967	25210
595	9.900181	0.000081	-2.370000	-2.670000	24.930000	0.132000	-0.066000	0.420000	29763	29733	32493	25066	24967	25210
596	9.950294	0.050113	-2.370000	-2.670000	24.930000	0.152000	-0.074000	0.404000	29763	29733	32493	25076	24963	25202
597	9.950356	0.000062	-2.640000	-1.890000	24.680000	0.152000	-0.074000	0.404000	29736	29811	32468	25076	24963	25202
598	9.981358	0.031002	-2.640000	-1.890000	24.680000	0.114000	-0.062000	0.398000	29736	29811	32468	25057	24969	25199
599	9.981427	0.000069	-2.940000	-1.940000	23.310000	0.114000	-0.062000	0.398000	29706	29806	32331	25057	24969	25199
600	10.012595	0.031168	-2.750000	-2.290000	24.420000	0.114000	-0.062000	0.398000	29725	29771	32442	25057	24969	25199
601	10.045349	0.032754	-2.680000	-2.410000	24.350000	0.114000	-0.062000	0.398000	29732	29759	32435	25057	24969	25199
602	10.073605	0.028255	-2.680000	-2.410000	24.350000	0.122000	-0.090000	0.394000	29732	29759	32435	25061	24955	25197
603	10.073672	0.000067	-2.350000	-2.110000	24.370000	0.122000	-0.090000	0.394000	29765	29789	32437	25061	24955	25197
604	10.103479	0.029807	-2.540000	-1.940000	24.610000	0.122000	-0.090000	0.394000	29746	29806	32461	25061	24955	25197
605	10.135518	0.032039	-2.540000	-1.940000	24.610000	0.080000	-0.036000	0.410000	29746	29806	32461	25040	24982	25205
606	10.135611	0.000093	-2.290000	-1.240000	24.090000	0.080000	-0.036000	0.410000	29771	29876	32409	25040	24982	25205
607	10.169544	0.033933	-2.290000	-1.240000	24.090000	0.030000	-0.072000	0.420000	29771	29876	32409	25015	24964	25210
608	10.169629	0.000085	-2.690000	-2.380000	24.140000	0.030000	-0.072000	0.420000	29731	29762	32414	25015	24964	25210
609	10.196788	0.027159	-2.360000	-2.380000	23.840000	0.030000	-0.072000	0.420000	29764	29762	32384	25015	24964	25210
610	10.228890	0.032101	-2.340000	-2.330000	23.860000	0.030000	-0.072000	0.420000	29766	29767	32386	25015	24964	25210
611	10.294411	0.065522	-2.340000	-2.330000	23.860000	0.156000	-0.038000	0.416000	29766	29767	32386	25078	24981	25208
612	10.294472	0.000061	-2.240000	-2.780000	24.680000	0.156000	-0.038000	0.416000	29776	29722	32468	25078	24981	25208
613	10.324173	0.029701	-2.800000	-2.890000	24.390000	0.156000	-0.038000	0.416000	29720	29711	32439	25078	24981	25208
614	10.356556	0.032383	-2.800000	-2.890000	24.390000	0.192000	-0.096000	0.418000	29720	29711	32439	25096	24952	25209
615	10.356645	0.000089	-2.080000	-1.960000	24.080000	0.192000	-0.096000	0.418000	29792	29804	32408	25096	24952	25209
616	10.397979	0.041334	-2.080000	-1.960000	24.080000	0.094000	-0.026000	0.414000	29792	29804	32408	25047	24987	25207
617	10.398047	0.000067	-2.450000	-2.620000	24.620000	0.094000	-0.026000	0.414000	29755	29738	32462	25047	24987	25207
618	10.429470	0.031423	-2.450000	-2.620000	24.620000	0.148000	-0.052000	0.390000	29755	29738	32462	25074	24974	25195
619	10.429542	0.000073	-1.820000	-1.950000	24.920000	0.148000	-0.052000	0.390000	29818	29805	32492	25074	24974	25195
620	10.463606	0.034063	-1.820000	-1.950000	24.920000	0.106000	0.008000	0.396000	29818	29805	32492	25053	25004	25198
621	10.463690	0.000084	-1.940000	-2.990000	24.670000	0.106000	0.008000	0.396000	29806	29701	32467	25053	25004	25198
622	10.497740	0.034051	-1.940000	-2.990000	24.670000	0.178000	-0.028000	0.402000	29806	29701	32467	25089	24986	25201
623	10.497823	0.000083	-1.560000	-2.310000	24.330000	0.178000	-0.028000	0.402000	29844	29769	32433	25089	24986	25201
624	10.524785	0.026962	-1.560000	-2.310000	24.330000	0.114000	0.014000	0.398000	29844	29769	32433	25057	25007	25199
625	10.524865	0.000080	-2.500000	-2.820000	24.390000	0.114000	0.014000	0.398000	29750	29718	32439	25057	25007	25199
626	10.557070	0.032205	-2.500000	-2.950000	24.120000	0.114000	0.014000	0.398000	29750	29705	32412	25057	25007	25199
627	10.589060	0.031989	-2.710000	-2.300000	24.120000	0.114000	0.014000	0.398000	29729	29770	32412	25057	25007	25199
628	10.615530	0.026470	-2.710000	-2.300000	24.120000	0.132000	-0.076000	0.406000	29729	29770	32412	25066	24962	25203
629	10.615592	0.000062	-2.600000	-2.740000	24.140000	0.132000	-0.076000	0.406000	29740	29726	32414	25066	24962	25203
630	10.644050	0.028457	-2.320000	-2.400000	24.880000	0.132000	-0.076000	0.406000	29768	29760	32488	25066	24962	25203
631	10.675196	0.031147	-2.500000	-1.770000	23.830000	0.132000	-0.076000	0.406000	29750	29823	32383	25066	24962	25203
632	10.706560	0.031364	-2.500000	-1.770000	23.830000	0.082000	-0.054000	0.400000	29750	29823	32383	25041	24973	25200
633	10.706643	0.000083	-2.250000	-1.700000	23.850000	0.082000	-0.054000	0.400000	29775	29830	32385	25041	24973	25200
634	10.734024	0.027381	-2.250000	-1.700000	23.850000	0.082000	-0.020000	0.406000	29775	29830	32385	25041	24990	25203
635	10.734086	0.000062	-2.340000	-2.260000	23.790000	0.082000	-0.020000	0.406000	29766	29774	32379	25041	24990	25203
636	10.766637	0.032552	-2.340000	-2.260000	23.790000	0.138000	-0.012000	0.394000	29766	29774	32379	25069	24994	25197
637	10.766728	0.000091	-2.150000	-2.410000	24.350000	0.138000	-0.012000	0.394000	29785	29759	32435	25069	24994	25197
638	10.798917	0.032189	-2.150000	-2.410000	24.350000	0.120000	-0.048000	0.400000	29785	29759	32435	25060	24976	25200
639	10.798994	0.000076	-2.570000	-2.730000	24.420000	0.120000	-0.048000	0.400000	29743	29727	32442	25060	24976	25200
640	10.832075	0.033081	-2.570000	-2.730000	24.420000	0.182000	-0.072000	0.410000	29743	29727	32442	25091	24964	25205
641	10.832143	0.000068	-2.150000	-1.500000	24.910000	0.182000	-0.072000	0.410000	29785	29850	32491	25091	24964	25205
642	10.858342	0.026199	-2.150000	-1.500000	24.910000	0.048000	-0.040000	0.400000	29785	29850	32491	25024	24980	25200
643	10.858407	0.000065	-2.170000	-2.790000	24.430000	0.048000	-0.040000	0.400000	29783	29721	32443	25024	24980	25200
644	10.889174	0.030767	-2.170000	-2.790000	24.430000	0.182000	-0.030000	0.420000	29783	29721	32443	25091	24985	25210
645	10.889240	0.000066	-2.200000	-2.680000	25.190000	0.182000	-0.030000	0.420000	29780	29732	32519	25091	24985	25210
646	10.919624	0.030384	-2.200000	-2.680000	25.190000	0.142000	-0.052000	0.408000	29780	29732	32519	25071	24974	25204
647	10.919832	0.000208	-2.480000	-2.560000	24.920000	0.142000	-0.052000	0.408000	29752	29744	32492	25071	24974	25204
648	10.956701	0.036870	-2.480000	-2.560000	24.920000	0.136000	-0.060000	0.402000	29752	29744	32492	25068	24970	25201
649	10.956819	0.000118	-2.880000	-2.700000	24.390000	0.136000	-0.060000	0.402000	29712	29730	32439	25068	24970	25201
650	10.993137	0.036317	-2.880000	-2.700000	24.390000	0.164000	-0.078000	0.410000	29712	29730	32439	25082	24961	25205
651	10.993239	0.000103	-2.560000	-1.860000	24.680000	0.164000	-0.078000	0.410000	29744	29814	32468	25082	24961	25205
652	11.027801	0.034562	-2.560000	-1.860000	24.680000	0.096000	-0.040000	0.404000	29744	29814	32468	25048	24980	25202
653	11.027965	0.000164	-2.340000	-2.480000	24.960000	0.096000	-0.040000	0.404000	29766	29752	32496	25048	24980	25202
654	11.060390	0.032425	-2.340000	-2.480000	24.960000	0.130000	-0.048000	0.402000	29766	29752	32496	25065	24976	25201
655	11.060470	0.000080	-2.620000	-1.570000	24.380000	0.130000	-0.048000	0.402000	29738	29843	32438	25065	24976	25201
656	11.091195	0.030725	-2.620000	-1.570000	24.380000	0.064000	-0.048000	0.400000	29738	29843	32438	25032	24976	25200
657	11.091260	0.000065	-2.710000	-2.800000	24.690000	0.064000	-0.048000	0.400000	29729	29720	32469	25032	24976	25200
658	11.121857	0.030597	-2.710000	-2.800000	24.690000	0.160000	-0.082000	0.404000	29729	29720	32469	25080	24959	25202
659	11.121939	0.000083	-2.250000	-1.970000	24.410000	0.160000	-0.082000	0.404000	29775	29803	32441	25080	24959	25202
660	11.153884	0.031945	-2.250000	-1.970000	24.410000	0.074000	-0.062000	0.408000	29775	29803	32441	25037	24969	25204
661	11.154012	0.000128	-2.680000	-2.510000	24.160000	0.074000	-0.062000	0.408000	29732	29749	32416	25037	24969	25204
662	11.191896	0.037884	-2.680000	-2.510000	24.160000	0.160000	-0.052000	0.398000	29732	29749	32416	25080	24974	25199
663	11.191973	0.000078	-2.680000	-2.510000	24.160000	0.090000	-0.016000	0.402000	29732	29749	32416	25045	24992	25201
664	11.192001	0.000028	-2.190000	-2.100000	23.810000	0.090000	-0.016000	0.402000	29781	29790	32381	25045	24992	25201
665	11.218734	0.026733	-2.550000	-2.840000	24.660000	0.090000	-0.016000	0.402000	29745	29716	32466	25045	24992	25201
666	11.251782	0.033048	-2.550000	-2.840000	24.660000	0.174000	-0.046000	0.394000	29745	29716	32466	25087	24977	25197
667	11.251856	0.000073	-1.720000	-2.090000	24.090000	0.174000	-0.046000	0.394000	29828	29791	32409	25087	24977	25197
668	11.280014	0.028159	-1.720000	-2.090000	24.090000	0.102000	0.016000	0.398000	29828	29791	32409	25051	25008	25199
669	11.280074	0.000060	-2.360000	-2.590000	24.410000	0.102000	0.016000	0.398000	29764	29741	32441	25051	25008	25199
670	11.311357	0.031283	-2.360000	-2.590000	24.410000	0.156000	-0.052000	0.394000	29764	29741	32441	25078	24974	25197
671	11.311464	0.000106	-2.120000	-2.450000	24.680000	0.156000	-0.052000	0.394000	29788	29755	32468	25078	24974	25197
672	11.345028	0.033564	-2.120000	-2.450000	24.680000	0.132000	-0.036000	0.396000	29788	29755	32468	25066	24982	25198
673	11.345100	0.000072	-2.270000	-2.340000	24.670000	0.132000	-0.036000	0.396000	29773	29766	32467	25066	24982	25198
674	11.376869	0.031769	-2.220000	-2.130000	24.650000	0.132000	-0.036000	0.396000	29778	29787	32465	25066	24982	25198
675	11.429086	0.052217	-2.220000	-2.130000	24.650000	0.098000	-0.030000	0.392000	29778	29787	32465	25049	24985	25196
676	11.429155	0.000069	-2.220000	-1.800000	23.820000	0.098000	-0.030000	0.392000	29778	29820	32382	25049	24985	25196
677	11.456921	0.027766	-2.220000	-1.800000	23.820000	0.198000	-0.040000	0.382000	29778	29820	32382	25099	24980	25191
678	11.457008	0.000088	-2.370000	-2.350000	24.380000	0.198000	-0.040000	0.382000	29763	29765	32438	25099	24980	25191
679	11.483956	0.026948	-2.370000	-2.350000	24.380000	0.132000	-0.042000	0.388000	29763	29765	32438	25066	24979	25194
680	11.484024	0.000068	-2.570000	-2.600000	24.390000	0.132000	-0.042000	0.388000	29743	29740	32439	25066	24979	25194
681	11.513520	0.029496	-2.730000	-2.260000	24.390000	0.132000	-0.042000	0.388000	29727	29774	32439	25066	24979	25194
682	11.540448	0.026928	-2.730000	-2.260000	24.390000	0.108000	-0.066000	0.386000	29727	29774	32439	25054	24967	25193
683	11.540512	0.000063	-2.010000	-1.850000	24.120000	0.108000	-0.066000	0.386000	29799	29815	32412	25054	24967	25193
684	11.570880	0.030368	-2.010000	-1.850000	24.120000	0.098000	0.000000	0.378000	29799	29815	32412	25049	25000	25189
685	11.570944	0.000064	-2.010000	-1.850000	24.120000	0.120000	0.002000	0.376000	29799	29815	32412	25060	25001	25188
686	11.570961	0.000017	-2.090000	-1.970000	23.800000	0.120000	0.002000	0.376000	29791	29803	32380	25060	25001	25188
687	11.601820	0.030859	-2.400000	-2.310000	24.390000	0.120000	0.002000	0.376000	29760	29769	32439	25060	25001	25188
688	11.628715	0.026895	-2.400000	-2.310000	24.390000	0.120000	-0.040000	0.382000	29760	29769	32439	25060	24980	25191
689	11.628786	0.000072	-2.550000	-2.910000	24.120000	0.120000	-0.040000	0.382000	29745	29709	32412	25060	24980	25191
690	11.658524	0.029738	-2.550000	-2.910000	24.120000	0.190000	-0.036000	0.380000	29745	29709	32412	25095	24982	25190
691	11.658600	0.000076	-2.550000	-2.910000	24.120000	0.112000	-0.030000	0.394000	29745	29709	32412	25056	24985	25197
692	11.658626	0.000026	-2.500000	-2.210000	24.930000	0.112000	-0.030000	0.394000	29750	29779	32493	25056	24985	25197
693	11.690791	0.032164	-2.610000	-2.370000	23.860000	0.112000	-0.030000	0.394000	29739	29763	32386	25056	24985	25197
694	11.721676	0.030886	-2.610000	-2.370000	23.860000	0.110000	-0.060000	0.390000	29739	29763	32386	25055	24970	25195
695	11.721759	0.000082	-2.820000	-2.770000	24.690000	0.110000	-0.060000	0.390000	29718	29723	32469	25055	24970	25195
696	11.754675	0.032917	-2.710000	-2.840000	24.450000	0.110000	-0.060000	0.390000	29729	29716	32445	25055	24970	25195
697	11.781952	0.027277	-2.740000	-2.800000	24.960000	0.110000	-0.060000	0.390000	29726	29720	32496	25055	24970	25195
698	11.808109	0.026157	-2.740000	-2.800000	24.960000	0.186000	-0.050000	0.398000	29726	29720	32496	25093	24975	25199
699	11.808168	0.000059	-2.240000	-2.300000	24.120000	0.186000	-0.050000	0.398000	29776	29770	32412	25093	24975	25199
700	11.838070	0.029901	-2.240000	-2.300000	24.120000	0.124000	-0.028000	0.398000	29776	29770	32412	25062	24986	25199
701	11.838185	0.000115	-2.540000	-2.310000	24.350000	0.124000	-0.028000	0.398000	29746	29769	32435	25062	24986	25199
702	11.870956	0.032771	-2.540000	-2.310000	24.350000	0.126000	-0.044000	0.382000	29746	29769	32435	25063	24978	25191
703	11.871082	0.000126	-3.030000	-2.550000	24.360000	0.126000	-0.044000	0.382000	29697	29745	32436	25063	24978	25191
704	11.900311	0.029229	-3.030000	-2.550000	24.360000	0.134000	-0.088000	0.388000	29697	29745	32436	25067	24956	25194
705	11.900420	0.000109	-3.450000	-2.870000	24.980000	0.134000	-0.088000	0.388000	29655	29713	32498	25067	24956	25194
706	11.930293	0.029873	-3.450000	-2.870000	24.980000	0.170000	-0.122000	0.394000	29655	29713	32498	25085	24939	25197
707	11.930376	0.000083	-3.640000	-2.960000	24.450000	0.170000	-0.122000	0.394000	29636	29704	32445	25085	24939	25197
708	11.963575	0.033200	-3.640000	-2.960000	24.450000	0.208000	-0.124000	0.382000	29636	29704	32445	25104	24938	25191
709	11.963665	0.000089	-3.640000	-2.960000	24.450000	0.098000	-0.058000	0.382000	29636	29704	32445	25049	24971	25191
710	11.963692	0.000027	-3.040000	-2.800000	24.960000	0.098000	-0.058000	0.382000	29696	29720	32496	25049	24971	25191
711	11.990821	0.027129	-3.040000	-2.800000	24.960000	0.168000	-0.078000	0.396000	29696	29720	32496	25084	24961	25198
712	11.990891	0.000069	-3.040000	-2.800000	24.960000	0.092000	-0.020000	0.368000	29696	29720	32496	25046	24990	25184
713	11.990911	0.000020	-2.520000	-2.690000	24.110000	0.092000	-0.020000	0.368000	29748	29731	32411	25046	24990	25184
714	12.024679	0.033769	-2.810000	-2.260000	24.180000	0.092000	-0.020000	0.368000	29719	29774	32418	25046	24990	25184
715	12.056889	0.032210	-2.840000	-1.990000	24.690000	0.092000	-0.020000	0.368000	29716	29801	32469	25046	24990	25184
716	12.088241	0.031353	-2.840000	-1.990000	24.690000	0.106000	-0.052000	0.386000	29716	29801	32469	25053	24974	25193
717	12.088351	0.000110	-2.430000	-1.990000	23.840000	0.106000	-0.052000	0.386000	29757	29801	32384	25053	24974	25193
718	12.115986	0.027635	-2.430000	-1.990000	23.840000	0.116000	-0.026000	0.388000	29757	29801	32384	25058	24987	25194
719	12.116045	0.000059	-2.430000	-1.990000	23.840000	0.080000	-0.028000	0.388000	29757	29801	32384	25040	24986	25194
720	12.116063	0.000018	-2.300000	-2.160000	24.120000	0.080000	-0.028000	0.388000	29770	29784	32412	25040	24986	25194
721	12.146122	0.030059	-2.300000	-2.160000	24.120000	0.186000	-0.062000	0.390000	29770	29784	32412	25093	24969	25195
722	12.146197	0.000075	-3.310000	-2.900000	24.710000	0.186000	-0.062000	0.390000	29669	29710	32471	25093	24969	25195
723	12.178547	0.032350	-2.410000	-2.880000	24.410000	0.186000	-0.062000	0.390000	29759	29712	32441	25093	24969	25195
724	12.207685	0.029138	-2.410000	-2.880000	24.410000	0.178000	-0.034000	0.392000	29759	29712	32441	25089	24983	25196
725	12.207746	0.000061	-2.460000	-2.800000	24.420000	0.178000	-0.034000	0.392000	29754	29720	32442	25089	24983	25196
726	12.236914	0.029168	-2.820000	-2.200000	24.430000	0.178000	-0.034000	0.392000	29718	29780	32443	25089	24983	25196
727	12.268526	0.031612	-2.950000	-2.250000	24.670000	0.178000	-0.034000	0.392000	29705	29775	32467	25089	24983	25196
728	12.299181	0.030655	-2.950000	-2.250000	24.670000	0.116000	-0.068000	0.388000	29705	29775	32467	25058	24966	25194
729	12.299254	0.000073	-2.960000	-2.060000	24.660000	0.116000	-0.068000	0.388000	29704	29794	32466	25058	24966	25194
730	12.329689	0.030435	-2.720000	-1.730000	24.110000	0.116000	-0.068000	0.388000	29728	29827	32411	25058	24966	25194
731	12.361982	0.032293	-2.680000	-2.420000	24.170000	0.116000	-0.068000	0.388000	29732	29758	32417	25058	24966	25194
732	12.389377	0.027394	-2.680000	-2.420000	24.170000	0.140000	-0.074000	0.390000	29732	29758	32417	25070	24963	25195
733	12.389439	0.000063	-2.810000	-2.400000	23.920000	0.140000	-0.074000	0.390000	29719	29760	32392	25070	24963	25195
734	12.421046	0.031607	-2.810000	-2.400000	23.920000	0.152000	-0.054000	0.384000	29719	29760	32392	25076	24973	25192
735	12.421115	0.000069	-2.720000	-2.390000	24.930000	0.152000	-0.054000	0.384000	29728	29761	32493	25076	24973	25192
736	12.452109	0.030995	-2.720000	-2.390000	24.930000	0.146000	-0.042000	0.378000	29728	29761	32493	25073	24979	25189
737	12.452189	0.000079	-2.540000	-1.410000	23.800000	0.146000	-0.042000	0.378000	29746	29859	32380	25073	24979	25189
738	12.487059	0.034870	-2.540000	-1.410000	23.800000	0.026000	-0.034000	0.374000	29746	29859	32380	25013	24983	25187
739	12.487141	0.000082	-2.590000	-2.230000	24.390000	0.026000	-0.034000	0.374000	29741	29777	32439	25013	24983	25187
740	12.521533	0.034393	-2.590000	-2.230000	24.390000	0.146000	-0.032000	0.368000	29741	29777	32439	25073	24984	25184
741	12.521606	0.000072	-2.770000	-2.040000	24.650000	0.146000	-0.032000	0.368000	29723	29796	32465	25073	24984	25184
742	12.553996	0.032390	-2.770000	-2.040000	24.650000	0.098000	-0.044000	0.368000	29723	29796	32465	25049	24978	25184
743	12.554069	0.000073	-2.580000	-2.420000	24.930000	0.098000	-0.044000	0.368000	29742	29758	32493	25049	24978	25184
744	12.588127	0.034058	-2.690000	-2.400000	24.690000	0.098000	-0.044000	0.368000	29731	29760	32469	25049	24978	25184
745	12.614619	0.026493	-2.390000	-1.980000	23.330000	0.098000	-0.044000	0.368000	29761	29802	32333	25049	24978	25184
746	12.645161	0.030542	-2.390000	-1.980000	23.330000	0.104000	-0.044000	0.378000	29761	29802	32333	25052	24978	25189
747	12.645265	0.000104	-2.110000	-1.770000	24.660000	0.104000	-0.044000	0.378000	29789	29823	32466	25052	24978	25189
748	12.678590	0.033326	-2.110000	-1.770000	24.660000	0.100000	0.004000	0.398000	29789	29823	32466	25050	25002	25199
749	12.678670	0.000080	-2.770000	-2.510000	24.700000	0.100000	0.004000	0.398000	29723	29749	32470	25050	25002	25199
750	12.710819	0.032149	-2.770000	-2.510000	24.700000	0.148000	-0.056000	0.390000	29723	29749	32470	25074	24972	25195
751	12.710931	0.000111	-3.280000	-2.490000	23.860000	0.148000	-0.056000	0.390000	29672	29751	32386	25074	24972	25195
752	12.741623	0.030692	-3.280000	-2.490000	23.860000	0.164000	-0.086000	0.370000	29672	29751	32386	25082	24957	25185
753	12.741753	0.000130	-3.190000	-2.210000	24.660000	0.164000	-0.086000	0.370000	29681	29779	32466	25082	24957	25185
754	12.775855	0.034102	-2.990000	-2.240000	24.120000	0.164000	-0.086000	0.370000	29701	29776	32412	25082	24957	25185
755	12.801380	0.025525	-3.860000	-2.470000	23.350000	0.164000	-0.086000	0.370000	29614	29753	32335	25082	24957	25185
756	12.827657	0.026277	-3.130000	-2.130000	23.340000	0.164000	-0.086000	0.370000	29687	29787	32334	25082	24957	25185
757	12.853358	0.025701	-3.380000	-2.710000	24.450000	0.164000	-0.086000	0.370000	29662	29729	32445	25082	24957	25185
758	12.881265	0.027907	-3.920000	-2.270000	24.450000	0.164000	-0.086000	0.370000	29608	29773	32445	25082	24957	25185
759	12.911956	0.030691	-3.570000	-2.710000	23.890000	0.164000	-0.086000	0.370000	29643	29729	32389	25082	24957	25185
760	12.941915	0.029959	-3.570000	-2.710000	23.890000	0.190000	-0.098000	0.380000	29643	29729	32389	25095	24951	25190
761	12.941994	0.000079	-2.990000	-1.990000	25.210000	0.190000	-0.098000	0.380000	29701	29801	32521	25095	24951	25190
762	12.968783	0.026789	-2.990000	-1.990000	25.210000	0.106000	-0.052000	0.364000	29701	29801	32521	25053	24974	25182
763	12.968857	0.000074	-2.470000	-1.980000	24.420000	0.106000	-0.052000	0.364000	29753	29802	32442	25053	24974	25182
764	12.997168	0.028311	-2.470000	-1.980000	24.420000	0.102000	-0.022000	0.366000	29753	29802	32442	25051	24989	25183
765	12.997247	0.000079	-2.470000	-1.980000	24.420000	0.112000	-0.004000	0.356000	29753	29802	32442	25056	24998	25178
766	12.997264	0.000017	-2.660000	-2.010000	24.920000	0.112000	-0.004000	0.356000	29734	29799	32492	25056	24998	25178
767	13.024836	0.027572	-2.730000	-1.870000	23.870000	0.112000	-0.004000	0.356000	29727	29813	32387	25056	24998	25178
768	13.054165	0.029329	-2.730000	-1.870000	23.870000	0.084000	-0.034000	0.372000	29727	29813	32387	25042	24983	25186
769	13.054251	0.000085	-3.060000	-2.260000	23.600000	0.084000	-0.034000	0.372000	29694	29774	32360	25042	24983	25186
770	13.084120	0.029870	-3.060000	-2.260000	23.600000	0.142000	-0.044000	0.356000	29694	29774	32360	25071	24978	25178
771	13.084196	0.000076	-3.050000	-2.430000	23.850000	0.142000	-0.044000	0.356000	29695	29757	32385	25071	24978	25178
772	13.114590	0.030393	-3.050000	-2.430000	23.850000	0.134000	-0.070000	0.350000	29695	29757	32385	25067	24965	25175
773	13.114740	0.000150	-3.150000	-2.020000	23.920000	0.134000	-0.070000	0.350000	29685	29798	32392	25067	24965	25175
774	13.147070	0.032330	-3.150000	-2.020000	23.920000	0.100000	-0.062000	0.372000	29685	29798	32392	25050	24969	25186
775	13.147151	0.000081	-2.990000	-1.860000	24.650000	0.100000	-0.062000	0.372000	29701	29814	32465	25050	24969	25186
776	13.175588	0.028437	-2.990000	-1.860000	24.650000	0.080000	-0.044000	0.370000	29701	29814	32465	25040	24978	25185
777	13.175671	0.000084	-2.820000	-1.570000	24.400000	0.080000	-0.044000	0.370000	29718	29843	32440	25040	24978	25185
778	13.205719	0.030048	-2.820000	-1.570000	24.400000	0.080000	-0.014000	0.356000	29718	29843	32440	25040	24993	25178
779	13.205846	0.000127	-2.960000	-2.310000	23.840000	0.080000	-0.014000	0.356000	29704	29769	32384	25040	24993	25178
780	13.237123	0.031277	-2.960000	-2.310000	23.840000	0.130000	-0.048000	0.360000	29704	29769	32384	25065	24976	25180
781	13.237199	0.000076	-2.820000	-2.360000	24.670000	0.130000	-0.048000	0.360000	29718	29764	32467	25065	24976	25180
782	13.266627	0.029428	-2.820000	-2.360000	24.670000	0.120000	-0.052000	0.358000	29718	29764	32467	25060	24974	25179
783	13.266713	0.000086	-2.640000	-2.020000	24.660000	0.120000	-0.052000	0.358000	29736	29798	32466	25060	24974	25179
784	13.299961	0.033247	-3.400000	-2.390000	24.420000	0.120000	-0.052000	0.358000	29660	29761	32442	25060	24974	25179
785	13.334976	0.035015	-2.830000	-2.170000	24.380000	0.120000	-0.052000	0.358000	29717	29783	32438	25060	24974	25179
786	13.362462	0.027486	-2.830000	-2.170000	24.380000	0.126000	-0.042000	0.364000	29717	29783	32438	25063	24979	25182
787	13.362522	0.000060	-2.880000	-2.310000	24.670000	0.126000	-0.042000	0.364000	29712	29769	32467	25063	24979	25182
788	13.388816	0.026294	-2.880000	-2.310000	24.670000	0.124000	-0.044000	0.370000	29712	29769	32467	25062	24978	25185
789	13.388872	0.000056	-2.870000	-1.920000	23.830000	0.124000	-0.044000	0.370000	29713	29808	32383	25062	24978	25185
790	13.414724	0.025852	-2.870000	-1.920000	23.830000	0.094000	-0.030000	0.364000	29713	29808	32383	25047	24985	25182
791	13.414801	0.000077	-3.410000	-2.680000	24.390000	0.094000	-0.030000	0.364000	29659	29732	32439	25047	24985	25182
792	13.448505	0.033704	-3.410000	-2.680000	24.390000	0.172000	-0.072000	0.362000	29659	29732	32439	25086	24964	25181
793	13.448595	0.000090	-2.670000	-1.950000	24.620000	0.172000	-0.072000	0.362000	29733	29805	32462	25086	24964	25181
794	13.481117	0.032522	-2.670000	-1.950000	24.620000	0.106000	-0.008000	0.360000	29733	29805	32462	25053	24996	25180
795	13.481195	0.000078	-3.070000	-2.520000	24.720000	0.106000	-0.008000	0.360000	29693	29748	32472	25053	24996	25180
796	13.511152	0.029957	-3.070000	-2.520000	24.720000	0.172000	-0.054000	0.368000	29693	29748	32472	25086	24973	25184
797	13.511224	0.000072	-2.860000	-2.200000	24.430000	0.172000	-0.054000	0.368000	29714	29780	32443	25086	24973	25184
798	13.537462	0.026238	-2.860000	-2.200000	24.430000	0.138000	-0.026000	0.360000	29714	29780	32443	25069	24987	25180
799	13.537525	0.000063	-2.830000	-2.370000	23.840000	0.138000	-0.026000	0.360000	29717	29763	32384	25069	24987	25180
800	13.565706	0.028181	-2.830000	-2.370000	23.840000	0.146000	-0.020000	0.380000	29717	29763	32384	25073	24990	25190
801	13.565951	0.000245	-2.760000	-2.100000	25.190000	0.146000	-0.020000	0.380000	29724	29790	32519	25073	24990	25190
802	13.603868	0.037916	-2.760000	-2.100000	25.190000	0.124000	-0.030000	0.364000	29724	29790	32519	25062	24985	25182
803	13.603941	0.000073	-3.100000	-2.220000	24.120000	0.124000	-0.030000	0.364000	29690	29778	32412	25062	24985	25182
804	13.635163	0.031221	-3.100000	-2.220000	24.120000	0.124000	-0.068000	0.366000	29690	29778	32412	25062	24966	25183
805	13.635232	0.000070	-2.980000	-2.350000	24.430000	0.124000	-0.068000	0.366000	29702	29765	32443	25062	24966	25183
806	13.663365	0.028132	-2.980000	-2.350000	24.430000	0.132000	-0.060000	0.390000	29702	29765	32443	25066	24970	25195
807	13.663482	0.000118	-3.670000	-2.410000	24.730000	0.132000	-0.060000	0.390000	29633	29759	32473	25066	24970	25195
808	13.698097	0.034614	-3.560000	-2.220000	24.710000	0.132000	-0.060000	0.390000	29644	29778	32471	25066	24970	25195
809	13.725937	0.027841	-3.580000	-2.690000	24.160000	0.132000	-0.060000	0.390000	29642	29731	32416	25066	24970	25195
810	13.753815	0.027878	-3.580000	-2.690000	24.160000	0.154000	-0.098000	0.378000	29642	29731	32416	25077	24951	25189
811	13.753884	0.000068	-2.730000	-2.250000	24.360000	0.154000	-0.098000	0.378000	29727	29775	32436	25077	24951	25189
812	13.781933	0.028049	-2.730000	-2.250000	24.360000	0.124000	-0.022000	0.374000	29727	29775	32436	25062	24989	25187
813	13.782026	0.000093	-3.100000	-2.660000	24.410000	0.124000	-0.022000	0.374000	29690	29734	32441	25062	24989	25187
814	13.812681	0.030655	-3.100000	-2.660000	24.410000	0.172000	-0.068000	0.370000	29690	29734	32441	25086	24966	25185
815	13.812765	0.000084	-2.740000	-2.520000	24.390000	0.172000	-0.068000	0.370000	29726	29748	32439	25086	24966	25185
816	13.841195	0.028430	-2.740000	-2.520000	24.390000	0.140000	-0.034000	0.364000	29726	29748	32439	25070	24983	25182
817	13.841259	0.000064	-2.650000	-2.900000	24.640000	0.140000	-0.034000	0.364000	29735	29710	32464	25070	24983	25182
818	13.873157	0.031898	-2.650000	-2.900000	24.640000	0.180000	-0.040000	0.372000	29735	29710	32464	25090	24980	25186
819	13.873247	0.000090	-2.840000	-2.680000	24.690000	0.180000	-0.040000	0.372000	29716	29732	32469	25090	24980	25186
820	13.905095	0.031847	-2.840000	-2.680000	24.690000	0.162000	-0.048000	0.378000	29716	29732	32469	25081	24976	25189
821	13.905159	0.000064	-2.610000	-2.280000	23.820000	0.162000	-0.048000	0.378000	29739	29772	32382	25081	24976	25189
822	13.935082	0.029923	-2.610000	-2.280000	23.820000	0.132000	-0.032000	0.370000	29739	29772	32382	25066	24984	25185
823	13.935152	0.000070	-3.180000	-2.630000	24.390000	0.132000	-0.032000	0.370000	29682	29737	32439	25066	24984	25185
824	13.967380	0.032228	-3.180000	-2.630000	24.390000	0.190000	-0.062000	0.386000	29682	29737	32439	25095	24969	25193
825	13.967500	0.000121	-3.180000	-2.630000	24.390000	0.182000	-0.044000	0.404000	29682	29737	32439	25091	24978	25202
826	13.967534	0.000034	-2.700000	-2.260000	24.870000	0.182000	-0.044000	0.404000	29730	29774	32487	25091	24978	25202
827	14.001980	0.034446	-3.170000	-2.210000	24.410000	0.182000	-0.044000	0.404000	29683	29779	32441	25091	24978	25202
828	14.030758	0.028778	-3.170000	-2.210000	24.410000	0.132000	-0.054000	0.380000	29683	29779	32441	25066	24973	25190
829	14.030843	0.000085	-3.330000	-2.590000	24.430000	0.132000	-0.054000	0.380000	29667	29741	32443	25066	24973	25190
830	14.058241	0.027398	-3.330000	-2.590000	24.430000	0.146000	-0.094000	0.410000	29667	29741	32443	25073	24953	25205
831	14.058303	0.000062	-3.180000	-2.880000	24.690000	0.146000	-0.094000	0.410000	29682	29712	32469	25073	24953	25205
832	14.086074	0.027771	-3.180000	-2.880000	24.690000	0.188000	-0.078000	0.412000	29682	29712	32469	25094	24961	25206
833	14.086152	0.000078	-3.270000	-2.630000	24.660000	0.188000	-0.078000	0.412000	29673	29737	32466	25094	24961	25206
834	14.116086	0.029934	-3.270000	-2.630000	24.660000	0.146000	-0.080000	0.400000	29673	29737	32466	25073	24960	25200
835	14.116158	0.000072	-3.520000	-2.260000	23.550000	0.146000	-0.080000	0.400000	29648	29774	32355	25073	24960	25200
836	14.143294	0.027136	-3.520000	-2.260000	23.550000	0.128000	-0.090000	0.392000	29648	29774	32355	25064	24955	25196
837	14.143398	0.000104	-3.540000	-2.710000	25.520000	0.128000	-0.090000	0.392000	29646	29729	32552	25064	24955	25196
838	14.173111	0.029713	-3.540000	-2.710000	25.520000	0.140000	-0.010000	0.390000	29646	29729	32552	25070	24995	25195
839	14.173180	0.000070	-2.420000	-2.380000	24.900000	0.140000	-0.010000	0.390000	29758	29762	32490	25070	24995	25195
840	14.204968	0.031788	-2.870000	-2.310000	24.950000	0.140000	-0.010000	0.390000	29713	29769	32495	25070	24995	25195
841	14.237575	0.032606	-2.870000	-2.310000	24.950000	0.148000	-0.026000	0.392000	29713	29769	32495	25074	24987	25196
842	14.237658	0.000084	-3.700000	-2.380000	25.210000	0.148000	-0.026000	0.392000	29630	29762	32521	25074	24987	25196
843	14.270814	0.033156	-2.790000	-2.230000	24.670000	0.148000	-0.026000	0.392000	29721	29777	32467	25074	24987	25196
844	14.297996	0.027182	-2.920000	-2.210000	24.660000	0.148000	-0.026000	0.392000	29708	29779	32466	25074	24987	25196
845	14.329979	0.031982	-2.780000	-2.830000	25.230000	0.148000	-0.026000	0.392000	29722	29717	32523	25074	24987	25196
846	14.363392	0.033413	-3.050000	-2.600000	24.340000	0.148000	-0.026000	0.392000	29695	29740	32434	25074	24987	25196
847	14.396740	0.033348	-3.050000	-2.600000	24.340000	0.170000	-0.048000	0.422000	29695	29740	32434	25085	24976	25211
848	14.396818	0.000078	-3.040000	-2.230000	24.430000	0.170000	-0.048000	0.422000	29696	29777	32443	25085	24976	25211
849	14.429537	0.032719	-3.040000	-2.230000	24.430000	0.110000	-0.076000	0.428000	29696	29777	32443	25055	24962	25214
850	14.429615	0.000079	-3.020000	-2.370000	24.420000	0.110000	-0.076000	0.428000	29698	29763	32442	25055	24962	25214
851	14.464656	0.035040	-3.670000	-2.560000	24.690000	0.110000	-0.076000	0.428000	29633	29744	32469	25055	24962	25214
852	14.495363	0.030707	-3.940000	-3.000000	25.200000	0.110000	-0.076000	0.428000	29606	29700	32520	25055	24962	25214
853	14.521839	0.026477	-3.540000	-2.840000	24.400000	0.110000	-0.076000	0.428000	29646	29716	32440	25055	24962	25214
854	14.553486	0.031647	-3.420000	-2.700000	25.220000	0.110000	-0.076000	0.428000	29658	29730	32522	25055	24962	25214
855	14.583695	0.030208	-3.420000	-2.700000	25.220000	0.172000	-0.078000	0.434000	29658	29730	32522	25086	24961	25217
856	14.583793	0.000098	-2.900000	-2.040000	25.150000	0.172000	-0.078000	0.434000	29710	29796	32515	25086	24961	25217
857	14.613571	0.029778	-2.900000	-2.040000	25.150000	0.080000	-0.044000	0.436000	29710	29796	32515	25040	24978	25218
858	14.613701	0.000130	-2.990000	-2.360000	24.690000	0.080000	-0.044000	0.436000	29701	29764	32469	25040	24978	25218
859	14.648081	0.034381	-2.990000	-2.360000	24.690000	0.126000	-0.060000	0.446000	29701	29764	32469	25063	24970	25223
860	14.648206	0.000125	-3.420000	-2.630000	24.960000	0.126000	-0.060000	0.446000	29658	29737	32496	25063	24970	25223
861	14.690801	0.042595	-3.420000	-2.630000	24.960000	0.154000	-0.098000	0.426000	29658	29737	32496	25077	24951	25213
862	14.690901	0.000099	-2.420000	-2.830000	25.530000	0.154000	-0.098000	0.426000	29758	29717	32553	25077	24951	25213
863	14.725785	0.034884	-2.420000	-2.830000	25.530000	0.174000	-0.028000	0.440000	29758	29717	32553	25087	24986	25220
864	14.725909	0.000124	-2.220000	-2.180000	25.460000	0.174000	-0.028000	0.440000	29778	29782	32546	25087	24986	25220
865	14.763286	0.037378	-3.280000	-2.810000	25.270000	0.174000	-0.028000	0.440000	29672	29719	32527	25087	24986	25220
866	14.791088	0.027801	-2.700000	-3.000000	24.930000	0.174000	-0.028000	0.440000	29730	29700	32493	25087	24986	25220
867	14.822562	0.031475	-2.700000	-3.000000	24.930000	0.172000	-0.058000	0.430000	29730	29700	32493	25086	24971	25215
868	14.822680	0.000117	-2.770000	-2.600000	24.650000	0.172000	-0.058000	0.430000	29723	29740	32465	25086	24971	25215
869	14.849899	0.027219	-2.770000	-2.600000	24.650000	0.170000	-0.034000	0.412000	29723	29740	32465	25085	24983	25206
870	14.849973	0.000074	-3.020000	-2.860000	24.940000	0.170000	-0.034000	0.412000	29698	29714	32494	25085	24983	25206
871	14.883539	0.033566	-3.020000	-2.860000	24.940000	0.180000	-0.070000	0.410000	29698	29714	32494	25090	24965	25205
872	14.883631	0.000092	-3.050000	-2.480000	24.890000	0.180000	-0.070000	0.410000	29695	29752	32489	25090	24965	25205
873	14.910554	0.026923	-3.050000	-2.480000	24.890000	0.152000	-0.052000	0.416000	29695	29752	32489	25076	24974	25208
874	14.910623	0.000070	-2.800000	-2.080000	24.930000	0.152000	-0.052000	0.416000	29720	29792	32493	25076	24974	25208
875	14.942194	0.031570	-2.800000	-2.080000	24.930000	0.118000	-0.026000	0.410000	29720	29792	32493	25059	24987	25205
876	14.942288	0.000094	-3.000000	-2.630000	24.930000	0.118000	-0.026000	0.410000	29700	29737	32493	25059	24987	25205
877	14.975007	0.032719	-3.000000	-2.630000	24.930000	0.162000	-0.056000	0.404000	29700	29737	32493	25081	24972	25202
878	14.975093	0.000087	-3.210000	-2.680000	25.200000	0.162000	-0.056000	0.404000	29679	29732	32520	25081	24972	25202
879	15.002400	0.027307	-2.360000	-2.350000	24.690000	0.162000	-0.056000	0.404000	29764	29765	32469	25081	24972	25202
880	15.033259	0.030859	-3.000000	-2.810000	24.680000	0.162000	-0.056000	0.404000	29700	29719	32468	25081	24972	25202
881	15.060081	0.026821	-3.000000	-2.810000	24.680000	0.188000	-0.064000	0.390000	29700	29719	32468	25094	24968	25195
882	15.060165	0.000085	-3.470000	-1.980000	24.950000	0.188000	-0.064000	0.390000	29653	29802	32495	25094	24968	25195
883	15.087669	0.027503	-2.700000	-2.460000	24.370000	0.188000	-0.064000	0.390000	29730	29754	32437	25094	24968	25195
884	15.121660	0.033991	-2.700000	-2.460000	24.370000	0.130000	-0.042000	0.412000	29730	29754	32437	25065	24979	25206
885	15.121738	0.000078	-2.630000	-2.100000	24.850000	0.130000	-0.042000	0.412000	29737	29790	32485	25065	24979	25206
886	15.155210	0.033471	-2.630000	-2.100000	24.850000	0.096000	-0.024000	0.386000	29737	29790	32485	25048	24988	25193
887	15.155285	0.000075	-2.510000	-2.020000	24.400000	0.096000	-0.024000	0.386000	29749	29798	32440	25048	24988	25193
888	15.186243	0.030958	-2.510000	-2.020000	24.400000	0.104000	0.004000	0.398000	29749	29798	32440	25052	25002	25199
889	15.186305	0.000062	-2.930000	-1.910000	25.190000	0.104000	0.004000	0.398000	29707	29809	32519	25052	25002	25199
890	15.216379	0.030074	-2.930000	-1.910000	25.190000	0.112000	-0.046000	0.414000	29707	29809	32519	25056	24977	25207
891	15.216459	0.000080	-3.040000	-2.890000	24.980000	0.112000	-0.046000	0.414000	29696	29711	32498	25056	24977	25207
892	15.243993	0.027535	-2.690000	-2.270000	25.500000	0.112000	-0.046000	0.414000	29731	29773	32550	25056	24977	25207
893	15.270777	0.026784	-2.690000	-2.270000	25.500000	0.130000	-0.040000	0.416000	29731	29773	32550	25065	24980	25208
894	15.270859	0.000081	-2.880000	-2.380000	24.100000	0.130000	-0.040000	0.416000	29712	29762	32410	25065	24980	25208
895	15.302537	0.031678	-2.880000	-2.380000	24.100000	0.146000	-0.050000	0.398000	29712	29762	32410	25073	24975	25199
896	15.302608	0.000071	-2.870000	-2.180000	25.190000	0.146000	-0.050000	0.398000	29713	29782	32519	25073	24975	25199
897	15.329683	0.027075	-2.870000	-2.180000	25.190000	0.100000	-0.064000	0.408000	29713	29782	32519	25050	24968	25204
898	15.329749	0.000066	-2.680000	-2.680000	24.150000	0.100000	-0.064000	0.408000	29732	29732	32415	25050	24968	25204
899	15.355748	0.025999	-2.680000	-2.680000	24.150000	0.152000	-0.054000	0.410000	29732	29732	32415	25076	24973	25205
900	15.355831	0.000083	-3.010000	-2.570000	23.810000	0.152000	-0.054000	0.410000	29699	29743	32381	25076	24973	25205
901	15.383886	0.028054	-3.010000	-2.570000	23.810000	0.146000	-0.070000	0.402000	29699	29743	32381	25073	24965	25201
902	15.383954	0.000068	-2.860000	-2.180000	24.940000	0.146000	-0.070000	0.402000	29714	29782	32494	25073	24965	25201
903	15.417204	0.033250	-2.860000	-2.180000	24.940000	0.116000	-0.060000	0.408000	29714	29782	32494	25058	24970	25204
904	15.417274	0.000070	-2.890000	-2.330000	24.410000	0.116000	-0.060000	0.408000	29711	29767	32441	25058	24970	25204
905	15.447844	0.030569	-2.440000	-1.480000	24.670000	0.116000	-0.060000	0.408000	29756	29852	32467	25058	24970	25204
906	15.474607	0.026763	-2.760000	-2.330000	24.410000	0.116000	-0.060000	0.408000	29724	29767	32441	25058	24970	25204
907	15.500521	0.025915	-2.760000	-2.330000	24.410000	0.128000	-0.058000	0.398000	29724	29767	32441	25064	24971	25199
908	15.500585	0.000064	-1.920000	-2.010000	24.630000	0.128000	-0.058000	0.398000	29808	29799	32463	25064	24971	25199
909	15.526316	0.025731	-2.750000	-2.510000	24.420000	0.128000	-0.058000	0.398000	29725	29749	32442	25064	24971	25199
910	15.552972	0.026656	-2.700000	-2.400000	24.410000	0.128000	-0.058000	0.398000	29730	29760	32441	25064	24971	25199
911	15.587592	0.034620	-2.700000	-2.400000	24.410000	0.146000	-0.036000	0.416000	29730	29760	32441	25073	24982	25208
912	15.587671	0.000079	-1.740000	-2.040000	24.630000	0.146000	-0.036000	0.416000	29826	29796	32463	25073	24982	25208
913	15.615439	0.027769	-1.740000	-2.040000	24.630000	0.088000	0.008000	0.404000	29826	29796	32463	25044	25004	25202
914	15.615520	0.000081	-3.050000	-2.600000	24.680000	0.088000	0.008000	0.404000	29695	29740	32468	25044	25004	25202
915	15.642531	0.027011	-3.050000	-2.600000	24.680000	0.154000	-0.072000	0.402000	29695	29740	32468	25077	24964	25201
916	15.642620	0.000088	-3.050000	-2.600000	24.680000	0.130000	-0.076000	0.404000	29695	29740	32468	25065	24962	25202
917	15.642674	0.000054	-2.530000	-2.310000	24.390000	0.130000	-0.076000	0.404000	29747	29769	32439	25065	24962	25202
918	15.670616	0.027942	-2.600000	-1.930000	24.670000	0.130000	-0.076000	0.404000	29740	29807	32467	25065	24962	25202
919	15.701640	0.031024	-2.600000	-1.930000	24.670000	0.078000	-0.048000	0.376000	29740	29807	32467	25039	24976	25188
920	15.701743	0.000103	-2.630000	-1.520000	24.120000	0.078000	-0.048000	0.376000	29737	29848	32412	25039	24976	25188
921	15.736858	0.035115	-2.630000	-1.520000	24.120000	0.068000	-0.032000	0.372000	29737	29848	32412	25034	24984	25186
922	15.736954	0.000096	-3.370000	-2.520000	24.710000	0.068000	-0.032000	0.372000	29663	29748	32471	25034	24984	25186
923	15.770068	0.033114	-3.370000	-2.520000	24.710000	0.146000	-0.094000	0.380000	29663	29748	32471	25073	24953	25190
924	15.770147	0.000079	-3.540000	-2.480000	24.140000	0.146000	-0.094000	0.380000	29646	29752	32414	25073	24953	25190
925	15.796800	0.026654	-3.540000	-2.480000	24.140000	0.148000	-0.104000	0.384000	29646	29752	32414	25074	24948	25192
926	15.796895	0.000095	-3.040000	-2.240000	23.580000	0.148000	-0.104000	0.384000	29696	29776	32358	25074	24948	25192
927	15.823898	0.027003	-3.040000	-2.240000	23.580000	0.116000	-0.070000	0.366000	29696	29776	32358	25058	24965	25183
928	15.823971	0.000073	-3.020000	-2.090000	25.210000	0.116000	-0.070000	0.366000	29698	29791	32521	25058	24965	25183
929	15.854423	0.030451	-3.020000	-2.090000	25.210000	0.096000	-0.074000	0.354000	29698	29791	32521	25048	24963	25177
930	15.854555	0.000133	-3.170000	-2.380000	24.410000	0.096000	-0.074000	0.354000	29683	29762	32441	25048	24963	25177
931	15.891462	0.036906	-3.170000	-2.380000	24.410000	0.156000	-0.076000	0.340000	29683	29762	32441	25078	24962	25170
932	15.891556	0.000095	-3.350000	-1.960000	24.120000	0.156000	-0.076000	0.340000	29665	29804	32412	25078	24962	25170
933	15.919562	0.028006	-3.350000	-1.960000	24.120000	0.098000	-0.102000	0.328000	29665	29804	32412	25049	24949	25164
934	15.919638	0.000076	-3.900000	-2.000000	25.270000	0.098000	-0.102000	0.328000	29610	29800	32527	25049	24949	25164
935	15.950793	0.031154	-3.900000	-2.000000	25.270000	0.120000	-0.140000	0.348000	29610	29800	32527	25060	24930	25174
936	15.950867	0.000074	-2.910000	-1.870000	23.340000	0.120000	-0.140000	0.348000	29709	29813	32334	25060	24930	25174
937	15.982618	0.031752	-2.910000	-1.950000	23.880000	0.120000	-0.140000	0.348000	29709	29805	32388	25060	24930	25174
938	16.010997	0.028379	-2.910000	-2.500000	23.590000	0.120000	-0.140000	0.348000	29709	29750	32359	25060	24930	25174
939	16.044516	0.033519	-2.940000	-2.600000	23.600000	0.120000	-0.140000	0.348000	29706	29740	32360	25060	24930	25174
940	16.071038	0.026521	-2.940000	-2.600000	23.600000	0.148000	-0.144000	0.474000	29706	29740	32360	25074	24928	25237
941	16.071096	0.000058	-3.270000	-2.900000	23.880000	0.148000	-0.144000	0.474000	29673	29710	32388	25074	24928	25237
942	16.097621	0.026526	-3.270000	-2.900000	23.880000	0.158000	-0.132000	0.476000	29673	29710	32388	25079	24934	25238
943	16.097699	0.000078	-3.730000	-3.280000	22.820000	0.158000	-0.132000	0.476000	29627	29672	32282	25079	24934	25238
944	16.129902	0.032203	-3.960000	-3.310000	22.770000	0.158000	-0.132000	0.476000	29604	29669	32277	25079	24934	25238
945	16.164219	0.034318	-3.960000	-3.310000	22.770000	0.194000	-0.188000	0.522000	29604	29669	32277	25097	24906	25261
946	16.164308	0.000088	-3.720000	-2.530000	23.050000	0.194000	-0.188000	0.522000	29628	29747	32305	25097	24906	25261
947	16.197555	0.033247	-3.720000	-2.530000	23.050000	0.138000	-0.144000	0.518000	29628	29747	32305	25069	24928	25259
948	16.197633	0.000078	-3.880000	-3.200000	23.610000	0.138000	-0.144000	0.518000	29612	29680	32361	25069	24928	25259
949	16.229369	0.031736	-3.880000	-3.200000	23.610000	0.192000	-0.162000	0.514000	29612	29680	32361	25096	24919	25257
950	16.229450	0.000081	-3.330000	-3.690000	23.310000	0.192000	-0.162000	0.514000	29667	29631	32331	25096	24919	25257
951	16.265414	0.035965	-3.330000	-3.690000	23.310000	0.244000	-0.088000	0.474000	29667	29631	32331	25122	24956	25237
952	16.265676	0.000261	-3.000000	-3.400000	23.580000	0.244000	-0.088000	0.474000	29700	29660	32358	25122	24956	25237
953	16.305203	0.039528	-4.080000	-2.730000	24.120000	0.244000	-0.088000	0.474000	29592	29727	32412	25122	24956	25237
954	16.333142	0.027938	-4.080000	-2.730000	24.120000	0.184000	-0.074000	0.402000	29592	29727	32412	25092	24963	25201
955	16.333238	0.000097	-4.080000	-2.730000	24.120000	0.222000	-0.132000	0.386000	29592	29727	32412	25111	24934	25193
956	16.333290	0.000051	-4.800000	-3.090000	23.640000	0.222000	-0.132000	0.386000	29520	29691	32364	25111	24934	25193
957	16.361609	0.028320	-5.610000	-3.040000	23.100000	0.222000	-0.132000	0.386000	29439	29696	32310	25111	24934	25193
958	16.391515	0.029906	-5.610000	-3.040000	23.100000	0.220000	-0.176000	0.360000	29439	29696	32310	25110	24912	25180
959	16.391587	0.000072	-4.860000	-2.300000	23.920000	0.220000	-0.176000	0.360000	29514	29770	32392	25110	24912	25180
960	16.422096	0.030509	-4.180000	-1.660000	24.170000	0.220000	-0.176000	0.360000	29582	29834	32417	25110	24912	25180
961	16.449712	0.027616	-4.180000	-1.660000	24.170000	0.084000	-0.054000	0.312000	29582	29834	32417	25042	24973	25156
962	16.449819	0.000106	-4.180000	-1.660000	24.170000	0.168000	-0.088000	0.274000	29582	29834	32417	25084	24956	25137
963	16.449864	0.000045	-5.050000	-2.230000	24.240000	0.168000	-0.088000	0.274000	29495	29777	32424	25084	24956	25137
964	16.475943	0.026079	-5.050000	-2.230000	24.240000	0.168000	-0.088000	0.274000	29495	29777	32424	25084	24956	25137
965	16.476034	0.000091	-5.830000	-1.610000	23.660000	0.168000	-0.088000	0.274000	29417	29839	32366	25084	24956	25137
966	16.510922	0.034888	-6.280000	-2.020000	24.230000	0.168000	-0.088000	0.274000	29372	29798	32423	25084	24956	25137
967	16.554585	0.043664	-6.280000	-2.020000	24.230000	0.112000	-0.204000	0.222000	29372	29798	32423	25056	24898	25111
968	16.554680	0.000095	-5.920000	-1.310000	24.570000	0.112000	-0.204000	0.222000	29408	29869	32457	25056	24898	25111
969	16.587101	0.032421	-5.920000	-1.310000	24.570000	0.076000	-0.160000	0.190000	29408	29869	32457	25038	24920	25095
970	16.587276	0.000174	-6.130000	-1.210000	23.750000	0.076000	-0.160000	0.190000	29387	29879	32375	25038	24920	25095
971	16.619874	0.032598	-6.480000	-0.400000	25.380000	0.076000	-0.160000	0.190000	29352	29960	32538	25038	24920	25095
972	16.651596	0.031722	-7.190000	-0.510000	24.810000	0.076000	-0.160000	0.190000	29281	29949	32481	25038	24920	25095
973	16.685455	0.033858	-7.190000	-0.510000	24.810000	-0.014000	-0.270000	0.174000	29281	29949	32481	24993	24865	25087
974	16.685524	0.000069	-7.230000	-0.930000	24.250000	-0.014000	-0.270000	0.174000	29277	29907	32425	24993	24865	25087
975	16.717098	0.031574	-7.230000	-0.930000	24.250000	0.054000	-0.248000	0.200000	29277	29907	32425	25027	24876	25100
976	16.717178	0.000081	-5.880000	-0.640000	25.060000	0.054000	-0.248000	0.200000	29412	29936	32506	25027	24876	25100
977	16.749982	0.032804	-5.880000	-0.640000	25.060000	0.032000	-0.146000	0.184000	29412	29936	32506	25016	24927	25092
978	16.750074	0.000092	-5.010000	-1.140000	25.290000	0.032000	-0.146000	0.184000	29499	29886	32529	25016	24927	25092
979	16.783020	0.032946	-5.010000	-1.140000	25.290000	0.078000	-0.090000	0.176000	29499	29886	32529	25039	24955	25088
980	16.783131	0.000112	-4.410000	-0.450000	24.780000	0.078000	-0.090000	0.176000	29559	29955	32478	25039	24955	25088
981	16.814618	0.031487	-4.170000	-0.300000	25.240000	0.078000	-0.090000	0.176000	29583	29970	32524	25039	24955	25088
982	16.841664	0.027046	-4.150000	-0.620000	25.560000	0.078000	-0.090000	0.176000	29585	29938	32556	25039	24955	25088
983	16.873327	0.031662	-4.150000	-0.620000	25.560000	0.016000	-0.052000	0.194000	29585	29938	32556	25008	24974	25097
984	16.873420	0.000094	-4.690000	-1.060000	25.370000	0.016000	-0.052000	0.194000	29531	29894	32537	25008	24974	25097
985	16.904351	0.030930	-4.690000	-1.060000	25.370000	0.094000	-0.096000	0.214000	29531	29894	32537	25047	24952	25107
986	16.904431	0.000080	-4.600000	-0.660000	25.020000	0.094000	-0.096000	0.214000	29540	29934	32502	25047	24952	25107
987	16.936940	0.032509	-4.600000	-0.660000	25.020000	0.030000	-0.098000	0.216000	29540	29934	32502	25015	24951	25108
988	16.937017	0.000077	-4.660000	-0.660000	25.020000	0.030000	-0.098000	0.216000	29534	29934	32502	25015	24951	25108
989	16.968618	0.031601	-4.850000	-0.810000	26.160000	0.030000	-0.098000	0.216000	29515	29919	32616	25015	24951	25108
990	17.001975	0.033357	-4.850000	-0.810000	26.160000	0.028000	-0.144000	0.242000	29515	29919	32616	25014	24928	25121
991	17.002051	0.000076	-4.850000	-1.500000	26.390000	0.028000	-0.144000	0.242000	29515	29850	32639	25014	24928	25121
992	17.035133	0.033081	-5.480000	-1.110000	26.450000	0.028000	-0.144000	0.242000	29452	29889	32645	25014	24928	25121
993	17.073165	0.038033	-5.480000	-1.110000	26.450000	0.060000	-0.258000	0.308000	29452	29889	32645	25030	24871	25154
994	17.073259	0.000094	-6.590000	-1.040000	26.990000	0.060000	-0.258000	0.308000	29341	29896	32699	25030	24871	25154
995	17.107688	0.034429	-6.590000	-1.040000	26.990000	0.048000	-0.278000	0.340000	29341	29896	32699	25024	24861	25170
996	17.107789	0.000100	-6.590000	-1.040000	26.990000	0.138000	-0.326000	0.340000	29341	29896	32699	25069	24837	25170
997	17.107817	0.000029	-7.450000	-2.070000	26.450000	0.138000	-0.326000	0.340000	29255	29793	32645	25069	24837	25170
998	17.138582	0.030764	-7.450000	-2.070000	26.450000	0.148000	-0.348000	0.344000	29255	29793	32645	25074	24826	25172
999	17.138650	0.000069	-6.810000	-2.080000	27.530000	0.148000	-0.348000	0.344000	29319	29792	32753	25074	24826	25172
1000	17.169821	0.031171	-6.810000	-2.080000	27.530000	0.118000	-0.320000	0.366000	29319	29792	32753	25059	24840	25183
1001	17.169914	0.000093	-6.170000	-2.010000	26.930000	0.118000	-0.320000	0.366000	29383	29799	32693	25059	24840	25183
1002	17.201045	0.031131	-6.420000	-2.540000	27.760000	0.118000	-0.320000	0.366000	29358	29746	32776	25059	24840	25183
1003	17.227185	0.026141	-6.420000	-2.540000	27.760000	0.126000	-0.306000	0.382000	29358	29746	32776	25063	24847	25191
1004	17.227283	0.000098	-6.420000	-2.540000	27.760000	0.146000	-0.306000	0.388000	29358	29746	32776	25073	24847	25194
1005	17.227340	0.000056	-6.460000	-2.380000	27.050000	0.146000	-0.306000	0.388000	29354	29762	32705	25073	24847	25194
1006	17.263542	0.036202	-7.150000	-1.750000	27.820000	0.146000	-0.306000	0.388000	29285	29825	32782	25073	24847	25194
1007	17.305716	0.042174	-7.150000	-1.750000	27.820000	0.084000	-0.318000	0.400000	29285	29825	32782	25042	24841	25200
1008	17.305832	0.000116	-6.910000	-1.960000	27.790000	0.084000	-0.318000	0.400000	29309	29804	32779	25042	24841	25200
1009	17.335496	0.029664	-6.910000	-1.960000	27.790000	0.078000	-0.250000	0.396000	29309	29804	32779	25039	24875	25198
1010	17.335615	0.000119	-6.560000	-2.080000	28.070000	0.078000	-0.250000	0.396000	29344	29792	32807	25039	24875	25198
1011	17.369127	0.033512	-6.560000	-2.080000	28.070000	0.114000	-0.262000	0.402000	29344	29792	32807	25057	24869	25201
1012	17.369223	0.000096	-6.370000	-1.400000	27.220000	0.114000	-0.262000	0.402000	29363	29860	32722	25057	24869	25201
1013	17.402725	0.033503	-6.370000	-1.400000	27.220000	0.068000	-0.234000	0.390000	29363	29860	32722	25034	24883	25195
1014	17.402811	0.000085	-7.090000	-1.710000	26.700000	0.068000	-0.234000	0.390000	29291	29829	32670	25034	24883	25195
1015	17.430055	0.027245	-7.090000	-1.710000	26.700000	0.080000	-0.316000	0.398000	29291	29829	32670	25040	24842	25199
1016	17.430127	0.000072	-7.550000	-1.950000	26.720000	0.080000	-0.316000	0.398000	29245	29805	32672	25040	24842	25199
1017	17.462038	0.031911	-7.550000	-1.950000	26.720000	0.102000	-0.358000	0.390000	29245	29805	32672	25051	24821	25195
1018	17.462120	0.000082	-7.560000	-2.400000	26.700000	0.102000	-0.358000	0.390000	29244	29760	32670	25051	24821	25195
1019	17.495629	0.033509	-7.560000	-2.400000	26.700000	0.162000	-0.362000	0.400000	29244	29760	32670	25081	24819	25200
1020	17.495715	0.000086	-7.420000	-1.640000	26.460000	0.162000	-0.362000	0.400000	29258	29836	32646	25081	24819	25200
1021	17.527796	0.032081	-7.420000	-1.640000	26.460000	0.096000	-0.344000	0.404000	29258	29836	32646	25048	24828	25202
1022	17.527877	0.000081	-7.640000	-1.890000	26.710000	0.096000	-0.344000	0.404000	29236	29811	32671	25048	24828	25202
1023	17.552791	0.024914	-6.870000	-2.040000	26.910000	0.096000	-0.344000	0.404000	29313	29796	32691	25048	24828	25202
1024	17.581791	0.029000	-7.030000	-2.490000	26.150000	0.096000	-0.344000	0.404000	29297	29751	32615	25048	24828	25202
1025	17.619005	0.037214	-7.030000	-2.490000	26.150000	0.132000	-0.346000	0.444000	29297	29751	32615	25066	24827	25222
1026	17.619089	0.000084	-6.120000	-1.760000	26.930000	0.132000	-0.346000	0.444000	29388	29824	32693	25066	24827	25222
1027	17.650303	0.031213	-6.120000	-1.760000	26.930000	0.088000	-0.252000	0.460000	29388	29824	32693	25044	24874	25230
1028	17.650385	0.000083	-5.550000	-2.050000	26.670000	0.088000	-0.252000	0.460000	29445	29795	32667	25044	24874	25230
1029	17.683978	0.033593	-5.450000	-1.890000	26.660000	0.088000	-0.252000	0.460000	29455	29811	32666	25044	24874	25230
1030	17.716733	0.032755	-5.650000	-2.460000	26.610000	0.088000	-0.252000	0.460000	29435	29754	32661	25044	24874	25230
1031	17.750420	0.033687	-5.650000	-2.460000	26.610000	0.124000	-0.258000	0.470000	29435	29754	32661	25062	24871	25235
1032	17.750563	0.000143	-5.520000	-2.430000	26.130000	0.124000	-0.258000	0.470000	29448	29757	32613	25062	24871	25235
1033	17.790637	0.040074	-5.780000	-2.610000	26.140000	0.124000	-0.258000	0.470000	29422	29739	32614	25062	24871	25235
1034	17.824417	0.033780	-5.810000	-2.520000	26.360000	0.124000	-0.258000	0.470000	29419	29748	32636	25062	24871	25235
1035	17.855850	0.031433	-6.540000	-2.100000	26.090000	0.124000	-0.258000	0.470000	29346	29790	32609	25062	24871	25235
1036	17.890388	0.034538	-6.170000	-2.940000	26.110000	0.124000	-0.258000	0.470000	29383	29706	32611	25062	24871	25235
1037	17.921448	0.031060	-6.170000	-2.940000	26.110000	0.164000	-0.320000	0.510000	29383	29706	32611	25082	24840	25255
1038	17.921533	0.000085	-6.170000	-2.940000	26.110000	0.186000	-0.346000	0.518000	29383	29706	32611	25093	24827	25259
1039	17.921556	0.000022	-6.420000	-3.010000	25.600000	0.186000	-0.346000	0.518000	29358	29699	32560	25093	24827	25259
1040	17.948281	0.026725	-6.150000	-3.070000	26.430000	0.186000	-0.346000	0.518000	29385	29693	32643	25093	24827	25259
1041	17.979414	0.031133	-6.150000	-3.070000	26.430000	0.214000	-0.308000	0.516000	29385	29693	32643	25107	24846	25258
1042	17.979491	0.000077	-5.340000	-2.930000	27.150000	0.214000	-0.308000	0.516000	29466	29707	32715	25107	24846	25258
1043	18.012117	0.032626	-5.340000	-2.930000	27.150000	0.174000	-0.264000	0.500000	29466	29707	32715	25087	24868	25250
1044	18.012273	0.000155	-5.240000	-2.600000	26.370000	0.174000	-0.264000	0.500000	29476	29740	32637	25087	24868	25250
1045	18.049984	0.037712	-4.410000	-2.300000	26.310000	0.174000	-0.264000	0.500000	29559	29770	32631	25087	24868	25250
1046	18.089705	0.039721	-4.180000	-2.280000	26.070000	0.174000	-0.264000	0.500000	29582	29772	32607	25087	24868	25250
1047	18.127014	0.037309	-4.180000	-2.280000	26.070000	0.104000	-0.184000	0.514000	29582	29772	32607	25052	24908	25257
1048	18.127111	0.000097	-3.900000	-2.640000	26.380000	0.104000	-0.184000	0.514000	29610	29736	32638	25052	24908	25257
1049	18.160750	0.033638	-3.900000	-2.640000	26.380000	0.156000	-0.168000	0.510000	29610	29736	32638	25078	24916	25255
1050	18.160828	0.000078	-4.260000	-2.630000	26.310000	0.156000	-0.168000	0.510000	29574	29737	32631	25078	24916	25255
1051	18.194614	0.033786	-4.260000	-2.630000	26.310000	0.148000	-0.176000	0.492000	29574	29737	32631	25074	24912	25246
1052	18.194695	0.000082	-4.540000	-3.140000	26.350000	0.148000	-0.176000	0.492000	29546	29686	32635	25074	24912	25246
1053	18.221852	0.027157	-4.540000	-3.140000	26.350000	0.204000	-0.206000	0.502000	29546	29686	32635	25102	24897	25251
1054	18.221975	0.000123	-4.560000	-2.770000	26.160000	0.204000	-0.206000	0.502000	29544	29723	32616	25102	24897	25251
1055	18.255158	0.033182	-4.560000	-2.770000	26.160000	0.170000	-0.232000	0.502000	29544	29723	32616	25085	24884	25251
1056	18.255247	0.000090	-4.180000	-1.840000	26.330000	0.170000	-0.232000	0.502000	29582	29816	32633	25085	24884	25251
1057	18.281949	0.026702	-4.180000	-1.840000	26.330000	0.068000	-0.178000	0.488000	29582	29816	32633	25034	24911	25244
1058	18.282012	0.000062	-3.880000	-2.480000	25.000000	0.068000	-0.178000	0.488000	29612	29752	32500	25034	24911	25244
1059	18.307846	0.025834	-3.880000	-2.480000	25.000000	0.170000	-0.150000	0.478000	29612	29752	32500	25085	24925	25239
1060	18.307908	0.000063	-3.590000	-2.260000	25.800000	0.170000	-0.150000	0.478000	29641	29774	32580	25085	24925	25239
1061	18.339023	0.031114	-3.590000	-2.260000	25.800000	0.130000	-0.126000	0.488000	29641	29774	32580	25065	24937	25244
1062	18.339101	0.000078	-3.590000	-2.260000	25.800000	0.106000	-0.226000	0.470000	29641	29774	32580	25053	24887	25235
1063	18.339124	0.000023	-3.590000	-2.260000	25.800000	0.188000	-0.286000	0.474000	29641	29774	32580	25094	24857	25237
1064	18.339143	0.000019	-5.190000	-2.020000	26.350000	0.188000	-0.286000	0.474000	29481	29798	32635	25094	24857	25237
1065	18.370375	0.031232	-5.190000	-2.020000	26.350000	0.094000	-0.228000	0.468000	29481	29798	32635	25047	24886	25234
1066	18.370457	0.000082	-4.930000	-1.930000	25.580000	0.094000	-0.228000	0.468000	29507	29807	32558	25047	24886	25234
1067	18.397748	0.027291	-4.930000	-1.930000	25.580000	0.102000	-0.218000	0.450000	29507	29807	32558	25051	24891	25225
1068	18.397817	0.000069	-5.050000	-2.680000	26.070000	0.102000	-0.218000	0.450000	29495	29732	32607	25051	24891	25225
1069	18.423941	0.026125	-5.050000	-2.680000	26.070000	0.166000	-0.212000	0.438000	29495	29732	32607	25083	24894	25219
1070	18.424009	0.000068	-5.450000	-2.510000	25.280000	0.166000	-0.212000	0.438000	29455	29749	32528	25083	24894	25219
1071	18.452774	0.028765	-5.450000	-2.510000	25.280000	0.140000	-0.258000	0.452000	29455	29749	32528	25070	24871	25226
1072	18.452846	0.000072	-4.720000	-2.260000	25.510000	0.140000	-0.258000	0.452000	29528	29774	32551	25070	24871	25226
1073	18.478890	0.026045	-4.720000	-2.260000	25.510000	0.102000	-0.198000	0.430000	29528	29774	32551	25051	24901	25215
1074	18.478956	0.000066	-5.180000	-2.110000	25.270000	0.102000	-0.198000	0.430000	29482	29789	32527	25051	24901	25215
1075	18.508989	0.030033	-5.180000	-2.110000	25.270000	0.114000	-0.228000	0.436000	29482	29789	32527	25057	24886	25218
1076	18.509069	0.000080	-5.170000	-2.830000	25.610000	0.114000	-0.228000	0.436000	29483	29717	32561	25057	24886	25218
1077	18.536805	0.027736	-5.170000	-2.830000	25.610000	0.194000	-0.240000	0.462000	29483	29717	32561	25097	24880	25231
1078	18.536875	0.000070	-4.220000	-2.320000	25.780000	0.194000	-0.240000	0.462000	29578	29768	32578	25097	24880	25231
1079	18.568820	0.031945	-4.220000	-2.320000	25.780000	0.104000	-0.172000	0.462000	29578	29768	32578	25052	24914	25231
1080	18.568878	0.000058	-5.250000	-3.070000	26.100000	0.104000	-0.172000	0.462000	29475	29693	32610	25052	24914	25231
1081	18.600275	0.031397	-5.250000	-3.070000	26.100000	0.228000	-0.226000	0.454000	29475	29693	32610	25114	24887	25227
1082	18.600341	0.000066	-4.360000	-2.440000	26.350000	0.228000	-0.226000	0.454000	29564	29756	32635	25114	24887	25227
1083	18.629803	0.029462	-4.360000	-2.440000	26.350000	0.148000	-0.160000	0.458000	29564	29756	32635	25074	24920	25229
1084	18.629880	0.000077	-4.390000	-2.640000	26.030000	0.148000	-0.160000	0.458000	29561	29736	32603	25074	24920	25229
1085	18.661827	0.031947	-4.390000	-2.640000	26.030000	0.144000	-0.178000	0.466000	29561	29736	32603	25072	24911	25233
1086	18.661912	0.000085	-3.300000	-2.450000	26.040000	0.144000	-0.178000	0.466000	29670	29755	32604	25072	24911	25233
1087	18.695220	0.033307	-3.300000	-2.450000	26.040000	0.134000	-0.116000	0.480000	29670	29755	32604	25067	24942	25240
1088	18.695302	0.000082	-3.670000	-2.830000	24.700000	0.134000	-0.116000	0.480000	29633	29717	32470	25067	24942	25240
1089	18.721517	0.026215	-3.670000	-2.830000	24.700000	0.152000	-0.162000	0.468000	29633	29717	32470	25076	24919	25234
1090	18.721577	0.000061	-3.670000	-2.830000	24.700000	0.110000	-0.174000	0.500000	29633	29717	32470	25055	24913	25250
1091	18.721596	0.000019	-3.770000	-2.250000	25.520000	0.110000	-0.174000	0.500000	29623	29775	32552	25055	24913	25250
1092	18.749292	0.027697	-4.000000	-2.190000	25.510000	0.110000	-0.174000	0.500000	29600	29781	32551	25055	24913	25250
1093	18.775233	0.025941	-4.000000	-2.190000	25.510000	0.112000	-0.204000	0.502000	29600	29781	32551	25056	24898	25251
1094	18.775303	0.000070	-4.290000	-2.610000	24.180000	0.112000	-0.204000	0.502000	29571	29739	32418	25056	24898	25251
1095	18.801130	0.025827	-4.290000	-2.610000	24.180000	0.166000	-0.222000	0.510000	29571	29739	32418	25083	24889	25255
1096	18.801194	0.000064	-3.670000	-2.910000	24.700000	0.166000	-0.222000	0.510000	29633	29709	32470	25083	24889	25255
1097	18.831561	0.030367	-3.670000	-2.910000	24.700000	0.192000	-0.188000	0.506000	29633	29709	32470	25096	24906	25253
1098	18.831627	0.000067	-2.730000	-2.590000	23.880000	0.192000	-0.188000	0.506000	29727	29741	32388	25096	24906	25253
1099	18.856675	0.025047	-2.730000	-2.590000	23.880000	0.164000	-0.134000	0.492000	29727	29741	32388	25082	24933	25246
1100	18.856739	0.000065	-2.240000	-2.170000	23.800000	0.164000	-0.134000	0.492000	29776	29783	32380	25082	24933	25246
1101	18.887017	0.030278	-2.240000	-2.170000	23.800000	0.116000	-0.102000	0.470000	29776	29783	32380	25058	24949	25235
1102	18.887227	0.000210	-3.430000	-2.530000	23.580000	0.116000	-0.102000	0.470000	29657	29747	32358	25058	24949	25235
1103	18.923004	0.035776	-3.430000	-2.530000	23.580000	0.146000	-0.190000	0.474000	29657	29747	32358	25073	24905	25237
1104	18.923071	0.000068	-3.640000	-2.670000	23.560000	0.146000	-0.190000	0.474000	29636	29733	32356	25073	24905	25237
1105	18.948364	0.025293	-3.640000	-2.670000	23.560000	0.138000	-0.280000	0.478000	29636	29733	32356	25069	24860	25239
1106	18.948456	0.000092	-6.660000	-2.880000	23.750000	0.138000	-0.280000	0.478000	29334	29712	32375	25069	24860	25239
1107	18.986907	0.038451	-6.660000	-2.880000	23.750000	0.174000	-0.440000	0.470000	29334	29712	32375	25087	24780	25235
1108	18.987008	0.000101	-6.190000	-2.670000	22.610000	0.174000	-0.440000	0.470000	29381	29733	32261	25087	24780	25235
1109	19.020846	0.033838	-6.190000	-2.670000	22.610000	0.176000	-0.354000	0.458000	29381	29733	32261	25088	24823	25229
1110	19.020930	0.000083	-5.960000	-3.110000	23.120000	0.176000	-0.354000	0.458000	29404	29689	32312	25088	24823	25229
1111	19.067549	0.046619	-5.960000	-3.110000	23.120000	0.214000	-0.320000	0.468000	29404	29689	32312	25107	24840	25234
1112	19.067620	0.000071	-4.150000	-3.290000	23.610000	0.214000	-0.320000	0.468000	29585	29671	32361	25107	24840	25234
1113	19.094170	0.026551	-4.150000	-3.290000	23.610000	0.212000	-0.190000	0.474000	29585	29671	32361	25106	24905	25237
1114	19.094243	0.000073	-3.980000	-2.620000	22.750000	0.212000	-0.190000	0.474000	29602	29738	32275	25106	24905	25237
1115	19.121931	0.027688	-3.980000	-2.620000	22.750000	0.188000	-0.140000	0.462000	29602	29738	32275	25094	24930	25231
1116	19.122007	0.000077	-3.980000	-3.120000	22.530000	0.188000	-0.140000	0.462000	29602	29688	32253	25094	24930	25231
1117	19.152769	0.030762	-3.980000	-3.120000	22.530000	0.210000	-0.190000	0.516000	29602	29688	32253	25105	24905	25258
1118	19.152864	0.000094	-3.980000	-3.120000	22.530000	0.218000	-0.242000	0.544000	29602	29688	32253	25109	24879	25272
1119	19.152895	0.000031	-5.000000	-3.640000	22.810000	0.218000	-0.242000	0.544000	29500	29636	32281	25109	24879	25272
1120	19.184624	0.031729	-5.000000	-3.640000	22.810000	0.280000	-0.248000	0.564000	29500	29636	32281	25140	24876	25282
1121	19.184714	0.000090	-4.360000	-3.960000	22.250000	0.280000	-0.248000	0.564000	29564	29604	32225	25140	24876	25282
1122	19.213890	0.029176	-4.840000	-3.910000	21.460000	0.280000	-0.248000	0.564000	29516	29609	32146	25140	24876	25282
1123	19.240252	0.026362	-4.840000	-3.910000	21.460000	0.272000	-0.338000	0.644000	29516	29609	32146	25136	24831	25322
1124	19.240315	0.000063	-5.660000	-4.260000	21.250000	0.272000	-0.338000	0.644000	29434	29574	32125	25136	24831	25322
1125	19.270114	0.029799	-5.680000	-4.250000	21.460000	0.272000	-0.338000	0.644000	29432	29575	32146	25136	24831	25322
1126	19.304121	0.034007	-5.680000	-4.250000	21.460000	0.278000	-0.362000	0.704000	29432	29575	32146	25139	24819	25352
1127	19.304207	0.000086	-5.690000	-4.020000	20.440000	0.278000	-0.362000	0.704000	29431	29598	32044	25139	24819	25352
1128	19.335835	0.031628	-5.690000	-4.020000	20.440000	0.278000	-0.388000	0.730000	29431	29598	32044	25139	24806	25365
1129	19.335939	0.000104	-4.380000	-4.330000	21.980000	0.278000	-0.388000	0.730000	29562	29567	32198	25139	24806	25365
1130	19.362060	0.026121	-4.830000	-3.960000	21.420000	0.278000	-0.388000	0.730000	29517	29604	32142	25139	24806	25365
1131	19.387895	0.025835	-4.640000	-3.440000	21.400000	0.278000	-0.388000	0.730000	29536	29656	32140	25139	24806	25365
1132	19.422940	0.035044	-4.980000	-4.430000	20.950000	0.278000	-0.388000	0.730000	29502	29557	32095	25139	24806	25365
1133	19.455733	0.032793	-4.860000	-3.500000	21.160000	0.278000	-0.388000	0.730000	29514	29650	32116	25139	24806	25365
1134	19.482187	0.026455	-4.860000	-3.500000	21.160000	0.214000	-0.338000	0.680000	29514	29650	32116	25107	24831	25340
1135	19.482251	0.000064	-4.840000	-3.840000	22.790000	0.214000	-0.338000	0.680000	29516	29616	32279	25107	24831	25340
1136	19.511756	0.029504	-4.840000	-3.840000	22.790000	0.228000	-0.336000	0.690000	29516	29616	32279	25114	24832	25345
1137	19.511847	0.000091	-5.940000	-4.470000	21.520000	0.228000	-0.336000	0.690000	29406	29553	32152	25114	24832	25345
1138	19.537516	0.025669	-5.940000	-4.470000	21.520000	0.304000	-0.446000	0.742000	29406	29553	32152	25152	24777	25371
1139	19.537580	0.000064	-5.520000	-4.380000	21.220000	0.304000	-0.446000	0.742000	29448	29562	32122	25152	24777	25371
1140	19.567198	0.029618	-5.520000	-4.380000	21.220000	0.282000	-0.410000	0.712000	29448	29562	32122	25141	24795	25356
1141	19.567333	0.000135	-6.030000	-4.540000	21.470000	0.282000	-0.410000	0.712000	29397	29546	32147	25141	24795	25356
1142	19.602148	0.034816	-6.030000	-4.540000	21.470000	0.278000	-0.446000	0.702000	29397	29546	32147	25139	24777	25351
1143	19.602225	0.000077	-5.830000	-3.850000	21.720000	0.278000	-0.446000	0.702000	29417	29615	32172	25139	24777	25351
1144	19.629868	0.027643	-5.830000	-3.850000	21.720000	0.278000	-0.444000	0.706000	29417	29615	32172	25139	24778	25353
1145	19.629943	0.000075	-6.440000	-4.610000	20.950000	0.278000	-0.444000	0.706000	29356	29539	32095	25139	24778	25353
1146	19.659624	0.029681	-6.440000	-4.610000	20.950000	0.296000	-0.458000	0.696000	29356	29539	32095	25148	24771	25348
1147	19.659708	0.000084	-6.440000	-4.610000	20.950000	0.266000	-0.390000	0.680000	29356	29539	32095	25133	24805	25340
1148	19.659732	0.000025	-5.600000	-4.140000	21.210000	0.266000	-0.390000	0.680000	29440	29586	32121	25133	24805	25340
1149	19.687213	0.027481	-5.720000	-4.460000	21.230000	0.266000	-0.390000	0.680000	29428	29554	32123	25133	24805	25340
1150	19.720494	0.033281	-5.720000	-4.460000	21.230000	0.266000	-0.384000	0.656000	29428	29554	32123	25133	24808	25328
1151	19.720594	0.000100	-5.130000	-4.000000	20.880000	0.266000	-0.384000	0.656000	29487	29600	32088	25133	24808	25328
1152	19.748962	0.028368	-5.130000	-4.000000	20.880000	0.228000	-0.344000	0.674000	29487	29600	32088	25114	24828	25337
1153	19.749066	0.000104	-5.920000	-4.330000	20.920000	0.228000	-0.344000	0.674000	29408	29567	32092	25114	24828	25337
1154	19.783570	0.034504	-5.920000	-4.330000	20.920000	0.286000	-0.410000	0.662000	29408	29567	32092	25143	24795	25331
1155	19.783655	0.000084	-5.270000	-4.200000	21.160000	0.286000	-0.410000	0.662000	29473	29580	32116	25143	24795	25331
1156	19.817327	0.033672	-5.270000	-4.200000	21.160000	0.218000	-0.392000	0.650000	29473	29580	32116	25109	24804	25325
1157	19.817396	0.000069	-6.030000	-4.260000	21.020000	0.218000	-0.392000	0.650000	29397	29574	32102	25109	24804	25325
1158	19.844900	0.027504	-5.980000	-4.210000	21.010000	0.218000	-0.392000	0.650000	29402	29579	32101	25109	24804	25325
1159	19.871114	0.026214	-6.040000	-4.150000	20.970000	0.218000	-0.392000	0.650000	29396	29585	32097	25109	24804	25325
1160	19.901239	0.030125	-6.040000	-4.150000	20.970000	0.200000	-0.478000	0.632000	29396	29585	32097	25100	24761	25316
1161	19.901325	0.000086	-6.780000	-4.000000	20.980000	0.200000	-0.478000	0.632000	29322	29600	32098	25100	24761	25316
1162	19.929070	0.027744	-7.280000	-3.780000	21.310000	0.200000	-0.478000	0.632000	29272	29622	32131	25100	24761	25316
1163	19.960448	0.031378	-7.280000	-3.780000	21.310000	0.166000	-0.536000	0.536000	29272	29622	32131	25083	24732	25268
1164	19.960519	0.000071	-6.960000	-3.450000	21.060000	0.166000	-0.536000	0.536000	29304	29655	32106	25083	24732	25268
1165	19.986461	0.025942	-6.960000	-3.450000	21.060000	0.126000	-0.520000	0.480000	29304	29655	32106	25063	24740	25240
1166	19.986525	0.000064	-6.620000	-3.030000	21.540000	0.126000	-0.520000	0.480000	29338	29697	32154	25063	24740	25240
1167	20.012479	0.025955	-6.620000	-3.030000	21.540000	0.082000	-0.492000	0.462000	29338	29697	32154	25041	24754	25231
1168	20.012537	0.000058	-7.430000	-2.940000	21.350000	0.082000	-0.492000	0.462000	29257	29706	32135	25041	24754	25231
1169	20.050863	0.038326	-7.430000	-2.940000	21.350000	0.120000	-0.528000	0.454000	29257	29706	32135	25060	24736	25227
1170	20.050942	0.000079	-7.370000	-3.060000	20.790000	0.120000	-0.528000	0.454000	29263	29694	32079	25060	24736	25227
1171	20.083874	0.032932	-7.340000	-3.430000	21.340000	0.120000	-0.528000	0.454000	29266	29657	32134	25060	24736	25227
1172	20.117357	0.033483	-7.340000	-3.430000	21.340000	0.138000	-0.532000	0.404000	29266	29657	32134	25069	24734	25202
1173	20.117422	0.000065	-7.740000	-3.020000	20.710000	0.138000	-0.532000	0.404000	29226	29698	32071	25069	24734	25202
1174	20.148895	0.031473	-7.740000	-3.020000	20.710000	0.110000	-0.550000	0.354000	29226	29698	32071	25055	24725	25177
1175	20.148968	0.000072	-7.320000	-2.310000	20.440000	0.110000	-0.550000	0.354000	29268	29769	32044	25055	24725	25177
1176	20.180081	0.031113	-7.320000	-2.310000	20.440000	0.068000	-0.476000	0.300000	29268	29769	32044	25034	24762	25150
1177	20.180187	0.000106	-8.130000	-2.830000	21.100000	0.068000	-0.476000	0.300000	29187	29717	32110	25034	24762	25150
1178	20.213236	0.033049	-8.130000	-2.830000	21.100000	0.146000	-0.510000	0.270000	29187	29717	32110	25073	24745	25135
1179	20.213308	0.000072	-7.460000	-2.760000	22.180000	0.146000	-0.510000	0.270000	29254	29724	32218	25073	24745	25135
1180	20.244245	0.030937	-7.290000	-2.380000	22.160000	0.146000	-0.510000	0.270000	29271	29762	32216	25073	24745	25135
1181	20.278059	0.033813	-7.250000	-2.560000	21.290000	0.146000	-0.510000	0.270000	29275	29744	32129	25073	24745	25135
1182	20.304406	0.026347	-7.250000	-2.560000	21.290000	0.110000	-0.454000	0.246000	29275	29744	32129	25055	24773	25123
1183	20.304477	0.000071	-7.820000	-2.460000	21.110000	0.110000	-0.454000	0.246000	29218	29754	32111	25055	24773	25123
1184	20.335500	0.031022	-7.550000	-2.340000	21.080000	0.110000	-0.454000	0.246000	29245	29766	32108	25055	24773	25123
1185	20.368678	0.033178	-8.060000	-2.190000	21.620000	0.110000	-0.454000	0.246000	29194	29781	32162	25055	24773	25123
1186	20.399366	0.030688	-8.060000	-2.190000	21.620000	0.022000	-0.554000	0.302000	29194	29781	32162	25011	24723	25151
1187	20.399444	0.000078	-7.980000	-2.440000	21.890000	0.022000	-0.554000	0.302000	29202	29756	32189	25011	24723	25151
1188	20.431521	0.032076	-8.810000	-3.010000	21.640000	0.022000	-0.554000	0.302000	29119	29699	32164	25011	24723	25151
1189	20.462867	0.031346	-7.380000	-2.440000	21.550000	0.022000	-0.554000	0.302000	29262	29756	32155	25011	24723	25151
1190	20.495362	0.032495	-7.380000	-2.440000	21.550000	0.046000	-0.480000	0.402000	29262	29756	32155	25023	24760	25201
1191	20.495438	0.000076	-7.130000	-2.500000	21.530000	0.046000	-0.480000	0.402000	29287	29750	32153	25023	24760	25201
1192	20.527806	0.032368	-7.130000	-2.500000	21.530000	0.064000	-0.448000	0.406000	29287	29750	32153	25032	24776	25203
1193	20.527889	0.000083	-7.140000	-3.470000	21.550000	0.064000	-0.448000	0.406000	29286	29653	32155	25032	24776	25203
1194	20.559912	0.032023	-7.140000	-3.470000	21.550000	0.152000	-0.460000	0.428000	29286	29653	32155	25076	24770	25214
1195	20.559997	0.000084	-6.870000	-3.370000	21.810000	0.152000	-0.460000	0.428000	29313	29663	32181	25076	24770	25214
1196	20.593960	0.033963	-7.390000	-3.000000	21.630000	0.152000	-0.460000	0.428000	29261	29700	32163	25076	24770	25214
1197	20.620635	0.026675	-6.830000	-2.540000	22.120000	0.152000	-0.460000	0.428000	29317	29746	32212	25076	24770	25214
1198	20.652295	0.031660	-6.830000	-2.540000	22.120000	0.078000	-0.428000	0.400000	29317	29746	32212	25039	24786	25200
1199	20.652395	0.000099	-7.000000	-2.030000	22.100000	0.078000	-0.428000	0.400000	29300	29797	32210	25039	24786	25200
1200	20.686196	0.033801	-6.970000	-2.250000	22.090000	0.078000	-0.428000	0.400000	29303	29775	32209	25039	24786	25200
1201	20.723033	0.036837	-7.740000	-2.350000	22.160000	0.078000	-0.428000	0.400000	29226	29765	32216	25039	24786	25200
1202	20.752671	0.029638	-7.740000	-2.350000	22.160000	0.100000	-0.466000	0.286000	29226	29765	32216	25050	24767	25143
1203	20.752774	0.000103	-8.110000	-2.490000	21.920000	0.100000	-0.466000	0.286000	29189	29751	32192	25050	24767	25143
1204	20.784680	0.031906	-8.110000	-2.490000	21.920000	0.130000	-0.510000	0.240000	29189	29751	32192	25065	24745	25120
1205	20.784778	0.000098	-8.110000	-2.490000	21.920000	0.160000	-0.540000	0.132000	29189	29751	32192	25080	24730	25066
1206	20.784802	0.000024	-8.700000	-2.230000	21.640000	0.160000	-0.540000	0.132000	29130	29777	32164	25080	24730	25066
1207	20.810024	0.025221	-8.570000	-2.260000	22.180000	0.160000	-0.540000	0.132000	29143	29774	32218	25080	24730	25066
1208	20.842316	0.032292	-8.570000	-2.260000	22.180000	0.160000	-0.522000	0.058000	29143	29774	32218	25080	24739	25029
1209	20.842466	0.000150	-8.740000	-2.200000	21.690000	0.160000	-0.522000	0.058000	29126	29780	32169	25080	24739	25029
1210	20.873797	0.031330	-8.740000	-2.200000	21.690000	0.198000	-0.506000	0.004000	29126	29780	32169	25099	24747	25002
1211	20.873884	0.000088	-8.720000	-1.420000	21.370000	0.198000	-0.506000	0.004000	29128	29858	32137	25099	24747	25002
1212	20.905691	0.031807	-8.720000	-1.420000	21.370000	0.094000	-0.516000	0.004000	29128	29858	32137	25047	24742	25002
1213	20.905774	0.000082	-8.420000	-1.570000	21.430000	0.094000	-0.516000	0.004000	29158	29843	32143	25047	24742	25002
1214	20.932659	0.026885	-8.420000	-1.570000	21.430000	0.130000	-0.500000	0.028000	29158	29843	32143	25065	24750	25014
1215	20.932730	0.000071	-8.440000	-1.620000	21.410000	0.130000	-0.500000	0.028000	29156	29838	32141	25065	24750	25014
1216	20.965025	0.032295	-8.240000	-1.270000	21.660000	0.130000	-0.500000	0.028000	29176	29873	32166	25065	24750	25014
1217	20.998085	0.033061	-7.680000	-1.630000	22.500000	0.130000	-0.500000	0.028000	29232	29837	32250	25065	24750	25014
1218	21.029974	0.031888	-8.200000	-1.710000	22.720000	0.130000	-0.500000	0.028000	29180	29829	32272	25065	24750	25014
1219	21.061765	0.031791	-8.200000	-1.710000	22.720000	0.106000	-0.496000	0.094000	29180	29829	32272	25053	24752	25047
1220	21.061847	0.000082	-8.590000	-2.030000	21.400000	0.106000	-0.496000	0.094000	29141	29797	32140	25053	24752	25047
1221	21.094542	0.032695	-8.590000	-2.030000	21.400000	0.140000	-0.508000	0.122000	29141	29797	32140	25070	24746	25061
1222	21.094618	0.000076	-8.590000	-2.030000	21.400000	0.164000	-0.580000	0.144000	29141	29797	32140	25082	24710	25072
1223	21.094640	0.000023	-9.660000	-2.020000	21.710000	0.164000	-0.580000	0.144000	29034	29798	32171	25082	24710	25072
1224	21.126208	0.031567	-9.660000	-2.020000	21.710000	0.120000	-0.590000	0.142000	29034	29798	32171	25060	24705	25071
1225	21.126316	0.000108	-9.130000	-2.420000	21.700000	0.120000	-0.590000	0.142000	29087	29758	32170	25060	24705	25071
1226	21.153707	0.027391	-9.130000	-2.420000	21.700000	0.142000	-0.572000	0.164000	29087	29758	32170	25071	24714	25082
1227	21.153839	0.000132	-9.620000	-2.320000	21.690000	0.142000	-0.572000	0.164000	29038	29768	32169	25071	24714	25082
1228	21.188113	0.034274	-9.620000	-2.320000	21.690000	0.154000	-0.584000	0.174000	29038	29768	32169	25077	24708	25087
1229	21.188195	0.000082	-9.710000	-2.660000	21.920000	0.154000	-0.584000	0.174000	29029	29734	32192	25077	24708	25087
1230	21.220383	0.032188	-9.710000	-2.660000	21.920000	0.156000	-0.596000	0.208000	29029	29734	32192	25078	24702	25104
1231	21.220450	0.000067	-9.480000	-2.080000	21.380000	0.156000	-0.596000	0.208000	29052	29792	32138	25078	24702	25104
1232	21.246012	0.025562	-8.930000	-2.720000	21.400000	0.156000	-0.596000	0.208000	29107	29728	32140	25078	24702	25104
1233	21.276186	0.030174	-8.930000	-2.720000	21.400000	0.154000	-0.546000	0.256000	29107	29728	32140	25077	24727	25128
1234	21.276271	0.000085	-9.000000	-2.950000	21.940000	0.154000	-0.546000	0.256000	29100	29705	32194	25077	24727	25128
1235	21.307803	0.031533	-9.010000	-1.700000	21.880000	0.154000	-0.546000	0.256000	29099	29830	32188	25077	24727	25128
1236	21.333646	0.025842	-9.320000	-2.720000	22.010000	0.154000	-0.546000	0.256000	29068	29728	32201	25077	24727	25128
1237	21.364790	0.031144	-9.320000	-2.720000	22.010000	0.138000	-0.606000	0.320000	29068	29728	32201	25069	24697	25160
1238	21.364873	0.000083	-8.780000	-2.260000	21.100000	0.138000	-0.606000	0.320000	29122	29774	32110	25069	24697	25160
1239	21.395548	0.030675	-9.140000	-2.030000	21.090000	0.138000	-0.606000	0.320000	29086	29797	32109	25069	24697	25160
1240	21.421549	0.026001	-9.140000	-2.030000	21.090000	0.074000	-0.578000	0.302000	29086	29797	32109	25037	24711	25151
1241	21.421631	0.000083	-9.030000	-2.360000	21.070000	0.074000	-0.578000	0.302000	29097	29764	32107	25037	24711	25151
1242	21.452492	0.030860	-9.030000	-2.360000	21.070000	0.096000	-0.578000	0.284000	29097	29764	32107	25048	24711	25142
1243	21.452619	0.000127	-9.060000	-2.200000	21.640000	0.096000	-0.578000	0.284000	29094	29780	32164	25048	24711	25142
1244	21.483456	0.030836	-9.050000	-2.650000	21.620000	0.096000	-0.578000	0.284000	29095	29735	32162	25048	24711	25142
1245	21.514331	0.030875	-9.160000	-3.060000	22.420000	0.096000	-0.578000	0.284000	29084	29694	32242	25048	24711	25142
1246	21.546368	0.032037	-9.160000	-3.060000	22.420000	0.164000	-0.556000	0.306000	29084	29694	32242	25082	24722	25153
1247	21.546442	0.000075	-8.690000	-2.330000	21.630000	0.164000	-0.556000	0.306000	29131	29767	32163	25082	24722	25153
1248	21.580565	0.034122	-8.690000	-2.330000	21.630000	0.104000	-0.522000	0.316000	29131	29767	32163	25052	24739	25158
1249	21.580644	0.000079	-9.050000	-2.640000	21.950000	0.104000	-0.522000	0.316000	29095	29736	32195	25052	24739	25158
1250	21.616821	0.036177	-8.940000	-2.560000	22.230000	0.104000	-0.522000	0.316000	29106	29744	32223	25052	24739	25158
1251	21.649435	0.032613	-8.410000	-1.610000	22.440000	0.104000	-0.522000	0.316000	29159	29839	32244	25052	24739	25158
1252	21.685947	0.036512	-8.410000	-1.610000	22.440000	0.072000	-0.520000	0.236000	29159	29839	32244	25036	24740	25118
1253	21.686119	0.000172	-8.980000	-1.730000	21.660000	0.072000	-0.520000	0.236000	29102	29827	32166	25036	24740	25118
1254	21.722966	0.036848	-8.980000	-1.730000	21.660000	0.102000	-0.556000	0.246000	29102	29827	32166	25051	24722	25123
1255	21.723058	0.000092	-8.980000	-1.730000	21.660000	0.142000	-0.564000	0.232000	29102	29827	32166	25071	24718	25116
1256	21.723091	0.000033	-8.960000	-2.390000	21.640000	0.142000	-0.564000	0.232000	29104	29761	32164	25071	24718	25116
1257	21.757875	0.034785	-9.040000	-2.550000	22.400000	0.142000	-0.564000	0.232000	29096	29745	32240	25071	24718	25116
1258	21.791733	0.033857	-9.040000	-2.550000	22.400000	0.162000	-0.538000	0.248000	29096	29745	32240	25081	24731	25124
1259	21.791826	0.000093	-8.600000	-2.610000	21.860000	0.162000	-0.538000	0.248000	29140	29739	32186	25081	24731	25124
1260	21.823784	0.031959	-8.470000	-2.590000	21.590000	0.162000	-0.538000	0.248000	29153	29741	32159	25081	24731	25124
1261	21.855738	0.031954	-8.910000	-3.390000	22.450000	0.162000	-0.538000	0.248000	29109	29661	32245	25081	24731	25124
1262	21.888525	0.032787	-8.910000	-3.390000	22.450000	0.236000	-0.536000	0.340000	29109	29661	32245	25118	24732	25170
1263	21.888611	0.000086	-8.310000	-2.870000	21.850000	0.236000	-0.536000	0.340000	29169	29713	32185	25118	24732	25170
1264	21.915133	0.026522	-8.310000	-2.870000	21.850000	0.172000	-0.494000	0.346000	29169	29713	32185	25086	24753	25173
1265	21.915218	0.000085	-8.310000	-2.870000	21.850000	0.114000	-0.486000	0.390000	29169	29713	32185	25057	24757	25195
1266	21.915238	0.000021	-8.290000	-2.850000	21.640000	0.114000	-0.486000	0.390000	29171	29715	32164	25057	24757	25195
1267	21.946335	0.031096	-8.810000	-3.390000	21.350000	0.114000	-0.486000	0.390000	29119	29661	32135	25057	24757	25195
1268	21.978903	0.032568	-8.810000	-3.390000	21.350000	0.192000	-0.482000	0.432000	29119	29661	32135	25096	24759	25216
1269	21.978981	0.000078	-8.500000	-3.000000	20.790000	0.192000	-0.482000	0.432000	29150	29700	32079	25096	24759	25216
1270	22.011076	0.032095	-8.070000	-3.130000	20.710000	0.192000	-0.482000	0.432000	29193	29687	32071	25096	24759	25216
1271	22.043027	0.031951	-7.950000	-3.490000	21.030000	0.192000	-0.482000	0.432000	29205	29651	32103	25096	24759	25216
1272	22.073871	0.030844	-7.950000	-3.490000	21.030000	0.204000	-0.456000	0.478000	29205	29651	32103	25102	24772	25239
1273	22.073940	0.000069	-7.450000	-3.220000	21.790000	0.204000	-0.456000	0.478000	29255	29678	32179	25102	24772	25239
1274	22.105368	0.031427	-7.450000	-3.220000	21.790000	0.160000	-0.410000	0.488000	29255	29678	32179	25080	24795	25244
1275	22.105448	0.000080	-7.790000	-3.500000	21.290000	0.160000	-0.410000	0.488000	29221	29650	32129	25080	24795	25244
1276	22.132679	0.027231	-7.690000	-3.200000	21.300000	0.160000	-0.410000	0.488000	29231	29680	32130	25080	24795	25244
1277	22.162379	0.029700	-7.690000	-3.200000	21.300000	0.172000	-0.426000	0.494000	29231	29680	32130	25086	24787	25247
1278	22.162473	0.000094	-7.480000	-3.040000	21.310000	0.172000	-0.426000	0.494000	29252	29696	32131	25086	24787	25247
1279	22.193288	0.030815	-7.480000	-3.040000	21.310000	0.144000	-0.422000	0.496000	29252	29696	32131	25072	24789	25248
1280	22.193377	0.000089	-7.480000	-3.040000	21.310000	0.142000	-0.406000	0.524000	29252	29696	32131	25071	24797	25262
1281	22.193417	0.000040	-7.500000	-3.310000	21.280000	0.142000	-0.406000	0.524000	29250	29669	32128	25071	24797	25262
1282	22.225945	0.032527	-7.500000	-3.310000	21.280000	0.166000	-0.408000	0.490000	29250	29669	32128	25083	24796	25245
1283	22.226030	0.000086	-7.650000	-3.200000	21.290000	0.166000	-0.408000	0.490000	29235	29680	32129	25083	24796	25245
1284	22.258188	0.032158	-7.730000	-3.060000	20.720000	0.166000	-0.408000	0.490000	29227	29694	32072	25083	24796	25245
1285	22.293091	0.034903	-7.230000	-3.100000	20.180000	0.166000	-0.408000	0.490000	29277	29690	32018	25083	24796	25245
1286	22.319634	0.026544	-7.230000	-3.100000	20.180000	0.162000	-0.374000	0.440000	29277	29690	32018	25081	24813	25220
1287	22.319698	0.000063	-8.120000	-3.250000	20.480000	0.162000	-0.374000	0.440000	29188	29675	32048	25081	24813	25220
1288	22.349627	0.029929	-8.120000	-3.250000	20.480000	0.196000	-0.410000	0.420000	29188	29675	32048	25098	24795	25210
1289	22.349700	0.000073	-7.410000	-3.010000	20.730000	0.196000	-0.410000	0.420000	29259	29699	32073	25098	24795	25210
1290	22.377206	0.027506	-7.410000	-3.010000	20.730000	0.154000	-0.364000	0.396000	29259	29699	32073	25077	24818	25198
1291	22.377290	0.000084	-7.720000	-3.530000	20.180000	0.154000	-0.364000	0.396000	29228	29647	32018	25077	24818	25198
1292	22.408920	0.031630	-7.720000	-3.530000	20.180000	0.210000	-0.406000	0.400000	29228	29647	32018	25105	24797	25200
1293	22.409003	0.000083	-7.590000	-3.140000	20.990000	0.210000	-0.406000	0.400000	29241	29686	32099	25105	24797	25200
1294	22.440428	0.031425	-7.590000	-3.140000	20.990000	0.168000	-0.382000	0.426000	29241	29686	32099	25084	24809	25213
1295	22.440502	0.000074	-7.640000	-2.520000	20.700000	0.168000	-0.382000	0.426000	29236	29748	32070	25084	24809	25213
1296	22.470380	0.029878	-7.640000	-2.520000	20.700000	0.128000	-0.372000	0.410000	29236	29748	32070	25064	24814	25205
1297	22.470448	0.000068	-7.170000	-2.150000	21.520000	0.128000	-0.372000	0.410000	29283	29785	32152	25064	24814	25205
1298	22.500840	0.030392	-7.170000	-2.150000	21.520000	0.094000	-0.332000	0.400000	29283	29785	32152	25047	24834	25200
1299	22.500926	0.000086	-6.870000	-2.790000	21.000000	0.094000	-0.332000	0.400000	29313	29721	32100	25047	24834	25200
1300	22.531847	0.030921	-6.870000	-2.790000	21.000000	0.140000	-0.316000	0.416000	29313	29721	32100	25070	24842	25208
1301	22.531945	0.000098	-7.510000	-2.760000	20.720000	0.140000	-0.316000	0.416000	29249	29724	32072	25070	24842	25208
1302	22.564092	0.032147	-6.670000	-2.300000	20.160000	0.140000	-0.316000	0.416000	29333	29770	32016	25070	24842	25208
1303	22.591383	0.027291	-8.060000	-2.790000	21.050000	0.140000	-0.316000	0.416000	29194	29721	32105	25070	24842	25208
1304	22.615664	0.024280	-8.060000	-2.790000	21.050000	0.166000	-0.396000	0.424000	29194	29721	32105	25083	24802	25212
1305	22.615719	0.000056	-7.450000	-2.830000	20.220000	0.166000	-0.396000	0.424000	29255	29717	32022	25083	24802	25212
1306	22.640623	0.024903	-7.450000	-2.830000	20.220000	0.158000	-0.358000	0.424000	29255	29717	32022	25079	24821	25212
1307	22.640691	0.000068	-7.450000	-2.830000	20.220000	0.136000	-0.324000	0.406000	29255	29717	32022	25068	24838	25203
1308	22.640722	0.000031	-7.430000	-2.950000	21.200000	0.136000	-0.324000	0.406000	29257	29705	32120	25068	24838	25203
1309	22.670532	0.029811	-7.380000	-2.360000	19.890000	0.136000	-0.324000	0.406000	29262	29764	31989	25068	24838	25203
1310	22.697272	0.026740	-7.380000	-2.360000	19.890000	0.128000	-0.314000	0.398000	29262	29764	31989	25064	24843	25199
1311	22.697357	0.000085	-6.930000	-2.980000	20.150000	0.128000	-0.314000	0.398000	29307	29702	32015	25064	24843	25199
1312	22.728757	0.031400	-7.490000	-2.610000	20.420000	0.128000	-0.314000	0.398000	29251	29739	32042	25064	24843	25199
1313	22.756270	0.027513	-6.730000	-2.400000	20.420000	0.128000	-0.314000	0.398000	29327	29760	32042	25064	24843	25199
1314	22.781942	0.025672	-7.390000	-2.750000	21.270000	0.128000	-0.314000	0.398000	29261	29725	32127	25064	24843	25199
1315	22.807586	0.025644	-7.060000	-2.860000	20.150000	0.128000	-0.314000	0.398000	29294	29714	32015	25064	24843	25199
1316	22.833496	0.025911	-7.060000	-2.860000	20.150000	0.156000	-0.282000	0.380000	29294	29714	32015	25078	24859	25190
1317	22.833559	0.000063	-7.070000	-2.970000	20.440000	0.156000	-0.282000	0.380000	29293	29703	32044	25078	24859	25190
1318	22.859199	0.025640	-6.120000	-2.710000	20.180000	0.156000	-0.282000	0.380000	29388	29729	32018	25078	24859	25190
1319	22.885054	0.025855	-6.530000	-2.490000	20.140000	0.156000	-0.282000	0.380000	29347	29751	32014	25078	24859	25190
1320	22.912107	0.027052	-6.530000	-2.490000	20.140000	0.124000	-0.232000	0.386000	29347	29751	32014	25062	24884	25193
1321	22.912168	0.000061	-6.830000	-3.100000	19.610000	0.124000	-0.232000	0.386000	29317	29690	31961	25062	24884	25193
1322	22.937407	0.025239	-6.830000	-3.100000	19.610000	0.168000	-0.244000	0.384000	29317	29690	31961	25084	24878	25192
1323	22.937474	0.000067	-6.830000	-3.100000	19.610000	0.106000	-0.304000	0.378000	29317	29690	31961	25053	24848	25189
1324	22.937490	0.000017	-6.870000	-2.450000	19.830000	0.106000	-0.304000	0.378000	29313	29755	31983	25053	24848	25189
1325	22.964077	0.026586	-7.140000	-2.780000	21.040000	0.106000	-0.304000	0.378000	29286	29722	32104	25053	24848	25189
1326	22.989600	0.025523	-7.140000	-2.780000	21.040000	0.146000	-0.280000	0.398000	29286	29722	32104	25073	24860	25199
1327	22.989666	0.000066	-6.920000	-2.970000	19.890000	0.146000	-0.280000	0.398000	29308	29703	31989	25073	24860	25199
1328	23.015364	0.025698	-6.920000	-2.970000	19.890000	0.156000	-0.266000	0.392000	29308	29703	31989	25078	24867	25196
1329	23.015433	0.000069	-7.230000	-2.740000	19.590000	0.156000	-0.266000	0.392000	29277	29726	31959	25078	24867	25196
1330	23.040071	0.024638	-7.230000	-2.740000	19.590000	0.128000	-0.282000	0.402000	29277	29726	31959	25064	24859	25201
1331	23.040128	0.000057	-7.420000	-3.240000	19.890000	0.128000	-0.282000	0.402000	29258	29676	31989	25064	24859	25201
1332	23.064686	0.024557	-7.200000	-3.060000	19.920000	0.128000	-0.282000	0.402000	29280	29694	31992	25064	24859	25201
1333	23.094055	0.029370	-6.910000	-2.480000	20.120000	0.128000	-0.282000	0.402000	29309	29752	32012	25064	24859	25201
1334	23.124421	0.030366	-6.910000	-2.480000	20.120000	0.102000	-0.256000	0.394000	29309	29752	32012	25051	24872	25197
1335	23.124516	0.000095	-6.910000	-2.480000	20.120000	0.136000	-0.258000	0.392000	29309	29752	32012	25068	24871	25196
1336	23.124544	0.000028	-6.350000	-2.250000	19.840000	0.136000	-0.258000	0.392000	29365	29775	31984	25068	24871	25196
1337	23.157202	0.032659	-6.750000	-2.240000	19.850000	0.136000	-0.258000	0.392000	29325	29776	31985	25068	24871	25196
1338	23.189516	0.032314	-6.610000	-2.290000	19.860000	0.136000	-0.258000	0.392000	29339	29771	31986	25068	24871	25196
1339	23.222317	0.032801	-6.640000	-2.660000	20.130000	0.136000	-0.258000	0.392000	29336	29734	32013	25068	24871	25196
1340	23.255968	0.033651	-6.640000	-2.660000	20.130000	0.120000	-0.240000	0.406000	29336	29734	32013	25060	24880	25203
1341	23.256057	0.000089	-7.070000	-2.800000	19.320000	0.120000	-0.240000	0.406000	29293	29720	31932	25060	24880	25203
1342	23.289575	0.033519	-7.070000	-2.800000	19.320000	0.148000	-0.262000	0.392000	29293	29720	31932	25074	24869	25196
1343	23.289658	0.000083	-7.090000	-2.420000	19.010000	0.148000	-0.262000	0.392000	29291	29758	31901	25074	24869	25196
1344	23.323107	0.033449	-7.090000	-2.420000	19.010000	0.108000	-0.254000	0.384000	29291	29758	31901	25054	24873	25192
1345	23.323217	0.000110	-7.620000	-3.030000	20.180000	0.108000	-0.254000	0.384000	29238	29697	32018	25054	24873	25192
1346	23.356219	0.033002	-7.620000	-3.030000	20.180000	0.146000	-0.318000	0.394000	29238	29697	32018	25073	24841	25197
1347	23.356307	0.000088	-7.620000	-3.030000	20.180000	0.092000	-0.302000	0.386000	29238	29697	32018	25046	24849	25193
1348	23.356334	0.000026	-7.350000	-2.650000	20.090000	0.092000	-0.302000	0.386000	29265	29735	32009	25046	24849	25193
1349	23.390168	0.033834	-7.030000	-2.980000	19.080000	0.092000	-0.302000	0.386000	29297	29702	31908	25046	24849	25193
1350	23.423113	0.032945	-7.030000	-2.980000	19.080000	0.132000	-0.280000	0.382000	29297	29702	31908	25066	24860	25191
1351	23.423223	0.000110	-7.030000	-2.980000	19.080000	0.132000	-0.232000	0.374000	29297	29702	31908	25066	24884	25187
1352	23.423250	0.000027	-6.780000	-2.610000	20.140000	0.132000	-0.232000	0.374000	29322	29739	32014	25066	24884	25187
1353	23.459604	0.036354	-6.820000	-2.590000	19.600000	0.132000	-0.232000	0.374000	29318	29741	31960	25066	24884	25187
1354	23.486350	0.026746	-6.820000	-2.590000	19.600000	0.102000	-0.258000	0.392000	29318	29741	31960	25051	24871	25196
1355	23.486416	0.000066	-7.160000	-2.450000	19.590000	0.102000	-0.258000	0.392000	29284	29755	31959	25051	24871	25196
1356	23.516357	0.029940	-7.160000	-2.450000	19.590000	0.126000	-0.268000	0.374000	29284	29755	31959	25063	24866	25187
1357	23.516446	0.000089	-6.690000	-2.200000	19.880000	0.126000	-0.268000	0.374000	29331	29780	31988	25063	24866	25187
1358	23.545408	0.028962	-6.690000	-2.200000	19.880000	0.084000	-0.244000	0.368000	29331	29780	31988	25042	24878	25184
1359	23.545527	0.000120	-6.860000	-2.430000	19.890000	0.084000	-0.244000	0.368000	29314	29757	31989	25042	24878	25184
1360	23.573658	0.028130	-6.860000	-2.430000	19.890000	0.092000	-0.242000	0.374000	29314	29757	31989	25046	24879	25187
1361	23.573755	0.000097	-7.120000	-2.650000	19.900000	0.092000	-0.242000	0.374000	29288	29735	31990	25046	24879	25187
1362	23.609031	0.035276	-7.120000	-2.650000	19.900000	0.132000	-0.264000	0.378000	29288	29735	31990	25066	24868	25189
1363	23.609097	0.000067	-7.100000	-2.880000	20.710000	0.132000	-0.264000	0.378000	29290	29712	32071	25066	24868	25189
1364	23.635103	0.026006	-7.100000	-2.880000	20.710000	0.140000	-0.264000	0.372000	29290	29712	32071	25070	24868	25186
1365	23.635324	0.000221	-6.790000	-2.090000	19.660000	0.140000	-0.264000	0.372000	29321	29791	31966	25070	24868	25186
1366	23.663027	0.027702	-6.790000	-2.090000	19.660000	0.052000	-0.258000	0.388000	29321	29791	31966	25026	24871	25194
1367	23.663100	0.000073	-6.800000	-2.220000	19.090000	0.052000	-0.258000	0.388000	29320	29778	31909	25026	24871	25194
1368	23.693851	0.030751	-6.800000	-2.220000	19.090000	0.100000	-0.232000	0.372000	29320	29778	31909	25050	24884	25186
1369	23.693951	0.000099	-6.730000	-2.340000	19.080000	0.100000	-0.232000	0.372000	29327	29766	31908	25050	24884	25186
1370	23.726864	0.032913	-7.350000	-2.790000	19.920000	0.100000	-0.232000	0.372000	29265	29721	31992	25050	24884	25186
1371	23.757851	0.030986	-6.670000	-1.780000	19.850000	0.100000	-0.232000	0.372000	29333	29822	31985	25050	24884	25186
1372	23.790084	0.032234	-6.670000	-1.780000	19.850000	0.038000	-0.214000	0.374000	29333	29822	31985	25019	24893	25187
1373	23.790183	0.000098	-6.680000	-2.520000	20.110000	0.038000	-0.214000	0.374000	29332	29748	32011	25019	24893	25187
1374	23.825030	0.034847	-6.680000	-2.520000	20.110000	0.122000	-0.216000	0.370000	29332	29748	32011	25061	24892	25185
1375	23.825127	0.000097	-7.210000	-2.650000	18.830000	0.122000	-0.216000	0.370000	29279	29735	31883	25061	24892	25185
1376	23.859620	0.034493	-7.210000	-2.650000	18.830000	0.124000	-0.278000	0.382000	29279	29735	31883	25062	24861	25191
1377	23.859723	0.000103	-6.600000	-2.720000	20.160000	0.124000	-0.278000	0.382000	29340	29728	32016	25062	24861	25191
1378	23.885611	0.025888	-6.600000	-2.720000	20.160000	0.140000	-0.232000	0.376000	29340	29728	32016	25070	24884	25188
1379	23.885683	0.000072	-6.600000	-2.720000	20.160000	0.162000	-0.274000	0.380000	29340	29728	32016	25081	24863	25190
1380	23.885702	0.000019	-6.860000	-3.430000	19.870000	0.162000	-0.274000	0.380000	29314	29657	31987	25081	24863	25190
1381	23.915348	0.029646	-6.520000	-2.210000	20.090000	0.162000	-0.274000	0.380000	29348	29779	32009	25081	24863	25190
1382	23.947783	0.032435	-6.520000	-2.210000	20.090000	0.078000	-0.216000	0.380000	29348	29779	32009	25039	24892	25190
1383	23.947868	0.000085	-7.270000	-2.850000	19.930000	0.078000	-0.216000	0.380000	29273	29715	31993	25039	24892	25190
1384	23.980215	0.032348	-7.270000	-2.850000	19.930000	0.156000	-0.282000	0.382000	29273	29715	31993	25078	24859	25191
1385	23.980287	0.000072	-7.730000	-3.240000	19.330000	0.156000	-0.282000	0.382000	29227	29676	31933	25078	24859	25191
1386	24.009555	0.029268	-7.540000	-2.960000	19.310000	0.156000	-0.282000	0.382000	29246	29704	31931	25078	24859	25191
1387	24.035525	0.025970	-7.340000	-2.880000	19.110000	0.156000	-0.282000	0.382000	29266	29712	31911	25078	24859	25191
1388	24.062883	0.027358	-7.630000	-2.970000	19.120000	0.156000	-0.282000	0.382000	29237	29703	31912	25078	24859	25191
1389	24.089268	0.026385	-7.240000	-2.590000	19.350000	0.156000	-0.282000	0.382000	29276	29741	31935	25078	24859	25191
1390	24.118734	0.029466	-7.240000	-2.590000	19.350000	0.106000	-0.288000	0.392000	29276	29741	31935	25053	24856	25196
1391	24.118812	0.000078	-6.880000	-2.770000	19.860000	0.106000	-0.288000	0.392000	29312	29723	31986	25053	24856	25196
1392	24.149751	0.030939	-6.880000	-2.770000	19.860000	0.154000	-0.248000	0.366000	29312	29723	31986	25077	24876	25183
1393	24.149881	0.000130	-6.880000	-2.770000	19.860000	0.128000	-0.292000	0.374000	29312	29723	31986	25064	24854	25187
1394	24.150052	0.000171	-7.230000	-2.730000	19.640000	0.128000	-0.292000	0.374000	29277	29727	31964	25064	24854	25187
1395	24.186887	0.036835	-6.840000	-2.130000	19.610000	0.128000	-0.292000	0.374000	29316	29787	31961	25064	24854	25187
1396	24.218416	0.031529	-6.840000	-2.130000	19.610000	0.108000	-0.232000	0.366000	29316	29787	31961	25054	24884	25183
1397	24.218634	0.000218	-6.980000	-2.070000	19.600000	0.108000	-0.232000	0.366000	29302	29793	31960	25054	24884	25183
1398	24.257489	0.038855	-7.020000	-2.560000	19.610000	0.108000	-0.232000	0.366000	29298	29744	31961	25054	24884	25183
1399	24.289680	0.032191	-7.020000	-2.560000	19.610000	0.134000	-0.258000	0.370000	29298	29744	31961	25067	24871	25185
1400	24.289758	0.000078	-7.020000	-2.560000	19.610000	0.098000	-0.280000	0.350000	29298	29744	31961	25049	24860	25175
1401	24.289808	0.000050	-7.630000	-2.620000	19.080000	0.098000	-0.280000	0.350000	29237	29738	31908	25049	24860	25175
1402	24.321472	0.031664	-7.630000	-2.620000	19.080000	0.146000	-0.292000	0.364000	29237	29738	31908	25073	24854	25182
1403	24.321554	0.000082	-7.110000	-2.750000	18.530000	0.146000	-0.292000	0.364000	29289	29725	31853	25073	24854	25182
1404	24.350785	0.029232	-6.770000	-2.600000	19.580000	0.146000	-0.292000	0.364000	29323	29740	31958	25073	24854	25182
1405	24.379535	0.028750	-6.770000	-2.600000	19.580000	0.118000	-0.236000	0.358000	29323	29740	31958	25059	24882	25179
1406	24.379611	0.000076	-7.090000	-3.110000	20.190000	0.118000	-0.236000	0.358000	29291	29689	32019	25059	24882	25179
1407	24.410049	0.030438	-7.090000	-3.110000	20.190000	0.118000	-0.236000	0.358000	29291	29689	32019	25059	24882	25179
1408	24.443150	0.033101	-7.360000	-2.850000	19.890000	0.118000	-0.236000	0.358000	29264	29715	31989	25059	24882	25179
1409	24.476557	0.033407	-7.150000	-2.510000	19.590000	0.118000	-0.236000	0.358000	29285	29749	31959	25059	24882	25179
1410	24.505374	0.028817	-7.150000	-2.510000	19.590000	0.090000	-0.266000	0.366000	29285	29749	31959	25045	24867	25183
1411	24.505539	0.000164	-7.330000	-2.870000	19.640000	0.090000	-0.266000	0.366000	29267	29713	31964	25045	24867	25183
1412	24.532530	0.026991	-7.260000	-2.480000	19.870000	0.090000	-0.266000	0.366000	29274	29752	31987	25045	24867	25183
1413	24.566586	0.034056	-7.260000	-2.480000	19.870000	0.118000	-0.264000	0.360000	29274	29752	31987	25059	24868	25180
1414	24.566670	0.000084	-7.590000	-3.090000	19.340000	0.118000	-0.264000	0.360000	29241	29691	31934	25059	24868	25180
1415	24.594343	0.027673	-7.590000	-3.090000	19.340000	0.182000	-0.296000	0.354000	29241	29691	31934	25091	24852	25177
1416	24.594460	0.000117	-7.000000	-2.390000	19.340000	0.182000	-0.296000	0.354000	29300	29761	31934	25091	24852	25177
1417	24.620850	0.026390	-7.000000	-2.390000	19.340000	0.098000	-0.254000	0.352000	29300	29761	31934	25049	24873	25176
1418	24.620928	0.000078	-7.070000	-2.720000	19.930000	0.098000	-0.254000	0.352000	29293	29728	31993	25049	24873	25176
1419	24.651657	0.030728	-7.070000	-2.720000	19.930000	0.136000	-0.266000	0.376000	29293	29728	31993	25068	24867	25188
1420	24.651749	0.000092	-7.170000	-2.580000	19.050000	0.136000	-0.266000	0.376000	29283	29742	31905	25068	24867	25188
1421	24.677885	0.026136	-7.170000	-2.580000	19.050000	0.100000	-0.276000	0.358000	29283	29742	31905	25050	24862	25179
1422	24.677947	0.000062	-7.110000	-2.900000	19.630000	0.100000	-0.276000	0.358000	29289	29710	31963	25050	24862	25179
1423	24.709469	0.031522	-7.160000	-2.690000	19.860000	0.100000	-0.276000	0.358000	29284	29731	31986	25050	24862	25179
1424	24.741979	0.032510	-6.820000	-2.610000	19.880000	0.100000	-0.276000	0.358000	29318	29739	31988	25050	24862	25179
1425	24.773214	0.031235	-6.820000	-2.610000	19.880000	0.108000	-0.238000	0.354000	29318	29739	31988	25054	24881	25177
1426	24.773294	0.000080	-7.230000	-2.520000	19.890000	0.108000	-0.238000	0.354000	29277	29748	31989	25054	24881	25177
1427	24.804399	0.031105	-7.390000	-2.810000	19.870000	0.108000	-0.238000	0.354000	29261	29719	31987	25054	24881	25177
1428	24.844277	0.039878	-7.620000	-2.810000	19.590000	0.108000	-0.238000	0.354000	29238	29719	31959	25054	24881	25177
1429	24.877793	0.033516	-7.620000	-2.810000	19.590000	0.134000	-0.304000	0.368000	29238	29719	31959	25067	24848	25184
1430	24.877892	0.000098	-7.620000	-2.810000	19.590000	0.104000	-0.264000	0.366000	29238	29719	31959	25052	24868	25183
1431	24.877919	0.000028	-6.910000	-3.060000	19.870000	0.104000	-0.264000	0.366000	29309	29694	31987	25052	24868	25183
1432	24.905017	0.027098	-6.640000	-2.460000	19.600000	0.104000	-0.264000	0.366000	29336	29754	31960	25052	24868	25183
1433	24.937823	0.032806	-6.640000	-2.460000	19.600000	0.068000	-0.254000	0.362000	29336	29754	31960	25034	24873	25181
1434	24.937920	0.000097	-7.330000	-2.940000	19.690000	0.068000	-0.254000	0.362000	29267	29706	31969	25034	24873	25181
1435	24.971554	0.033634	-7.330000	-2.940000	19.690000	0.166000	-0.284000	0.380000	29267	29706	31969	25083	24858	25190
1436	24.971651	0.000097	-7.330000	-2.940000	19.690000	0.150000	-0.290000	0.382000	29267	29706	31969	25075	24855	25191
1437	24.971679	0.000029	-7.060000	-2.500000	19.340000	0.150000	-0.290000	0.382000	29294	29750	31934	25075	24855	25191
1438	25.004265	0.032586	-7.440000	-2.600000	19.360000	0.150000	-0.290000	0.382000	29256	29740	31936	25075	24855	25191
1439	25.037936	0.033671	-7.440000	-2.600000	19.360000	0.118000	-0.290000	0.366000	29256	29740	31936	25059	24855	25183
1440	25.038022	0.000086	-7.930000	-3.340000	20.740000	0.118000	-0.290000	0.366000	29207	29666	32074	25059	24855	25183
1441	25.071480	0.033458	-7.730000	-3.370000	18.830000	0.118000	-0.290000	0.366000	29227	29663	31883	25059	24855	25183
1442	25.104680	0.033200	-7.730000	-3.370000	18.830000	0.186000	-0.316000	0.382000	29227	29663	31883	25093	24842	25191
1443	25.104757	0.000078	-7.730000	-2.760000	19.310000	0.186000	-0.316000	0.382000	29227	29724	31931	25093	24842	25191
1444	25.137523	0.032766	-7.730000	-2.760000	19.310000	0.128000	-0.304000	0.372000	29227	29724	31931	25064	24848	25186
1445	25.137620	0.000097	-7.760000	-2.250000	18.840000	0.128000	-0.304000	0.372000	29224	29775	31884	25064	24848	25186
1446	25.170127	0.032507	-7.760000	-2.250000	18.840000	0.076000	-0.326000	0.366000	29224	29775	31884	25038	24837	25183
1447	25.170218	0.000092	-7.530000	-2.890000	19.670000	0.076000	-0.326000	0.366000	29247	29711	31967	25038	24837	25183
1448	25.197324	0.027106	-7.590000	-2.840000	18.800000	0.076000	-0.326000	0.366000	29241	29716	31880	25038	24837	25183
1449	25.228797	0.031473	-7.730000	-3.160000	19.390000	0.076000	-0.326000	0.366000	29227	29684	31939	25038	24837	25183
1450	25.260581	0.031785	-7.220000	-2.340000	19.070000	0.076000	-0.326000	0.366000	29278	29766	31907	25038	24837	25183
1451	25.294967	0.034386	-7.220000	-2.340000	19.070000	0.094000	-0.250000	0.372000	29278	29766	31907	25047	24875	25186
1452	25.295097	0.000129	-7.220000	-2.340000	19.070000	0.144000	-0.278000	0.378000	29278	29766	31907	25072	24861	25189
1453	25.295147	0.000050	-7.550000	-2.650000	19.380000	0.144000	-0.278000	0.378000	29245	29735	31938	25072	24861	25189
1454	25.327004	0.031857	-7.590000	-3.050000	19.110000	0.144000	-0.278000	0.378000	29241	29695	31911	25072	24861	25189
1455	25.358365	0.031361	-7.590000	-3.050000	19.110000	0.164000	-0.292000	0.378000	29241	29695	31911	25082	24854	25189
1456	25.358450	0.000086	-7.950000	-2.930000	19.430000	0.164000	-0.292000	0.378000	29205	29707	31943	25082	24854	25189
1457	25.390119	0.031669	-7.950000	-2.930000	19.430000	0.148000	-0.344000	0.380000	29205	29707	31943	25074	24828	25190
1458	25.390184	0.000065	-7.350000	-2.320000	19.330000	0.148000	-0.344000	0.380000	29265	29768	31933	25074	24828	25190
1459	25.420580	0.030396	-6.900000	-2.560000	20.430000	0.148000	-0.344000	0.380000	29310	29744	32043	25074	24828	25190
1460	25.451439	0.030859	-7.160000	-2.600000	20.170000	0.148000	-0.344000	0.380000	29284	29740	32017	25074	24828	25190
1461	25.476854	0.025415	-7.160000	-2.600000	20.170000	0.106000	-0.252000	0.370000	29284	29740	32017	25053	24874	25185
1462	25.476914	0.000060	-7.210000	-2.880000	19.360000	0.106000	-0.252000	0.370000	29279	29712	31936	25053	24874	25185
1463	25.506337	0.029423	-7.410000	-2.630000	19.620000	0.106000	-0.252000	0.370000	29259	29737	31962	25053	24874	25185
1464	25.533067	0.026730	-7.290000	-2.440000	19.400000	0.106000	-0.252000	0.370000	29271	29756	31940	25053	24874	25185
1465	25.564500	0.031433	-7.290000	-2.440000	19.400000	0.110000	-0.278000	0.374000	29271	29756	31940	25055	24861	25187
1466	25.564565	0.000065	-7.250000	-2.750000	19.630000	0.110000	-0.278000	0.374000	29275	29725	31963	25055	24861	25187
1467	25.594746	0.030181	-7.850000	-2.750000	19.350000	0.110000	-0.278000	0.374000	29215	29725	31935	25055	24861	25187
1468	25.620884	0.026138	-7.730000	-2.940000	18.590000	0.110000	-0.278000	0.374000	29227	29706	31859	25055	24861	25187
1469	25.650712	0.029828	-7.730000	-2.940000	18.590000	0.152000	-0.310000	0.382000	29227	29706	31859	25076	24845	25191
1470	25.650797	0.000085	-7.660000	-3.180000	19.090000	0.152000	-0.310000	0.382000	29234	29682	31909	25076	24845	25191
1471	25.681638	0.030841	-7.660000	-3.180000	19.090000	0.176000	-0.296000	0.360000	29234	29682	31909	25088	24852	25180
1472	25.681705	0.000067	-7.550000	-2.470000	18.830000	0.176000	-0.296000	0.360000	29245	29753	31883	25088	24852	25180
1473	25.707192	0.025487	-7.470000	-2.710000	18.830000	0.176000	-0.296000	0.360000	29253	29729	31883	25088	24852	25180
1474	25.737313	0.030121	-7.470000	-2.710000	18.830000	0.128000	-0.224000	0.364000	29253	29729	31883	25064	24888	25182
1475	25.737402	0.000089	-7.370000	-2.770000	19.640000	0.128000	-0.224000	0.364000	29263	29723	31964	25064	24888	25182
1476	25.770766	0.033364	-7.350000	-2.470000	19.350000	0.128000	-0.224000	0.364000	29265	29753	31935	25064	24888	25182
1477	25.797299	0.026533	-7.350000	-2.470000	19.350000	0.138000	-0.250000	0.350000	29265	29753	31935	25069	24875	25175
1478	25.797404	0.000105	-7.780000	-3.180000	19.050000	0.138000	-0.250000	0.350000	29222	29682	31905	25069	24875	25175
1479	25.831328	0.033924	-7.010000	-2.570000	19.290000	0.138000	-0.250000	0.350000	29299	29743	31929	25069	24875	25175
1480	25.863160	0.031832	-7.380000	-2.420000	18.820000	0.138000	-0.250000	0.350000	29262	29758	31882	25069	24875	25175
1481	25.896206	0.033046	-7.380000	-2.420000	18.820000	0.134000	-0.252000	0.350000	29262	29758	31882	25067	24874	25175
1482	25.896278	0.000072	-7.960000	-2.710000	18.560000	0.134000	-0.252000	0.350000	29204	29729	31856	25067	24874	25175
1483	25.926958	0.030680	-7.960000	-2.710000	18.560000	0.152000	-0.284000	0.332000	29204	29729	31856	25076	24858	25166
1484	25.927077	0.000119	-7.980000	-2.700000	18.290000	0.152000	-0.284000	0.332000	29202	29730	31829	25076	24858	25166
1485	25.960136	0.033060	-8.160000	-1.890000	19.360000	0.152000	-0.284000	0.332000	29184	29811	31936	25076	24858	25166
1486	25.987357	0.027221	-8.820000	-3.230000	19.120000	0.152000	-0.284000	0.332000	29118	29677	31912	25076	24858	25166
1487	26.018623	0.031265	-8.820000	-3.230000	19.120000	0.200000	-0.332000	0.330000	29118	29677	31912	25100	24834	25165
1488	26.018704	0.000081	-7.870000	-2.950000	19.100000	0.200000	-0.332000	0.330000	29213	29705	31910	25100	24834	25165
1489	26.049330	0.030626	-7.870000	-2.950000	19.100000	0.168000	-0.264000	0.326000	29213	29705	31910	25084	24868	25163
1490	26.049408	0.000078	-7.560000	-3.300000	19.580000	0.168000	-0.264000	0.326000	29244	29670	31958	25084	24868	25163
1491	26.080972	0.031564	-7.560000	-3.300000	19.580000	0.174000	-0.228000	0.340000	29244	29670	31958	25087	24886	25170
1492	26.081050	0.000078	-7.810000	-2.870000	18.800000	0.174000	-0.228000	0.340000	29219	29713	31880	25087	24886	25170
1493	26.111745	0.030695	-7.810000	-2.870000	18.800000	0.168000	-0.214000	0.338000	29219	29713	31880	25084	24893	25169
1494	26.111832	0.000086	-8.610000	-2.990000	18.520000	0.168000	-0.214000	0.338000	29139	29701	31852	25084	24893	25169
1495	26.142941	0.031110	-9.920000	-2.830000	18.020000	0.168000	-0.214000	0.338000	29008	29717	31802	25084	24893	25169
1496	26.172435	0.029493	-9.920000	-2.830000	18.020000	0.224000	-0.278000	0.278000	29008	29717	31802	25112	24861	25139
1497	26.172509	0.000074	-11.230000	-2.550000	18.040000	0.224000	-0.278000	0.278000	28877	29745	31804	25112	24861	25139
1498	26.202162	0.029653	-11.230000	-2.550000	18.040000	0.214000	-0.332000	0.230000	28877	29745	31804	25107	24834	25115
1499	26.202246	0.000084	-11.270000	-1.650000	19.450000	0.214000	-0.332000	0.230000	28873	29835	31945	25107	24834	25115
1500	26.229118	0.026871	-11.270000	-1.650000	19.450000	0.112000	-0.344000	0.190000	28873	29835	31945	25056	24828	25095
1501	26.229203	0.000085	-11.350000	-1.680000	18.630000	0.112000	-0.344000	0.190000	28865	29832	31863	25056	24828	25095
1502	26.261024	0.031821	-10.930000	-1.590000	18.370000	0.112000	-0.344000	0.190000	28907	29841	31837	25056	24828	25095
1503	26.294452	0.033428	-10.930000	-1.590000	18.370000	0.124000	-0.372000	0.186000	28907	29841	31837	25062	24814	25093
1504	26.294527	0.000075	-9.150000	-1.550000	17.790000	0.124000	-0.372000	0.186000	29085	29845	31779	25062	24814	25093
1505	26.320705	0.026177	-9.150000	-1.550000	17.790000	0.128000	-0.268000	0.202000	29085	29845	31779	25064	24866	25101
1506	26.320779	0.000074	-8.610000	-1.940000	18.270000	0.128000	-0.268000	0.202000	29139	29806	31827	25064	24866	25101
1507	26.353024	0.032245	-8.610000	-1.940000	18.270000	0.122000	-0.266000	0.240000	29139	29806	31827	25061	24867	25120
1508	26.353131	0.000107	-9.560000	-2.860000	18.030000	0.122000	-0.266000	0.240000	29044	29714	31803	25061	24867	25120
1509	26.380996	0.027865	-9.560000	-2.860000	18.030000	0.204000	-0.326000	0.318000	29044	29714	31803	25102	24837	25159
1510	26.381071	0.000075	-9.770000	-2.990000	17.790000	0.204000	-0.326000	0.318000	29023	29701	31779	25102	24837	25159
1511	26.406656	0.025585	-10.090000	-1.470000	18.870000	0.204000	-0.326000	0.318000	28991	29853	31887	25102	24837	25159
1512	26.432938	0.026282	-10.090000	-1.470000	18.870000	-0.010000	-0.388000	0.694000	28991	29853	31887	24995	24806	25347
1513	26.433006	0.000068	-12.710000	-3.410000	18.580000	-0.010000	-0.388000	0.694000	28729	29659	31858	24995	24806	25347
1514	26.458570	0.025564	-12.920000	-2.730000	20.540000	-0.010000	-0.388000	0.694000	28708	29727	32054	24995	24806	25347
1515	26.489102	0.030533	-13.530000	-3.190000	20.290000	-0.010000	-0.388000	0.694000	28647	29681	32029	24995	24806	25347
1516	26.522725	0.033623	-13.530000	-3.190000	20.290000	0.156000	-0.602000	0.538000	28647	29681	32029	25078	24699	25269
1517	26.522812	0.000087	-10.740000	-3.330000	17.770000	0.156000	-0.602000	0.538000	28926	29667	31777	25078	24699	25269
1518	26.549330	0.026518	-7.970000	-2.780000	18.450000	0.156000	-0.602000	0.538000	29203	29722	31845	25078	24699	25269
1519	26.585011	0.035681	-7.970000	-2.780000	18.450000	0.130000	-0.114000	0.376000	29203	29722	31845	25065	24943	25188
1520	26.585096	0.000085	-5.670000	-2.600000	19.770000	0.130000	-0.114000	0.376000	29433	29740	31977	25065	24943	25188
1521	26.616113	0.031017	-5.670000	-2.600000	19.770000	0.120000	0.042000	0.394000	29433	29740	31977	25060	25021	25197
1522	26.616226	0.000113	-2.420000	-2.390000	19.680000	0.120000	0.042000	0.394000	29758	29761	31968	25060	25021	25197
1523	26.649394	0.033167	-1.610000	-3.400000	19.620000	0.120000	0.042000	0.394000	29839	29660	31962	25060	25021	25197
1524	26.680600	0.031206	-1.720000	-2.880000	19.900000	0.120000	0.042000	0.394000	29828	29712	31990	25060	25021	25197
1525	26.714170	0.033570	-1.720000	-2.880000	19.900000	0.102000	0.240000	0.488000	29828	29712	31990	25051	25120	25244
1526	26.714246	0.000076	-4.440000	-3.630000	20.550000	0.102000	0.240000	0.488000	29556	29637	32055	25051	25120	25244
1527	26.747265	0.033019	-4.440000	-3.630000	20.550000	0.204000	0.054000	0.398000	29556	29637	32055	25102	25027	25199
1528	26.747357	0.000092	-7.340000	-4.410000	22.040000	0.204000	0.054000	0.398000	29266	29559	32204	25102	25027	25199
1529	26.780226	0.032869	-8.220000	-4.060000	20.210000	0.204000	0.054000	0.398000	29178	29594	32021	25102	25027	25199
1530	26.813799	0.033573	-9.040000	-3.600000	21.590000	0.204000	0.054000	0.398000	29096	29640	32159	25102	25027	25199
1531	26.847279	0.033480	-8.910000	-3.180000	21.550000	0.204000	0.054000	0.398000	29109	29682	32155	25102	25027	25199
1532	26.880155	0.032876	-8.910000	-3.180000	21.550000	0.220000	-0.286000	0.432000	29109	29682	32155	25110	24857	25216
1533	26.880239	0.000084	-9.580000	-4.780000	23.710000	0.220000	-0.286000	0.432000	29042	29522	32371	25110	24857	25216
1534	26.913232	0.032993	-9.580000	-4.780000	23.710000	0.264000	-0.296000	0.442000	29042	29522	32371	25132	24852	25221
1535	26.913313	0.000081	-9.870000	-6.070000	20.680000	0.264000	-0.296000	0.442000	29013	29393	32068	25132	24852	25221
1536	26.945283	0.031970	-8.500000	-5.190000	17.700000	0.264000	-0.296000	0.442000	29150	29481	31770	25132	24852	25221
1537	26.982042	0.036759	-8.500000	-5.190000	17.700000	0.276000	-0.284000	0.510000	29150	29481	31770	25138	24858	25255
1538	26.982133	0.000091	-7.440000	-5.780000	20.430000	0.276000	-0.284000	0.510000	29256	29422	32043	25138	24858	25255
1539	27.015167	0.033035	-7.170000	-5.950000	19.850000	0.276000	-0.284000	0.510000	29283	29405	31985	25138	24858	25255
1540	27.041898	0.026730	-7.140000	-5.110000	19.610000	0.276000	-0.284000	0.510000	29286	29489	31961	25138	24858	25255
1541	27.073437	0.031540	-7.140000	-5.110000	19.610000	0.274000	-0.230000	0.402000	29286	29489	31961	25137	24885	25201
1542	27.073525	0.000088	-8.370000	-4.980000	17.430000	0.274000	-0.230000	0.402000	29163	29502	31743	25137	24885	25201
1543	27.104844	0.031319	-8.370000	-4.980000	17.430000	0.248000	-0.322000	0.388000	29163	29502	31743	25124	24839	25194
1544	27.104913	0.000069	-8.350000	-5.020000	17.430000	0.248000	-0.322000	0.388000	29165	29498	31743	25124	24839	25194
1545	27.137247	0.032334	-8.220000	-5.110000	18.260000	0.248000	-0.322000	0.388000	29178	29489	31826	25124	24839	25194
1546	27.163274	0.026027	-8.220000	-5.110000	18.260000	0.270000	-0.296000	0.410000	29178	29489	31826	25135	24852	25205
1547	27.163346	0.000072	-7.950000	-5.710000	19.380000	0.270000	-0.296000	0.410000	29205	29429	31938	25135	24852	25205
1548	27.188115	0.024769	-6.920000	-3.730000	18.980000	0.270000	-0.296000	0.410000	29308	29627	31898	25135	24852	25205
1549	27.219104	0.030989	-7.300000	-4.790000	19.880000	0.270000	-0.296000	0.410000	29270	29521	31988	25135	24852	25205
1550	27.250724	0.031620	-7.210000	-5.300000	19.640000	0.270000	-0.296000	0.410000	29279	29470	31964	25135	24852	25205
1551	27.280626	0.029902	-7.330000	-5.020000	19.610000	0.270000	-0.296000	0.410000	29267	29498	31961	25135	24852	25205
1552	27.309843	0.029217	-7.410000	-4.810000	17.390000	0.270000	-0.296000	0.410000	29259	29519	31739	25135	24852	25205
1553	27.340290	0.030447	-7.410000	-4.810000	17.390000	0.220000	-0.384000	0.370000	29259	29519	31739	25110	24808	25185
1554	27.340374	0.000084	-8.000000	-5.180000	14.820000	0.220000	-0.384000	0.370000	29200	29482	31482	25110	24808	25185
1555	27.373118	0.032744	-8.830000	-4.910000	14.550000	0.220000	-0.384000	0.370000	29117	29509	31455	25110	24808	25185
1556	27.406586	0.033468	-8.830000	-4.910000	14.550000	0.272000	-0.532000	0.336000	29117	29509	31455	25136	24734	25168
1557	27.406675	0.000089	-9.030000	-3.020000	14.370000	0.272000	-0.532000	0.336000	29097	29698	31437	25136	24734	25168
1558	27.433659	0.026983	-9.030000	-3.020000	14.370000	0.148000	-0.530000	0.178000	29097	29698	31437	25074	24735	25089
1559	27.433733	0.000075	-9.020000	-3.050000	14.390000	0.148000	-0.530000	0.178000	29098	29695	31439	25074	24735	25089
1560	27.466321	0.032588	-9.020000	-3.050000	14.390000	-0.038000	-0.440000	0.026000	29098	29695	31439	24981	24780	25013
1561	27.466477	0.000156	-8.010000	-0.370000	13.200000	-0.038000	-0.440000	0.026000	29199	29963	31320	24981	24780	25013
1562	27.498061	0.031584	-5.510000	1.320000	14.740000	-0.038000	-0.440000	0.026000	29449	30132	31474	24981	24780	25013
1563	27.523368	0.025308	-5.380000	-0.260000	12.050000	-0.038000	-0.440000	0.026000	29462	29974	31205	24981	24780	25013
1564	27.554191	0.030823	-4.680000	-0.540000	11.840000	-0.038000	-0.440000	0.026000	29532	29946	31184	24981	24780	25013
1565	27.583566	0.029375	-4.680000	-0.540000	11.840000	0.090000	-0.280000	-0.124000	29532	29946	31184	25045	24860	24938
1566	27.583629	0.000063	-4.240000	-1.140000	9.270000	0.090000	-0.280000	-0.124000	29576	29886	30927	25045	24860	24938
1567	27.608527	0.024897	-4.240000	-1.140000	9.270000	0.154000	-0.248000	-0.116000	29576	29886	30927	25077	24876	24942
1568	27.608788	0.000262	-3.240000	-1.500000	9.330000	0.154000	-0.248000	-0.116000	29676	29850	30933	25077	24876	24942
1569	27.636033	0.027245	-3.240000	-1.500000	9.330000	0.158000	-0.206000	-0.080000	29676	29850	30933	25079	24897	24960
1570	27.636099	0.000065	-3.240000	-1.500000	9.330000	0.082000	-0.028000	-0.064000	29676	29850	30933	25041	24986	24968
1571	27.636118	0.000019	-1.280000	-1.640000	10.390000	0.082000	-0.028000	-0.064000	29872	29836	31039	25041	24986	24968
1572	27.667069	0.030951	-0.820000	-2.150000	12.740000	0.082000	-0.028000	-0.064000	29918	29785	31274	25041	24986	24968
1573	27.698063	0.030994	-0.820000	-2.150000	12.740000	0.196000	-0.052000	-0.048000	29918	29785	31274	25098	24974	24976
1574	27.698205	0.000143	-0.450000	-2.510000	12.460000	0.196000	-0.052000	-0.048000	29955	29749	31246	25098	24974	24976
1575	27.731676	0.033471	-0.450000	-2.510000	12.460000	0.208000	-0.054000	-0.004000	29955	29749	31246	25104	24973	24998
1576	27.731757	0.000080	-0.390000	-1.900000	13.000000	0.208000	-0.054000	-0.004000	29961	29810	31300	25104	24973	24998
1577	27.759068	0.027312	-0.390000	-1.900000	13.000000	0.152000	-0.056000	0.012000	29961	29810	31300	25076	24972	25006
1578	27.759136	0.000067	-1.550000	-2.580000	11.380000	0.152000	-0.056000	0.012000	29845	29742	31138	25076	24972	25006
1579	27.788557	0.029421	-1.550000	-2.580000	11.380000	0.152000	-0.056000	0.012000	29845	29742	31138	25076	24972	25006
1580	27.814994	0.026438	-3.740000	-2.730000	10.680000	0.152000	-0.056000	0.012000	29626	29727	31068	25076	24972	25006
1581	27.846105	0.031110	-4.550000	-3.100000	12.060000	0.152000	-0.056000	0.012000	29545	29690	31206	25076	24972	25006
1582	27.878452	0.032348	-5.790000	-3.400000	12.110000	0.152000	-0.056000	0.012000	29421	29660	31211	25076	24972	25006
1583	27.909363	0.030910	-5.790000	-3.400000	12.110000	0.248000	-0.502000	0.020000	29421	29660	31211	25124	24749	25010
1584	27.909441	0.000079	-5.890000	-3.170000	11.300000	0.248000	-0.502000	0.020000	29411	29683	31130	25124	24749	25010
1585	27.935977	0.026536	-5.890000	-3.170000	11.300000	0.216000	-0.486000	0.020000	29411	29683	31130	25108	24757	25010
1586	27.936049	0.000072	-6.040000	-3.080000	11.270000	0.216000	-0.486000	0.020000	29396	29692	31127	25108	24757	25010
1587	27.961972	0.025923	-6.550000	-3.000000	11.260000	0.216000	-0.486000	0.020000	29345	29700	31126	25108	24757	25010
1588	27.991488	0.029516	-6.770000	-2.350000	11.590000	0.216000	-0.486000	0.020000	29323	29765	31159	25108	24757	25010
1589	28.022400	0.030912	-6.770000	-2.350000	11.590000	0.156000	-0.490000	0.000000	29323	29765	31159	25078	24755	25000
1590	28.022514	0.000114	-6.740000	-1.990000	10.740000	0.156000	-0.490000	0.000000	29326	29801	31074	25078	24755	25000
1591	28.056419	0.033905	-6.990000	-2.090000	10.500000	0.156000	-0.490000	0.000000	29301	29791	31050	25078	24755	25000
1592	28.083321	0.026902	-6.990000	-2.090000	10.500000	0.168000	-0.444000	-0.032000	29301	29791	31050	25084	24778	24984
1593	28.083408	0.000087	-6.010000	-2.210000	10.520000	0.168000	-0.444000	-0.032000	29399	29779	31052	25084	24778	24984
1594	28.115273	0.031865	-6.000000	-1.340000	11.560000	0.168000	-0.444000	-0.032000	29400	29866	31156	25084	24778	24984
1595	28.144965	0.029692	-6.000000	-1.340000	11.560000	0.074000	-0.392000	-0.008000	29400	29866	31156	25037	24804	24996
1596	28.145041	0.000076	-6.030000	-1.850000	12.930000	0.074000	-0.392000	-0.008000	29397	29815	31293	25037	24804	24996
1597	28.175483	0.030442	-5.690000	-0.540000	12.330000	0.074000	-0.392000	-0.008000	29431	29946	31233	25037	24804	24996
1598	28.206518	0.031035	-6.210000	-1.080000	12.410000	0.074000	-0.392000	-0.008000	29379	29892	31241	25037	24804	24996
1599	28.244294	0.037776	-6.210000	-1.080000	12.410000	0.094000	-0.400000	-0.068000	29379	29892	31241	25047	24800	24966
1600	28.244399	0.000105	-5.320000	-0.490000	12.870000	0.094000	-0.400000	-0.068000	29468	29951	31287	25047	24800	24966
1601	28.280222	0.035824	-5.320000	-0.490000	12.870000	0.048000	-0.350000	-0.090000	29468	29951	31287	25024	24825	24955
1602	28.280359	0.000137	-5.480000	-0.490000	12.610000	0.048000	-0.350000	-0.090000	29452	29951	31261	25024	24825	24955
1603	28.309247	0.028888	-4.670000	-0.210000	14.220000	0.048000	-0.350000	-0.090000	29533	29979	31422	25024	24825	24955
1604	28.340223	0.030976	-4.510000	-0.260000	16.400000	0.048000	-0.350000	-0.090000	29549	29974	31640	25024	24825	24955
1605	28.367286	0.027064	-4.510000	-0.260000	16.400000	0.042000	-0.314000	-0.078000	29549	29974	31640	25021	24843	24961
1606	28.367359	0.000073	-4.970000	0.410000	15.380000	0.042000	-0.314000	-0.078000	29503	30041	31538	25021	24843	24961
1607	28.400248	0.032889	-4.970000	0.410000	15.380000	-0.008000	-0.326000	-0.092000	29503	30041	31538	24996	24837	24954
1608	28.400377	0.000129	-6.020000	0.140000	14.280000	-0.008000	-0.326000	-0.092000	29398	30014	31428	24996	24837	24954
1609	28.437555	0.037178	-6.020000	0.140000	14.280000	-0.016000	-0.400000	-0.078000	29398	30014	31428	24992	24800	24961
1610	28.437654	0.000099	-6.530000	0.160000	15.100000	-0.016000	-0.400000	-0.078000	29347	30016	31510	24992	24800	24961
1611	28.472017	0.034363	-5.770000	-0.180000	15.900000	-0.016000	-0.400000	-0.078000	29423	29982	31590	24992	24800	24961
1612	28.505715	0.033697	-5.990000	-0.730000	14.540000	-0.016000	-0.400000	-0.078000	29401	29927	31454	24992	24800	24961
1613	28.535014	0.029299	-5.990000	-0.730000	14.540000	0.134000	-0.370000	-0.252000	29401	29927	31454	25067	24815	24874
1614	28.535077	0.000063	-5.590000	-0.510000	14.570000	0.134000	-0.370000	-0.252000	29441	29949	31457	25067	24815	24874
1615	28.564844	0.029767	-4.210000	-0.330000	14.530000	0.134000	-0.370000	-0.252000	29579	29967	31453	25067	24815	24874
1616	28.596034	0.031190	-3.700000	-0.720000	15.590000	0.134000	-0.370000	-0.252000	29630	29928	31559	25067	24815	24874
1617	28.623671	0.027638	-3.230000	-1.180000	14.770000	0.134000	-0.370000	-0.252000	29677	29882	31477	25067	24815	24874
1618	28.654264	0.030592	-3.230000	-1.180000	14.770000	0.164000	-0.206000	-0.256000	29677	29882	31477	25082	24897	24872
1619	28.654342	0.000079	-3.590000	-1.100000	15.320000	0.164000	-0.206000	-0.256000	29641	29890	31532	25082	24897	24872
1620	28.686431	0.032089	-5.460000	-0.560000	16.200000	0.164000	-0.206000	-0.256000	29454	29944	31620	25082	24897	24872
1621	28.714237	0.027806	-5.460000	-0.560000	16.200000	0.120000	-0.406000	-0.276000	29454	29944	31620	25060	24797	24862
1622	28.714310	0.000073	-4.810000	-0.290000	18.100000	0.120000	-0.406000	-0.276000	29519	29971	31810	25060	24797	24862
1623	28.747519	0.033208	-4.810000	-0.290000	18.100000	0.156000	-0.404000	-0.358000	29519	29971	31810	25078	24798	24821
1624	28.747613	0.000095	-4.770000	-0.800000	16.450000	0.156000	-0.404000	-0.358000	29523	29920	31645	25078	24798	24821
1625	28.777880	0.030266	-4.770000	-0.800000	16.450000	0.176000	-0.348000	-0.414000	29523	29920	31645	25088	24826	24793
1626	28.777961	0.000081	-4.700000	-0.910000	16.450000	0.176000	-0.348000	-0.414000	29530	29909	31645	25088	24826	24793
1627	28.804229	0.026268	-4.740000	-0.540000	14.560000	0.176000	-0.348000	-0.414000	29526	29946	31456	25088	24826	24793
1628	28.836232	0.032003	-4.570000	-0.590000	17.290000	0.176000	-0.348000	-0.414000	29543	29941	31729	25088	24826	24793
1629	28.869385	0.033153	-4.570000	-0.590000	17.290000	0.140000	-0.322000	-0.314000	29543	29941	31729	25070	24839	24843
1630	28.869516	0.000131	-4.760000	-0.550000	17.020000	0.140000	-0.322000	-0.314000	29524	29945	31702	25070	24839	24843
1631	28.905346	0.035830	-3.260000	0.000000	17.260000	0.140000	-0.322000	-0.314000	29674	30000	31726	25070	24839	24843
1632	28.937943	0.032598	-2.920000	-0.430000	14.520000	0.140000	-0.322000	-0.314000	29708	29957	31452	25070	24839	24843
1633	28.964622	0.026679	-2.920000	-0.430000	14.520000	0.114000	-0.168000	-0.376000	29708	29957	31452	25057	24916	24812
1634	28.964681	0.000058	-1.890000	0.550000	15.000000	0.114000	-0.168000	-0.376000	29811	30055	31500	25057	24916	24812
1635	28.990021	0.025340	-1.890000	0.550000	15.000000	0.028000	-0.032000	-0.352000	29811	30055	31500	25014	24984	24824
1636	28.990081	0.000060	-1.240000	0.210000	15.810000	0.028000	-0.032000	-0.352000	29876	30021	31581	25014	24984	24824
1637	29.021054	0.030973	-1.240000	0.210000	15.810000	0.008000	0.020000	-0.304000	29876	30021	31581	25004	25010	24848
1638	29.021189	0.000135	-0.760000	0.210000	16.030000	0.008000	0.020000	-0.304000	29924	30021	31603	25004	25010	24848
1639	29.050414	0.029225	-0.760000	0.210000	16.030000	-0.002000	0.046000	-0.316000	29924	30021	31603	24999	25023	24842
1640	29.050544	0.000130	-1.010000	-0.210000	15.780000	-0.002000	0.046000	-0.316000	29899	29979	31578	24999	25023	24842
1641	29.086411	0.035866	-1.010000	-0.210000	15.780000	0.052000	0.036000	-0.422000	29899	29979	31578	25026	25018	24789
1642	29.086511	0.000100	-1.220000	-1.040000	13.840000	0.052000	0.036000	-0.422000	29878	29896	31384	25026	25018	24789
1643	29.115021	0.028510	-1.220000	-1.040000	13.840000	0.154000	0.036000	-0.516000	29878	29896	31384	25077	25018	24742
1644	29.115163	0.000142	-0.240000	-1.700000	13.310000	0.154000	0.036000	-0.516000	29976	29830	31331	25077	25018	24742
1645	29.140566	0.025403	-0.240000	-1.700000	13.310000	0.214000	0.096000	-0.532000	29976	29830	31331	25107	25048	24734
1646	29.140639	0.000073	-0.060000	-2.880000	13.340000	0.214000	0.096000	-0.532000	29994	29712	31334	25107	25048	24734
1647	29.165794	0.025155	0.270000	-3.090000	13.020000	0.214000	0.096000	-0.532000	30027	29691	31302	25107	25048	24734
1648	29.196239	0.030445	-0.120000	-3.240000	13.040000	0.214000	0.096000	-0.532000	29988	29676	31304	25107	25048	24734
1649	29.229257	0.033018	-1.310000	-3.320000	13.070000	0.214000	0.096000	-0.532000	29869	29668	31307	25107	25048	24734
1650	29.261881	0.032624	-3.330000	-3.500000	14.460000	0.214000	0.096000	-0.532000	29667	29650	31446	25107	25048	24734
1651	29.290816	0.028935	-3.330000	-3.500000	14.460000	0.286000	-0.152000	-0.346000	29667	29650	31446	25143	24924	24827
1652	29.290923	0.000107	-3.820000	-2.480000	13.940000	0.286000	-0.152000	-0.346000	29618	29752	31394	25143	24924	24827
1653	29.317047	0.026123	-3.820000	-2.480000	13.940000	0.222000	-0.116000	-0.318000	29618	29752	31394	25111	24942	24841
1654	29.317114	0.000067	-3.180000	-2.160000	11.720000	0.222000	-0.116000	-0.318000	29682	29784	31172	25111	24942	24841
1655	29.345948	0.028834	-3.180000	-2.160000	11.720000	0.140000	-0.030000	-0.244000	29682	29784	31172	25070	24985	24878
1656	29.346022	0.000075	-2.720000	-2.190000	10.620000	0.140000	-0.030000	-0.244000	29728	29781	31062	25070	24985	24878
1657	29.373794	0.027772	-2.720000	-2.190000	10.620000	0.104000	0.040000	-0.252000	29728	29781	31062	25052	25020	24874
1658	29.373884	0.000090	-2.500000	-2.310000	10.570000	0.104000	0.040000	-0.252000	29750	29769	31057	25052	25020	24874
1659	29.414598	0.040714	-3.250000	-0.780000	11.680000	0.104000	0.040000	-0.252000	29675	29922	31168	25052	25020	24874
1660	29.452130	0.037532	-2.200000	-0.420000	8.960000	0.104000	0.040000	-0.252000	29780	29958	30896	25052	25020	24874
1661	29.488055	0.035925	-2.200000	-0.420000	8.960000	-0.048000	0.090000	-0.086000	29780	29958	30896	24976	25045	24957
1662	29.488189	0.000134	-1.700000	1.220000	11.400000	-0.048000	0.090000	-0.086000	29830	30122	31140	24976	25045	24957
1663	29.524622	0.036433	-1.700000	1.220000	11.400000	-0.112000	0.026000	-0.098000	29830	30122	31140	24944	25013	24951
1664	29.524712	0.000090	-1.570000	2.290000	7.660000	-0.112000	0.026000	-0.098000	29843	30229	30766	24944	25013	24951
1665	29.557316	0.032604	-1.600000	2.410000	6.220000	-0.112000	0.026000	-0.098000	29840	30241	30622	24944	25013	24951
1666	29.587239	0.029923	-1.540000	0.250000	6.310000	-0.112000	0.026000	-0.098000	29846	30025	30631	24944	25013	24951
1667	29.612929	0.025690	-0.600000	1.190000	7.110000	-0.112000	0.026000	-0.098000	29940	30119	30711	24944	25013	24951
1668	29.641570	0.028641	-0.390000	1.620000	5.190000	-0.112000	0.026000	-0.098000	29961	30162	30519	24944	25013	24951
1669	29.673356	0.031787	-0.390000	1.620000	5.190000	-0.024000	0.178000	-0.216000	29961	30162	30519	24988	25089	24892
1670	29.673479	0.000123	-0.340000	1.920000	4.310000	-0.024000	0.178000	-0.216000	29966	30192	30431	24988	25089	24892
1671	29.705530	0.032050	-0.340000	1.920000	4.310000	-0.014000	0.238000	-0.280000	29966	30192	30431	24993	25119	24860
1672	29.705626	0.000096	-0.330000	1.840000	4.310000	-0.014000	0.238000	-0.280000	29967	30184	30431	24993	25119	24860
1673	29.739500	0.033874	-0.240000	1.400000	5.640000	-0.014000	0.238000	-0.280000	29976	30140	30564	24993	25119	24860
1674	29.782872	0.043372	-0.610000	1.340000	6.710000	-0.014000	0.238000	-0.280000	29939	30134	30671	24993	25119	24860
1675	29.811619	0.028747	-0.610000	1.340000	6.710000	0.062000	0.324000	-0.378000	29939	30134	30671	25031	25162	24811
1676	29.811694	0.000074	-1.510000	1.160000	6.740000	0.062000	0.324000	-0.378000	29849	30116	30674	25031	25162	24811
1677	29.838352	0.026658	-1.690000	1.180000	5.650000	0.062000	0.324000	-0.378000	29831	30118	30565	25031	25162	24811
1678	29.871106	0.032754	-1.690000	1.180000	5.650000	0.060000	0.256000	-0.302000	29831	30118	30565	25030	25128	24849
1679	29.871194	0.000088	-1.970000	1.040000	5.380000	0.060000	0.256000	-0.302000	29803	30104	30538	25030	25128	24849
1680	29.902606	0.031412	-1.050000	0.520000	6.730000	0.060000	0.256000	-0.302000	29895	30052	30673	25030	25128	24849
1681	29.929765	0.027159	-1.050000	0.520000	6.730000	0.056000	0.244000	-0.236000	29895	30052	30673	25028	25122	24882
1682	29.929831	0.000066	-1.780000	0.130000	6.780000	0.056000	0.244000	-0.236000	29822	30013	30678	25028	25122	24882
1683	29.962061	0.032230	-2.530000	-0.490000	7.330000	0.056000	0.244000	-0.236000	29747	29951	30733	25028	25122	24882
1684	29.994706	0.032645	-2.530000	-0.490000	7.330000	0.150000	0.080000	-0.144000	29747	29951	30733	25075	25040	24928
1685	29.994795	0.000089	-1.970000	-0.670000	6.460000	0.150000	0.080000	-0.144000	29803	29933	30646	25075	25040	24928
1686	30.027863	0.033068	-2.540000	-1.600000	6.180000	0.150000	0.080000	-0.144000	29746	29840	30618	25075	25040	24928
1687	30.055471	0.027608	-2.100000	-1.870000	6.220000	0.150000	0.080000	-0.144000	29790	29813	30622	25075	25040	24928
1688	30.081790	0.026319	-2.700000	-2.290000	6.800000	0.150000	0.080000	-0.144000	29730	29771	30680	25075	25040	24928
1689	30.114417	0.032627	-2.700000	-2.290000	6.800000	0.288000	-0.076000	-0.004000	29730	29771	30680	25144	24962	24998
1690	30.114510	0.000093	-4.300000	-1.610000	4.930000	0.288000	-0.076000	-0.004000	29570	29839	30493	25144	24962	24998
1691	30.146785	0.032275	-4.670000	-1.870000	6.290000	0.288000	-0.076000	-0.004000	29533	29813	30629	25144	24962	24998
1692	30.179225	0.032440	-4.670000	-1.870000	6.290000	0.238000	-0.176000	0.010000	29533	29813	30629	25119	24912	25005
1693	30.179346	0.000121	-5.670000	-0.860000	4.440000	0.238000	-0.176000	0.010000	29433	29914	30444	25119	24912	25005
1694	30.220128	0.040782	-5.670000	-0.860000	4.440000	0.200000	-0.210000	0.056000	29433	29914	30444	25100	24895	25028
1695	30.220215	0.000087	-4.510000	-1.950000	5.180000	0.200000	-0.210000	0.056000	29549	29805	30518	25100	24895	25028
1696	30.245876	0.025661	-4.500000	-2.310000	5.260000	0.200000	-0.210000	0.056000	29550	29769	30526	25100	24895	25028
1697	30.280064	0.034188	-3.010000	-0.700000	6.090000	0.200000	-0.210000	0.056000	29699	29930	30609	25100	24895	25028
1698	30.312026	0.031962	-3.010000	-0.700000	6.090000	0.168000	-0.254000	-0.012000	29699	29930	30609	25084	24873	24994
1699	30.312113	0.000087	-3.010000	-0.700000	6.090000	0.188000	-0.298000	-0.010000	29699	29930	30609	25094	24851	24995
1700	30.312147	0.000034	-3.460000	-0.730000	5.530000	0.188000	-0.298000	-0.010000	29654	29927	30553	25094	24851	24995
1701	30.342902	0.030755	-3.560000	-0.590000	5.230000	0.188000	-0.298000	-0.010000	29644	29941	30523	25094	24851	24995
1702	30.370910	0.028008	-3.560000	-0.590000	5.230000	0.108000	-0.068000	0.040000	29644	29941	30523	25054	24966	25020
1703	30.370987	0.000077	-0.470000	-0.700000	7.800000	0.108000	-0.068000	0.040000	29953	29930	30780	25054	24966	25020
1704	30.401124	0.030136	-0.470000	-0.700000	7.800000	0.100000	-0.036000	0.068000	29953	29930	30780	25050	24982	25034
1705	30.401196	0.000072	-0.920000	-0.820000	7.570000	0.100000	-0.036000	0.068000	29908	29918	30757	25050	24982	25034
1706	30.431260	0.030064	-1.570000	-1.350000	4.900000	0.100000	-0.036000	0.068000	29843	29865	30490	25050	24982	25034
1707	30.463995	0.032735	-0.060000	-1.730000	5.770000	0.100000	-0.036000	0.068000	29994	29827	30577	25050	24982	25034
1708	30.491339	0.027344	-0.060000	-1.730000	5.770000	0.210000	-0.148000	-0.138000	29994	29827	30577	25105	24926	24931
1709	30.491485	0.000146	-0.040000	-1.780000	5.760000	0.210000	-0.148000	-0.138000	29996	29822	30576	25105	24926	24931
1710	30.521995	0.030510	0.430000	-1.670000	7.880000	0.210000	-0.148000	-0.138000	30043	29833	30788	25105	24926	24931
1711	30.552848	0.030853	0.420000	-1.250000	7.890000	0.210000	-0.148000	-0.138000	30042	29875	30789	25105	24926	24931
1712	30.588731	0.035883	0.420000	-1.250000	7.890000	0.146000	-0.150000	0.002000	30042	29875	30789	25073	24925	25001
1713	30.588832	0.000101	0.680000	-1.080000	6.520000	0.146000	-0.150000	0.002000	30068	29892	30652	25073	24925	25001
1714	30.616247	0.027415	0.680000	-1.080000	6.520000	0.110000	-0.062000	-0.010000	30068	29892	30652	25055	24969	24995
1715	30.616317	0.000070	0.800000	-0.790000	6.490000	0.110000	-0.062000	-0.010000	30080	29921	30649	25055	24969	24995
1716	30.644550	0.028233	-0.910000	-1.880000	6.270000	0.110000	-0.062000	-0.010000	29909	29812	30627	25055	24969	24995
1717	30.676009	0.031459	-0.910000	-1.880000	6.270000	0.282000	-0.206000	-0.328000	29909	29812	30627	25141	24897	24836
1718	30.676083	0.000074	-1.200000	-2.320000	6.370000	0.282000	-0.206000	-0.328000	29880	29768	30637	25141	24897	24836
1719	30.705776	0.029693	-1.180000	-2.280000	7.360000	0.282000	-0.206000	-0.328000	29882	29772	30736	25141	24897	24836
1720	30.736084	0.030308	-0.430000	-1.360000	7.390000	0.282000	-0.206000	-0.328000	29957	29864	30739	25141	24897	24836
1721	30.767478	0.031394	-0.430000	-1.360000	7.390000	0.198000	-0.184000	-0.266000	29957	29864	30739	25099	24908	24867
1722	30.767549	0.000071	-0.540000	-1.980000	7.900000	0.198000	-0.184000	-0.266000	29946	29802	30790	25099	24908	24867
1723	30.797753	0.030204	-0.540000	-1.980000	7.900000	0.270000	-0.162000	-0.390000	29946	29802	30790	25135	24919	24805
1724	30.797829	0.000076	-1.200000	-2.920000	8.980000	0.270000	-0.162000	-0.390000	29880	29708	30898	25135	24919	24805
1725	30.828570	0.030741	-1.200000	-2.920000	8.980000	0.346000	-0.284000	-0.418000	29880	29708	30898	25173	24858	24791
1726	30.828669	0.000099	-3.190000	-2.740000	8.530000	0.346000	-0.284000	-0.418000	29681	29726	30853	25173	24858	24791
1727	30.859528	0.030859	-4.610000	-0.360000	6.240000	0.346000	-0.284000	-0.418000	29539	29964	30624	25173	24858	24791
1728	30.891793	0.032265	-3.760000	-0.250000	7.710000	0.346000	-0.284000	-0.418000	29624	29975	30771	25173	24858	24791
1729	30.924003	0.032210	-3.760000	-0.250000	7.710000	0.274000	-0.290000	-0.244000	29624	29975	30771	25137	24855	24878
1730	30.924095	0.000092	-3.290000	-1.770000	8.340000	0.274000	-0.290000	-0.244000	29671	29823	30834	25137	24855	24878
1731	30.956112	0.032017	-3.290000	-1.770000	8.340000	0.316000	-0.338000	-0.228000	29671	29823	30834	25158	24831	24886
1732	30.956276	0.000164	-5.530000	-0.610000	5.320000	0.316000	-0.338000	-0.228000	29447	29939	30532	25158	24831	24886
1733	30.990452	0.034176	-6.030000	0.570000	5.660000	0.316000	-0.338000	-0.228000	29397	30057	30566	25158	24831	24886
1734	31.028557	0.038104	-6.030000	0.570000	5.660000	0.056000	-0.398000	-0.084000	29397	30057	30566	25028	24801	24958
1735	31.028654	0.000097	-6.640000	0.490000	5.100000	0.056000	-0.398000	-0.084000	29336	30049	30510	25028	24801	24958
1736	31.062037	0.033383	-6.640000	0.490000	5.100000	0.098000	-0.344000	-0.244000	29336	30049	30510	25049	24828	24878
1737	31.062126	0.000088	-8.330000	0.030000	4.070000	0.098000	-0.344000	-0.244000	29167	30003	30407	25049	24828	24878
1738	31.096057	0.033931	-7.770000	-0.600000	5.380000	0.098000	-0.344000	-0.244000	29223	29940	30538	25049	24828	24878
1739	31.129524	0.033468	-7.770000	-0.600000	5.380000	0.330000	-0.442000	-0.400000	29223	29940	30538	25165	24779	24800
1740	31.129616	0.000091	-6.570000	-1.250000	6.500000	0.330000	-0.442000	-0.400000	29343	29875	30650	25165	24779	24800
1741	31.156462	0.026847	-7.350000	-0.490000	5.460000	0.330000	-0.442000	-0.400000	29265	29951	30546	25165	24779	24800
1742	31.189286	0.032823	-7.470000	1.020000	0.150000	0.330000	-0.442000	-0.400000	29253	30102	30015	25165	24779	24800
1743	31.226229	0.036943	-6.580000	0.350000	4.990000	0.330000	-0.442000	-0.400000	29342	30035	30499	25165	24779	24800
1744	31.256001	0.029772	-6.580000	0.350000	4.990000	0.320000	-0.136000	-0.340000	29342	30035	30499	25160	24932	24830
1745	31.256074	0.000073	-6.850000	-0.950000	5.370000	0.320000	-0.136000	-0.340000	29315	29905	30537	25160	24932	24830
1746	31.288099	0.032026	-8.000000	-0.430000	5.410000	0.320000	-0.136000	-0.340000	29200	29957	30541	25160	24932	24830
1747	31.320023	0.031923	-9.090000	0.680000	4.530000	0.320000	-0.136000	-0.340000	29091	30068	30453	25160	24932	24830
1748	31.351564	0.031542	-9.090000	0.680000	4.530000	0.248000	-0.410000	-0.212000	29091	30068	30453	25124	24795	24894
1749	31.351654	0.000090	-7.970000	0.480000	5.910000	0.248000	-0.410000	-0.212000	29203	30048	30591	25124	24795	24894
1750	31.383156	0.031502	-7.970000	0.480000	5.910000	0.200000	-0.470000	-0.174000	29203	30048	30591	25100	24765	24913
1751	31.383279	0.000123	-8.000000	0.600000	5.140000	0.200000	-0.470000	-0.174000	29200	30060	30514	25100	24765	24913
1752	31.416524	0.033245	-7.550000	0.500000	4.280000	0.200000	-0.470000	-0.174000	29245	30050	30428	25100	24765	24913
1753	31.455196	0.038671	-7.550000	0.500000	4.280000	0.198000	-0.324000	-0.196000	29245	30050	30428	25099	24838	24902
1754	31.455311	0.000116	-7.450000	0.370000	5.900000	0.198000	-0.324000	-0.196000	29255	30037	30590	25099	24838	24902
1755	31.482710	0.027399	-6.780000	0.520000	5.140000	0.198000	-0.324000	-0.196000	29322	30052	30514	25099	24838	24902
1756	31.508472	0.025761	-6.780000	0.520000	5.140000	0.218000	-0.336000	-0.248000	29322	30052	30514	25109	24832	24876
1757	31.508532	0.000061	-6.610000	0.070000	5.380000	0.218000	-0.336000	-0.248000	29339	30007	30538	25109	24832	24876
1758	31.533125	0.024593	-5.600000	0.460000	4.750000	0.218000	-0.336000	-0.248000	29440	30046	30475	25109	24832	24876
1759	31.562029	0.028904	-5.330000	0.410000	5.010000	0.218000	-0.336000	-0.248000	29467	30041	30501	25109	24832	24876
1760	31.590978	0.028949	-5.330000	0.410000	5.010000	0.140000	-0.364000	-0.226000	29467	30041	30501	25070	24818	24887
1761	31.591048	0.000069	-5.330000	0.410000	5.010000	0.142000	-0.310000	-0.250000	29467	30041	30501	25071	24845	24875
1762	31.591065	0.000017	-4.790000	0.770000	4.530000	0.142000	-0.310000	-0.250000	29521	30077	30453	25071	24845	24875
1763	31.617074	0.026010	-2.270000	1.270000	4.130000	0.142000	-0.310000	-0.250000	29773	30127	30413	25071	24845	24875
1764	31.643811	0.026737	-1.790000	0.700000	4.140000	0.142000	-0.310000	-0.250000	29821	30070	30414	25071	24845	24875
1765	31.673713	0.029901	-1.260000	0.280000	3.580000	0.142000	-0.310000	-0.250000	29874	30028	30358	25071	24845	24875
1766	31.705595	0.031883	-1.260000	0.280000	3.580000	0.066000	-0.134000	-0.128000	29874	30028	30358	25033	24933	24936
1767	31.705687	0.000092	-0.920000	0.380000	2.530000	0.066000	-0.134000	-0.128000	29908	30038	30253	25033	24933	24936
1768	31.736765	0.031078	-0.920000	0.380000	2.530000	0.026000	-0.118000	-0.100000	29908	30038	30253	25013	24941	24950
1769	31.736832	0.000067	-0.920000	0.380000	2.530000	0.078000	-0.122000	-0.078000	29908	30038	30253	25039	24939	24961
1770	31.736855	0.000023	-1.000000	0.050000	2.180000	0.078000	-0.122000	-0.078000	29900	30005	30218	25039	24939	24961
1771	31.767020	0.030165	-2.060000	-0.520000	1.160000	0.078000	-0.122000	-0.078000	29794	29948	30116	25039	24939	24961
1772	31.793861	0.026841	-2.060000	-0.520000	1.160000	0.106000	-0.140000	-0.038000	29794	29948	30116	25053	24930	24981
1773	31.793924	0.000063	-0.890000	-0.430000	-0.210000	0.106000	-0.140000	-0.038000	29911	29957	29979	25053	24930	24981
1774	31.824639	0.030715	-1.140000	-0.810000	0.300000	0.106000	-0.140000	-0.038000	29886	29919	30030	25053	24930	24981
1775	31.857781	0.033142	-1.140000	-0.810000	0.300000	0.096000	-0.078000	-0.064000	29886	29919	30030	25048	24961	24968
1776	31.857862	0.000081	-0.370000	-0.160000	0.800000	0.096000	-0.078000	-0.064000	29963	29984	30080	25048	24961	24968
1777	31.888487	0.030625	-0.370000	-0.160000	0.800000	0.058000	0.010000	-0.050000	29963	29984	30080	25029	25005	24975
1778	31.888574	0.000087	-0.370000	-0.280000	-0.260000	0.058000	0.010000	-0.050000	29963	29972	29974	25029	25005	24975
1779	31.920887	0.032313	-0.370000	-0.280000	-0.260000	0.050000	0.012000	-0.030000	29963	29972	29974	25025	25006	24985
1780	31.921076	0.000189	-0.370000	-0.280000	-0.260000	0.060000	-0.014000	-0.030000	29963	29972	29974	25030	24993	24985
1781	31.921316	0.000240	-0.890000	-0.410000	-0.240000	0.060000	-0.014000	-0.030000	29911	29959	29976	25030	24993	24985
1782	31.947752	0.026436	-0.890000	-0.410000	-0.240000	0.076000	-0.020000	0.012000	29911	29959	29976	25038	24990	25006
1783	31.947901	0.000149	-0.340000	-1.060000	0.280000	0.076000	-0.020000	0.012000	29966	29894	30028	25038	24990	25006
1784	31.972941	0.025040	-0.340000	-1.060000	0.280000	0.096000	0.006000	0.014000	29966	29894	30028	25048	25003	25007
1785	31.973051	0.000110	0.010000	-0.290000	0.030000	0.096000	0.006000	0.014000	30001	29971	30003	25048	25003	25007
1786	32.011319	0.038268	0.010000	-0.290000	0.030000	0.012000	0.014000	0.026000	30001	29971	30003	25006	25007	25013
1787	32.011617	0.000297	-0.160000	-0.520000	0.270000	0.012000	0.014000	0.026000	29984	29948	30027	25006	25007	25013
1788	32.046199	0.034582	-0.160000	-0.520000	0.270000	0.028000	0.012000	0.016000	29984	29948	30027	25014	25006	25008
1789	32.046284	0.000085	0.000000	-0.470000	0.560000	0.028000	0.012000	0.016000	30000	29953	30056	25014	25006	25008
1790	32.079811	0.033527	0.000000	-0.470000	0.560000	0.042000	0.004000	0.010000	30000	29953	30056	25021	25002	25005
1791	32.079888	0.000077	-0.320000	-0.430000	0.560000	0.042000	0.004000	0.010000	29968	29957	30056	25021	25002	25005
1792	32.111076	0.031188	-0.070000	-0.610000	-0.250000	0.042000	0.004000	0.010000	29993	29939	29975	25021	25002	25005
1793	32.141826	0.030750	-0.450000	-0.550000	-0.010000	0.042000	0.004000	0.010000	29955	29945	29999	25021	25002	25005
1794	32.174397	0.032571	-0.080000	-0.140000	0.230000	0.042000	0.004000	0.010000	29992	29986	30023	25021	25002	25005
1795	32.201795	0.027399	-0.080000	-0.140000	0.230000	0.018000	0.040000	0.008000	29992	29986	30023	25009	25020	25004
1796	32.201875	0.000080	-0.080000	-0.590000	-0.250000	0.018000	0.040000	0.008000	29992	29941	29975	25009	25020	25004
1797	32.233709	0.031834	-0.210000	-0.610000	-0.500000	0.018000	0.040000	0.008000	29979	29939	29950	25009	25020	25004
1798	32.265576	0.031867	-0.210000	-0.610000	-0.500000	0.046000	0.012000	0.022000	29979	29939	29950	25023	25006	25011
1799	32.265689	0.000113	0.230000	-0.320000	-0.020000	0.046000	0.012000	0.022000	30023	29968	29998	25023	25006	25011
1800	32.298634	0.032945	0.230000	-0.320000	-0.020000	0.018000	0.050000	0.024000	30023	29968	29998	25009	25025	25012
1801	32.298748	0.000114	-0.080000	-0.360000	-0.620000	0.018000	0.050000	0.024000	29992	29964	29938	25009	25025	25012
1802	32.333639	0.034891	0.130000	-0.800000	0.500000	0.018000	0.050000	0.024000	30013	29920	30050	25009	25025	25012
1803	32.364090	0.030451	-0.570000	-0.670000	0.090000	0.018000	0.050000	0.024000	29943	29933	30009	25009	25025	25012
1804	32.394426	0.030336	-0.570000	-0.670000	0.090000	0.094000	-0.006000	0.010000	29943	29933	30009	25047	24997	25005
1805	32.394500	0.000074	-0.340000	-1.090000	-0.510000	0.094000	-0.006000	0.010000	29966	29891	29949	25047	24997	25005
1806	32.425634	0.031134	-0.340000	-1.090000	-0.510000	0.096000	-0.006000	0.018000	29966	29891	29949	25048	24997	25009
1807	32.425728	0.000094	-0.170000	-0.380000	0.790000	0.096000	-0.006000	0.018000	29983	29962	30079	25048	24997	25009
1808	32.458920	0.033192	-0.510000	-0.620000	-0.240000	0.096000	-0.006000	0.018000	29949	29938	29976	25048	24997	25009
1809	32.491571	0.032651	-0.140000	-0.350000	-0.060000	0.096000	-0.006000	0.018000	29986	29965	29994	25048	24997	25009
1810	32.523852	0.032280	-0.200000	-0.780000	0.270000	0.096000	-0.006000	0.018000	29980	29922	30027	25048	24997	25009
1811	32.550803	0.026952	-0.200000	-0.780000	0.270000	0.076000	0.020000	0.020000	29980	29922	30027	25038	25010	25010
1812	32.550888	0.000085	0.020000	-0.210000	-0.520000	0.076000	0.020000	0.020000	30002	29979	29948	25038	25010	25010
1813	32.583999	0.033110	0.020000	-0.210000	-0.520000	0.018000	0.032000	0.016000	30002	29979	29948	25009	25016	25008
1814	32.584071	0.000072	-0.430000	-0.570000	-0.510000	0.018000	0.032000	0.016000	29957	29943	29949	25009	25016	25008
1815	32.613023	0.028952	-0.500000	-0.660000	0.040000	0.018000	0.032000	0.016000	29950	29934	30004	25009	25016	25008
1816	32.638645	0.025622	-0.500000	-0.660000	0.040000	0.080000	-0.002000	0.022000	29950	29934	30004	25040	24999	25011
1817	32.638707	0.000062	-0.170000	-0.190000	0.500000	0.080000	-0.002000	0.022000	29983	29981	30050	25040	24999	25011
1818	32.668421	0.029714	-0.170000	-0.190000	0.500000	0.008000	0.046000	-0.004000	29983	29981	30050	25004	25023	24998
1819	32.668504	0.000082	-0.440000	-0.520000	0.510000	0.008000	0.046000	-0.004000	29956	29948	30051	25004	25023	24998
1820	32.701103	0.032599	-0.440000	-0.520000	0.510000	0.048000	0.004000	0.018000	29956	29948	30051	25024	25002	25009
1821	32.701202	0.000099	-0.850000	-0.040000	-0.030000	0.048000	0.004000	0.018000	29915	29996	29997	25024	25002	25009
1822	32.733305	0.032103	-0.530000	-0.320000	-0.040000	0.048000	0.004000	0.018000	29947	29968	29996	25024	25002	25009
1823	32.762417	0.029111	-0.100000	-0.680000	0.240000	0.048000	0.004000	0.018000	29990	29932	30024	25024	25002	25009
1824	32.794201	0.031785	-0.180000	-0.680000	0.280000	0.048000	0.004000	0.018000	29982	29932	30028	25024	25002	25009
1825	32.828104	0.033902	-0.180000	-0.680000	0.280000	0.038000	0.004000	0.014000	29982	29932	30028	25019	25002	25007
1826	32.828206	0.000102	-0.240000	-0.720000	0.310000	0.038000	0.004000	0.014000	29976	29928	30031	25019	25002	25007
1827	32.861417	0.033211	-0.020000	-0.160000	-0.300000	0.038000	0.004000	0.014000	29998	29984	29970	25019	25002	25007
1828	32.891905	0.030488	-0.120000	-0.200000	-0.270000	0.038000	0.004000	0.014000	29988	29980	29973	25019	25002	25007
1829	32.923343	0.031439	-0.070000	-0.800000	-0.570000	0.038000	0.004000	0.014000	29993	29920	29943	25019	25002	25007
1830	32.953871	0.030528	0.200000	-0.030000	0.020000	0.038000	0.004000	0.014000	30020	29997	30002	25019	25002	25007
1831	32.985799	0.031927	-0.550000	-0.370000	0.030000	0.038000	0.004000	0.014000	29945	29963	30003	25019	25002	25007
1832	33.016080	0.030281	-0.550000	-0.370000	0.030000	0.038000	0.002000	0.006000	29945	29963	30003	25019	25001	25003
1833	33.016163	0.000083	-0.070000	-0.740000	-0.800000	0.038000	0.002000	0.006000	29993	29926	29920	25019	25001	25003
1834	33.046338	0.030174	-0.170000	-0.660000	-0.300000	0.038000	0.002000	0.006000	29983	29934	29970	25019	25001	25003
1835	33.077518	0.031181	-0.170000	-0.660000	-0.300000	0.048000	0.018000	0.016000	29983	29934	29970	25024	25009	25008
1836	33.077681	0.000163	-0.250000	-1.190000	0.300000	0.048000	0.018000	0.016000	29975	29881	30030	25024	25009	25008
1837	33.112210	0.034529	-0.250000	-1.190000	0.300000	0.092000	-0.010000	0.016000	29975	29881	30030	25046	24995	25008
1838	33.112386	0.000176	-0.160000	-0.300000	-0.560000	0.092000	-0.010000	0.016000	29984	29970	29944	25046	24995	25008
1839	33.145877	0.033491	-0.160000	-0.300000	-0.560000	0.016000	0.020000	0.020000	29984	29970	29944	25008	25010	25010
1840	33.145966	0.000089	-0.260000	-0.360000	-0.020000	0.016000	0.020000	0.020000	29974	29964	29998	25008	25010	25010
1841	33.177192	0.031226	-0.420000	-0.660000	0.530000	0.016000	0.020000	0.020000	29958	29934	30053	25008	25010	25010
1842	33.209900	0.032708	-0.090000	-0.130000	-0.260000	0.016000	0.020000	0.020000	29991	29987	29974	25008	25010	25010
1843	33.242948	0.033048	0.070000	0.030000	0.520000	0.016000	0.020000	0.020000	30007	30003	30052	25008	25010	25010
1844	33.269409	0.026460	0.070000	0.030000	0.520000	-0.008000	0.048000	0.014000	30007	30003	30052	24996	25024	25007
1845	33.269502	0.000094	-0.390000	-0.290000	-0.230000	-0.008000	0.048000	0.014000	29961	29971	29977	24996	25024	25007
1846	33.300883	0.031381	-0.390000	-0.290000	-0.230000	0.034000	0.000000	0.036000	29961	29971	29977	25017	25000	25018
1847	33.300970	0.000087	-0.100000	-0.110000	0.300000	0.034000	0.000000	0.036000	29990	29989	30030	25017	25000	25018
1848	33.332791	0.031821	-0.100000	-0.110000	0.300000	0.008000	0.000000	0.014000	29990	29989	30030	25004	25000	25007
1849	33.332882	0.000091	0.020000	0.300000	0.280000	0.008000	0.000000	0.014000	30002	30030	30028	25004	25000	25007
1850	33.365885	0.033003	-0.130000	-0.410000	-0.480000	0.008000	0.000000	0.014000	29987	29959	29952	25004	25000	25007
1851	33.401255	0.035369	-0.080000	-0.240000	-0.780000	0.008000	0.000000	0.014000	29992	29976	29922	25004	25000	25007
1852	33.429862	0.028608	-0.080000	-0.240000	-0.780000	0.034000	0.026000	0.018000	29992	29976	29922	25017	25013	25009
1853	33.429965	0.000102	-0.130000	-0.330000	-0.520000	0.034000	0.026000	0.018000	29987	29967	29948	25017	25013	25009
1854	33.462084	0.032119	-0.130000	-0.330000	-0.520000	0.050000	0.028000	0.014000	29987	29967	29948	25025	25014	25007
1855	33.462175	0.000092	-0.030000	-0.380000	0.230000	0.050000	0.028000	0.014000	29997	29962	30023	25025	25014	25007
1856	33.488723	0.026548	-0.030000	-0.380000	0.230000	0.026000	0.036000	0.004000	29997	29962	30023	25013	25018	25002
1857	33.488794	0.000071	0.040000	-0.100000	-0.030000	0.026000	0.036000	0.004000	30004	29990	29997	25013	25018	25002
1858	33.520616	0.031822	-0.390000	-0.620000	-0.780000	0.026000	0.036000	0.004000	29961	29938	29922	25013	25018	25002
1859	33.551177	0.030561	-0.200000	0.190000	-1.300000	0.026000	0.036000	0.004000	29980	30019	29870	25013	25018	25002
1860	33.577365	0.026188	-0.170000	-0.560000	0.220000	0.026000	0.036000	0.004000	29983	29944	30022	25013	25018	25002
1861	33.605874	0.028509	0.070000	-0.370000	0.250000	0.026000	0.036000	0.004000	30007	29963	30025	25013	25018	25002
1862	33.642280	0.036406	0.070000	-0.370000	0.250000	0.024000	0.034000	0.024000	30007	29963	30025	25012	25017	25012
1863	33.642358	0.000078	-0.830000	-0.450000	-0.010000	0.024000	0.034000	0.024000	29917	29955	29999	25012	25017	25012
1864	33.673898	0.031540	-0.830000	-0.450000	-0.010000	0.040000	-0.018000	0.026000	29917	29955	29999	25020	24991	25013
1865	33.674029	0.000131	-0.580000	-1.090000	0.540000	0.040000	-0.018000	0.026000	29942	29891	30054	25020	24991	25013
1866	33.705347	0.031318	-0.330000	-0.540000	-0.500000	0.040000	-0.018000	0.026000	29967	29946	29950	25020	24991	25013
1867	33.735689	0.030342	-0.210000	-0.440000	-0.490000	0.040000	-0.018000	0.026000	29979	29956	29951	25020	24991	25013
1868	33.765576	0.029887	-0.210000	-0.440000	-0.490000	0.052000	0.018000	0.014000	29979	29956	29951	25026	25009	25007
1869	33.765652	0.000076	-0.250000	-0.470000	0.010000	0.052000	0.018000	0.014000	29975	29953	30001	25026	25009	25007
1870	33.794737	0.029084	0.360000	-0.020000	-0.090000	0.052000	0.018000	0.014000	30036	29998	29991	25026	25009	25007
1871	33.824057	0.029320	0.360000	-0.020000	-0.090000	-0.024000	0.050000	0.010000	30036	29998	29991	24988	25025	25005
1872	33.824132	0.000075	0.070000	0.440000	0.200000	-0.024000	0.050000	0.010000	30007	30044	30020	24988	25025	25005
1873	33.854767	0.030635	-1.070000	-0.520000	-0.230000	-0.024000	0.050000	0.010000	29893	29948	29977	24988	25025	25005
1874	33.886079	0.031312	-1.070000	-0.520000	-0.230000	0.060000	-0.040000	0.024000	29893	29948	29977	25030	24980	25012
1875	33.886160	0.000081	0.200000	-0.140000	-0.020000	0.060000	-0.040000	0.024000	30020	29986	29998	25030	24980	25012
1876	33.917659	0.031499	-0.310000	-0.480000	0.250000	0.060000	-0.040000	0.024000	29969	29952	30025	25030	24980	25012
1877	33.948644	0.030986	-0.010000	-0.900000	-0.290000	0.060000	-0.040000	0.024000	29999	29910	29971	25030	24980	25012
1878	33.986141	0.037497	-0.010000	-0.900000	-0.290000	0.076000	0.018000	0.012000	29999	29910	29971	25038	25009	25006
1879	33.986339	0.000198	0.160000	0.000000	-0.800000	0.076000	0.018000	0.012000	30016	30000	29920	25038	25009	25006
1880	34.017363	0.031024	0.160000	0.000000	-0.800000	-0.014000	0.024000	0.012000	30016	30000	29920	24993	25012	25006
1881	34.017448	0.000085	-0.120000	-0.030000	-0.780000	-0.014000	0.024000	0.012000	29988	29997	29922	24993	25012	25006
1882	34.045836	0.028388	-0.360000	-0.210000	0.790000	-0.014000	0.024000	0.012000	29964	29979	30079	24993	25012	25006
1883	34.077035	0.031199	-0.110000	-0.520000	0.510000	-0.014000	0.024000	0.012000	29989	29948	30051	24993	25012	25006
1884	34.108063	0.031028	-0.110000	-0.520000	0.510000	0.036000	0.024000	0.012000	29989	29948	30051	25018	25012	25006
1885	34.108132	0.000069	-0.230000	-0.560000	-0.260000	0.036000	0.024000	0.012000	29977	29944	29974	25018	25012	25006
1886	34.139854	0.031722	-0.230000	-0.560000	-0.260000	0.050000	0.008000	0.016000	29977	29944	29974	25025	25004	25008
1887	34.139929	0.000075	-0.480000	-0.730000	-0.010000	0.050000	0.008000	0.016000	29952	29927	29999	25025	25004	25008
1888	34.172045	0.032116	-0.480000	-0.730000	-0.010000	0.080000	-0.006000	0.018000	29952	29927	29999	25040	24997	25009
1889	34.172122	0.000077	-0.480000	-0.730000	-0.010000	0.026000	0.020000	0.036000	29952	29927	29999	25013	25010	25018
1890	34.172147	0.000025	0.020000	-0.110000	0.560000	0.026000	0.020000	0.036000	30002	29989	30056	25013	25010	25018
1891	34.203941	0.031794	0.190000	-0.370000	-0.550000	0.026000	0.020000	0.036000	30019	29963	29945	25013	25010	25018
1892	34.230233	0.026292	0.190000	-0.370000	-0.550000	0.034000	0.032000	0.008000	30019	29963	29945	25017	25016	25004
1893	34.230336	0.000103	-0.290000	-0.590000	-0.260000	0.034000	0.032000	0.008000	29971	29941	29974	25017	25016	25004
1894	34.262533	0.032197	-0.320000	-0.370000	0.250000	0.034000	0.032000	0.008000	29968	29963	30025	25017	25016	25004
1895	34.294399	0.031865	-0.270000	-0.260000	-0.800000	0.034000	0.032000	0.008000	29973	29974	29920	25017	25016	25004
1896	34.328641	0.034243	-0.380000	-0.750000	-0.250000	0.034000	0.032000	0.008000	29962	29925	29975	25017	25016	25004
1897	34.361220	0.032579	-0.380000	-0.750000	-0.250000	0.074000	-0.006000	0.032000	29962	29925	29975	25037	24997	25016
1898	34.361302	0.000082	-0.680000	-0.710000	0.580000	0.074000	-0.006000	0.032000	29932	29929	30058	25037	24997	25016
1899	34.394037	0.032735	0.030000	0.640000	-0.570000	0.074000	-0.006000	0.032000	30003	30064	29943	25037	24997	25016
1900	34.429614	0.035577	0.030000	0.640000	-0.570000	-0.036000	0.054000	0.004000	30003	30064	29943	24982	25027	25002
1901	34.429723	0.000108	-0.370000	-0.580000	0.010000	-0.036000	0.054000	0.004000	29963	29942	30001	24982	25027	25002
1902	34.459944	0.030221	-0.370000	-0.580000	0.010000	0.052000	0.002000	0.012000	29963	29942	30001	25026	25001	25006
1903	34.460166	0.000222	-0.370000	-0.580000	0.010000	0.054000	0.000000	0.014000	29963	29942	30001	25027	25000	25007
1904	34.460214	0.000048	-0.400000	-0.300000	-0.550000	0.054000	0.000000	0.014000	29960	29970	29945	25027	25000	25007
1905	34.487166	0.026952	-0.060000	-0.560000	-0.800000	0.054000	0.000000	0.014000	29994	29944	29920	25027	25000	25007
1906	34.518780	0.031615	-0.150000	0.100000	-0.300000	0.054000	0.000000	0.014000	29985	30010	29970	25027	25000	25007
1907	34.553564	0.034784	0.030000	-0.110000	-0.250000	0.054000	0.000000	0.014000	30003	29989	29975	25027	25000	25007
1908	34.590145	0.036581	0.030000	-0.110000	-0.250000	0.042000	0.046000	0.006000	30003	29989	29975	25021	25023	25003
1909	34.590248	0.000103	-0.190000	-0.240000	-0.560000	0.042000	0.046000	0.006000	29981	29976	29944	25021	25023	25003
1910	34.615743	0.025495	-0.190000	-0.240000	-0.560000	0.080000	-0.006000	0.020000	29981	29976	29944	25040	24997	25010
1911	34.615847	0.000103	-0.280000	-0.300000	-0.280000	0.080000	-0.006000	0.020000	29972	29970	29972	25040	24997	25010
1912	34.647165	0.031319	-0.280000	-0.300000	-0.280000	0.048000	0.032000	0.012000	29972	29970	29972	25024	25016	25006
1913	34.647440	0.000274	-0.040000	-0.500000	0.040000	0.048000	0.032000	0.012000	29996	29950	30004	25024	25016	25006
1914	34.679953	0.032514	-0.040000	-0.500000	0.040000	0.040000	0.024000	0.026000	29996	29950	30004	25020	25012	25013
1915	34.680010	0.000056	-0.390000	-0.020000	-0.580000	0.040000	0.024000	0.026000	29961	29998	29942	25020	25012	25013
1916	34.708403	0.028393	-0.390000	-0.020000	-0.580000	0.016000	0.004000	0.018000	29961	29998	29942	25008	25002	25009
1917	34.708505	0.000102	0.200000	-0.160000	-0.290000	0.016000	0.004000	0.018000	30020	29984	29971	25008	25002	25009
1918	34.740153	0.031648	0.200000	-0.160000	-0.290000	0.014000	0.052000	0.012000	30020	29984	29971	25007	25026	25006
1919	34.740248	0.000095	-0.430000	-0.700000	0.020000	0.014000	0.052000	0.012000	29957	29930	30002	25007	25026	25006
1920	34.771499	0.031251	-0.430000	-0.700000	0.020000	0.070000	-0.002000	0.026000	29957	29930	30002	25035	24999	25013
1921	34.771595	0.000097	-0.430000	-0.700000	0.020000	0.062000	-0.020000	0.006000	29957	29930	30002	25031	24990	25003
1922	34.771627	0.000031	0.010000	-0.620000	-0.020000	0.062000	-0.020000	0.006000	30001	29938	29998	25031	24990	25003
1923	34.806221	0.034595	-0.380000	-0.520000	0.250000	0.062000	-0.020000	0.006000	29962	29948	30025	25031	24990	25003
1924	34.844556	0.038334	-0.380000	-0.520000	0.250000	0.046000	0.006000	0.010000	29962	29948	30025	25023	25003	25005
1925	34.844643	0.000087	-0.530000	-0.770000	0.270000	0.046000	0.006000	0.010000	29947	29923	30027	25023	25003	25005
1926	34.878557	0.033915	-0.370000	-0.760000	0.240000	0.046000	0.006000	0.010000	29963	29924	30024	25023	25003	25005
1927	34.916169	0.037612	0.110000	0.040000	-0.800000	0.046000	0.006000	0.010000	30011	30004	29920	25023	25003	25005
1928	34.949797	0.033628	0.110000	0.040000	-0.800000	-0.020000	0.038000	0.008000	30011	30004	29920	24990	25019	25004
1929	34.949888	0.000091	-0.320000	-0.780000	-0.500000	-0.020000	0.038000	0.008000	29968	29922	29950	24990	25019	25004
1930	34.982119	0.032231	-0.320000	-0.780000	-0.500000	0.056000	-0.016000	0.020000	29968	29922	29950	25028	24992	25010
1931	34.982206	0.000087	-0.350000	-0.200000	0.010000	0.056000	-0.016000	0.020000	29965	29980	30001	25028	24992	25010
1932	35.008816	0.026610	-0.350000	-0.200000	0.010000	0.028000	0.006000	0.012000	29965	29980	30001	25014	25003	25006
1933	35.008886	0.000070	-0.350000	-0.200000	0.010000	-0.040000	0.078000	0.012000	29965	29980	30001	24980	25039	25006
1934	35.008909	0.000023	0.340000	-0.090000	-0.270000	-0.040000	0.078000	0.012000	30034	29991	29973	24980	25039	25006
1935	35.035161	0.026252	-0.020000	-0.260000	-0.310000	-0.040000	0.078000	0.012000	29998	29974	29969	24980	25039	25006
1936	35.067185	0.032024	-0.020000	-0.260000	-0.310000	0.002000	0.018000	0.024000	29998	29974	29969	25001	25009	25012
1937	35.067266	0.000081	-0.770000	-0.670000	0.020000	0.002000	0.018000	0.024000	29923	29933	30002	25001	25009	25012
1938	35.099500	0.032235	-0.390000	-0.120000	-0.300000	0.002000	0.018000	0.024000	29961	29988	29970	25001	25009	25012
1939	35.133586	0.034085	0.290000	-0.220000	0.510000	0.002000	0.018000	0.024000	30029	29978	30051	25001	25009	25012
1940	35.160026	0.026440	0.290000	-0.220000	0.510000	0.012000	0.054000	0.012000	30029	29978	30051	25006	25027	25006
1941	35.160090	0.000064	0.000000	-0.480000	-0.010000	0.012000	0.054000	0.012000	30000	29952	29999	25006	25027	25006
1942	35.186716	0.026626	0.000000	-0.480000	-0.010000	0.030000	0.010000	0.008000	30000	29952	29999	25015	25005	25004
1943	35.186774	0.000057	0.020000	-0.220000	0.510000	0.030000	0.010000	0.008000	30002	29978	30051	25015	25005	25004
1944	35.215921	0.029147	0.350000	-0.200000	0.470000	0.030000	0.010000	0.008000	30035	29980	30047	25015	25005	25004
1945	35.248152	0.032231	0.350000	-0.200000	0.470000	0.102000	0.018000	0.016000	30035	29980	30047	25051	25009	25008
1946	35.248213	0.000061	-0.050000	0.040000	-0.550000	0.102000	0.018000	0.016000	29995	30004	29945	25051	25009	25008
1947	35.273484	0.025270	-0.030000	-0.380000	0.180000	0.102000	0.018000	0.016000	29997	29962	30018	25051	25009	25008
1948	35.299415	0.025931	-0.030000	-0.380000	0.180000	0.008000	0.018000	0.010000	29997	29962	30018	25004	25009	25005
1949	35.299474	0.000059	-0.140000	-0.200000	-0.290000	0.008000	0.018000	0.010000	29986	29980	29971	25004	25009	25005
1950	35.327287	0.027813	-0.140000	-0.200000	-0.290000	0.006000	0.010000	0.010000	29986	29980	29971	25003	25005	25005
1951	35.327395	0.000109	-0.140000	-0.410000	-0.720000	0.006000	0.010000	0.010000	29986	29959	29928	25003	25005	25005
1952	35.359211	0.031815	-0.140000	-0.410000	-0.720000	0.010000	0.026000	0.010000	29986	29959	29928	25005	25013	25005
1953	35.359273	0.000063	0.020000	-0.740000	0.020000	0.010000	0.026000	0.010000	30002	29926	30002	25005	25013	25005
1954	35.389055	0.029782	0.020000	-0.740000	0.020000	0.048000	0.000000	0.012000	30002	29926	30002	25024	25000	25006
1955	35.389133	0.000078	-0.380000	-0.620000	-0.310000	0.048000	0.000000	0.012000	29962	29938	29969	25024	25000	25006
1956	35.415538	0.026404	-0.520000	-0.510000	-0.530000	0.048000	0.000000	0.012000	29948	29949	29947	25024	25000	25006
1957	35.447631	0.032093	-0.520000	-0.510000	-0.530000	0.048000	-0.018000	0.012000	29948	29949	29947	25024	24991	25006
1958	35.447714	0.000083	-0.490000	-0.800000	0.480000	0.048000	-0.018000	0.012000	29951	29920	30048	25024	24991	25006
1959	35.480404	0.032690	-0.160000	-0.810000	-0.270000	0.048000	-0.018000	0.012000	29984	29919	29973	25024	24991	25006
1960	35.512910	0.032506	-0.160000	-0.810000	-0.270000	0.040000	-0.002000	0.024000	29984	29919	29973	25020	24999	25012
1961	35.512983	0.000072	-0.560000	-0.520000	0.240000	0.040000	-0.002000	0.024000	29944	29948	30024	25020	24999	25012
1962	35.543929	0.030946	-0.040000	0.030000	-0.290000	0.040000	-0.002000	0.024000	29996	30003	29971	25020	24999	25012
1963	35.576694	0.032765	-0.040000	0.030000	-0.290000	0.000000	0.046000	0.000000	29996	30003	29971	25000	25023	25000
1964	35.576758	0.000064	-0.370000	-0.060000	-0.800000	0.000000	0.046000	0.000000	29963	29994	29920	25000	25023	25000
1965	35.605509	0.028751	-0.400000	-0.570000	-0.510000	0.000000	0.046000	0.000000	29960	29943	29949	25000	25023	25000
1966	35.633645	0.028137	-0.340000	-0.530000	-0.290000	0.000000	0.046000	0.000000	29966	29947	29971	25000	25023	25000
1967	35.663192	0.029547	-0.710000	-0.720000	-0.250000	0.000000	0.046000	0.000000	29929	29928	29975	25000	25023	25000
1968	35.693890	0.030698	-0.710000	-0.720000	-0.250000	0.066000	-0.026000	0.022000	29929	29928	29975	25033	24987	25011
1969	35.693958	0.000068	-0.790000	-0.660000	-0.020000	0.066000	-0.026000	0.022000	29921	29934	29998	25033	24987	25011
1970	35.723908	0.029950	-0.090000	-0.700000	0.510000	0.066000	-0.026000	0.022000	29991	29930	30051	25033	24987	25011
1971	35.750075	0.026167	-0.090000	-0.700000	0.510000	0.060000	0.018000	0.010000	29991	29930	30051	25030	25009	25005
1972	35.750154	0.000079	-0.200000	-0.520000	-0.020000	0.060000	0.018000	0.010000	29980	29948	29998	25030	25009	25005
1973	35.777880	0.027726	-0.200000	-0.520000	-0.020000	0.050000	0.022000	0.012000	29980	29948	29998	25025	25011	25006
1974	35.777937	0.000057	-0.270000	-0.710000	-0.210000	0.050000	0.022000	0.012000	29973	29929	29979	25025	25011	25006
1975	35.807088	0.029151	-0.200000	-0.550000	0.540000	0.050000	0.022000	0.012000	29980	29945	30054	25025	25011	25006
1976	35.835304	0.028216	0.010000	-0.530000	0.800000	0.050000	0.022000	0.012000	30001	29947	30080	25025	25011	25006
1977	35.862832	0.027528	0.010000	-0.530000	0.800000	0.028000	0.012000	0.016000	30001	29947	30080	25014	25006	25008
1978	35.862901	0.000069	0.090000	-0.060000	-0.060000	0.028000	0.012000	0.016000	30009	29994	29994	25014	25006	25008
1979	35.893222	0.030321	-0.150000	-0.550000	0.010000	0.028000	0.012000	0.016000	29985	29945	30001	25014	25006	25008
1980	35.925454	0.032232	-0.150000	-0.550000	0.010000	0.056000	0.034000	0.020000	29985	29945	30001	25028	25017	25010
1981	35.925537	0.000083	-0.260000	-0.440000	0.030000	0.056000	0.034000	0.020000	29974	29956	30003	25028	25017	25010
1982	35.957160	0.031623	-0.040000	-0.230000	0.270000	0.056000	0.034000	0.020000	29996	29977	30027	25028	25017	25010
1983	35.987604	0.030443	-0.040000	-0.230000	0.270000	0.016000	0.022000	0.020000	29996	29977	30027	25008	25011	25010
1984	35.987682	0.000078	-0.120000	-0.530000	-0.250000	0.016000	0.022000	0.020000	29988	29947	29975	25008	25011	25010
1985	36.017244	0.029562	0.180000	0.080000	-0.320000	0.016000	0.022000	0.020000	30018	30008	29968	25008	25011	25010
1986	36.047575	0.030331	0.000000	-0.200000	-0.270000	0.016000	0.022000	0.020000	30000	29980	29973	25008	25011	25010
1987	36.077819	0.030244	0.000000	-0.200000	-0.270000	0.034000	0.046000	0.002000	30000	29980	29973	25017	25023	25001
1988	36.077889	0.000070	-0.260000	-0.160000	0.250000	0.034000	0.046000	0.002000	29974	29984	30025	25017	25023	25001
1989	36.107902	0.030013	-0.380000	-0.760000	-0.510000	0.034000	0.046000	0.002000	29962	29924	29949	25017	25023	25001
1990	36.141093	0.033191	-0.220000	-0.840000	-0.030000	0.034000	0.046000	0.002000	29978	29916	29997	25017	25023	25001
1991	36.176060	0.034966	-0.220000	-0.840000	-0.030000	0.062000	0.004000	0.006000	29978	29916	29997	25031	25002	25003
1992	36.176149	0.000089	-0.020000	-0.340000	0.280000	0.062000	0.004000	0.006000	29998	29966	30028	25031	25002	25003
1993	36.203643	0.027494	-0.020000	-0.340000	0.280000	0.032000	0.032000	0.032000	29998	29966	30028	25016	25016	25016
1994	36.203717	0.000074	-0.010000	0.030000	0.270000	0.032000	0.032000	0.032000	29999	30003	30027	25016	25016	25016
1995	36.228901	0.025184	-0.090000	-0.150000	0.530000	0.032000	0.032000	0.032000	29991	29985	30053	25016	25016	25016
1996	36.259978	0.031076	-0.090000	-0.150000	0.530000	-0.012000	0.014000	0.006000	29991	29985	30053	24994	25007	25003
1997	36.260052	0.000075	0.110000	0.360000	0.480000	-0.012000	0.014000	0.006000	30011	30036	30048	24994	25007	25003
1998	36.288129	0.028077	0.120000	-0.790000	-0.780000	-0.012000	0.014000	0.006000	30012	29921	29922	24994	25007	25003
1999	36.320223	0.032094	-0.270000	-0.550000	-0.040000	-0.012000	0.014000	0.006000	29973	29945	29996	24994	25007	25003
2000	36.353728	0.033505	-0.270000	-0.550000	-0.040000	0.024000	-0.010000	0.008000	29973	29945	29996	25012	24995	25004
2001	36.353874	0.000146	0.040000	-0.110000	0.520000	0.024000	-0.010000	0.008000	30004	29989	30052	25012	24995	25004
2002	36.393284	0.039410	0.040000	-0.110000	0.520000	-0.006000	0.028000	0.022000	30004	29989	30052	24997	25014	25011
2003	36.393408	0.000125	0.190000	-0.290000	-1.280000	-0.006000	0.028000	0.022000	30019	29971	29872	24997	25014	25011
2004	36.429409	0.036001	0.190000	-0.290000	-1.280000	0.024000	0.030000	0.028000	30019	29971	29872	25012	25015	25014
2005	36.429495	0.000086	0.000000	-0.220000	-0.500000	0.024000	0.030000	0.028000	30000	29978	29950	25012	25015	25014
2006	36.456672	0.027177	-0.390000	-0.180000	-0.780000	0.024000	0.030000	0.028000	29961	29982	29922	25012	25015	25014
2007	36.483155	0.026483	-0.130000	-0.830000	0.010000	0.024000	0.030000	0.028000	29987	29917	30001	25012	25015	25014
2008	36.513839	0.030684	-0.130000	-0.830000	0.010000	0.100000	0.026000	0.010000	29987	29917	30001	25050	25013	25005
2009	36.513928	0.000088	-0.130000	-0.830000	0.010000	0.024000	0.020000	0.022000	29987	29917	30001	25012	25010	25011
2010	36.513960	0.000032	0.310000	0.320000	-0.530000	0.024000	0.020000	0.022000	30031	30032	29947	25012	25010	25011
2011	36.546712	0.032752	-0.140000	0.090000	-0.600000	0.024000	0.020000	0.022000	29986	30009	29940	25012	25010	25011
2012	36.576899	0.030187	-0.340000	-0.660000	0.310000	0.024000	0.020000	0.022000	29966	29934	30031	25012	25010	25011
2013	36.612664	0.035765	-0.340000	-0.660000	0.310000	0.062000	0.016000	0.022000	29966	29934	30031	25031	25008	25011
2014	36.612739	0.000075	0.340000	0.420000	-0.820000	0.062000	0.016000	0.022000	30034	30042	29918	25031	25008	25011
2015	36.640914	0.028175	0.340000	0.420000	-0.820000	-0.034000	0.074000	0.012000	30034	30042	29918	24983	25037	25006
2016	36.640983	0.000069	-0.550000	-0.640000	-0.310000	-0.034000	0.074000	0.012000	29945	29936	29969	24983	25037	25006
2017	36.667821	0.026838	-0.160000	-0.550000	0.220000	-0.034000	0.074000	0.012000	29984	29945	30022	24983	25037	25006
2018	36.694131	0.026310	-0.160000	-0.550000	0.220000	0.048000	0.022000	0.002000	29984	29945	30022	25024	25011	25001
2019	36.694189	0.000058	0.180000	-0.120000	0.210000	0.048000	0.022000	0.002000	30018	29988	30021	25024	25011	25001
2020	36.721081	0.026892	-0.290000	-0.180000	-0.790000	0.048000	0.022000	0.002000	29971	29982	29921	25024	25011	25001
2021	36.752029	0.030948	-0.030000	-0.730000	0.850000	0.048000	0.022000	0.002000	29997	29927	30085	25024	25011	25001
2022	36.783347	0.031319	-0.260000	-0.090000	-0.270000	0.048000	0.022000	0.002000	29974	29991	29973	25024	25011	25001
2023	36.814102	0.030754	-0.260000	-0.090000	-0.270000	0.024000	0.030000	0.006000	29974	29991	29973	25012	25015	25003
2024	36.814173	0.000071	-0.400000	-0.470000	-0.050000	0.024000	0.030000	0.006000	29960	29953	29995	25012	25015	25003
2025	36.846094	0.031921	-1.040000	-0.500000	-1.090000	0.024000	0.030000	0.006000	29896	29950	29891	25012	25015	25003
2026	36.874067	0.027973	-0.050000	-0.580000	-0.270000	0.024000	0.030000	0.006000	29995	29942	29973	25012	25015	25003
2027	36.905948	0.031881	-0.050000	-0.580000	-0.270000	0.058000	0.028000	0.020000	29995	29942	29973	25029	25014	25010
2028	36.906022	0.000074	-0.110000	-0.490000	-0.030000	0.058000	0.028000	0.020000	29989	29951	29997	25029	25014	25010
2029	36.936193	0.030171	-0.110000	-0.490000	-0.030000	0.048000	0.022000	0.016000	29989	29951	29997	25024	25011	25008
2030	36.936282	0.000089	0.280000	-0.150000	-0.590000	0.048000	0.022000	0.016000	30028	29985	29941	25024	25011	25008
2031	36.971017	0.034735	-0.240000	0.210000	-0.270000	0.048000	0.022000	0.016000	29976	30021	29973	25024	25011	25008
2032	37.005049	0.034032	-0.240000	0.210000	-0.270000	-0.006000	0.016000	0.028000	29976	30021	29973	24997	25008	25014
2033	37.005126	0.000077	0.270000	-0.550000	-0.040000	-0.006000	0.016000	0.028000	30027	29945	29996	24997	25008	25014
2034	37.038236	0.033110	-0.390000	0.040000	-0.540000	-0.006000	0.016000	0.028000	29961	30004	29946	24997	25008	25014
2035	37.064566	0.026329	-0.390000	0.040000	-0.540000	0.006000	0.002000	0.016000	29961	30004	29946	25003	25001	25008
2036	37.064634	0.000068	-0.270000	-0.650000	-0.260000	0.006000	0.002000	0.016000	29973	29935	29974	25003	25001	25008
2037	37.096704	0.032070	-0.010000	-0.490000	-0.750000	0.006000	0.002000	0.016000	29999	29951	29925	25003	25001	25008
2038	37.122581	0.025877	0.110000	-0.300000	-0.750000	0.006000	0.002000	0.016000	30011	29970	29925	25003	25001	25008
2039	37.155684	0.033103	0.330000	0.350000	-0.560000	0.006000	0.002000	0.016000	30033	30035	29944	25003	25001	25008
2040	37.189313	0.033628	0.330000	0.350000	-0.560000	-0.022000	0.072000	0.000000	30033	30035	29944	24989	25036	25000
2041	37.189402	0.000089	-0.260000	-0.720000	-0.270000	-0.022000	0.072000	0.000000	29974	29928	29973	24989	25036	25000
2042	37.222956	0.033554	-0.440000	-0.280000	-0.020000	-0.022000	0.072000	0.000000	29956	29972	29998	24989	25036	25000
2043	37.248935	0.025979	-0.080000	-0.390000	-0.270000	-0.022000	0.072000	0.000000	29992	29961	29973	24989	25036	25000
2044	37.281827	0.032892	0.060000	-0.100000	-0.510000	-0.022000	0.072000	0.000000	30006	29990	29949	24989	25036	25000
2045	37.314527	0.032700	0.060000	-0.100000	-0.510000	0.006000	0.030000	0.018000	30006	29990	29949	25003	25015	25009
2046	37.314598	0.000071	-0.400000	-0.800000	-0.770000	0.006000	0.030000	0.018000	29960	29920	29923	25003	25015	25009
2047	37.346324	0.031727	-0.400000	-0.800000	-0.770000	0.066000	-0.018000	0.010000	29960	29920	29923	25033	24991	25005
2048	37.346408	0.000084	-0.300000	-0.380000	-0.800000	0.066000	-0.018000	0.010000	29970	29962	29920	25033	24991	25005
2049	37.379146	0.032738	-0.230000	-0.670000	-0.290000	0.066000	-0.018000	0.010000	29977	29933	29971	25033	24991	25005
2050	37.404892	0.025746	-0.230000	-0.670000	-0.290000	0.030000	0.028000	0.006000	29977	29933	29971	25015	25014	25003
2051	37.404997	0.000105	0.040000	-0.340000	-0.540000	0.030000	0.028000	0.006000	30004	29966	29946	25015	25014	25003
2052	37.439897	0.034900	-0.130000	-0.200000	-0.380000	0.030000	0.028000	0.006000	29987	29980	29962	25015	25014	25003
2053	37.474991	0.035094	-0.030000	0.090000	-0.540000	0.030000	0.028000	0.006000	29997	30009	29946	25015	25014	25003
2054	37.506827	0.031836	-0.030000	0.090000	-0.540000	-0.004000	0.026000	0.002000	29997	30009	29946	24998	25013	25001
2055	37.506902	0.000076	-0.020000	-0.580000	-0.520000	-0.004000	0.026000	0.002000	29998	29942	29948	24998	25013	25001
2056	37.539805	0.032903	-0.020000	-0.580000	-0.520000	0.044000	0.006000	0.010000	29998	29942	29948	25022	25003	25005
2057	37.539885	0.000080	-0.130000	-0.440000	-0.260000	0.044000	0.006000	0.010000	29987	29956	29974	25022	25003	25005
2058	37.573157	0.033272	-0.150000	-0.400000	-0.260000	0.044000	0.006000	0.010000	29985	29960	29974	25022	25003	25005
2059	37.606813	0.033656	-0.150000	-0.400000	-0.260000	0.050000	0.024000	0.004000	29985	29960	29974	25025	25012	25002
2060	37.606887	0.000074	0.220000	0.220000	-0.060000	0.050000	0.024000	0.004000	30022	30022	29994	25025	25012	25002
2061	37.640525	0.033638	0.220000	0.220000	-0.060000	-0.016000	0.046000	0.010000	30022	30022	29994	24992	25023	25005
2062	37.640618	0.000093	0.220000	0.220000	-0.060000	0.058000	-0.016000	0.012000	30022	30022	29994	25029	24992	25006
2063	37.640647	0.000029	-0.660000	-0.690000	-0.570000	0.058000	-0.016000	0.012000	29934	29931	29943	25029	24992	25006
2064	37.674803	0.034156	0.020000	-0.690000	0.770000	0.058000	-0.016000	0.012000	30002	29931	30077	25029	24992	25006
2065	37.708191	0.033388	0.020000	-0.690000	0.770000	0.038000	0.022000	0.012000	30002	29931	30077	25019	25011	25006
2066	37.708279	0.000089	0.130000	-0.340000	-0.080000	0.038000	0.022000	0.012000	30013	29966	29992	25019	25011	25006
2067	37.740859	0.032579	0.130000	-0.340000	-0.080000	0.014000	0.042000	0.000000	30013	29966	29992	25007	25021	25000
2068	37.740929	0.000070	-0.060000	-0.080000	0.230000	0.014000	0.042000	0.000000	29994	29992	30023	25007	25021	25000
2069	37.772034	0.031104	-0.060000	-0.080000	0.230000	-0.012000	0.014000	0.002000	29994	29992	30023	24994	25007	25001
2070	37.772109	0.000075	-0.290000	-0.270000	-0.850000	-0.012000	0.014000	0.002000	29971	29973	29915	24994	25007	25001
2071	37.802463	0.030354	0.300000	-0.100000	-0.030000	-0.012000	0.014000	0.002000	30030	29990	29997	24994	25007	25001
2072	37.834297	0.031834	-0.670000	-0.860000	0.280000	-0.012000	0.014000	0.002000	29933	29914	30028	24994	25007	25001
2073	37.867061	0.032764	0.070000	-0.510000	-0.550000	-0.012000	0.014000	0.002000	30007	29949	29945	24994	25007	25001
2074	37.901158	0.034097	0.070000	-0.510000	-0.550000	0.034000	0.024000	0.014000	30007	29949	29945	25017	25012	25007
2075	37.901237	0.000078	-0.390000	-0.630000	0.260000	0.034000	0.024000	0.014000	29961	29937	30026	25017	25012	25007
2076	37.934146	0.032909	-0.390000	-0.960000	0.260000	0.034000	0.024000	0.014000	29961	29904	30026	25017	25012	25007
2077	37.968048	0.033902	-0.390000	-0.960000	0.260000	0.068000	-0.020000	0.010000	29961	29904	30026	25034	24990	25005
2078	37.968134	0.000086	-0.360000	-0.500000	0.780000	0.068000	-0.020000	0.010000	29964	29950	30078	25034	24990	25005
2079	38.001383	0.033249	-0.360000	-0.500000	0.780000	0.028000	-0.008000	0.012000	29964	29950	30078	25014	24996	25006
2080	38.001452	0.000070	-0.240000	-0.470000	-0.300000	0.028000	-0.008000	0.012000	29976	29953	29970	25014	24996	25006
2081	38.039937	0.038485	-0.190000	-0.790000	-0.240000	0.028000	-0.008000	0.012000	29981	29921	29976	25014	24996	25006
2082	38.066746	0.026809	-0.300000	-0.090000	-0.290000	0.028000	-0.008000	0.012000	29970	29991	29971	25014	24996	25006
2083	38.101637	0.034891	-0.300000	-0.090000	-0.290000	0.004000	0.008000	0.012000	29970	29991	29971	25002	25004	25006
2084	38.101845	0.000208	0.190000	-0.260000	-0.280000	0.004000	0.008000	0.012000	30019	29974	29972	25002	25004	25006
2085	38.136278	0.034433	0.190000	-0.260000	-0.280000	0.016000	0.040000	0.014000	30019	29974	29972	25008	25020	25007
2086	38.136348	0.000070	0.190000	-0.260000	-0.280000	0.002000	0.032000	0.026000	30019	29974	29972	25001	25016	25013
2087	38.136369	0.000021	-0.110000	-0.260000	-0.810000	0.002000	0.032000	0.026000	29989	29974	29919	25001	25016	25013
2088	38.169839	0.033470	-0.180000	-0.200000	-0.490000	0.002000	0.032000	0.026000	29982	29980	29951	25001	25016	25013
2089	38.202125	0.032286	-0.190000	-0.680000	-0.520000	0.002000	0.032000	0.026000	29981	29932	29948	25001	25016	25013
2090	38.235391	0.033266	-0.190000	-0.680000	-0.520000	0.070000	0.016000	0.012000	29981	29932	29948	25035	25008	25006
2091	38.235473	0.000082	-0.010000	0.040000	-0.600000	0.070000	0.016000	0.012000	29999	30004	29940	25035	25008	25006
2092	38.269134	0.033661	-0.010000	0.040000	-0.600000	0.012000	0.062000	0.000000	29999	30004	29940	25006	25031	25000
2093	38.269219	0.000085	0.330000	0.080000	-0.290000	0.012000	0.062000	0.000000	30033	30008	29971	25006	25031	25000
2094	38.303043	0.033824	-0.140000	-0.800000	0.000000	0.012000	0.062000	0.000000	29986	29920	30000	25006	25031	25000
2095	38.337291	0.034248	-0.140000	-0.800000	0.000000	0.078000	0.014000	0.000000	29986	29920	30000	25039	25007	25000
2096	38.337376	0.000085	0.250000	-0.090000	-0.220000	0.078000	0.014000	0.000000	30025	29991	29978	25039	25007	25000
2097	38.370867	0.033491	0.250000	-0.090000	-0.220000	0.022000	0.040000	0.020000	30025	29991	29978	25011	25020	25010
2098	38.370943	0.000076	-0.410000	-0.440000	0.810000	0.022000	0.040000	0.020000	29959	29956	30081	25011	25020	25010
2099	38.404167	0.033224	-0.410000	-0.440000	0.810000	0.044000	-0.010000	0.010000	29959	29956	30081	25022	24995	25005
2100	38.404251	0.000083	-0.280000	-0.340000	-0.800000	0.044000	-0.010000	0.010000	29972	29966	29920	25022	24995	25005
2101	38.439009	0.034758	-0.570000	-0.510000	0.320000	0.044000	-0.010000	0.010000	29943	29949	30032	25022	24995	25005
2102	38.469173	0.030164	-0.180000	-0.390000	0.020000	0.044000	-0.010000	0.010000	29982	29961	30002	25022	24995	25005
2103	38.500476	0.031303	-0.420000	-0.790000	0.540000	0.044000	-0.010000	0.010000	29958	29921	30054	25022	24995	25005
2104	38.533260	0.032783	-0.420000	-0.790000	0.540000	0.066000	-0.012000	0.020000	29958	29921	30054	25033	24994	25010
2105	38.533324	0.000064	0.090000	-0.540000	0.270000	0.066000	-0.012000	0.020000	30009	29946	30027	25033	24994	25010
2106	38.558582	0.025258	0.090000	-0.540000	0.270000	0.018000	0.036000	0.004000	30009	29946	30027	25009	25018	25002
2107	38.558653	0.000070	-0.100000	-0.810000	-0.250000	0.018000	0.036000	0.004000	29990	29919	29975	25009	25018	25002
2108	38.587719	0.029066	-0.100000	-0.810000	-0.250000	0.022000	0.018000	0.012000	29990	29919	29975	25011	25009	25006
2109	38.587817	0.000098	-0.210000	-0.020000	-0.310000	0.022000	0.018000	0.012000	29979	29998	29969	25011	25009	25006
2110	38.615937	0.028119	-0.520000	-0.680000	-0.240000	0.022000	0.018000	0.012000	29948	29932	29976	25011	25009	25006
2111	38.643559	0.027622	-0.520000	-0.680000	-0.240000	0.072000	-0.016000	0.022000	29948	29932	29976	25036	24992	25011
2112	38.643618	0.000059	0.290000	-0.210000	-0.070000	0.072000	-0.016000	0.022000	30029	29979	29993	25036	24992	25011
2113	38.680294	0.036676	-0.100000	0.090000	0.000000	0.072000	-0.016000	0.022000	29990	30009	30000	25036	24992	25011
2114	38.708635	0.028341	-0.100000	0.090000	0.000000	-0.016000	0.014000	0.014000	29990	30009	30000	24992	25007	25007
2115	38.708720	0.000085	0.570000	0.180000	-0.280000	-0.016000	0.014000	0.014000	30057	30018	29972	24992	25007	25007
2116	38.745585	0.036865	0.570000	0.180000	-0.280000	-0.026000	0.054000	0.024000	30057	30018	29972	24987	25027	25012
2117	38.745651	0.000066	0.570000	0.180000	-0.280000	0.050000	-0.010000	0.018000	30057	30018	29972	25025	24995	25009
2118	38.745667	0.000016	-0.240000	-0.280000	-0.580000	0.050000	-0.010000	0.018000	29976	29972	29942	25025	24995	25009
2119	38.774025	0.028358	-0.430000	-0.410000	-0.230000	0.050000	-0.010000	0.018000	29957	29959	29977	25025	24995	25009
2120	38.803494	0.029468	-0.330000	-0.050000	-0.260000	0.050000	-0.010000	0.018000	29967	29995	29974	25025	24995	25009
2121	38.830164	0.026670	-0.330000	-0.050000	-0.260000	0.018000	0.046000	0.006000	29967	29995	29974	25009	25023	25003
2122	38.830239	0.000075	-0.160000	0.270000	-0.810000	0.018000	0.046000	0.006000	29984	30027	29919	25009	25023	25003
2123	38.857785	0.027545	-0.160000	0.270000	-0.810000	-0.028000	0.030000	0.012000	29984	30027	29919	24986	25015	25006
2124	38.857861	0.000077	-0.160000	0.270000	-0.810000	-0.002000	-0.048000	0.004000	29984	30027	29919	24999	24976	25002
2125	38.857880	0.000019	-0.710000	0.110000	-0.240000	-0.002000	-0.048000	0.004000	29929	30011	29976	24999	24976	25002
2126	38.885799	0.027919	-0.330000	-0.400000	-0.540000	-0.002000	-0.048000	0.004000	29967	29960	29946	24999	24976	25002
2127	38.913836	0.028037	-0.330000	-0.400000	-0.540000	0.032000	0.002000	0.014000	29967	29960	29946	25016	25001	25007
2128	38.913915	0.000079	-0.330000	-0.400000	-0.540000	0.010000	0.038000	0.002000	29967	29960	29946	25005	25019	25001
2129	38.913946	0.000031	-0.070000	-0.260000	0.250000	0.010000	0.038000	0.002000	29993	29974	30025	25005	25019	25001
2130	38.950212	0.036265	-0.070000	-0.260000	0.250000	0.006000	0.044000	0.024000	29993	29974	30025	25003	25022	25012
2131	38.950295	0.000083	0.270000	0.280000	0.500000	0.006000	0.044000	0.024000	30027	30028	30050	25003	25022	25012
2132	38.979211	0.028916	-0.250000	-0.290000	0.040000	0.006000	0.044000	0.024000	29975	29971	30004	25003	25022	25012
2133	39.009000	0.029790	-0.250000	-0.290000	0.040000	0.024000	0.010000	0.010000	29975	29971	30004	25012	25005	25005
2134	39.009090	0.000090	-0.430000	-0.110000	-0.290000	0.024000	0.010000	0.010000	29957	29989	29971	25012	25005	25005
2135	39.044539	0.035449	-0.430000	-0.110000	-0.290000	0.004000	0.002000	0.002000	29957	29989	29971	25002	25001	25001
2136	39.044622	0.000084	-0.290000	-0.360000	-0.540000	0.004000	0.002000	0.002000	29971	29964	29946	25002	25001	25001
2137	39.076044	0.031421	0.220000	-0.590000	-0.590000	0.004000	0.002000	0.002000	30022	29941	29941	25002	25001	25001
2138	39.112574	0.036530	0.030000	-0.200000	0.040000	0.004000	0.002000	0.002000	30003	29980	30004	25002	25001	25001
2139	39.143398	0.030824	0.030000	-0.200000	0.040000	0.008000	0.030000	-0.002000	30003	29980	30004	25004	25015	24999
2140	39.143543	0.000144	0.170000	-0.210000	-0.500000	0.008000	0.030000	-0.002000	30017	29979	29950	25004	25015	24999
2141	39.182154	0.038612	0.170000	-0.210000	-0.500000	0.018000	0.036000	0.024000	30017	29979	29950	25009	25018	25012
2142	39.182249	0.000095	0.200000	-0.020000	-0.030000	0.018000	0.036000	0.024000	30020	29998	29997	25009	25018	25012
2143	39.216034	0.033785	0.110000	-0.080000	0.010000	0.018000	0.036000	0.024000	30011	29992	30001	25009	25018	25012
2144	39.249707	0.033673	-0.270000	-0.950000	-0.500000	0.018000	0.036000	0.024000	29973	29905	29950	25009	25018	25012
2145	39.283638	0.033931	1.190000	-0.110000	0.240000	0.018000	0.036000	0.024000	30119	29989	30024	25009	25018	25012
2146	39.318365	0.034727	-0.470000	-0.360000	-0.500000	0.018000	0.036000	0.024000	29953	29964	29950	25009	25018	25012
2147	39.352276	0.033911	-0.470000	-0.360000	-0.500000	0.036000	-0.018000	0.026000	29953	29964	29950	25018	24991	25013
2148	39.352365	0.000089	0.380000	-0.020000	-0.590000	0.036000	-0.018000	0.026000	30038	29998	29941	25018	24991	25013
2149	39.386523	0.034158	-0.060000	-0.190000	-0.780000	0.036000	-0.018000	0.026000	29994	29981	29922	25018	24991	25013
2150	39.421279	0.034756	-0.060000	-0.190000	-0.780000	0.016000	0.024000	0.000000	29994	29981	29922	25008	25012	25000
2151	39.421400	0.000121	0.470000	0.630000	0.120000	0.016000	0.024000	0.000000	30047	30063	30012	25008	25012	25000
2152	39.457013	0.035613	-0.100000	-0.210000	-0.280000	0.016000	0.024000	0.000000	29990	29979	29972	25008	25012	25000
2153	39.489016	0.032004	-0.100000	-0.210000	-0.280000	0.012000	0.022000	0.010000	29990	29979	29972	25006	25011	25005
2154	39.489137	0.000120	0.170000	-0.620000	0.230000	0.012000	0.022000	0.010000	30017	29938	30023	25006	25011	25005
2155	39.522812	0.033675	0.210000	-0.240000	-0.040000	0.012000	0.022000	0.010000	30021	29976	29996	25006	25011	25005
2156	39.555676	0.032864	-0.360000	-0.060000	-0.270000	0.012000	0.022000	0.010000	29964	29994	29973	25006	25011	25005
2157	39.587326	0.031650	-0.360000	-0.060000	-0.270000	0.030000	0.012000	0.016000	29964	29994	29973	25015	25006	25008
2158	39.587513	0.000187	-0.180000	-1.010000	0.030000	0.030000	0.012000	0.016000	29982	29899	30003	25015	25006	25008
2159	39.617616	0.030103	-0.180000	-1.010000	0.030000	0.094000	0.002000	0.012000	29982	29899	30003	25047	25001	25006
2160	39.617692	0.000076	-0.180000	-1.010000	0.030000	0.008000	0.044000	0.002000	29982	29899	30003	25004	25022	25001
2161	39.617715	0.000023	-0.480000	-0.940000	0.800000	0.008000	0.044000	0.002000	29952	29906	30080	25004	25022	25001
2162	39.647665	0.029950	-0.300000	-0.390000	-0.300000	0.008000	0.044000	0.002000	29970	29961	29970	25004	25022	25001
2163	39.678813	0.031148	-0.300000	-0.390000	-0.300000	0.028000	0.006000	0.010000	29970	29961	29970	25014	25003	25005
2164	39.678887	0.000074	-0.400000	-0.740000	-0.260000	0.028000	0.006000	0.010000	29960	29926	29974	25014	25003	25005
2165	39.709257	0.030370	-0.420000	-0.720000	-1.310000	0.028000	0.006000	0.010000	29958	29928	29869	25014	25003	25005
2166	39.741373	0.032116	-0.330000	-0.390000	-0.300000	0.028000	0.006000	0.010000	29967	29961	29970	25014	25003	25005
2167	39.774390	0.033017	-0.330000	-0.390000	-0.300000	0.030000	-0.004000	-0.006000	29967	29961	29970	25015	24998	24997
2168	39.774479	0.000089	-0.160000	-0.080000	-0.290000	0.030000	-0.004000	-0.006000	29984	29992	29971	25015	24998	24997
2169	39.807081	0.032603	-0.160000	-0.080000	-0.290000	0.062000	-0.026000	0.022000	29984	29992	29971	25031	24987	25011
2170	39.807149	0.000067	0.040000	-0.750000	-0.230000	0.062000	-0.026000	0.022000	30004	29925	29977	25031	24987	25011
2171	39.832514	0.025365	0.040000	-0.750000	-0.230000	0.084000	0.026000	0.014000	30004	29925	29977	25042	25013	25007
2172	39.832580	0.000066	-0.410000	-1.310000	0.840000	0.084000	0.026000	0.014000	29959	29869	30084	25042	25013	25007
2173	39.863173	0.030593	0.270000	-0.050000	-0.590000	0.084000	0.026000	0.014000	30027	29995	29941	25042	25013	25007
2174	39.894073	0.030900	-0.160000	-0.150000	-0.520000	0.084000	0.026000	0.014000	29984	29985	29948	25042	25013	25007
2175	39.920972	0.026899	-0.270000	0.100000	-0.240000	0.084000	0.026000	0.014000	29973	30010	29976	25042	25013	25007
2176	39.952556	0.031583	-0.270000	0.100000	-0.240000	0.014000	0.020000	0.004000	29973	30010	29976	25007	25010	25002
2177	39.952627	0.000072	0.330000	-0.120000	0.020000	0.014000	0.020000	0.004000	30033	29988	30002	25007	25010	25002
2178	39.983141	0.030514	-0.090000	-0.120000	-0.530000	0.014000	0.020000	0.004000	29991	29988	29947	25007	25010	25002
2179	40.008722	0.025581	-0.090000	-0.120000	-0.530000	0.016000	0.012000	0.006000	29991	29988	29947	25008	25006	25003
2180	40.008804	0.000081	-0.650000	-0.850000	-0.290000	0.016000	0.012000	0.006000	29935	29915	29971	25008	25006	25003
2181	40.041510	0.032707	-0.610000	-0.540000	-0.260000	0.016000	0.012000	0.006000	29939	29946	29974	25008	25006	25003
2182	40.068594	0.027083	-0.610000	-0.540000	-0.260000	0.052000	-0.022000	0.020000	29939	29946	29974	25026	24989	25010
2183	40.068653	0.000059	-0.160000	-0.660000	-0.280000	0.052000	-0.022000	0.020000	29984	29934	29972	25026	24989	25010
2184	40.095420	0.026768	-0.360000	-0.440000	0.240000	0.052000	-0.022000	0.020000	29964	29956	30024	25026	24989	25010
2185	40.120893	0.025473	0.030000	-0.110000	0.200000	0.052000	-0.022000	0.020000	30003	29989	30020	25026	24989	25010
2186	40.151579	0.030686	0.150000	0.090000	0.780000	0.052000	-0.022000	0.020000	30015	30009	30078	25026	24989	25010
2187	40.184767	0.033188	0.150000	0.090000	0.780000	-0.012000	0.042000	0.022000	30015	30009	30078	24994	25021	25011
2188	40.184829	0.000062	-0.170000	0.040000	-0.800000	-0.012000	0.042000	0.022000	29983	30004	29920	24994	25021	25011
2189	40.213869	0.029040	-0.170000	0.040000	-0.800000	0.002000	0.020000	0.008000	29983	30004	29920	25001	25010	25004
2190	40.213947	0.000078	-0.290000	-0.480000	0.280000	0.002000	0.020000	0.008000	29971	29952	30028	25001	25010	25004
2191	40.245526	0.031579	-0.290000	-0.480000	0.280000	0.042000	0.010000	0.010000	29971	29952	30028	25021	25005	25005
2192	40.245604	0.000078	-0.270000	-0.120000	-0.510000	0.042000	0.010000	0.010000	29973	29988	29949	25021	25005	25005
2193	40.272433	0.026829	-0.270000	-0.120000	-0.510000	0.008000	0.008000	0.020000	29973	29988	29949	25004	25004	25010
2194	40.272502	0.000070	0.200000	-0.110000	-0.510000	0.008000	0.008000	0.020000	30020	29989	29949	25004	25004	25010
2195	40.297953	0.025451	0.200000	-0.110000	-0.510000	0.000000	0.034000	0.020000	30020	29989	29949	25000	25017	25010
2196	40.298020	0.000067	-0.460000	-0.700000	0.320000	0.000000	0.034000	0.020000	29954	29930	30032	25000	25017	25010
2197	40.326022	0.028001	-0.460000	-0.700000	0.320000	0.060000	-0.018000	0.020000	29954	29930	30032	25030	24991	25010
2198	40.326104	0.000082	-0.160000	-0.600000	-0.750000	0.060000	-0.018000	0.020000	29984	29940	29925	25030	24991	25010
2199	40.358576	0.032472	-0.160000	-0.600000	-0.750000	0.072000	0.018000	0.016000	29984	29940	29925	25036	25009	25008
2200	40.358656	0.000080	-0.190000	-0.620000	-0.760000	0.072000	0.018000	0.016000	29981	29938	29924	25036	25009	25008
2201	40.393447	0.034791	0.040000	-0.290000	-0.510000	0.072000	0.018000	0.016000	30004	29971	29949	25036	25009	25008
2202	40.422825	0.029378	-0.380000	-0.490000	-0.010000	0.072000	0.018000	0.016000	29962	29951	29999	25036	25009	25008
2203	40.448891	0.026066	-0.380000	-0.490000	-0.010000	0.052000	0.008000	0.016000	29962	29951	29999	25026	25004	25008
2204	40.448954	0.000063	0.490000	-0.250000	0.450000	0.052000	0.008000	0.016000	30049	29975	30045	25026	25004	25008
2205	40.479088	0.030134	-0.480000	-0.300000	-0.520000	0.052000	0.008000	0.016000	29952	29970	29948	25026	25004	25008
2206	40.513343	0.034256	-0.080000	-0.140000	-0.780000	0.052000	0.008000	0.016000	29992	29986	29922	25026	25004	25008
2207	40.559006	0.045663	0.220000	-0.290000	-0.790000	0.052000	0.008000	0.016000	30022	29971	29921	25026	25004	25008
2208	40.623126	0.064120	-0.170000	-0.060000	-0.330000	0.052000	0.008000	0.016000	29983	29994	29967	25026	25004	25008
2209	40.653115	0.029988	-0.170000	-0.060000	-0.330000	0.016000	0.026000	0.002000	29983	29994	29967	25008	25013	25001
2210	40.653191	0.000076	-0.140000	-0.510000	0.010000	0.016000	0.026000	0.002000	29986	29949	30001	25008	25013	25001
2211	40.679171	0.025980	-0.500000	-0.650000	0.290000	0.016000	0.026000	0.002000	29950	29935	30029	25008	25013	25001
2212	40.710119	0.030949	-0.500000	-0.650000	0.290000	0.080000	-0.002000	0.016000	29950	29935	30029	25040	24999	25008
2213	40.710197	0.000077	-0.100000	-0.610000	0.810000	0.080000	-0.002000	0.016000	29990	29939	30081	25040	24999	25008
2214	40.741006	0.030809	0.160000	0.040000	0.010000	0.080000	-0.002000	0.016000	30016	30004	30001	25040	24999	25008
2215	40.772858	0.031852	0.160000	0.040000	0.010000	0.026000	0.052000	0.004000	30016	30004	30001	25013	25026	25002
2216	40.772953	0.000095	-0.140000	-0.270000	-0.280000	0.026000	0.052000	0.004000	29986	29973	29972	25013	25026	25002
2217	40.803645	0.030692	-0.160000	-0.270000	-0.020000	0.026000	0.052000	0.004000	29984	29973	29998	25013	25026	25002
2218	40.828888	0.025243	0.400000	-0.210000	0.240000	0.026000	0.052000	0.004000	30040	29979	30024	25013	25026	25002
2219	40.860102	0.031214	0.400000	-0.210000	0.240000	0.028000	0.060000	0.010000	30040	29979	30024	25014	25030	25005
2220	40.860210	0.000108	-0.080000	-0.780000	-0.230000	0.028000	0.060000	0.010000	29992	29922	29977	25014	25030	25005
2221	40.886354	0.026144	-0.080000	-0.780000	-0.230000	0.074000	0.008000	0.028000	29992	29922	29977	25037	25004	25014
2222	40.886414	0.000060	-0.080000	-0.780000	-0.230000	0.012000	0.018000	0.012000	29992	29922	29977	25006	25009	25006
2223	40.886431	0.000016	0.050000	-0.180000	-0.330000	0.012000	0.018000	0.012000	30005	29982	29967	25006	25009	25006
2224	40.917837	0.031406	0.050000	-0.180000	-0.330000	-0.002000	0.032000	0.008000	30005	29982	29967	24999	25016	25004
2225	40.917986	0.000150	-0.070000	-0.320000	-0.270000	-0.002000	0.032000	0.008000	29993	29968	29973	24999	25016	25004
2226	40.955603	0.037617	0.060000	-0.040000	-0.550000	-0.002000	0.032000	0.008000	30006	29996	29945	24999	25016	25004
2227	40.997434	0.041831	0.060000	-0.040000	-0.550000	0.004000	0.036000	-0.002000	30006	29996	29945	25002	25018	24999
2228	40.997528	0.000093	0.100000	0.370000	-0.600000	0.004000	0.036000	-0.002000	30010	30037	29940	25002	25018	24999
2229	41.034269	0.036742	0.100000	0.370000	-0.600000	-0.034000	0.028000	0.008000	30010	30037	29940	24983	25014	25004
2230	41.034363	0.000094	0.240000	-0.200000	-0.060000	-0.034000	0.028000	0.008000	30024	29980	29994	24983	25014	25004
2231	41.070002	0.035639	0.240000	-0.200000	-0.060000	0.030000	0.060000	0.008000	30024	29980	29994	25015	25030	25004
2232	41.070100	0.000098	-0.280000	-0.250000	0.010000	0.030000	0.060000	0.008000	29972	29975	30001	25015	25030	25004
2233	41.105561	0.035461	-0.280000	-0.250000	0.010000	0.032000	0.006000	0.010000	29972	29975	30001	25016	25003	25005
2234	41.105648	0.000087	-0.090000	-0.160000	-0.290000	0.032000	0.006000	0.010000	29991	29984	29971	25016	25003	25005
2235	41.140557	0.034909	0.290000	-0.250000	-0.580000	0.032000	0.006000	0.010000	30029	29975	29942	25016	25003	25005
2236	41.169334	0.028777	0.290000	-0.250000	-0.580000	0.026000	0.058000	0.006000	30029	29975	29942	25013	25029	25003
2237	41.169430	0.000097	0.170000	-0.080000	-0.800000	0.026000	0.058000	0.006000	30017	29992	29920	25013	25029	25003
2238	41.202336	0.032906	0.170000	-0.080000	-0.800000	0.058000	-0.034000	0.008000	30017	29992	29920	25029	24983	25004
2239	41.202432	0.000096	-0.790000	-0.700000	-0.790000	0.058000	-0.034000	0.008000	29921	29930	29921	25029	24983	25004
2240	41.236747	0.034315	-0.790000	-0.700000	-0.790000	0.020000	0.000000	0.016000	29921	29930	29921	25010	25000	25008
2241	41.236821	0.000074	0.200000	-0.560000	0.250000	0.020000	0.000000	0.016000	30020	29944	30025	25010	25000	25008
2242	41.269128	0.032307	0.200000	-0.560000	0.250000	0.054000	0.040000	0.010000	30020	29944	30025	25027	25020	25005
2243	41.269225	0.000097	-0.240000	-0.740000	0.540000	0.054000	0.040000	0.010000	29976	29926	30054	25027	25020	25005
2244	41.297298	0.028073	-0.130000	-0.710000	-0.820000	0.054000	0.040000	0.010000	29987	29929	29918	25027	25020	25005
2245	41.324169	0.026871	-0.520000	-0.700000	0.520000	0.054000	0.040000	0.010000	29948	29930	30052	25027	25020	25005
2246	41.352034	0.027865	-0.520000	-0.700000	0.520000	0.046000	0.038000	0.008000	29948	29930	30052	25023	25019	25004
2247	41.352125	0.000092	-0.270000	-0.960000	0.010000	0.046000	0.038000	0.008000	29973	29904	30001	25023	25019	25004
2248	41.386005	0.033880	-0.270000	-0.960000	0.010000	0.020000	-0.004000	0.020000	29973	29904	30001	25010	24998	25010
2249	41.386087	0.000082	-0.050000	0.230000	-0.540000	0.020000	-0.004000	0.020000	29995	30023	29946	25010	24998	25010
2250	41.420696	0.034609	-0.050000	0.230000	-0.540000	-0.026000	0.032000	0.020000	29995	30023	29946	24987	25016	25010
2251	41.420813	0.000116	-0.050000	0.230000	-0.540000	0.018000	0.054000	0.002000	29995	30023	29946	25009	25027	25001
2252	41.420838	0.000026	0.240000	-0.150000	0.500000	0.018000	0.054000	0.002000	30024	29985	30050	25009	25027	25001
2253	41.456768	0.035929	0.390000	-0.050000	0.190000	0.018000	0.054000	0.002000	30039	29995	30019	25009	25027	25001
2254	41.488534	0.031766	-0.150000	-0.380000	0.220000	0.018000	0.054000	0.002000	29985	29962	30022	25009	25027	25001
2255	41.520026	0.031492	0.130000	-0.360000	-0.030000	0.018000	0.054000	0.002000	30013	29964	29997	25009	25027	25001
2256	41.557611	0.037585	0.060000	-0.330000	-0.020000	0.018000	0.054000	0.002000	30006	29967	29998	25009	25027	25001
2257	41.588324	0.030713	-0.080000	0.080000	-0.540000	0.018000	0.054000	0.002000	29992	30008	29946	25009	25027	25001
2258	41.616129	0.027805	-0.860000	-0.550000	0.010000	0.018000	0.054000	0.002000	29914	29945	30001	25009	25027	25001
2259	41.644168	0.028039	-0.860000	-0.550000	0.010000	0.042000	-0.052000	0.030000	29914	29945	30001	25021	24974	25015
2260	41.644251	0.000083	-0.260000	-0.360000	-0.240000	0.042000	-0.052000	0.030000	29974	29964	29976	25021	24974	25015
2261	41.678445	0.034193	0.070000	-0.700000	-0.280000	0.042000	-0.052000	0.030000	30007	29930	29972	25021	24974	25015
2262	41.711984	0.033539	0.070000	-0.700000	-0.280000	0.064000	0.040000	0.010000	30007	29930	29972	25032	25020	25005
2263	41.712095	0.000111	-0.120000	-0.060000	-0.490000	0.064000	0.040000	0.010000	29988	29994	29951	25032	25020	25005
2264	41.739987	0.027892	0.430000	-0.300000	-0.320000	0.064000	0.040000	0.010000	30043	29970	29968	25032	25020	25005
2265	41.773948	0.033961	0.080000	-0.740000	0.290000	0.064000	0.040000	0.010000	30008	29926	30029	25032	25020	25005
2266	41.809630	0.035682	0.170000	-0.680000	-0.240000	0.064000	0.040000	0.010000	30017	29932	29976	25032	25020	25005
2267	41.843543	0.033912	0.070000	-0.480000	-0.280000	0.064000	0.040000	0.010000	30007	29952	29972	25032	25020	25005
2268	41.872101	0.028558	0.040000	-0.320000	-0.820000	0.064000	0.040000	0.010000	30004	29968	29918	25032	25020	25005
2269	41.905411	0.033310	0.030000	-0.580000	0.270000	0.064000	0.040000	0.010000	30003	29942	30027	25032	25020	25005
2270	41.939897	0.034486	0.030000	-0.580000	0.270000	0.008000	-0.012000	0.022000	30003	29942	30027	25004	24994	25011
2271	41.939965	0.000068	-0.070000	-0.760000	-0.520000	0.008000	-0.012000	0.022000	29993	29924	29948	25004	24994	25011
2272	41.972164	0.032199	-0.070000	-0.760000	-0.520000	0.048000	0.008000	0.016000	29993	29924	29948	25024	25004	25008
2273	41.972290	0.000126	-0.070000	-0.760000	-0.520000	0.090000	-0.002000	0.002000	29993	29924	29948	25045	24999	25001
2274	41.972314	0.000024	-0.270000	-0.210000	-0.550000	0.090000	-0.002000	0.002000	29973	29979	29945	25045	24999	25001
2275	42.004387	0.032073	-0.270000	-0.210000	-0.550000	0.018000	0.008000	0.006000	29973	29979	29945	25009	25004	25003
2276	42.004462	0.000076	0.090000	-0.090000	0.230000	0.018000	0.008000	0.006000	30009	29991	30023	25009	25004	25003
2277	42.037579	0.033117	-0.400000	-0.300000	0.020000	0.018000	0.008000	0.006000	29960	29970	30002	25009	25004	25003
2278	42.075156	0.037577	0.120000	0.090000	-0.560000	0.018000	0.008000	0.006000	30012	30009	29944	25009	25004	25003
2279	42.103579	0.028423	0.120000	0.090000	-0.560000	-0.006000	0.034000	0.008000	30012	30009	29944	24997	25017	25004
2280	42.103653	0.000074	0.040000	-0.180000	0.780000	-0.006000	0.034000	0.008000	30004	29982	30078	24997	25017	25004
2281	42.131554	0.027902	0.040000	-0.180000	0.780000	-0.006000	0.024000	0.002000	30004	29982	30078	24997	25012	25001
2282	42.131620	0.000066	-0.240000	-0.240000	0.020000	-0.006000	0.024000	0.002000	29976	29976	30002	24997	25012	25001
2283	42.164029	0.032409	-0.240000	-0.240000	0.020000	0.026000	-0.002000	0.024000	29976	29976	30002	25013	24999	25012
2284	42.164118	0.000089	-0.080000	0.210000	-0.250000	0.026000	-0.002000	0.024000	29992	30021	29975	25013	24999	25012
2285	42.196352	0.032234	-0.400000	-0.090000	-0.280000	0.026000	-0.002000	0.024000	29960	29991	29972	25013	24999	25012
2286	42.229184	0.032832	-0.480000	-0.750000	-0.480000	0.026000	-0.002000	0.024000	29952	29925	29952	25013	24999	25012
2287	42.262643	0.033460	-0.740000	-1.030000	-0.500000	0.026000	-0.002000	0.024000	29926	29897	29950	25013	24999	25012
2288	42.297162	0.034518	-0.740000	-1.030000	-0.500000	0.120000	-0.024000	0.020000	29926	29897	29950	25060	24988	25010
2289	42.297379	0.000217	-0.160000	0.100000	-0.350000	0.120000	-0.024000	0.020000	29984	30010	29965	25060	24988	25010
2290	42.334061	0.036682	-0.160000	0.100000	-0.350000	-0.006000	0.036000	0.002000	29984	30010	29965	24997	25018	25001
2291	42.334153	0.000092	-0.110000	-0.650000	0.020000	-0.006000	0.036000	0.002000	29989	29935	30002	24997	25018	25001
2292	42.369091	0.034938	-0.110000	-0.650000	0.020000	0.064000	0.018000	0.018000	29989	29935	30002	25032	25009	25009
2293	42.369162	0.000071	-0.110000	-0.650000	0.020000	0.018000	0.020000	0.002000	29989	29935	30002	25009	25010	25001
2294	42.369186	0.000024	-0.160000	-0.280000	-0.280000	0.018000	0.020000	0.002000	29984	29972	29972	25009	25010	25001
2295	42.402327	0.033140	0.190000	-0.290000	0.550000	0.018000	0.020000	0.002000	30019	29971	30055	25009	25010	25001
2296	42.436061	0.033734	-0.280000	-0.440000	0.300000	0.018000	0.020000	0.002000	29972	29956	30030	25009	25010	25001
2297	42.469091	0.033030	-0.280000	-0.440000	0.300000	0.048000	0.002000	0.024000	29972	29956	30030	25024	25001	25012
2298	42.469191	0.000100	0.250000	0.210000	-1.340000	0.048000	0.002000	0.024000	30025	30021	29866	25024	25001	25012
2299	42.495859	0.026668	-0.150000	0.190000	-0.030000	0.048000	0.002000	0.024000	29985	30019	29997	25024	25001	25012
2300	42.528167	0.032307	-0.010000	-0.240000	0.240000	0.048000	0.002000	0.024000	29999	29976	30024	25024	25001	25012
2301	42.561747	0.033580	-0.280000	-0.580000	-0.780000	0.048000	0.002000	0.024000	29972	29942	29922	25024	25001	25012
2302	42.594012	0.032265	-0.280000	-0.580000	-0.780000	0.026000	-0.022000	0.022000	29972	29942	29922	25013	24989	25011
2303	42.594141	0.000130	-0.320000	-0.880000	-0.260000	0.026000	-0.022000	0.022000	29968	29912	29974	25013	24989	25011
2304	42.621279	0.027138	0.010000	-0.360000	-0.010000	0.026000	-0.022000	0.022000	30001	29964	29999	25013	24989	25011
2305	42.658775	0.037496	-0.240000	-0.410000	-0.260000	0.026000	-0.022000	0.022000	29976	29959	29974	25013	24989	25011
2306	42.686681	0.027906	-0.240000	-0.410000	-0.260000	0.030000	-0.004000	0.010000	29976	29959	29974	25015	24998	25005
2307	42.686744	0.000063	-0.230000	-0.190000	-0.530000	0.030000	-0.004000	0.010000	29977	29981	29947	25015	24998	25005
2308	42.713420	0.026676	-0.230000	-0.190000	-0.530000	0.002000	-0.012000	0.020000	29977	29981	29947	25001	24994	25010
2309	42.713483	0.000063	0.030000	-0.750000	0.810000	0.002000	-0.012000	0.020000	30003	29925	30081	25001	24994	25010
2310	42.744938	0.031455	-0.670000	-0.590000	-0.260000	0.002000	-0.012000	0.020000	29933	29941	29974	25001	24994	25010
2311	42.772741	0.027803	-0.670000	-0.590000	-0.260000	0.054000	-0.030000	0.026000	29933	29941	29974	25027	24985	25013
2312	42.772801	0.000060	0.000000	0.040000	0.470000	0.054000	-0.030000	0.026000	30000	30004	30047	25027	24985	25013
2313	42.800224	0.027424	-0.380000	-0.380000	-0.500000	0.054000	-0.030000	0.026000	29962	29962	29950	25027	24985	25013
2314	42.829909	0.029685	-0.380000	-0.380000	-0.500000	0.006000	-0.018000	0.004000	29962	29962	29950	25003	24991	25002
2315	42.829987	0.000078	-0.100000	-0.330000	-0.760000	0.006000	-0.018000	0.004000	29990	29967	29924	25003	24991	25002
2316	42.861291	0.031304	-0.230000	-0.700000	0.030000	0.006000	-0.018000	0.004000	29977	29930	30003	25003	24991	25002
2317	42.893426	0.032135	-0.090000	-0.150000	-0.520000	0.006000	-0.018000	0.004000	29991	29985	29948	25003	24991	25002
2318	42.926637	0.033211	-0.300000	-0.710000	-0.510000	0.006000	-0.018000	0.004000	29970	29929	29949	25003	24991	25002
2319	42.957921	0.031284	-0.300000	-0.710000	-0.510000	0.074000	-0.006000	0.010000	29970	29929	29949	25037	24997	25005
2320	42.958022	0.000100	-0.210000	-0.190000	-0.550000	0.074000	-0.006000	0.010000	29979	29981	29945	25037	24997	25005
2321	42.991174	0.033152	-0.210000	-0.190000	-0.550000	0.024000	0.048000	0.002000	29979	29981	29945	25012	25024	25001
2322	42.991239	0.000065	0.130000	-0.380000	-0.540000	0.024000	0.048000	0.002000	30013	29962	29946	25012	25024	25001
2323	43.017918	0.026680	-0.210000	-0.130000	0.300000	0.024000	0.048000	0.002000	29979	29987	30030	25012	25024	25001
2324	43.047134	0.029216	-0.210000	-0.130000	0.300000	0.014000	0.022000	0.012000	29979	29987	30030	25007	25011	25006
2325	43.047218	0.000084	-0.180000	-0.550000	-0.250000	0.014000	0.022000	0.012000	29982	29945	29975	25007	25011	25006
2326	43.080032	0.032813	-0.180000	-0.550000	-0.250000	0.076000	0.018000	0.010000	29982	29945	29975	25038	25009	25005
2327	43.080097	0.000065	0.130000	-0.120000	-0.580000	0.076000	0.018000	0.010000	30013	29988	29942	25038	25009	25005
2328	43.112031	0.031934	0.130000	-0.120000	-0.580000	-0.006000	0.008000	0.022000	30013	29988	29942	24997	25004	25011
2329	43.112203	0.000172	-0.300000	-0.640000	0.230000	-0.006000	0.008000	0.022000	29970	29936	30023	24997	25004	25011
2330	43.146599	0.034395	-0.300000	-0.640000	0.230000	-0.016000	0.018000	-0.004000	29970	29936	30023	24992	25009	24998
2331	43.146683	0.000085	0.740000	-0.060000	1.030000	-0.016000	0.018000	-0.004000	30074	29994	30103	24992	25009	24998
2332	43.175950	0.029267	-0.050000	0.140000	-0.520000	-0.016000	0.018000	-0.004000	29995	30014	29948	24992	25009	24998
2333	43.204586	0.028636	0.040000	0.100000	-0.270000	-0.016000	0.018000	-0.004000	30004	30010	29973	24992	25009	24998
2334	43.233914	0.029328	0.240000	-0.570000	-0.040000	-0.016000	0.018000	-0.004000	30024	29943	29996	24992	25009	24998
2335	43.260763	0.026849	0.240000	-0.570000	-0.040000	0.044000	0.032000	0.006000	30024	29943	29996	25022	25016	25003
2336	43.260823	0.000060	0.000000	-0.200000	0.210000	0.044000	0.032000	0.006000	30000	29980	30021	25022	25016	25003
2337	43.291593	0.030770	-0.380000	-0.910000	0.000000	0.044000	0.032000	0.006000	29962	29909	30000	25022	25016	25003
2338	43.324796	0.033203	-0.380000	-0.910000	0.000000	0.088000	-0.014000	0.004000	29962	29909	30000	25044	24993	25002
2339	43.324874	0.000078	-0.160000	-0.260000	-0.540000	0.088000	-0.014000	0.004000	29984	29974	29946	25044	24993	25002
2340	43.358547	0.033673	-0.160000	-0.260000	-0.540000	0.020000	0.010000	0.014000	29984	29974	29946	25010	25005	25007
2341	43.358627	0.000080	0.230000	-0.340000	-0.520000	0.020000	0.010000	0.014000	30023	29966	29948	25010	25005	25007
2342	43.386255	0.027627	0.380000	-0.070000	-0.290000	0.020000	0.010000	0.014000	30038	29993	29971	25010	25005	25007
2343	43.420048	0.033793	0.050000	0.140000	-0.560000	0.020000	0.010000	0.014000	30005	30014	29944	25010	25005	25007
2344	43.454008	0.033959	0.050000	0.140000	-0.560000	-0.002000	0.040000	0.002000	30005	30014	29944	24999	25020	25001
2345	43.454088	0.000080	0.210000	-0.050000	-0.040000	-0.002000	0.040000	0.002000	30021	29995	29996	24999	25020	25001
2346	43.488396	0.034308	0.210000	-0.050000	-0.040000	-0.002000	0.040000	0.002000	30021	29995	29996	24999	25020	25001
2347	43.522401	0.034005	-0.280000	-0.260000	-0.250000	-0.002000	0.040000	0.002000	29972	29974	29975	24999	25020	25001
2348	43.555382	0.032981	-0.280000	-0.260000	-0.250000	0.030000	0.010000	0.006000	29972	29974	29975	25015	25005	25003
2349	43.555466	0.000084	-0.130000	0.410000	-0.020000	0.030000	0.010000	0.006000	29987	30041	29998	25015	25005	25003
2350	43.588128	0.032662	0.140000	-0.240000	-0.280000	0.030000	0.010000	0.006000	30014	29976	29972	25015	25005	25003
2351	43.622430	0.034302	0.040000	-0.350000	0.270000	0.030000	0.010000	0.006000	30004	29965	30027	25015	25005	25003
2352	43.656044	0.033614	0.140000	-0.610000	0.250000	0.030000	0.010000	0.006000	30014	29939	30025	25015	25005	25003
2353	43.687504	0.031460	0.140000	-0.610000	0.250000	0.048000	0.026000	0.008000	30014	29939	30025	25024	25013	25004
2354	43.687574	0.000070	0.220000	-0.560000	-0.520000	0.048000	0.026000	0.008000	30022	29944	29948	25024	25013	25004
2355	43.716910	0.029336	-0.160000	-0.770000	-0.270000	0.048000	0.026000	0.008000	29984	29923	29973	25024	25013	25004
2356	43.747669	0.030758	-0.160000	-0.770000	-0.270000	0.070000	0.010000	0.012000	29984	29923	29973	25035	25005	25006
2357	43.747742	0.000074	-0.050000	-0.120000	-0.320000	0.070000	0.010000	0.012000	29995	29988	29968	25035	25005	25006
2358	43.779965	0.032223	-0.050000	-0.120000	-0.320000	0.010000	0.038000	0.006000	29995	29988	29968	25005	25019	25003
2359	43.780037	0.000072	0.240000	-0.690000	-0.560000	0.010000	0.038000	0.006000	30024	29931	29944	25005	25019	25003
2360	43.807328	0.027291	-0.230000	-0.310000	-0.280000	0.010000	0.038000	0.006000	29977	29969	29972	25005	25019	25003
2361	43.848021	0.040693	0.030000	-0.420000	-0.810000	0.010000	0.038000	0.006000	30003	29958	29919	25005	25019	25003
2362	43.882132	0.034111	0.030000	-0.420000	-0.810000	0.040000	0.026000	0.006000	30003	29958	29919	25020	25013	25003
2363	43.882211	0.000080	-0.500000	-0.250000	-0.810000	0.040000	0.026000	0.006000	29950	29975	29919	25020	25013	25003
2364	43.914278	0.032067	-0.500000	-0.250000	-0.810000	0.014000	-0.018000	0.010000	29950	29975	29919	25007	24991	25005
2365	43.914361	0.000082	-0.680000	-0.580000	-0.820000	0.014000	-0.018000	0.010000	29932	29942	29918	25007	24991	25005
2366	43.945737	0.031376	-0.390000	-0.470000	-0.080000	0.014000	-0.018000	0.010000	29961	29953	29992	25007	24991	25005
2367	43.972321	0.026584	-0.500000	-0.230000	-0.270000	0.014000	-0.018000	0.010000	29950	29977	29973	25007	24991	25005
2368	44.004361	0.032041	-0.150000	-0.480000	0.000000	0.014000	-0.018000	0.010000	29985	29952	30000	25007	24991	25005
2369	44.035557	0.031195	-0.150000	-0.480000	0.000000	0.056000	0.014000	0.022000	29985	29952	30000	25028	25007	25011
2370	44.035640	0.000083	0.130000	-0.420000	-0.270000	0.056000	0.014000	0.022000	30013	29958	29973	25028	25007	25011
2371	44.069498	0.033859	0.130000	-0.420000	-0.270000	0.028000	0.018000	0.024000	30013	29958	29973	25014	25009	25012
2372	44.069575	0.000077	0.160000	0.060000	0.240000	0.028000	0.018000	0.024000	30016	30006	30024	25014	25009	25012
2373	44.102261	0.032686	-0.440000	-0.170000	-0.820000	0.028000	0.018000	0.024000	29956	29983	29918	25014	25009	25012
2374	44.136494	0.034233	-0.440000	-0.170000	-0.820000	0.026000	0.004000	0.018000	29956	29983	29918	25013	25002	25009
2375	44.136576	0.000081	-0.440000	-0.170000	-0.820000	0.038000	-0.012000	0.014000	29956	29983	29918	25019	24994	25007
2376	44.136599	0.000023	0.040000	-0.810000	0.280000	0.038000	-0.012000	0.014000	30004	29919	30028	25019	24994	25007
2377	44.170011	0.033412	0.000000	-0.260000	-0.300000	0.038000	-0.012000	0.014000	30000	29974	29970	25019	24994	25007
2378	44.204022	0.034011	0.000000	-0.260000	-0.300000	0.012000	0.024000	0.006000	30000	29974	29970	25006	25012	25003
2379	44.204098	0.000075	-0.150000	0.140000	0.210000	0.012000	0.024000	0.006000	29985	30014	30021	25006	25012	25003
2380	44.236475	0.032377	0.440000	0.040000	-0.040000	0.012000	0.024000	0.006000	30044	30004	29996	25006	25012	25003
2381	44.269973	0.033498	-0.020000	0.270000	0.310000	0.012000	0.024000	0.006000	29998	30027	30031	25006	25012	25003
2382	44.297316	0.027343	-0.330000	-0.400000	-0.750000	0.012000	0.024000	0.006000	29967	29960	29925	25006	25012	25003
2383	44.328993	0.031677	-0.330000	-0.400000	-0.750000	0.048000	0.000000	0.020000	29967	29960	29925	25024	25000	25010
2384	44.329074	0.000081	-0.710000	-0.470000	-0.480000	0.048000	0.000000	0.020000	29929	29953	29952	25024	25000	25010
2385	44.357380	0.028306	-0.710000	-0.470000	-0.480000	0.060000	-0.026000	0.020000	29929	29953	29952	25030	24987	25010
2386	44.357448	0.000069	-0.250000	-0.200000	-0.290000	0.060000	-0.026000	0.020000	29975	29980	29971	25030	24987	25010
2387	44.389858	0.032410	-0.250000	-0.200000	-0.290000	0.004000	0.004000	0.010000	29975	29980	29971	25002	25002	25005
2388	44.389935	0.000076	-0.100000	-0.140000	-0.020000	0.004000	0.004000	0.010000	29990	29986	29998	25002	25002	25005
2389	44.423397	0.033462	-0.350000	-0.450000	-0.520000	0.004000	0.004000	0.010000	29965	29955	29948	25002	25002	25005
2390	44.457592	0.034196	-0.350000	-0.450000	-0.520000	0.046000	-0.004000	0.006000	29965	29955	29948	25023	24998	25003
2391	44.457676	0.000084	-0.200000	-0.400000	-0.260000	0.046000	-0.004000	0.006000	29980	29960	29974	25023	24998	25003
2392	44.491399	0.033723	-0.100000	0.010000	-0.570000	0.046000	-0.004000	0.006000	29990	30001	29943	25023	24998	25003
2393	44.527564	0.036165	-0.100000	0.010000	-0.570000	0.000000	0.028000	0.006000	29990	30001	29943	25000	25014	25003
2394	44.527648	0.000084	-0.330000	-0.390000	-0.820000	0.000000	0.028000	0.006000	29967	29961	29918	25000	25014	25003
2395	44.561801	0.034154	-0.330000	-0.390000	-0.820000	0.038000	-0.002000	0.008000	29967	29961	29918	25019	24999	25004
2396	44.561885	0.000084	-0.230000	-0.630000	-0.780000	0.038000	-0.002000	0.008000	29977	29937	29922	25019	24999	25004
2397	44.589306	0.027421	-0.600000	-0.720000	0.040000	0.038000	-0.002000	0.008000	29940	29928	30004	25019	24999	25004
2398	44.616703	0.027396	0.230000	-0.430000	-0.330000	0.038000	-0.002000	0.008000	30023	29957	29967	25019	24999	25004
2399	44.646896	0.030194	0.180000	0.010000	0.000000	0.038000	-0.002000	0.008000	30018	30001	30000	25019	24999	25004
2400	44.675411	0.028514	0.180000	0.010000	0.000000	-0.008000	0.028000	0.008000	30018	30001	30000	24996	25014	25004
2401	44.675515	0.000105	0.280000	-0.340000	-0.510000	-0.008000	0.028000	0.008000	30028	29966	29949	24996	25014	25004
2402	44.709966	0.034451	0.280000	-0.340000	-0.510000	0.036000	0.042000	0.014000	30028	29966	29949	25018	25021	25007
2403	44.710067	0.000100	0.280000	-0.340000	-0.510000	0.036000	0.042000	0.014000	30028	29966	29949	25018	25021	25007
2404	44.743567	0.033501	0.300000	-0.240000	-0.330000	0.036000	0.042000	0.014000	30030	29976	29967	25018	25021	25007
2405	44.777322	0.033755	-0.620000	-0.590000	0.080000	0.036000	0.042000	0.014000	29938	29941	30008	25018	25021	25007
2406	44.813561	0.036239	-0.160000	-0.060000	-0.030000	0.036000	0.042000	0.014000	29984	29994	29997	25018	25021	25007
2407	44.851383	0.037822	-0.160000	-0.060000	-0.030000	0.042000	0.036000	0.006000	29984	29994	29997	25021	25018	25003
2408	44.851466	0.000083	0.060000	-0.550000	0.010000	0.042000	0.036000	0.006000	30006	29945	30001	25021	25018	25003
2409	44.879052	0.027585	0.060000	-0.550000	0.010000	0.048000	0.034000	0.020000	30006	29945	30001	25024	25017	25010
2410	44.879123	0.000071	-0.010000	-0.280000	-1.310000	0.048000	0.034000	0.020000	29999	29972	29869	25024	25017	25010
2411	44.913113	0.033991	0.240000	-0.190000	0.500000	0.048000	0.034000	0.020000	30024	29981	30050	25024	25017	25010
2412	44.948062	0.034949	0.240000	-0.190000	0.500000	0.008000	0.046000	0.020000	30024	29981	30050	25004	25023	25010
2413	44.948135	0.000072	-0.330000	-0.150000	-0.520000	0.008000	0.046000	0.020000	29967	29985	29948	25004	25023	25010
2414	44.975063	0.026929	-0.330000	-0.150000	-0.520000	0.020000	0.014000	0.010000	29967	29985	29948	25010	25007	25005
2415	44.975148	0.000085	0.000000	0.030000	-0.030000	0.020000	0.014000	0.010000	30000	30003	29997	25010	25007	25005
2416	45.008404	0.033256	0.290000	0.090000	-0.040000	0.020000	0.014000	0.010000	30029	30009	29996	25010	25007	25005
2417	45.042136	0.033732	0.300000	-0.650000	0.250000	0.020000	0.014000	0.010000	30030	29935	30025	25010	25007	25005
2418	45.076494	0.034358	0.300000	-0.650000	0.250000	0.038000	0.030000	0.010000	30030	29935	30025	25019	25015	25005
2419	45.076691	0.000197	0.220000	0.130000	0.270000	0.038000	0.030000	0.010000	30022	30013	30027	25019	25015	25005
2420	45.110271	0.033580	0.220000	0.130000	0.270000	-0.024000	0.028000	0.014000	30022	30013	30027	24988	25014	25007
2421	45.110355	0.000084	0.460000	-0.240000	-0.020000	-0.024000	0.028000	0.014000	30046	29976	29998	24988	25014	25007
2422	45.142884	0.032529	-0.220000	-0.060000	-0.810000	-0.024000	0.028000	0.014000	29978	29994	29919	24988	25014	25007
2423	45.173778	0.030894	0.180000	-0.340000	-0.050000	-0.024000	0.028000	0.014000	30018	29966	29995	24988	25014	25007
2424	45.206007	0.032229	0.300000	0.270000	-0.320000	-0.024000	0.028000	0.014000	30030	30027	29968	24988	25014	25007
2425	45.232740	0.026733	-0.330000	-0.160000	-0.040000	-0.024000	0.028000	0.014000	29967	29984	29996	24988	25014	25007
2426	45.262470	0.029730	-0.330000	-0.160000	-0.040000	-0.006000	-0.010000	0.010000	29967	29984	29996	24997	24995	25005
2427	45.262542	0.000072	-0.690000	-0.470000	-0.560000	-0.006000	-0.010000	0.010000	29931	29953	29944	24997	24995	25005
2428	45.294180	0.031639	0.050000	0.000000	-0.050000	-0.006000	-0.010000	0.010000	30005	30000	29995	24997	24995	25005
2429	45.325555	0.031375	0.050000	0.000000	-0.050000	-0.008000	0.030000	0.008000	30005	30000	29995	24996	25015	25004
2430	45.325620	0.000065	0.170000	-0.270000	-0.020000	-0.008000	0.030000	0.008000	30017	29973	29998	24996	25015	25004
2431	45.356510	0.030891	-0.250000	-0.610000	-0.480000	-0.008000	0.030000	0.008000	29975	29939	29952	24996	25015	25004
2432	45.387261	0.030750	-0.250000	-0.610000	-0.480000	0.074000	0.006000	0.018000	29975	29939	29952	25037	25003	25009
2433	45.387412	0.000151	0.290000	-0.500000	-0.540000	0.074000	0.006000	0.018000	30029	29950	29946	25037	25003	25009
2434	45.418324	0.030913	-0.130000	-0.120000	-0.510000	0.074000	0.006000	0.018000	29987	29988	29949	25037	25003	25009
2435	45.449994	0.031670	-0.060000	-0.270000	0.040000	0.074000	0.006000	0.018000	29994	29973	30004	25037	25003	25009
2436	45.477699	0.027705	-0.060000	-0.270000	0.040000	0.022000	0.016000	0.014000	29994	29973	30004	25011	25008	25007
2437	45.477765	0.000066	-0.250000	-0.490000	0.190000	0.022000	0.016000	0.014000	29975	29951	30019	25011	25008	25007
2438	45.510092	0.032327	-0.250000	-0.490000	0.190000	0.046000	0.010000	-0.004000	29975	29951	30019	25023	25005	24998
2439	45.510164	0.000071	-0.250000	-0.490000	0.190000	0.046000	0.010000	-0.004000	29975	29951	30019	25023	25005	24998
2440	45.540008	0.029844	-0.360000	0.010000	-0.010000	0.046000	0.010000	-0.004000	29964	30001	29999	25023	25005	24998
2441	45.570990	0.030982	-0.370000	-0.530000	-0.280000	0.046000	0.010000	-0.004000	29963	29947	29972	25023	25005	24998
2442	45.600530	0.029540	-0.370000	-0.530000	-0.280000	0.046000	0.010000	-0.004000	29963	29947	29972	25023	25005	24998
2443	45.631953	0.031423	-0.250000	-0.510000	-0.250000	0.046000	0.010000	-0.004000	29975	29949	29975	25023	25005	24998
2444	45.659909	0.027956	-0.600000	-0.800000	0.020000	0.046000	0.010000	-0.004000	29940	29920	30002	25023	25005	24998
2445	45.690398	0.030489	-0.290000	-0.210000	0.000000	0.046000	0.010000	-0.004000	29971	29979	30000	25023	25005	24998
2446	45.720835	0.030438	-0.290000	-0.210000	0.000000	0.030000	0.016000	0.016000	29971	29979	30000	25015	25008	25008
2447	45.720906	0.000071	-0.060000	-0.090000	-0.030000	0.030000	0.016000	0.016000	29994	29991	29997	25015	25008	25008
2448	45.751200	0.030294	-0.060000	-0.090000	-0.030000	-0.004000	-0.008000	0.008000	29994	29991	29997	24998	24996	25004
2449	45.751270	0.000070	-0.520000	-0.840000	-0.560000	-0.004000	-0.008000	0.008000	29948	29916	29944	24998	24996	25004
2450	45.786983	0.035713	-0.520000	-0.840000	-0.560000	0.062000	-0.024000	0.006000	29948	29916	29944	25031	24988	25003
2451	45.787086	0.000103	0.130000	-0.610000	0.290000	0.062000	-0.024000	0.006000	30013	29939	30029	25031	24988	25003
2452	45.818020	0.030934	0.210000	0.390000	-0.620000	0.062000	-0.024000	0.006000	30021	30039	29938	25031	24988	25003
2453	45.847135	0.029116	0.210000	0.390000	-0.620000	0.068000	0.030000	0.006000	30021	30039	29938	25034	25015	25003
2454	45.847209	0.000074	-0.090000	-0.700000	0.280000	0.068000	0.030000	0.006000	29991	29930	30028	25034	25015	25003
2455	45.874171	0.026962	-0.090000	-0.700000	0.280000	0.064000	0.024000	0.006000	29991	29930	30028	25032	25012	25003
2456	45.874231	0.000060	-0.520000	-0.700000	-0.490000	0.064000	0.024000	0.006000	29948	29930	29951	25032	25012	25003
2457	45.901318	0.027087	-0.070000	-0.100000	-0.550000	0.064000	0.024000	0.006000	29993	29990	29945	25032	25012	25003
2458	45.928947	0.027629	-0.070000	-0.100000	-0.550000	0.018000	0.024000	0.010000	29993	29990	29945	25009	25012	25005
2459	45.929008	0.000061	-0.170000	-0.510000	-0.580000	0.018000	0.024000	0.010000	29983	29949	29942	25009	25012	25005
2460	45.956049	0.027041	-0.740000	-0.890000	0.500000	0.018000	0.024000	0.010000	29926	29911	30050	25009	25012	25005
2461	45.982746	0.026697	-0.740000	-0.890000	0.500000	0.100000	-0.034000	0.008000	29926	29911	30050	25050	24983	25004
2462	45.982804	0.000058	0.230000	-0.240000	0.230000	0.100000	-0.034000	0.008000	30023	29976	30023	25050	24983	25004
2463	46.013451	0.030647	0.230000	-0.240000	0.230000	0.048000	0.016000	0.020000	30023	29976	30023	25024	25008	25010
2464	46.013521	0.000070	-0.040000	-0.200000	-0.490000	0.048000	0.016000	0.020000	29996	29980	29951	25024	25008	25010
2465	46.044389	0.030869	-0.230000	-0.650000	-0.770000	0.048000	0.016000	0.020000	29977	29935	29923	25024	25008	25010
2466	46.076225	0.031836	-0.230000	-0.650000	-0.770000	0.070000	0.002000	0.014000	29977	29935	29923	25035	25001	25007
2467	46.076291	0.000066	-0.230000	-0.650000	-0.770000	0.006000	0.032000	-0.002000	29977	29935	29923	25003	25016	24999
2468	46.076311	0.000020	-0.020000	-0.260000	0.730000	0.006000	0.032000	-0.002000	29998	29974	30073	25003	25016	24999
2469	46.105618	0.029306	-0.370000	-1.090000	0.010000	0.006000	0.032000	-0.002000	29963	29891	30001	25003	25016	24999
2470	46.133365	0.027748	-0.370000	-1.090000	0.010000	0.110000	-0.010000	0.012000	29963	29891	30001	25055	24995	25006
2471	46.133423	0.000058	0.060000	-0.360000	-0.030000	0.110000	-0.010000	0.012000	30006	29964	29997	25055	24995	25006
2472	46.159496	0.026073	0.060000	-0.360000	-0.030000	0.008000	0.016000	0.010000	30006	29964	29997	25004	25008	25005
2473	46.159562	0.000065	-0.130000	-0.250000	-0.030000	0.008000	0.016000	0.010000	29987	29975	29997	25004	25008	25005
2474	46.186409	0.026847	-0.130000	-0.250000	-0.030000	0.004000	0.012000	0.010000	29987	29975	29997	25002	25006	25005
2475	46.186475	0.000067	-0.590000	-0.150000	-0.550000	0.004000	0.012000	0.010000	29941	29985	29945	25002	25006	25005
2476	46.218195	0.031719	-0.590000	-0.150000	-0.550000	0.040000	0.000000	0.012000	29941	29985	29945	25020	25000	25006
2477	46.218282	0.000087	-0.040000	0.160000	-0.290000	0.040000	0.000000	0.012000	29996	30016	29971	25020	25000	25006
2478	46.251889	0.033607	-0.040000	0.160000	-0.290000	-0.012000	0.028000	0.020000	29996	30016	29971	24994	25014	25010
2479	46.251998	0.000109	0.070000	-0.190000	0.200000	-0.012000	0.028000	0.020000	30007	29981	30020	24994	25014	25010
2480	46.283125	0.031127	-0.210000	-0.150000	-0.050000	-0.012000	0.028000	0.020000	29979	29985	29995	24994	25014	25010
2481	46.316614	0.033489	-0.210000	-0.150000	-0.050000	-0.036000	0.040000	0.024000	29979	29985	29995	24982	25020	25012
2482	46.316685	0.000071	0.100000	0.170000	-0.540000	-0.036000	0.040000	0.024000	30010	30017	29946	24982	25020	25012
2483	46.343508	0.026823	0.060000	-0.420000	-0.810000	-0.036000	0.040000	0.024000	30006	29958	29919	24982	25020	25012
2484	46.370314	0.026806	0.210000	-0.090000	0.230000	-0.036000	0.040000	0.024000	30021	29991	30023	24982	25020	25012
2485	46.396699	0.026385	-0.410000	-0.680000	-0.060000	-0.036000	0.040000	0.024000	29959	29932	29994	24982	25020	25012
2486	46.430469	0.033771	0.070000	-0.350000	0.310000	-0.036000	0.040000	0.024000	30007	29965	30031	24982	25020	25012
2487	46.458756	0.028287	-0.030000	0.080000	-0.240000	-0.036000	0.040000	0.024000	29997	30008	29976	24982	25020	25012
2488	46.492332	0.033576	-0.030000	0.080000	-0.240000	0.012000	0.022000	0.014000	29997	30008	29976	25006	25011	25007
2489	46.492489	0.000157	0.040000	-0.030000	-0.050000	0.012000	0.022000	0.014000	30004	29997	29995	25006	25011	25007
2490	46.524808	0.032319	0.200000	0.100000	0.550000	0.012000	0.022000	0.014000	30020	30010	30055	25006	25011	25007
2491	46.556895	0.032087	0.200000	0.100000	0.550000	-0.008000	0.030000	0.022000	30020	30010	30055	24996	25015	25011
2492	46.557009	0.000113	-0.070000	-0.670000	-0.770000	-0.008000	0.030000	0.022000	29993	29933	29923	24996	25015	25011
2493	46.595119	0.038111	-0.510000	-0.350000	-0.570000	-0.008000	0.030000	0.022000	29949	29965	29943	24996	25015	25011
2494	46.629679	0.034560	-0.760000	-0.350000	-0.540000	-0.008000	0.030000	0.022000	29924	29965	29946	24996	25015	25011
2495	46.660199	0.030520	-0.090000	-0.720000	0.280000	-0.008000	0.030000	0.022000	29991	29928	30028	24996	25015	25011
2496	46.694749	0.034550	-0.170000	-0.150000	-0.260000	-0.008000	0.030000	0.022000	29983	29985	29974	24996	25015	25011
2497	46.729884	0.035135	-0.100000	-0.400000	-0.520000	-0.008000	0.030000	0.022000	29990	29960	29948	24996	25015	25011
2498	46.763296	0.033412	-0.100000	-0.400000	-0.520000	0.040000	0.012000	0.012000	29990	29960	29948	25020	25006	25006
2499	46.763376	0.000079	-0.720000	-0.580000	-0.040000	0.040000	0.012000	0.012000	29928	29942	29996	25020	25006	25006
2500	46.797550	0.034174	-0.720000	-0.580000	-0.040000	0.040000	-0.030000	0.010000	29928	29942	29996	25020	24985	25005
2501	46.797651	0.000101	-0.730000	-0.510000	-0.040000	0.040000	-0.030000	0.010000	29927	29949	29996	25020	24985	25005
2502	46.832636	0.034985	-0.020000	0.220000	0.690000	0.040000	-0.030000	0.010000	29998	30022	30069	25020	24985	25005
2503	46.866694	0.034058	-0.200000	-0.530000	0.740000	0.040000	-0.030000	0.010000	29980	29947	30074	25020	24985	25005
2504	46.903044	0.036350	-0.450000	-0.510000	-0.480000	0.040000	-0.030000	0.010000	29955	29949	29952	25020	24985	25005
2505	46.929606	0.026563	-0.030000	-0.320000	-0.290000	0.040000	-0.030000	0.010000	29997	29968	29971	25020	24985	25005
2506	46.955960	0.026353	-0.030000	-0.320000	-0.290000	0.014000	0.012000	0.002000	29997	29968	29971	25007	25006	25001
2507	46.956044	0.000085	0.060000	-0.540000	-0.050000	0.014000	0.012000	0.002000	30006	29946	29995	25007	25006	25001
2508	46.981930	0.025886	0.060000	-0.540000	-0.050000	0.038000	0.032000	0.008000	30006	29946	29995	25019	25016	25004
2509	46.982005	0.000074	0.330000	-0.320000	0.270000	0.038000	0.032000	0.008000	30033	29968	30027	25019	25016	25004
2510	47.021147	0.039143	0.330000	-0.320000	0.270000	0.020000	0.052000	0.012000	30033	29968	30027	25010	25026	25006
2511	47.021251	0.000103	-0.660000	-0.930000	-0.480000	0.020000	0.052000	0.012000	29934	29907	29952	25010	25026	25006
2512	47.050239	0.028988	-0.660000	-0.930000	-0.480000	0.092000	-0.046000	0.014000	29934	29907	29952	25046	24977	25007
2513	47.050381	0.000142	-0.690000	-0.610000	0.580000	0.092000	-0.046000	0.014000	29931	29939	30058	25046	24977	25007
2514	47.076731	0.026350	-0.130000	-0.680000	-0.550000	0.092000	-0.046000	0.014000	29987	29932	29945	25046	24977	25007
2515	47.107546	0.030815	-0.130000	-0.680000	-0.550000	0.062000	0.016000	0.012000	29987	29932	29945	25031	25008	25006
2516	47.107617	0.000071	-0.290000	-0.430000	-0.480000	0.062000	0.016000	0.012000	29971	29957	29952	25031	25008	25006
2517	47.138280	0.030663	-0.290000	-0.430000	-0.480000	0.046000	-0.004000	0.024000	29971	29957	29952	25023	24998	25012
2518	47.138357	0.000077	0.360000	0.000000	-0.560000	0.046000	-0.004000	0.024000	30036	30000	29944	25023	24998	25012
2519	47.170311	0.031954	0.360000	0.000000	-0.560000	0.012000	0.066000	0.004000	30036	30000	29944	25006	25033	25002
2520	47.170395	0.000083	-0.300000	-0.420000	0.270000	0.012000	0.066000	0.004000	29970	29958	30027	25006	25033	25002
2521	47.203223	0.032829	-0.300000	-0.420000	0.270000	0.048000	0.004000	0.006000	29970	29958	30027	25024	25002	25003
2522	47.203303	0.000079	0.000000	-0.210000	-0.070000	0.048000	0.004000	0.006000	30000	29979	29993	25024	25002	25003
2523	47.235051	0.031748	-0.050000	-0.740000	0.020000	0.048000	0.004000	0.006000	29995	29926	30002	25024	25002	25003
2524	47.262832	0.027781	0.230000	-0.200000	0.250000	0.048000	0.004000	0.006000	30023	29980	30025	25024	25002	25003
2525	47.288992	0.026159	0.230000	-0.200000	0.250000	0.010000	0.032000	0.020000	30023	29980	30025	25005	25016	25010
2526	47.289058	0.000066	-0.500000	-0.070000	-1.090000	0.010000	0.032000	0.020000	29950	29993	29891	25005	25016	25010
2527	47.322569	0.033512	-0.500000	-0.070000	-1.090000	-0.008000	-0.010000	0.004000	29950	29993	29891	24996	24995	25002
2528	47.322659	0.000090	0.070000	-0.400000	-0.540000	-0.008000	-0.010000	0.004000	30007	29960	29946	24996	24995	25002
2529	47.350943	0.028284	0.070000	-0.400000	-0.540000	0.024000	0.028000	0.008000	30007	29960	29946	25012	25014	25004
2530	47.351039	0.000096	0.000000	-0.260000	-0.600000	0.024000	0.028000	0.008000	30000	29974	29940	25012	25014	25004
2531	47.380791	0.029752	0.310000	-0.010000	-0.330000	0.024000	0.028000	0.008000	30031	29999	29967	25012	25014	25004
2532	47.411356	0.030565	0.100000	-0.020000	-0.290000	0.024000	0.028000	0.008000	30010	29998	29971	25012	25014	25004
2533	47.439612	0.028256	-0.090000	-0.170000	-0.030000	0.024000	0.028000	0.008000	29991	29983	29997	25012	25014	25004
2534	47.470111	0.030499	-1.000000	-0.710000	-0.250000	0.024000	0.028000	0.008000	29900	29929	29975	25012	25014	25004
2535	47.502063	0.031952	0.120000	0.320000	0.250000	0.024000	0.028000	0.008000	30012	30032	30025	25012	25014	25004
2536	47.533924	0.031861	-0.130000	-0.610000	-0.790000	0.024000	0.028000	0.008000	29987	29939	29921	25012	25014	25004
2537	47.565821	0.031897	-0.040000	-0.360000	0.030000	0.024000	0.028000	0.008000	29996	29964	30003	25012	25014	25004
2538	47.593164	0.027343	-0.040000	-0.360000	0.030000	0.034000	0.026000	0.022000	29996	29964	30003	25017	25013	25011
2539	47.593236	0.000073	-0.140000	0.030000	0.270000	0.034000	0.026000	0.022000	29986	30003	30027	25017	25013	25011
2540	47.626713	0.033476	0.100000	0.020000	0.020000	0.034000	0.026000	0.022000	30010	30002	30002	25017	25013	25011
2541	47.654243	0.027531	0.100000	0.020000	0.020000	0.018000	0.036000	0.008000	30010	30002	30002	25009	25018	25004
2542	47.654297	0.000054	-0.260000	-0.370000	-0.300000	0.018000	0.036000	0.008000	29974	29963	29970	25009	25018	25004
2543	47.683133	0.028836	-0.260000	-0.370000	-0.300000	0.062000	0.022000	0.016000	29974	29963	29970	25031	25011	25008
2544	47.683202	0.000069	0.160000	-0.430000	0.520000	0.062000	0.022000	0.016000	30016	29957	30052	25031	25011	25008
2545	47.714804	0.031602	-0.040000	-0.180000	-0.540000	0.062000	0.022000	0.016000	29996	29982	29946	25031	25011	25008
2546	47.744181	0.029377	-0.680000	-0.180000	0.280000	0.062000	0.022000	0.016000	29932	29982	30028	25031	25011	25008
2547	47.774979	0.030798	-0.480000	-0.510000	-0.280000	0.062000	0.022000	0.016000	29952	29949	29972	25031	25011	25008
2548	47.801511	0.026533	-0.480000	-0.510000	-0.280000	0.042000	0.012000	0.020000	29952	29949	29972	25021	25006	25010
2549	47.801571	0.000060	-0.040000	-0.010000	-0.550000	0.042000	0.012000	0.020000	29996	29999	29945	25021	25006	25010
2550	47.830276	0.028705	-0.380000	-0.270000	0.030000	0.042000	0.012000	0.020000	29962	29973	30003	25021	25006	25010
2551	47.860083	0.029807	-0.380000	-0.270000	0.030000	0.006000	-0.010000	0.004000	29962	29973	30003	25003	24995	25002
2552	47.860290	0.000207	-0.060000	0.210000	-0.020000	0.006000	-0.010000	0.004000	29994	30021	29998	25003	24995	25002
2553	47.889144	0.028854	-0.240000	-0.270000	0.540000	0.006000	-0.010000	0.004000	29976	29973	30054	25003	24995	25002
2554	47.917466	0.028322	-0.240000	-0.270000	0.540000	0.036000	0.016000	0.014000	29976	29973	30054	25018	25008	25007
2555	47.917532	0.000066	0.220000	0.030000	0.220000	0.036000	0.016000	0.014000	30022	30003	30022	25018	25008	25007
2556	47.948927	0.031395	0.590000	0.290000	0.490000	0.036000	0.016000	0.014000	30059	30029	30049	25018	25008	25007
2557	47.981408	0.032480	0.290000	-0.290000	-0.290000	0.036000	0.016000	0.014000	30029	29971	29971	25018	25008	25007
2558	48.014017	0.032609	0.290000	-0.290000	-0.290000	0.020000	0.032000	0.004000	30029	29971	29971	25010	25016	25002
2559	48.014105	0.000088	-0.670000	-0.530000	-0.500000	0.020000	0.032000	0.004000	29933	29947	29950	25010	25016	25002
2560	48.041527	0.027423	-0.670000	-0.530000	-0.500000	0.048000	-0.028000	0.032000	29933	29947	29950	25024	24986	25016
2561	48.041594	0.000067	-0.330000	-0.170000	-0.010000	0.048000	-0.028000	0.032000	29967	29983	29999	25024	24986	25016
2562	48.072409	0.030815	-0.330000	-0.170000	-0.010000	0.042000	0.004000	0.010000	29967	29983	29999	25021	25002	25005
2563	48.072497	0.000088	-0.700000	-0.430000	-0.060000	0.042000	0.004000	0.010000	29930	29957	29994	25021	25002	25005
2564	48.104981	0.032484	0.230000	-0.040000	0.560000	0.042000	0.004000	0.010000	30023	29996	30056	25021	25002	25005
2565	48.138234	0.033253	-0.230000	-0.560000	0.000000	0.042000	0.004000	0.010000	29977	29944	30000	25021	25002	25005
2566	48.171149	0.032915	-0.750000	-0.760000	0.060000	0.042000	0.004000	0.010000	29925	29924	30006	25021	25002	25005
2567	48.204897	0.033748	-0.750000	-0.760000	0.060000	0.068000	-0.048000	0.018000	29925	29924	30006	25034	24976	25009
2568	48.204990	0.000093	-0.330000	-0.600000	-0.350000	0.068000	-0.048000	0.018000	29967	29940	29965	25034	24976	25009
2569	48.237813	0.032823	-0.330000	-0.600000	-0.350000	0.062000	0.018000	-0.004000	29967	29940	29965	25031	25009	24998
2570	48.237889	0.000076	-0.150000	-0.540000	-0.490000	0.062000	0.018000	-0.004000	29985	29946	29951	25031	25009	24998
2571	48.265395	0.027506	-0.150000	-0.540000	-0.490000	0.052000	0.020000	0.014000	29985	29946	29951	25026	25010	25007
2572	48.265458	0.000062	-0.300000	-0.340000	-0.520000	0.052000	0.020000	0.014000	29970	29966	29948	25026	25010	25007
2573	48.296671	0.031214	-0.340000	-0.140000	-0.270000	0.052000	0.020000	0.014000	29966	29986	29973	25026	25010	25007
2574	48.329438	0.032766	0.030000	-0.520000	0.270000	0.052000	0.020000	0.014000	30003	29948	30027	25026	25010	25007
2575	48.357929	0.028492	-0.140000	-0.830000	-0.230000	0.052000	0.020000	0.014000	29986	29917	29977	25026	25010	25007
2576	48.384633	0.026704	-0.140000	-0.830000	-0.230000	0.078000	0.018000	0.012000	29986	29917	29977	25039	25009	25006
2577	48.384698	0.000065	-0.440000	-0.490000	0.300000	0.078000	0.018000	0.012000	29956	29951	30030	25039	25009	25006
2578	48.416238	0.031540	0.260000	-0.820000	0.030000	0.078000	0.018000	0.012000	30026	29918	30003	25039	25009	25006
2579	48.445919	0.029682	-0.160000	0.200000	-0.310000	0.078000	0.018000	0.012000	29984	30020	29969	25039	25009	25006
2580	48.473379	0.027459	0.030000	-0.640000	0.310000	0.078000	0.018000	0.012000	30003	29936	30031	25039	25009	25006
2581	48.505324	0.031945	0.030000	-0.640000	0.310000	0.048000	0.000000	0.016000	30003	29936	30031	25024	25000	25008
2582	48.505412	0.000088	-0.470000	-0.740000	-1.050000	0.048000	0.000000	0.016000	29953	29926	29895	25024	25000	25008
2583	48.540000	0.034588	-0.190000	-0.350000	-0.040000	0.048000	0.000000	0.016000	29981	29965	29996	25024	25000	25008
2584	48.568174	0.028175	-0.030000	-0.760000	-0.800000	0.048000	0.000000	0.016000	29997	29924	29920	25024	25000	25008
2585	48.601227	0.033053	-0.030000	-0.760000	-0.800000	0.044000	-0.006000	0.008000	29997	29924	29920	25022	24997	25004
2586	48.601304	0.000077	0.170000	-0.110000	-0.040000	0.044000	-0.006000	0.008000	30017	29989	29996	25022	24997	25004
2587	48.631984	0.030681	0.170000	-0.110000	-0.040000	-0.008000	0.028000	0.012000	30017	29989	29996	24996	25014	25006
2588	48.632061	0.000077	0.170000	-0.110000	-0.040000	0.012000	0.016000	0.004000	30017	29989	29996	25006	25008	25002
2589	48.632080	0.000018	-0.190000	-0.050000	0.000000	0.012000	0.016000	0.004000	29981	29995	30000	25006	25008	25002
2590	48.661141	0.029061	-0.190000	-0.050000	0.000000	-0.006000	0.006000	0.016000	29981	29995	30000	24997	25003	25008
2591	48.661212	0.000071	-0.340000	-0.210000	-0.020000	-0.006000	0.006000	0.016000	29966	29979	29998	24997	25003	25008
2592	48.692857	0.031646	-0.340000	-0.210000	-0.020000	0.066000	-0.050000	0.046000	29966	29979	29998	25033	24975	25023
2593	48.692924	0.000067	-0.120000	-0.220000	-0.220000	0.066000	-0.050000	0.046000	29988	29978	29978	25033	24975	25023
2594	48.723967	0.031043	-0.490000	-0.160000	0.260000	0.066000	-0.050000	0.046000	29951	29984	30026	25033	24975	25023
2595	48.752305	0.028339	0.260000	-0.340000	-0.300000	0.066000	-0.050000	0.046000	30026	29966	29970	25033	24975	25023
2596	48.786947	0.034642	0.350000	0.150000	-0.580000	0.066000	-0.050000	0.046000	30035	30015	29942	25033	24975	25023
2597	48.821607	0.034660	0.350000	0.150000	-0.580000	0.024000	0.024000	0.006000	30035	30015	29942	25012	25012	25003
2598	48.821689	0.000082	0.200000	-0.130000	0.030000	0.024000	0.024000	0.006000	30020	29987	30003	25012	25012	25003
2599	48.849868	0.028179	-0.200000	-0.190000	0.820000	0.024000	0.024000	0.006000	29980	29981	30082	25012	25012	25003
2600	48.880441	0.030573	-0.200000	-0.190000	0.820000	0.024000	0.028000	0.018000	29980	29981	30082	25012	25014	25009
2601	48.880540	0.000099	-0.200000	-0.190000	0.820000	0.046000	-0.022000	0.002000	29980	29981	30082	25023	24989	25001
2602	48.880563	0.000023	0.300000	0.120000	-0.050000	0.046000	-0.022000	0.002000	30030	30012	29995	25023	24989	25001
2603	48.910403	0.029840	0.300000	0.120000	-0.050000	-0.012000	0.050000	0.006000	30030	30012	29995	24994	25025	25003
2604	48.910562	0.000159	0.090000	0.040000	-0.040000	-0.012000	0.050000	0.006000	30009	30004	29996	24994	25025	25003
2605	48.947504	0.036942	0.090000	0.040000	-0.040000	-0.008000	0.036000	0.016000	30009	30004	29996	24996	25018	25008
2606	48.947613	0.000109	-0.090000	-0.200000	-0.260000	-0.008000	0.036000	0.016000	29991	29980	29974	24996	25018	25008
2607	48.977035	0.029422	-0.090000	-0.200000	-0.260000	0.018000	0.030000	0.024000	29991	29980	29974	25009	25015	25012
2608	48.977115	0.000081	0.390000	-0.400000	1.090000	0.018000	0.030000	0.024000	30039	29960	30109	25009	25015	25012
2609	49.009242	0.032126	0.390000	-0.400000	1.090000	0.000000	0.036000	0.028000	30039	29960	30109	25000	25018	25014
2610	49.009324	0.000082	0.390000	-0.400000	1.090000	0.002000	0.058000	0.030000	30039	29960	30109	25001	25029	25015
2611	49.009347	0.000023	0.010000	-0.190000	-0.280000	0.002000	0.058000	0.030000	30001	29981	29972	25001	25029	25015
2612	49.036400	0.027053	0.010000	-0.190000	-0.280000	-0.030000	0.018000	0.020000	30001	29981	29972	24985	25009	25010
2613	49.036475	0.000075	-0.670000	-0.820000	-0.850000	-0.030000	0.018000	0.020000	29933	29918	29915	24985	25009	25010
2614	49.070654	0.034179	-0.670000	-0.820000	-0.850000	0.082000	-0.008000	0.010000	29933	29918	29915	25041	24996	25005
2615	49.070770	0.000116	0.300000	-0.180000	0.220000	0.082000	-0.008000	0.010000	30030	29982	30022	25041	24996	25005
2616	49.098693	0.027923	-0.020000	-0.120000	-0.790000	0.082000	-0.008000	0.010000	29998	29988	29921	25041	24996	25005
2617	49.132077	0.033384	-0.020000	-0.120000	-0.790000	0.002000	0.024000	0.036000	29998	29988	29921	25001	25012	25018
2618	49.132140	0.000063	0.510000	-0.330000	0.520000	0.002000	0.024000	0.036000	30051	29967	30052	25001	25012	25018
2619	49.163141	0.031000	0.510000	-0.330000	0.520000	0.018000	0.056000	0.024000	30051	29967	30052	25009	25028	25012
2620	49.163258	0.000118	-0.040000	0.230000	-0.280000	0.018000	0.056000	0.024000	29996	30023	29972	25009	25028	25012
2621	49.199086	0.035828	-0.080000	-0.160000	-0.260000	0.018000	0.056000	0.024000	29992	29984	29974	25009	25028	25012
2622	49.227408	0.028321	-0.030000	-0.490000	0.040000	0.018000	0.056000	0.024000	29997	29951	30004	25009	25028	25012
2623	49.261342	0.033934	-0.030000	-0.490000	0.040000	0.062000	0.030000	0.020000	29997	29951	30004	25031	25015	25010
2624	49.261416	0.000074	-0.400000	-0.310000	-0.560000	0.062000	0.030000	0.020000	29960	29969	29944	25031	25015	25010
2625	49.294917	0.033501	-0.120000	-0.160000	-0.540000	0.062000	0.030000	0.020000	29988	29984	29946	25031	25015	25010
2626	49.324045	0.029128	0.190000	0.200000	0.220000	0.062000	0.030000	0.020000	30019	30020	30022	25031	25015	25010
2627	49.357124	0.033079	0.190000	0.200000	0.220000	-0.022000	0.038000	0.006000	30019	30020	30022	24989	25019	25003
2628	49.357199	0.000075	0.170000	-0.320000	0.220000	-0.022000	0.038000	0.006000	30017	29968	30022	24989	25019	25003
2629	49.386563	0.029364	0.350000	0.210000	-0.310000	-0.022000	0.038000	0.006000	30035	30021	29969	24989	25019	25003
2630	49.414833	0.028270	-0.040000	-0.610000	-0.790000	-0.022000	0.038000	0.006000	29996	29939	29921	24989	25019	25003
2631	49.442804	0.027972	0.240000	-0.440000	-0.230000	-0.022000	0.038000	0.006000	30024	29956	29977	24989	25019	25003
2632	49.473909	0.031104	0.240000	-0.440000	-0.230000	0.050000	0.040000	0.020000	30024	29956	29977	25025	25020	25010
2633	49.473976	0.000067	0.240000	-0.440000	-0.230000	-0.006000	0.032000	0.016000	30024	29956	29977	24997	25016	25008
2634	49.474011	0.000035	-0.540000	-0.830000	-0.520000	-0.006000	0.032000	0.016000	29946	29917	29948	24997	25016	25008
2635	49.507096	0.033085	-0.540000	-0.830000	-0.520000	0.070000	-0.026000	0.008000	29946	29917	29948	25035	24987	25004
2636	49.507201	0.000105	0.000000	-0.260000	0.010000	0.070000	-0.026000	0.008000	30000	29974	30001	25035	24987	25004
2637	49.542816	0.035615	0.000000	-0.260000	0.010000	0.012000	0.018000	0.022000	30000	29974	30001	25006	25009	25011
2638	49.542896	0.000080	-0.510000	-0.650000	-0.530000	0.012000	0.018000	0.022000	29949	29935	29947	25006	25009	25011
2639	49.579878	0.036981	-0.390000	-0.240000	0.230000	0.012000	0.018000	0.022000	29961	29976	30023	25006	25009	25011
2640	49.608897	0.029020	-0.090000	-0.560000	-0.010000	0.012000	0.018000	0.022000	29991	29944	29999	25006	25009	25011
2641	49.641011	0.032114	-0.090000	-0.560000	-0.010000	0.050000	0.006000	0.008000	29991	29944	29999	25025	25003	25004
2642	49.641086	0.000075	-0.710000	-0.440000	-0.460000	0.050000	0.006000	0.008000	29929	29956	29954	25025	25003	25004
2643	49.671775	0.030689	-0.710000	-0.440000	-0.460000	0.082000	-0.012000	0.008000	29929	29956	29954	25041	24994	25004
2644	49.671867	0.000093	-0.320000	-0.080000	0.790000	0.082000	-0.012000	0.008000	29968	29992	30079	25041	24994	25004
2645	49.714128	0.042260	-0.540000	-0.500000	-0.560000	0.082000	-0.012000	0.008000	29946	29950	29944	25041	24994	25004
2646	49.750044	0.035916	-0.100000	-0.370000	-0.010000	0.082000	-0.012000	0.008000	29990	29963	29999	25041	24994	25004
2647	49.779432	0.029388	-0.150000	-1.250000	-0.260000	0.082000	-0.012000	0.008000	29985	29875	29974	25041	24994	25004
2648	49.810439	0.031007	-0.150000	-1.250000	-0.260000	0.130000	0.020000	0.024000	29985	29875	29974	25065	25010	25012
2649	49.810541	0.000102	-0.160000	-0.760000	-0.030000	0.130000	0.020000	0.024000	29984	29924	29997	25065	25010	25012
2650	49.845523	0.034981	-0.160000	-0.760000	-0.030000	0.090000	0.024000	0.004000	29984	29924	29997	25045	25012	25002
2651	49.845637	0.000115	-0.310000	-1.060000	0.250000	0.090000	0.024000	0.004000	29969	29894	30025	25045	25012	25002
2652	49.883936	0.038299	0.010000	-0.710000	-0.530000	0.090000	0.024000	0.004000	30001	29929	29947	25045	25012	25002
2653	49.918069	0.034133	0.010000	-0.710000	-0.530000	0.062000	0.038000	0.046000	30001	29929	29947	25031	25019	25023
2654	49.918137	0.000068	0.010000	-0.710000	-0.530000	0.062000	0.038000	0.046000	30001	29929	29947	25031	25019	25023
2655	49.950017	0.031880	-0.010000	-0.280000	-0.590000	0.062000	0.038000	0.046000	29999	29972	29941	25031	25019	25023
2656	49.985260	0.035243	-0.350000	-0.980000	-0.300000	0.062000	0.038000	0.046000	29965	29902	29970	25031	25019	25023
2657	50.020078	0.034818	-0.350000	-0.980000	-0.300000	0.090000	0.014000	0.036000	29965	29902	29970	25045	25007	25018
2658	50.020153	0.000075	-0.650000	-0.640000	-0.040000	0.090000	0.014000	0.036000	29935	29936	29996	25045	25007	25018
2659	50.052604	0.032451	0.010000	-0.410000	-0.520000	0.090000	0.014000	0.036000	30001	29959	29948	25045	25007	25018
2660	50.080804	0.028200	-0.270000	-0.870000	0.510000	0.090000	0.014000	0.036000	29973	29913	30051	25045	25007	25018
2661	50.114058	0.033253	-0.290000	-0.630000	0.470000	0.090000	0.014000	0.036000	29971	29937	30047	25045	25007	25018
2662	50.149823	0.035765	-0.290000	-0.630000	0.470000	0.076000	0.064000	0.076000	29971	29937	30047	25038	25032	25038
2663	50.149936	0.000113	-0.260000	-0.570000	-0.080000	0.076000	0.064000	0.076000	29974	29943	29992	25038	25032	25038
2664	50.179900	0.029965	-0.260000	-0.570000	-0.080000	0.084000	0.100000	0.078000	29974	29943	29992	25042	25050	25039
2665	50.179969	0.000069	-0.260000	-0.570000	-0.080000	0.066000	0.112000	0.090000	29974	29943	29992	25033	25056	25045
2666	50.179992	0.000023	-0.200000	-0.990000	-0.090000	0.066000	0.112000	0.090000	29980	29901	29991	25033	25056	25045
2667	50.212852	0.032861	-0.070000	-1.220000	0.470000	0.066000	0.112000	0.090000	29993	29878	30047	25033	25056	25045
2668	50.247352	0.034499	-0.420000	-1.230000	0.240000	0.066000	0.112000	0.090000	29958	29877	30024	25033	25056	25045
2669	50.282305	0.034953	-0.420000	-1.230000	0.240000	0.134000	0.058000	0.080000	29958	29877	30024	25067	25029	25040
2670	50.282388	0.000083	-0.060000	-1.430000	-0.270000	0.134000	0.058000	0.080000	29994	29857	29973	25067	25029	25040
2671	50.315080	0.032692	-0.120000	-0.900000	-0.100000	0.134000	0.058000	0.080000	29988	29910	29990	25067	25029	25040
2672	50.347862	0.032781	-0.120000	-0.900000	-0.100000	0.108000	0.068000	0.056000	29988	29910	29990	25054	25034	25028
2673	50.347939	0.000077	-0.390000	-1.070000	-0.310000	0.108000	0.068000	0.056000	29961	29893	29969	25054	25034	25028
2674	50.381245	0.033307	-0.390000	-1.070000	-0.310000	0.130000	0.046000	0.076000	29961	29893	29969	25065	25023	25038
2675	50.381315	0.000070	-0.300000	-0.900000	0.260000	0.130000	0.046000	0.076000	29970	29910	30026	25065	25023	25038
2676	50.412096	0.030781	-0.030000	-0.830000	-0.010000	0.130000	0.046000	0.076000	29997	29917	29999	25065	25023	25038
2677	50.442410	0.030314	-0.230000	-0.820000	-0.560000	0.130000	0.046000	0.076000	29977	29918	29944	25065	25023	25038
2678	50.478612	0.036203	0.010000	-0.200000	-0.330000	0.130000	0.046000	0.076000	30001	29980	29967	25065	25023	25038
2679	50.507329	0.028717	0.010000	-0.200000	-0.330000	0.014000	0.034000	0.054000	30001	29980	29967	25007	25017	25027
2680	50.507397	0.000068	0.360000	-0.210000	-0.580000	0.014000	0.034000	0.054000	30036	29979	29942	25007	25017	25027
2681	50.538489	0.031092	0.360000	-0.210000	-0.580000	0.024000	0.042000	0.034000	30036	29979	29942	25012	25021	25017
2682	50.538566	0.000077	0.230000	-0.300000	-0.540000	0.024000	0.042000	0.034000	30023	29970	29946	25012	25021	25017
2683	50.570265	0.031700	0.390000	-0.720000	-0.010000	0.024000	0.042000	0.034000	30039	29928	29999	25012	25021	25017
2684	50.597950	0.027685	-0.180000	-0.340000	-0.330000	0.024000	0.042000	0.034000	29982	29966	29967	25012	25021	25017
2685	50.627141	0.029191	0.120000	-0.320000	-0.290000	0.024000	0.042000	0.034000	30012	29968	29971	25012	25021	25017
2686	50.653454	0.026313	0.120000	-0.320000	-0.290000	0.012000	0.010000	0.008000	30012	29968	29971	25006	25005	25004
2687	50.653515	0.000061	0.490000	-0.280000	0.160000	0.012000	0.010000	0.008000	30049	29972	30016	25006	25005	25004
2688	50.680736	0.027221	0.490000	-0.280000	0.160000	-0.006000	0.050000	-0.012000	30049	29972	30016	24997	25025	24994
2689	50.680805	0.000069	0.040000	-0.880000	-0.340000	-0.006000	0.050000	-0.012000	30004	29912	29966	24997	25025	24994
2690	50.712450	0.031645	0.170000	0.010000	-0.300000	-0.006000	0.050000	-0.012000	30017	30001	29970	24997	25025	24994
2691	50.740001	0.027551	0.170000	0.010000	-0.300000	-0.004000	0.046000	0.002000	30017	30001	29970	24998	25023	25001
2692	50.740092	0.000091	-0.380000	-0.190000	-0.260000	-0.004000	0.046000	0.002000	29962	29981	29974	24998	25023	25001
2693	50.773299	0.033207	-0.380000	-0.190000	-0.260000	0.010000	-0.008000	0.000000	29962	29981	29974	25005	24996	25000
2694	50.773387	0.000088	-0.260000	-0.690000	-0.010000	0.010000	-0.008000	0.000000	29974	29931	29999	25005	24996	25000
2695	50.805582	0.032194	-0.460000	-0.360000	-0.030000	0.010000	-0.008000	0.000000	29954	29964	29997	25005	24996	25000
2696	50.836470	0.030889	-0.240000	-0.230000	0.200000	0.010000	-0.008000	0.000000	29976	29977	30020	25005	24996	25000
2697	50.868411	0.031941	-0.240000	-0.230000	0.200000	-0.004000	-0.006000	-0.004000	29976	29977	30020	24998	24997	24998
2698	50.868512	0.000101	-0.400000	-0.080000	-0.060000	-0.004000	-0.006000	-0.004000	29960	29992	29994	24998	24997	24998
2699	50.897840	0.029328	-0.400000	-0.080000	-0.060000	-0.002000	-0.002000	-0.002000	29960	29992	29994	24999	24999	24999
2700	50.897925	0.000084	-0.400000	-0.080000	-0.060000	0.036000	0.008000	0.014000	29960	29992	29994	25018	25004	25007
2701	50.897973	0.000049	-0.230000	-0.260000	-0.280000	0.036000	0.008000	0.014000	29977	29974	29972	25018	25004	25007
2702	50.933421	0.035448	-0.230000	-0.260000	-0.280000	-0.002000	0.024000	0.002000	29977	29974	29972	24999	25012	25001
2703	50.933565	0.000144	0.050000	0.010000	-0.030000	-0.002000	0.024000	0.002000	30005	30001	29997	24999	25012	25001
2704	50.971864	0.038299	-0.070000	-0.390000	0.790000	-0.002000	0.024000	0.002000	29993	29961	30079	24999	25012	25001
2705	51.001156	0.029292	-0.070000	-0.390000	0.790000	0.018000	0.024000	0.000000	29993	29961	30079	25009	25012	25000
2706	51.001217	0.000061	-0.170000	-0.280000	0.330000	0.018000	0.024000	0.000000	29983	29972	30033	25009	25012	25000
2707	51.027766	0.026549	-0.290000	0.310000	-0.470000	0.018000	0.024000	0.000000	29971	30031	29953	25009	25012	25000
2708	51.059319	0.031553	-0.290000	0.310000	-0.470000	-0.004000	0.000000	0.008000	29971	30031	29953	24998	25000	25004
2709	51.059396	0.000077	-0.060000	-0.300000	-0.540000	-0.004000	0.000000	0.008000	29994	29970	29946	24998	25000	25004
2710	51.093124	0.033728	-0.760000	-0.380000	-0.500000	-0.004000	0.000000	0.008000	29924	29962	29950	24998	25000	25004
2711	51.120939	0.027815	-0.760000	-0.380000	-0.500000	0.042000	-0.028000	0.006000	29924	29962	29950	25021	24986	25003
2712	51.121038	0.000099	-0.100000	-0.400000	0.550000	0.042000	-0.028000	0.006000	29990	29960	30055	25021	24986	25003
2713	51.148158	0.027119	-0.070000	0.040000	-0.300000	0.042000	-0.028000	0.006000	29993	30004	29970	25021	24986	25003
2714	51.174248	0.026090	-0.790000	0.210000	-0.520000	0.042000	-0.028000	0.006000	29921	30021	29948	25021	24986	25003
2715	51.201161	0.026913	-0.790000	0.210000	-0.520000	0.014000	-0.022000	-0.006000	29921	30021	29948	25007	24989	24997
2716	51.201253	0.000092	-0.570000	-0.310000	-0.500000	0.014000	-0.022000	-0.006000	29943	29969	29950	25007	24989	24997
2717	51.234778	0.033525	-0.570000	-0.310000	-0.500000	0.062000	-0.028000	-0.010000	29943	29969	29950	25031	24986	24995
2718	51.234872	0.000094	0.390000	0.400000	0.000000	0.062000	-0.028000	-0.010000	30039	30040	30000	25031	24986	24995
2719	51.263025	0.028153	0.000000	0.150000	-0.510000	0.062000	-0.028000	-0.010000	30000	30015	29949	25031	24986	24995
2720	51.296143	0.033118	-0.220000	-0.170000	-0.250000	0.062000	-0.028000	-0.010000	29978	29983	29975	25031	24986	24995
2721	51.332909	0.036767	-0.530000	-0.130000	-0.460000	0.062000	-0.028000	-0.010000	29947	29987	29954	25031	24986	24995
2722	51.367575	0.034666	-0.530000	-0.130000	-0.460000	-0.030000	0.008000	0.002000	29947	29987	29954	24985	25004	25001
2723	51.367657	0.000082	-0.270000	0.250000	-0.220000	-0.030000	0.008000	0.002000	29973	30025	29978	24985	25004	25001
2724	51.395304	0.027647	-0.340000	-0.440000	-0.290000	-0.030000	0.008000	0.002000	29966	29956	29971	24985	25004	25001
2725	51.428451	0.033147	0.020000	-0.270000	-0.310000	-0.030000	0.008000	0.002000	30002	29973	29969	24985	25004	25001
2726	51.461116	0.032664	-0.030000	0.280000	0.260000	-0.030000	0.008000	0.002000	29997	30028	30026	24985	25004	25001
2727	51.494923	0.033808	-0.030000	0.280000	0.260000	-0.016000	0.034000	0.000000	29997	30028	30026	24992	25017	25000
2728	51.495008	0.000085	0.150000	0.020000	-0.790000	-0.016000	0.034000	0.000000	30015	30002	29921	24992	25017	25000
2729	51.529313	0.034305	0.150000	0.020000	-0.790000	0.024000	0.040000	0.004000	30015	30002	29921	25012	25020	25002
2730	51.529397	0.000084	-0.580000	-0.530000	0.040000	0.024000	0.040000	0.004000	29942	29947	30004	25012	25020	25002
2731	51.563023	0.033626	0.340000	0.160000	-0.340000	0.024000	0.040000	0.004000	30034	30016	29966	25012	25020	25002
2732	51.595898	0.032875	0.340000	0.160000	-0.340000	-0.022000	0.056000	0.002000	30034	30016	29966	24989	25028	25001
2733	51.595959	0.000062	-0.390000	-0.360000	-0.550000	-0.022000	0.056000	0.002000	29961	29964	29945	24989	25028	25001
2734	51.627615	0.031656	-0.390000	-0.360000	-0.550000	0.022000	-0.012000	0.008000	29961	29964	29945	25011	24994	25004
2735	51.627711	0.000096	-0.430000	-0.340000	-0.020000	0.022000	-0.012000	0.008000	29957	29966	29998	25011	24994	25004
2736	51.655110	0.027399	-0.120000	0.150000	0.430000	0.022000	-0.012000	0.008000	29988	30015	30043	25011	24994	25004
2737	51.681704	0.026594	-0.120000	0.150000	0.430000	-0.028000	0.016000	-0.006000	29988	30015	30043	24986	25008	24997
2738	51.681768	0.000063	0.330000	-0.710000	-0.290000	-0.028000	0.016000	-0.006000	30033	29929	29971	24986	25008	24997
2739	51.712560	0.030793	-0.210000	-0.450000	-0.540000	-0.028000	0.016000	-0.006000	29979	29955	29946	24986	25008	24997
2740	51.745938	0.033378	-0.210000	-0.450000	-0.540000	0.054000	0.010000	0.010000	29979	29955	29946	25027	25005	25005
2741	51.746024	0.000086	-0.070000	-0.170000	-0.290000	0.054000	0.010000	0.010000	29993	29983	29971	25027	25005	25005
2742	51.779888	0.033865	-0.070000	-0.170000	-0.290000	0.014000	0.020000	0.012000	29993	29983	29971	25007	25010	25006
2743	51.780012	0.000124	-0.170000	-0.430000	-0.560000	0.014000	0.020000	0.012000	29983	29957	29944	25007	25010	25006
2744	51.812926	0.032913	0.260000	-0.660000	0.490000	0.014000	0.020000	0.012000	30026	29934	30049	25007	25010	25006
2745	51.847048	0.034122	0.260000	-0.660000	0.490000	0.056000	0.028000	0.000000	30026	29934	30049	25028	25014	25000
2746	51.847133	0.000085	0.190000	-0.630000	0.500000	0.056000	0.028000	0.000000	30019	29937	30050	25028	25014	25000
2747	51.880009	0.032876	0.010000	-0.700000	-0.010000	0.056000	0.028000	0.000000	30001	29930	29999	25028	25014	25000
2748	51.915228	0.035219	-0.420000	-0.800000	-0.500000	0.056000	0.028000	0.000000	29958	29920	29950	25028	25014	25000
2749	51.942401	0.027173	-0.420000	-0.800000	-0.500000	0.074000	-0.008000	0.016000	29958	29920	29950	25037	24996	25008
2750	51.942469	0.000068	0.040000	0.380000	-0.360000	0.074000	-0.008000	0.016000	30004	30038	29964	25037	24996	25008
2751	51.976148	0.033679	0.040000	0.380000	-0.360000	-0.036000	0.022000	0.006000	30004	30038	29964	24982	25011	25003
2752	51.976310	0.000162	-0.070000	-0.720000	0.230000	-0.036000	0.022000	0.006000	29993	29928	30023	24982	25011	25003
2753	52.011192	0.034882	-0.070000	-0.720000	0.230000	0.058000	0.016000	0.004000	29993	29928	30023	25029	25008	25002
2754	52.011272	0.000080	-0.220000	-0.680000	-0.790000	0.058000	0.016000	0.004000	29978	29932	29921	25029	25008	25002
2755	52.044560	0.033288	-0.220000	-0.680000	-0.790000	0.046000	-0.012000	0.012000	29978	29932	29921	25023	24994	25006
2756	52.044643	0.000083	-0.220000	-0.680000	-0.790000	0.086000	0.028000	0.004000	29978	29932	29921	25043	25014	25002
2757	52.044667	0.000024	0.030000	-0.730000	0.540000	0.086000	0.028000	0.004000	30003	29927	30054	25043	25014	25002
2758	52.077918	0.033251	0.270000	-0.350000	-0.320000	0.086000	0.028000	0.004000	30027	29965	29968	25043	25014	25002
2759	52.110066	0.032148	-0.250000	-0.080000	-0.800000	0.086000	0.028000	0.004000	29975	29992	29920	25043	25014	25002
2760	52.142040	0.031974	-0.250000	-0.080000	-0.800000	0.006000	0.004000	0.008000	29975	29992	29920	25003	25002	25004
2761	52.142112	0.000072	0.230000	-0.260000	-0.580000	0.006000	0.004000	0.008000	30023	29974	29942	25003	25002	25004
2762	52.174763	0.032651	-0.550000	-0.240000	0.190000	0.006000	0.004000	0.008000	29945	29976	30019	25003	25002	25004
2763	52.207752	0.032989	-0.220000	-0.870000	0.240000	0.006000	0.004000	0.008000	29978	29913	30024	25003	25002	25004
2764	52.236335	0.028583	-0.090000	-0.450000	-0.530000	0.006000	0.004000	0.008000	29991	29955	29947	25003	25002	25004
2765	52.267605	0.031270	-0.010000	-0.280000	-1.050000	0.006000	0.004000	0.008000	29999	29972	29895	25003	25002	25004
2766	52.301391	0.033785	0.120000	-0.740000	-0.290000	0.006000	0.004000	0.008000	30012	29926	29971	25003	25002	25004
2767	52.334931	0.033541	0.120000	-0.740000	-0.290000	0.048000	-0.008000	0.028000	30012	29926	29971	25024	24996	25014
2768	52.335019	0.000087	-0.150000	-0.400000	-0.050000	0.048000	-0.008000	0.028000	29985	29960	29995	25024	24996	25014
2769	52.369440	0.034422	-0.150000	-0.400000	-0.050000	0.002000	0.036000	-0.002000	29985	29960	29995	25001	25018	24999
2770	52.369540	0.000099	0.400000	-0.080000	-0.310000	0.002000	0.036000	-0.002000	30040	29992	29969	25001	25018	24999
2771	52.402346	0.032806	0.500000	-0.550000	0.270000	0.002000	0.036000	-0.002000	30050	29945	30027	25001	25018	24999
2772	52.436678	0.034332	0.760000	-0.400000	-0.270000	0.002000	0.036000	-0.002000	30076	29960	29973	25001	25018	24999
2773	52.471148	0.034470	0.390000	-0.280000	0.530000	0.002000	0.036000	-0.002000	30039	29972	30053	25001	25018	24999
2774	52.505169	0.034021	0.270000	-0.050000	-0.550000	0.002000	0.036000	-0.002000	30027	29995	29945	25001	25018	24999
2775	52.540423	0.035254	0.270000	-0.050000	-0.550000	0.010000	0.034000	0.006000	30027	29995	29945	25005	25017	25003
2776	52.540511	0.000088	0.190000	-0.070000	-0.560000	0.010000	0.034000	0.006000	30019	29993	29944	25005	25017	25003
2777	52.575166	0.034655	0.190000	-0.070000	-0.560000	0.014000	0.032000	0.006000	30019	29993	29944	25007	25016	25003
2778	52.575242	0.000076	0.160000	-0.550000	-0.510000	0.014000	0.032000	0.006000	30016	29945	29949	25007	25016	25003
2779	52.608860	0.033618	0.160000	-0.550000	-0.510000	0.056000	0.014000	0.008000	30016	29945	29949	25028	25007	25004
2780	52.608931	0.000071	0.450000	-0.100000	-0.300000	0.056000	0.014000	0.008000	30045	29990	29970	25028	25007	25004
2781	52.640704	0.031773	0.030000	-0.390000	-0.040000	0.056000	0.014000	0.008000	30003	29961	29996	25028	25007	25004
2782	52.672655	0.031950	0.030000	-0.250000	-0.510000	0.056000	0.014000	0.008000	30003	29975	29949	25028	25007	25004
2783	52.699614	0.026960	0.260000	-0.330000	-0.780000	0.056000	0.014000	0.008000	30026	29967	29922	25028	25007	25004
2784	52.732133	0.032519	-0.240000	-0.680000	-0.530000	0.056000	0.014000	0.008000	29976	29932	29947	25028	25007	25004
2785	52.765253	0.033120	-0.240000	-0.680000	-0.530000	0.072000	-0.012000	0.018000	29976	29932	29947	25036	24994	25009
2786	52.765317	0.000064	0.090000	-0.430000	-0.090000	0.072000	-0.012000	0.018000	30009	29957	29991	25036	24994	25009
2787	52.792638	0.027321	0.090000	-0.430000	-0.090000	0.038000	0.032000	-0.002000	30009	29957	29991	25019	25016	24999
2788	52.792698	0.000060	0.790000	0.250000	0.480000	0.038000	0.032000	-0.002000	30079	30025	30048	25019	25016	24999
2789	52.823031	0.030333	0.790000	0.250000	0.480000	-0.024000	0.064000	0.000000	30079	30025	30048	24988	25032	25000
2790	52.823136	0.000105	0.360000	0.070000	0.220000	-0.024000	0.064000	0.000000	30036	30007	30022	24988	25032	25000
2791	52.854763	0.031627	0.360000	0.070000	0.220000	0.002000	0.052000	0.018000	30036	30007	30022	25001	25026	25009
2792	52.854878	0.000115	0.150000	-0.110000	-0.570000	0.002000	0.052000	0.018000	30015	29989	29943	25001	25026	25009
2793	52.883121	0.028243	0.230000	-0.580000	-0.500000	0.002000	0.052000	0.018000	30023	29942	29950	25001	25026	25009
2794	52.910340	0.027219	0.230000	-0.580000	-0.500000	0.058000	0.010000	0.018000	30023	29942	29950	25029	25005	25009
2795	52.910408	0.000068	-0.070000	-0.560000	0.260000	0.058000	0.010000	0.018000	29993	29944	30026	25029	25005	25009
2796	52.942936	0.032528	-0.070000	-0.560000	0.260000	0.052000	-0.016000	0.008000	29993	29944	30026	25026	24992	25004
2797	52.943023	0.000088	-0.100000	-0.320000	-1.030000	0.052000	-0.016000	0.008000	29990	29968	29897	25026	24992	25004
2798	52.976416	0.033393	-0.100000	-0.320000	-1.030000	0.014000	-0.014000	0.018000	29990	29968	29897	25007	24993	25009
2799	52.976483	0.000067	0.430000	0.350000	-0.050000	0.014000	-0.014000	0.018000	30043	30035	29995	25007	24993	25009
2800	53.003593	0.027110	0.430000	0.350000	-0.050000	-0.026000	0.040000	0.010000	30043	30035	29995	24987	25020	25005
2801	53.003681	0.000089	0.310000	0.510000	-0.580000	-0.026000	0.040000	0.010000	30031	30051	29942	24987	25020	25005
2802	53.037950	0.034268	0.310000	0.510000	-0.580000	0.082000	0.004000	0.024000	30031	30051	29942	25041	25002	25012
2803	53.038122	0.000172	0.390000	-0.050000	-0.580000	0.082000	0.004000	0.024000	30039	29995	29942	25041	25002	25012
2804	53.074777	0.036655	0.390000	-0.050000	-0.580000	0.010000	0.038000	0.004000	30039	29995	29942	25005	25019	25002
2805	53.074896	0.000119	0.330000	0.010000	-0.060000	0.010000	0.038000	0.004000	30033	30001	29994	25005	25019	25002
2806	53.102241	0.027345	0.330000	0.010000	-0.060000	-0.006000	0.028000	0.000000	30033	30001	29994	24997	25014	25000
2807	53.102305	0.000064	0.330000	0.010000	-0.060000	0.016000	-0.022000	0.010000	30033	30001	29994	25008	24989	25005
2808	53.102325	0.000020	-0.210000	-0.260000	-0.780000	0.016000	-0.022000	0.010000	29979	29974	29922	25008	24989	25005
2809	53.134870	0.032545	0.270000	0.070000	-0.320000	0.016000	-0.022000	0.010000	30027	30007	29968	25008	24989	25005
2810	53.168550	0.033680	-0.260000	-0.690000	0.000000	0.016000	-0.022000	0.010000	29974	29931	30000	25008	24989	25005
2811	53.201691	0.033141	-0.070000	-0.580000	-0.780000	0.016000	-0.022000	0.010000	29993	29942	29922	25008	24989	25005
2812	53.233801	0.032110	0.060000	-0.450000	-0.510000	0.016000	-0.022000	0.010000	30006	29955	29949	25008	24989	25005
2813	53.267490	0.033689	0.220000	-0.710000	-0.510000	0.016000	-0.022000	0.010000	30022	29929	29949	25008	24989	25005
2814	53.301861	0.034370	0.220000	-0.710000	-0.510000	0.028000	0.002000	0.016000	30022	29929	29949	25014	25001	25008
2815	53.301935	0.000074	0.790000	0.080000	-0.300000	0.028000	0.002000	0.016000	30079	30008	29970	25014	25001	25008
2816	53.329207	0.027272	0.080000	-0.290000	-0.040000	0.028000	0.002000	0.016000	30008	29971	29996	25014	25001	25008
2817	53.361218	0.032011	0.080000	-0.290000	-0.040000	0.012000	-0.004000	-0.004000	30008	29971	29996	25006	24998	24998
2818	53.361307	0.000089	0.130000	-0.390000	-0.520000	0.012000	-0.004000	-0.004000	30013	29961	29948	25006	24998	24998
2819	53.395989	0.034682	0.100000	-0.280000	0.300000	0.012000	-0.004000	-0.004000	30010	29972	30030	25006	24998	24998
2820	53.428301	0.032312	0.100000	-0.280000	0.300000	0.032000	0.000000	0.020000	30010	29972	30030	25016	25000	25010
2821	53.428383	0.000082	0.670000	0.110000	-0.330000	0.032000	0.000000	0.020000	30067	30011	29967	25016	25000	25010
2822	53.460016	0.031632	0.670000	0.110000	-0.330000	0.000000	0.060000	0.000000	30067	30011	29967	25000	25030	25000
2823	53.460106	0.000091	-0.130000	-0.880000	-0.460000	0.000000	0.060000	0.000000	29987	29912	29954	25000	25030	25000
2824	53.492207	0.032101	-0.240000	-0.360000	-0.520000	0.000000	0.060000	0.000000	29976	29964	29948	25000	25030	25000
2825	53.524846	0.032639	-0.260000	-0.290000	-0.280000	0.000000	0.060000	0.000000	29974	29971	29972	25000	25030	25000
2826	53.556126	0.031280	-0.010000	-0.190000	-0.250000	0.000000	0.060000	0.000000	29999	29981	29975	25000	25030	25000
2827	53.584529	0.028403	-0.010000	-0.190000	-0.250000	0.028000	0.012000	0.020000	29999	29981	29975	25014	25006	25010
2828	53.584620	0.000091	0.460000	0.050000	0.210000	0.028000	0.012000	0.020000	30046	30005	30021	25014	25006	25010
2829	53.613207	0.028587	0.210000	-0.380000	0.240000	0.028000	0.012000	0.020000	30021	29962	30024	25014	25006	25010
2830	53.643243	0.030035	0.210000	-0.380000	0.240000	0.032000	0.022000	0.010000	30021	29962	30024	25016	25011	25005
2831	53.643298	0.000055	0.500000	0.350000	0.490000	0.032000	0.022000	0.010000	30050	30035	30049	25016	25011	25005
2832	53.669424	0.026126	-0.090000	-0.500000	-0.010000	0.032000	0.022000	0.010000	29991	29950	29999	25016	25011	25005
2833	53.698164	0.028740	-0.090000	-0.500000	-0.010000	0.026000	-0.018000	0.016000	29991	29950	29999	25013	24991	25008
2834	53.698227	0.000064	-0.090000	-0.500000	-0.010000	0.058000	-0.052000	0.000000	29991	29950	29999	25029	24974	25000
2835	53.698242	0.000015	-0.140000	0.480000	-0.280000	0.058000	-0.052000	0.000000	29986	30048	29972	25029	24974	25000
2836	53.725846	0.027604	-0.160000	0.110000	-0.520000	0.058000	-0.052000	0.000000	29984	30011	29948	25029	24974	25000
2837	53.753233	0.027387	-0.160000	0.110000	-0.520000	-0.010000	-0.010000	0.000000	29984	30011	29948	24995	24995	25000
2838	53.753305	0.000072	-0.190000	-0.510000	-0.020000	-0.010000	-0.010000	0.000000	29981	29949	29998	24995	24995	25000
2839	53.780516	0.027211	-0.190000	-0.510000	-0.020000	0.046000	-0.006000	0.006000	29981	29949	29998	25023	24997	25003
2840	53.780597	0.000080	-0.680000	-0.550000	-0.440000	0.046000	-0.006000	0.006000	29932	29945	29956	25023	24997	25003
2841	53.811874	0.031277	-0.680000	-0.550000	-0.440000	0.058000	-0.036000	0.020000	29932	29945	29956	25029	24982	25010
2842	53.811944	0.000070	-0.510000	-0.400000	-0.190000	0.058000	-0.036000	0.020000	29949	29960	29981	25029	24982	25010
2843	53.838323	0.026378	-0.120000	-0.420000	-0.460000	0.058000	-0.036000	0.020000	29988	29958	29954	25029	24982	25010
2844	53.868116	0.029793	0.340000	0.280000	-0.540000	0.058000	-0.036000	0.020000	30034	30028	29946	25029	24982	25010
2845	53.901973	0.033857	0.340000	0.280000	-0.540000	0.050000	-0.020000	0.000000	30034	30028	29946	25025	24990	25000
2846	53.902073	0.000100	-0.100000	-0.630000	-0.200000	0.050000	-0.020000	0.000000	29990	29937	29980	25025	24990	25000
2847	53.936480	0.034408	-0.100000	-0.630000	-0.200000	-0.002000	0.040000	0.010000	29990	29937	29980	24999	25020	25005
2848	53.936575	0.000095	0.310000	-0.040000	0.280000	-0.002000	0.040000	0.010000	30031	29996	30028	24999	25020	25005
2849	53.965155	0.028580	-0.340000	0.080000	-0.250000	-0.002000	0.040000	0.010000	29966	30008	29975	24999	25020	25005
2850	53.998171	0.033015	-0.340000	0.080000	-0.250000	0.014000	-0.004000	0.000000	29966	30008	29975	25007	24998	25000
2851	53.998329	0.000158	-0.530000	-0.770000	-0.180000	0.014000	-0.004000	0.000000	29947	29923	29982	25007	24998	25000
2852	54.039753	0.041424	-0.030000	-0.280000	-0.460000	0.014000	-0.004000	0.000000	29997	29972	29954	25007	24998	25000
2853	54.071302	0.031549	-0.160000	-0.020000	0.050000	0.014000	-0.004000	0.000000	29984	29998	30005	25007	24998	25000
2854	54.104739	0.033437	-0.250000	-0.500000	-0.430000	0.014000	-0.004000	0.000000	29975	29950	29957	25007	24998	25000
2855	54.138784	0.034046	-0.250000	-0.500000	-0.430000	0.076000	0.000000	0.010000	29975	29950	29957	25038	25000	25005
2856	54.138866	0.000082	0.380000	0.230000	0.300000	0.076000	0.000000	0.010000	30038	30023	30030	25038	25000	25005
2857	54.174321	0.035455	0.380000	0.230000	0.300000	0.088000	-0.062000	0.014000	30038	30023	30030	25044	24969	25007
2858	54.174403	0.000082	-0.370000	-0.520000	0.010000	0.088000	-0.062000	0.014000	29963	29948	30001	25044	24969	25007
2859	54.201445	0.027042	-0.240000	-0.050000	0.830000	0.088000	-0.062000	0.014000	29976	29995	30083	25044	24969	25007
2860	54.232997	0.031552	-0.240000	-0.050000	0.830000	0.002000	-0.002000	0.002000	29976	29995	30083	25001	24999	25001
2861	54.233086	0.000089	-0.140000	0.760000	0.290000	0.002000	-0.002000	0.002000	29986	30076	30029	25001	24999	25001
2862	54.263885	0.030800	-0.410000	-0.550000	-0.220000	0.002000	-0.002000	0.002000	29959	29945	29978	25001	24999	25001
2863	54.295727	0.031842	-0.880000	-0.310000	-0.500000	0.002000	-0.002000	0.002000	29912	29969	29950	25001	24999	25001
2864	54.326970	0.031243	-0.880000	-0.310000	-0.500000	0.044000	-0.052000	0.006000	29912	29969	29950	25022	24974	25003
2865	54.327044	0.000074	-0.240000	-0.010000	0.030000	0.044000	-0.052000	0.006000	29976	29999	30003	25022	24974	25003
2866	54.358254	0.031210	-0.240000	-0.010000	0.030000	0.012000	0.018000	-0.002000	29976	29999	30003	25006	25009	24999
2867	54.358324	0.000070	-0.500000	-0.090000	0.040000	0.012000	0.018000	-0.002000	29950	29991	30004	25006	25009	24999
2868	54.390317	0.031992	-0.510000	0.000000	-0.750000	0.012000	0.018000	-0.002000	29949	30000	29925	25006	25009	24999
2869	54.422021	0.031704	-0.510000	0.000000	-0.750000	0.014000	-0.012000	0.012000	29949	30000	29925	25007	24994	25006
2870	54.422092	0.000071	-0.510000	0.000000	-0.750000	0.072000	-0.010000	-0.004000	29949	30000	29925	25036	24995	24998
2871	54.422116	0.000024	-0.380000	-0.230000	-0.550000	0.072000	-0.010000	-0.004000	29962	29977	29945	25036	24995	24998
2872	54.449947	0.027831	-0.020000	0.330000	-0.490000	0.072000	-0.010000	-0.004000	29998	30033	29951	25036	24995	24998
2873	54.482359	0.032412	-0.340000	-0.520000	-0.190000	0.072000	-0.010000	-0.004000	29966	29948	29981	25036	24995	24998
2874	54.516303	0.033943	-0.170000	-0.160000	-0.460000	0.072000	-0.010000	-0.004000	29983	29984	29954	25036	24995	24998
2875	54.550049	0.033746	-0.280000	-0.220000	-0.210000	0.072000	-0.010000	-0.004000	29972	29978	29979	25036	24995	24998
2876	54.576822	0.026774	-0.280000	-0.220000	-0.210000	0.038000	-0.030000	-0.004000	29972	29978	29979	25019	24985	24998
2877	54.576893	0.000071	-0.280000	-0.220000	-0.210000	0.010000	-0.042000	-0.020000	29972	29978	29979	25005	24979	24990
2878	54.576919	0.000026	0.190000	0.710000	0.000000	0.010000	-0.042000	-0.020000	30019	30071	30000	25005	24979	24990
2879	54.609809	0.032890	0.190000	0.710000	0.000000	-0.032000	0.012000	-0.004000	30019	30071	30000	24984	25006	24998
2880	54.609883	0.000074	0.190000	0.710000	0.000000	-0.032000	0.012000	-0.004000	30019	30071	30000	24984	25006	24998
2881	54.643497	0.033614	-0.450000	-0.020000	0.000000	-0.032000	0.012000	-0.004000	29955	29998	30000	24984	25006	24998
2882	54.672941	0.029444	-0.450000	-0.020000	0.000000	0.026000	-0.016000	-0.010000	29955	29998	30000	25013	24992	24995
2883	54.673029	0.000088	0.280000	0.110000	-0.060000	0.026000	-0.016000	-0.010000	30028	30011	29994	25013	24992	24995
2884	54.700142	0.027113	0.280000	0.110000	-0.060000	0.002000	0.060000	0.000000	30028	30011	29994	25001	25030	25000
2885	54.700205	0.000063	-0.740000	-0.230000	-0.170000	0.002000	0.060000	0.000000	29926	29977	29983	25001	25030	25000
2886	54.726588	0.026383	-0.740000	-0.230000	-0.170000	0.012000	-0.052000	0.016000	29926	29977	29983	25006	24974	25008
2887	54.726668	0.000080	-0.100000	0.020000	-0.250000	0.012000	-0.052000	0.016000	29990	30002	29975	25006	24974	25008
2888	54.753765	0.027096	-0.100000	0.020000	-0.250000	-0.002000	0.018000	0.004000	29990	30002	29975	24999	25009	25002
2889	54.753848	0.000083	-0.090000	0.030000	-0.210000	-0.002000	0.018000	0.004000	29991	30003	29979	24999	25009	25002
2890	54.786476	0.032628	-0.380000	-0.450000	-0.470000	-0.002000	0.018000	0.004000	29962	29955	29953	24999	25009	25002
2891	54.814793	0.028317	-0.380000	-0.450000	-0.470000	0.028000	-0.020000	0.016000	29962	29955	29953	25014	24990	25008
2892	54.814872	0.000079	-0.820000	-0.090000	-0.720000	0.028000	-0.020000	0.016000	29918	29991	29928	25014	24990	25008
2893	54.848451	0.033579	-0.820000	-0.090000	-0.720000	0.032000	-0.032000	0.012000	29918	29991	29928	25016	24984	25006
2894	54.848541	0.000090	-0.310000	-0.050000	-0.520000	0.032000	-0.032000	0.012000	29969	29995	29948	25016	24984	25006
2895	54.883158	0.034617	0.340000	0.180000	0.770000	0.032000	-0.032000	0.012000	30034	30018	30077	25016	24984	25006
2896	54.917607	0.034450	0.340000	0.180000	0.770000	-0.022000	0.038000	-0.002000	30034	30018	30077	24989	25019	24999
2897	54.917691	0.000084	-0.220000	-0.220000	-1.000000	-0.022000	0.038000	-0.002000	29978	29978	29900	24989	25019	24999
2898	54.952471	0.034779	-0.220000	-0.220000	-1.000000	0.040000	0.010000	0.008000	29978	29978	29900	25020	25005	25004
2899	54.952555	0.000084	-0.780000	0.080000	-0.690000	0.040000	0.010000	0.008000	29922	30008	29931	25020	25005	25004
2900	54.980807	0.028253	-0.340000	0.030000	0.050000	0.040000	0.010000	0.008000	29966	30003	30005	25020	25005	25004
2901	55.010459	0.029652	-0.550000	-0.110000	-0.510000	0.040000	0.010000	0.008000	29945	29989	29949	25020	25005	25004
2902	55.041971	0.031513	-0.550000	-0.110000	-0.510000	0.032000	-0.022000	-0.002000	29945	29989	29949	25016	24989	24999
2903	55.042038	0.000066	-0.550000	-0.110000	-0.510000	0.054000	-0.032000	0.016000	29945	29989	29949	25027	24984	25008
2904	55.042054	0.000017	-0.050000	-0.030000	-0.250000	0.054000	-0.032000	0.016000	29995	29997	29975	25027	24984	25008
2905	55.072748	0.030694	-0.340000	-0.260000	-0.480000	0.054000	-0.032000	0.016000	29966	29974	29952	25027	24984	25008
2906	55.104319	0.031571	-0.340000	-0.260000	-0.480000	0.032000	-0.012000	0.012000	29966	29974	29952	25016	24994	25006
2907	55.104388	0.000068	-0.320000	0.350000	-0.770000	0.032000	-0.012000	0.012000	29968	30035	29923	25016	24994	25006
2908	55.135565	0.031178	-0.320000	0.350000	-0.770000	-0.012000	0.008000	0.002000	29968	30035	29923	24994	25004	25001
2909	55.135652	0.000087	-0.240000	0.030000	-0.480000	-0.012000	0.008000	0.002000	29976	30003	29952	24994	25004	25001
2910	55.169510	0.033858	-0.240000	0.030000	-0.480000	0.040000	-0.018000	0.024000	29976	30003	29952	25020	24991	25012
2911	55.169591	0.000081	-0.280000	-0.170000	-0.270000	0.040000	-0.018000	0.024000	29972	29983	29973	25020	24991	25012
2912	55.203669	0.034077	-0.280000	-0.170000	-0.270000	-0.008000	-0.008000	0.016000	29972	29983	29973	24996	24996	25008
2913	55.203750	0.000082	-0.670000	-1.130000	-0.530000	-0.008000	-0.008000	0.016000	29933	29887	29947	24996	24996	25008
2914	55.237076	0.033325	-0.670000	-1.130000	-0.530000	0.060000	-0.038000	0.018000	29933	29887	29947	25030	24981	25009
2915	55.237155	0.000079	-0.290000	-1.130000	-0.590000	0.060000	-0.038000	0.018000	29971	29887	29941	25030	24981	25009
2916	55.269521	0.032366	-0.190000	-1.160000	-0.580000	0.060000	-0.038000	0.018000	29981	29884	29942	25030	24981	25009
2917	55.303584	0.034063	-0.190000	-1.160000	-0.580000	0.068000	-0.036000	0.034000	29981	29884	29942	25034	24982	25017
2918	55.303669	0.000085	-0.450000	-1.150000	-0.310000	0.068000	-0.036000	0.034000	29955	29885	29969	25034	24982	25017
2919	55.337374	0.033705	0.480000	-1.390000	0.120000	0.068000	-0.036000	0.034000	30048	29861	30012	25034	24982	25017
2920	55.363236	0.025863	0.480000	-1.390000	0.120000	0.002000	0.014000	0.022000	30048	29861	30012	25001	25007	25011
2921	55.363306	0.000070	0.450000	-1.980000	0.690000	0.002000	0.014000	0.022000	30045	29802	30069	25001	25007	25011
2922	55.395963	0.032657	0.450000	-1.980000	0.690000	0.064000	0.012000	0.030000	30045	29802	30069	25032	25006	25015
2923	55.396046	0.000083	0.820000	-1.810000	-0.630000	0.064000	0.012000	0.030000	30082	29819	29937	25032	25006	25015
2924	55.424215	0.028169	0.400000	-2.140000	2.100000	0.064000	0.012000	0.030000	30040	29786	30210	25032	25006	25015
2925	55.455904	0.031689	0.110000	-1.460000	0.710000	0.064000	0.012000	0.030000	30011	29854	30071	25032	25006	25015
2926	55.490909	0.035005	-0.300000	-1.280000	0.990000	0.064000	0.012000	0.030000	29970	29872	30099	25032	25006	25015
2927	55.518677	0.027768	-0.300000	-1.280000	0.990000	0.004000	-0.002000	0.036000	29970	29872	30099	25002	24999	25018
2928	55.518740	0.000064	-0.300000	-0.450000	-0.310000	0.004000	-0.002000	0.036000	29970	29955	29969	25002	24999	25018
2929	55.549285	0.030545	-0.300000	-0.450000	-0.310000	0.008000	0.010000	0.016000	29970	29955	29969	25004	25005	25008
2930	55.549378	0.000093	-0.300000	-0.450000	-0.310000	-0.030000	0.024000	0.018000	29970	29955	29969	24985	25012	25009
2931	55.549408	0.000029	-0.330000	0.090000	-0.430000	-0.030000	0.024000	0.018000	29967	30009	29957	24985	25012	25009
2932	55.582022	0.032615	-0.330000	0.090000	-0.430000	-0.004000	-0.004000	0.012000	29967	30009	29957	24998	24998	25006
2933	55.582155	0.000133	-0.190000	-0.130000	0.840000	-0.004000	-0.004000	0.012000	29981	29987	30084	24998	24998	25006
2934	55.611011	0.028855	-0.640000	0.420000	-0.280000	-0.004000	-0.004000	0.012000	29936	30042	29972	24998	24998	25006
2935	55.644139	0.033128	-0.030000	-0.220000	-0.240000	-0.004000	-0.004000	0.012000	29997	29978	29976	24998	24998	25006
2936	55.671731	0.027592	-0.030000	-0.220000	-0.240000	0.020000	0.002000	0.014000	29997	29978	29976	25010	25001	25007
2937	55.671869	0.000138	-0.260000	-0.050000	0.050000	0.020000	0.002000	0.014000	29974	29995	30005	25010	25001	25007
2938	55.702941	0.031072	-1.370000	0.140000	0.130000	0.020000	0.002000	0.014000	29863	30014	30013	25010	25001	25007
2939	55.736601	0.033660	-1.240000	0.160000	0.860000	0.020000	0.002000	0.014000	29876	30016	30086	25010	25001	25007
2940	55.771774	0.035173	-1.130000	1.100000	0.120000	0.020000	0.002000	0.014000	29887	30110	30012	25010	25001	25007
2941	55.803178	0.031404	-1.360000	1.130000	0.130000	0.020000	0.002000	0.014000	29864	30113	30013	25010	25001	25007
2942	55.837600	0.034422	-1.360000	1.130000	0.130000	0.008000	-0.030000	-0.002000	29864	30113	30013	25004	24985	24999
2943	55.837691	0.000092	-1.230000	0.650000	0.870000	0.008000	-0.030000	-0.002000	29877	30065	30087	25004	24985	24999
2944	55.872047	0.034355	-1.230000	0.650000	0.870000	0.006000	-0.022000	-0.002000	29877	30065	30087	25003	24989	24999
2945	55.872139	0.000093	-1.230000	0.650000	0.870000	-0.030000	-0.034000	0.000000	29877	30065	30087	24985	24983	25000
2946	55.872168	0.000029	-1.630000	0.920000	0.920000	-0.030000	-0.034000	0.000000	29837	30092	30092	24985	24983	25000
2947	55.906248	0.034080	-1.360000	0.900000	0.860000	-0.030000	-0.034000	0.000000	29864	30090	30086	24985	24983	25000
2948	55.941117	0.034869	-1.360000	0.900000	0.860000	-0.024000	-0.024000	0.002000	29864	30090	30086	24988	24988	25001
2949	55.941197	0.000080	-0.530000	0.950000	0.290000	-0.024000	-0.024000	0.002000	29947	30095	30029	24988	24988	25001
2950	55.973001	0.031805	-0.530000	0.950000	0.290000	0.026000	-0.046000	0.022000	29947	30095	30029	25013	24977	25011
2951	55.973088	0.000087	-1.630000	-0.100000	0.320000	0.026000	-0.046000	0.022000	29837	29990	30032	25013	24977	25011
2952	56.004141	0.031053	-0.620000	-0.100000	0.340000	0.026000	-0.046000	0.022000	29938	29990	30034	25013	24977	25011
2953	56.032670	0.028530	-0.620000	-0.100000	0.340000	0.016000	0.018000	0.018000	29938	29990	30034	25008	25009	25009
2954	56.032727	0.000056	-0.500000	0.390000	0.330000	0.016000	0.018000	0.018000	29950	30039	30033	25008	25009	25009
2955	56.059871	0.027145	-0.460000	0.840000	0.040000	0.016000	0.018000	0.018000	29954	30084	30004	25008	25009	25009
2956	56.085787	0.025916	-1.360000	1.810000	-0.410000	0.016000	0.018000	0.018000	29864	30181	29959	25008	25009	25009
2957	56.113673	0.027886	-1.660000	2.460000	-0.440000	0.016000	0.018000	0.018000	29834	30246	29956	25008	25009	25009
2958	56.143258	0.029585	-1.660000	2.460000	-0.440000	-0.092000	-0.036000	-0.020000	29834	30246	29956	24954	24982	24990
2959	56.143322	0.000064	-1.240000	1.830000	-0.180000	-0.092000	-0.036000	-0.020000	29876	30183	29982	24954	24982	24990
2960	56.172135	0.028813	-1.240000	1.830000	-0.180000	-0.054000	-0.028000	-0.026000	29876	30183	29982	24973	24986	24987
2961	56.172208	0.000073	-1.660000	2.360000	-0.440000	-0.054000	-0.028000	-0.026000	29834	30236	29956	24973	24986	24987
2962	56.204101	0.031893	-1.160000	1.640000	-0.200000	-0.054000	-0.028000	-0.026000	29884	30164	29980	24973	24986	24987
2963	56.236905	0.032804	-2.350000	2.240000	-0.220000	-0.054000	-0.028000	-0.026000	29765	30224	29978	24973	24986	24987
2964	56.270926	0.034021	-2.260000	1.430000	0.060000	-0.054000	-0.028000	-0.026000	29774	30143	30006	24973	24986	24987
2965	56.303635	0.032709	-2.260000	1.430000	0.060000	-0.008000	-0.056000	-0.062000	29774	30143	30006	24996	24972	24969
2966	56.303712	0.000077	-0.640000	1.620000	0.270000	-0.008000	-0.056000	-0.062000	29936	30162	30027	24996	24972	24969
2967	56.335015	0.031303	-0.640000	1.620000	0.270000	-0.054000	-0.002000	-0.028000	29936	30162	30027	24973	24999	24986
2968	56.335084	0.000069	-0.300000	0.530000	0.840000	-0.054000	-0.002000	-0.028000	29970	30053	30084	24973	24999	24986
2969	56.365950	0.030865	-0.680000	0.500000	0.640000	-0.054000	-0.002000	-0.028000	29932	30050	30064	24973	24999	24986
2970	56.397123	0.031173	-0.680000	0.500000	0.640000	0.082000	-0.066000	0.000000	29932	30050	30064	25041	24967	25000
2971	56.397197	0.000074	0.340000	0.620000	4.080000	0.082000	-0.066000	0.000000	30034	30062	30408	25041	24967	25000
2972	56.429064	0.031867	0.340000	0.620000	4.080000	0.072000	-0.010000	0.002000	30034	30062	30408	25036	24995	25001
2973	56.429138	0.000074	0.280000	-0.040000	5.750000	0.072000	-0.010000	0.002000	30028	29996	30575	25036	24995	25001
2974	56.453845	0.024707	-0.090000	0.340000	7.810000	0.072000	-0.010000	0.002000	29991	30034	30781	25036	24995	25001
2975	56.484078	0.030234	0.030000	-0.250000	9.720000	0.072000	-0.010000	0.002000	30003	29975	30972	25036	24995	25001
2976	56.515554	0.031476	0.030000	-0.250000	9.720000	0.240000	0.036000	0.056000	30003	29975	30972	25120	25018	25028
2977	56.515635	0.000081	-0.590000	-0.930000	11.430000	0.240000	0.036000	0.056000	29941	29907	31143	25120	25018	25028
2978	56.542979	0.027344	0.120000	-0.910000	11.920000	0.240000	0.036000	0.056000	30012	29909	31192	25120	25018	25028
2979	56.569633	0.026654	0.120000	-0.910000	11.920000	0.274000	0.020000	0.122000	30012	29909	31192	25137	25010	25061
2980	56.570040	0.000407	-0.220000	0.660000	14.830000	0.274000	0.020000	0.122000	29978	30066	31483	25137	25010	25061
2981	56.601440	0.031401	-0.220000	0.660000	14.830000	0.208000	0.076000	0.108000	29978	30066	31483	25104	25038	25054
2982	56.601521	0.000080	-0.780000	1.000000	15.420000	0.208000	0.076000	0.108000	29922	30100	31542	25104	25038	25054
2983	56.629831	0.028310	-1.650000	0.490000	16.230000	0.208000	0.076000	0.108000	29835	30049	31623	25104	25038	25054
2984	56.657404	0.027573	-1.650000	0.490000	16.230000	0.296000	0.006000	0.110000	29835	30049	31623	25148	25003	25055
2985	56.657467	0.000063	-1.240000	0.490000	17.610000	0.296000	0.006000	0.110000	29876	30049	31761	25148	25003	25055
2986	56.682895	0.025428	-1.590000	-1.290000	20.630000	0.296000	0.006000	0.110000	29841	29871	32063	25148	25003	25055
2987	56.714093	0.031198	-1.590000	-1.290000	20.630000	0.428000	-0.066000	0.122000	29841	29871	32063	25214	24967	25061
2988	56.714195	0.000102	-2.000000	0.490000	21.690000	0.428000	-0.066000	0.122000	29800	30049	32169	25214	24967	25061
2989	56.746111	0.031916	-2.000000	0.490000	21.690000	0.418000	-0.068000	0.218000	29800	30049	32169	25209	24966	25109
2990	56.746187	0.000076	-2.460000	0.700000	22.820000	0.418000	-0.068000	0.218000	29754	30070	32282	25209	24966	25109
2991	56.773318	0.027131	-1.910000	0.610000	22.770000	0.418000	-0.068000	0.218000	29809	30061	32277	25209	24966	25109
2992	56.799660	0.026342	-3.090000	0.100000	23.370000	0.418000	-0.068000	0.218000	29691	30010	32337	25209	24966	25109
2993	56.831196	0.031536	-2.410000	-0.150000	24.170000	0.418000	-0.068000	0.218000	29759	29985	32417	25209	24966	25109
2994	56.865130	0.033935	-2.410000	-0.150000	24.170000	0.366000	-0.072000	0.168000	29759	29985	32417	25183	24964	25084
2995	56.865225	0.000094	-3.200000	-0.490000	25.030000	0.366000	-0.072000	0.168000	29680	29951	32503	25183	24964	25084
2996	56.899282	0.034057	-3.200000	-0.490000	25.030000	0.492000	-0.110000	0.148000	29680	29951	32503	25246	24945	25074
2997	56.899351	0.000069	-3.050000	0.860000	24.980000	0.492000	-0.110000	0.148000	29695	30086	32498	25246	24945	25074
2998	56.931653	0.032302	-3.060000	0.750000	25.820000	0.492000	-0.110000	0.148000	29694	30075	32582	25246	24945	25074
2999	56.965064	0.033411	-3.060000	0.750000	25.820000	0.520000	-0.056000	0.272000	29694	30075	32582	25260	24972	25136
3000	56.965153	0.000089	-2.420000	-0.250000	29.020000	0.520000	-0.056000	0.272000	29758	29975	32902	25260	24972	25136
3001	57.002631	0.037479	-2.420000	-0.250000	29.020000	0.470000	-0.078000	0.240000	29758	29975	32902	25235	24961	25120
3002	57.002758	0.000127	-2.990000	1.240000	27.690000	0.470000	-0.078000	0.240000	29701	30124	32769	25235	24961	25120
3003	57.028791	0.026033	-2.790000	1.410000	28.260000	0.470000	-0.078000	0.240000	29721	30141	32826	25235	24961	25120
3004	57.055269	0.026478	-2.050000	0.270000	29.570000	0.470000	-0.078000	0.240000	29795	30027	32957	25235	24961	25120
3005	57.086032	0.030763	-2.050000	0.270000	29.570000	0.442000	-0.038000	0.202000	29795	30027	32957	25221	24981	25101
3006	57.086115	0.000083	-1.910000	1.040000	29.840000	0.442000	-0.038000	0.202000	29809	30104	32984	25221	24981	25101
3007	57.114802	0.028687	-2.810000	0.980000	30.450000	0.442000	-0.038000	0.202000	29719	30098	33045	25221	24981	25101
3008	57.142211	0.027409	-2.810000	0.980000	30.450000	0.462000	-0.080000	0.202000	29719	30098	33045	25231	24960	25101
3009	57.142303	0.000092	-2.560000	0.840000	31.850000	0.462000	-0.080000	0.202000	29744	30084	33185	25231	24960	25101
3010	57.167823	0.025520	-2.560000	0.840000	31.850000	0.440000	-0.062000	0.178000	29744	30084	33185	25220	24969	25089
3011	57.167985	0.000162	-1.690000	0.240000	31.870000	0.440000	-0.062000	0.178000	29831	30024	33187	25220	24969	25089
3012	57.198785	0.030800	-1.340000	0.260000	33.790000	0.440000	-0.062000	0.178000	29866	30026	33379	25220	24969	25089
3013	57.229126	0.030341	-1.340000	0.260000	33.790000	0.440000	-0.056000	0.164000	29866	30026	33379	25220	24972	25082
3014	57.229201	0.000074	-1.640000	0.180000	32.090000	0.440000	-0.056000	0.164000	29836	30018	33209	25220	24972	25082
3015	57.259829	0.030628	-1.740000	-0.120000	32.390000	0.440000	-0.056000	0.164000	29826	29988	33239	25220	24972	25082
3016	57.289614	0.029784	-1.740000	-0.120000	32.390000	0.462000	-0.052000	0.154000	29826	29988	33239	25231	24974	25077
3017	57.289689	0.000075	-0.700000	-0.340000	32.580000	0.462000	-0.052000	0.154000	29930	29966	33258	25231	24974	25077
3018	57.318627	0.028939	-1.370000	0.510000	32.660000	0.462000	-0.052000	0.154000	29863	30051	33266	25231	24974	25077
3019	57.348953	0.030326	-1.370000	0.510000	32.660000	0.450000	-0.046000	0.156000	29863	30051	33266	25225	24977	25078
3020	57.349026	0.000073	-1.370000	0.510000	32.660000	0.508000	-0.024000	0.148000	29863	30051	33266	25254	24988	25074
3021	57.349046	0.000020	-1.420000	-0.710000	34.060000	0.508000	-0.024000	0.148000	29858	29929	33406	25254	24988	25074
3022	57.377948	0.028902	-1.420000	-0.710000	34.060000	0.486000	-0.058000	0.170000	29858	29929	33406	25243	24971	25085
3023	57.378088	0.000140	-0.740000	-0.690000	34.810000	0.486000	-0.058000	0.170000	29926	29931	33481	25243	24971	25085
3024	57.411582	0.033494	-0.740000	-0.690000	34.810000	0.502000	-0.004000	0.160000	29926	29931	33481	25251	24998	25080
3025	57.411664	0.000082	-1.540000	-0.540000	35.670000	0.502000	-0.004000	0.160000	29846	29946	33567	25251	24998	25080
3026	57.442678	0.031013	-2.170000	1.540000	33.510000	0.502000	-0.004000	0.160000	29783	30154	33351	25251	24998	25080
3027	57.479653	0.036976	-2.020000	1.050000	34.780000	0.502000	-0.004000	0.160000	29798	30105	33478	25251	24998	25080
3028	57.515602	0.035948	-2.020000	1.050000	34.780000	0.432000	-0.050000	0.286000	29798	30105	33478	25216	24975	25143
3029	57.515695	0.000093	-2.310000	0.940000	35.940000	0.432000	-0.050000	0.286000	29769	30094	33594	25216	24975	25143
3030	57.547948	0.032253	-2.310000	0.940000	35.940000	0.436000	-0.058000	0.290000	29769	30094	33594	25218	24971	25145
3031	57.548024	0.000076	-2.260000	1.480000	35.390000	0.436000	-0.058000	0.290000	29774	30148	33539	25218	24971	25145
3032	57.579637	0.031613	-2.260000	1.480000	35.390000	0.392000	-0.026000	0.302000	29774	30148	33539	25196	24987	25151
3033	57.579718	0.000081	-2.120000	0.830000	35.640000	0.392000	-0.026000	0.302000	29788	30083	33564	25196	24987	25151
3034	57.611524	0.031806	-2.120000	0.830000	35.640000	0.488000	-0.076000	0.276000	29788	30083	33564	25244	24962	25138
3035	57.611622	0.000099	-2.250000	0.770000	35.640000	0.488000	-0.076000	0.276000	29775	30077	33564	25244	24962	25138
3036	57.643438	0.031815	-2.250000	0.770000	35.640000	0.456000	-0.068000	0.332000	29775	30077	33564	25228	24966	25166
3037	57.643518	0.000081	-1.530000	0.670000	35.610000	0.456000	-0.068000	0.332000	29847	30067	33561	25228	24966	25166
3038	57.674690	0.031172	-1.830000	-0.270000	35.350000	0.456000	-0.068000	0.332000	29817	29973	33535	25228	24966	25166
3039	57.707552	0.032862	-1.830000	-0.270000	35.350000	0.512000	-0.128000	0.330000	29817	29973	33535	25256	24936	25165
3040	57.707645	0.000093	-2.400000	1.160000	34.790000	0.512000	-0.128000	0.330000	29760	30116	33479	25256	24936	25165
3041	57.740736	0.033091	-0.900000	-0.640000	33.490000	0.512000	-0.128000	0.330000	29910	29936	33349	25256	24936	25165
3042	57.774264	0.033528	-1.060000	0.540000	33.450000	0.512000	-0.128000	0.330000	29894	30054	33345	25256	24936	25165
3043	57.807553	0.033289	-1.420000	0.730000	33.450000	0.512000	-0.128000	0.330000	29858	30073	33345	25256	24936	25165
3044	57.839788	0.032235	-1.410000	1.270000	35.650000	0.512000	-0.128000	0.330000	29859	30127	33565	25256	24936	25165
3045	57.865767	0.025979	-2.660000	2.160000	34.830000	0.512000	-0.128000	0.330000	29734	30216	33483	25256	24936	25165
3046	57.891541	0.025774	-2.660000	2.160000	34.830000	0.420000	-0.110000	0.272000	29734	30216	33483	25210	24945	25136
3047	57.891637	0.000096	-2.330000	0.430000	34.810000	0.420000	-0.110000	0.272000	29767	30043	33481	25210	24945	25136
3048	57.919113	0.027475	-2.330000	0.430000	34.810000	0.480000	-0.100000	0.298000	29767	30043	33481	25240	24950	25149
3049	57.919178	0.000065	-2.080000	0.170000	35.130000	0.480000	-0.100000	0.298000	29792	30017	33513	25240	24950	25149
3050	57.949780	0.030602	-1.920000	-0.220000	34.890000	0.480000	-0.100000	0.298000	29808	29978	33489	25240	24950	25149
3051	57.985249	0.035469	-0.900000	0.240000	33.670000	0.480000	-0.100000	0.298000	29910	30024	33367	25240	24950	25149
3052	58.013781	0.028532	-2.120000	-0.290000	33.730000	0.480000	-0.100000	0.298000	29788	29971	33373	25240	24950	25149
3053	58.046077	0.032296	-1.620000	-0.610000	34.840000	0.480000	-0.100000	0.298000	29838	29939	33484	25240	24950	25149
3054	58.072645	0.026569	-1.620000	-0.610000	34.840000	0.412000	-0.110000	0.278000	29838	29939	33484	25206	24945	25139
3055	58.072719	0.000073	-2.560000	0.330000	34.880000	0.412000	-0.110000	0.278000	29744	30033	33488	25206	24945	25139
3056	58.104740	0.032021	-2.560000	0.330000	34.880000	0.454000	-0.102000	0.292000	29744	30033	33488	25227	24949	25146
3057	58.104825	0.000086	-2.560000	0.330000	34.880000	0.440000	-0.116000	0.248000	29744	30033	33488	25220	24942	25124
3058	58.104855	0.000030	-2.420000	0.020000	34.610000	0.440000	-0.116000	0.248000	29758	30002	33461	25220	24942	25124
3059	58.136918	0.032063	-1.720000	-0.110000	34.600000	0.440000	-0.116000	0.248000	29828	29989	33460	25220	24942	25124
3060	58.169016	0.032097	-1.220000	0.150000	33.470000	0.440000	-0.116000	0.248000	29878	30015	33347	25220	24942	25124
3061	58.202939	0.033923	-1.870000	0.080000	34.290000	0.440000	-0.116000	0.248000	29813	30008	33429	25220	24942	25124
3062	58.236171	0.033232	-1.820000	0.400000	34.280000	0.440000	-0.116000	0.248000	29818	30040	33428	25220	24942	25124
3063	58.269586	0.033415	-1.260000	-0.210000	33.190000	0.440000	-0.116000	0.248000	29874	29979	33319	25220	24942	25124
3064	58.304012	0.034426	-1.260000	-0.210000	33.190000	0.394000	-0.088000	0.264000	29874	29979	33319	25197	24956	25132
3065	58.304111	0.000099	-1.260000	-0.190000	33.760000	0.394000	-0.088000	0.264000	29874	29981	33376	25197	24956	25132
3066	58.331175	0.027064	-1.260000	-0.190000	33.760000	0.366000	-0.100000	0.264000	29874	29981	33376	25183	24950	25132
3067	58.331245	0.000070	-1.990000	0.440000	34.000000	0.366000	-0.100000	0.264000	29801	30044	33400	25183	24950	25132
3068	58.362223	0.030978	-1.990000	0.440000	34.000000	0.374000	-0.100000	0.284000	29801	30044	33400	25187	24950	25142
3069	58.362314	0.000092	-0.850000	-0.180000	33.730000	0.374000	-0.100000	0.284000	29915	29982	33373	25187	24950	25142
3070	58.394873	0.032559	-0.850000	-0.180000	33.730000	0.414000	-0.050000	0.262000	29915	29982	33373	25207	24975	25131
3071	58.394954	0.000080	-2.160000	-0.510000	34.030000	0.414000	-0.050000	0.262000	29784	29949	33403	25207	24975	25131
3072	58.427129	0.032175	-1.840000	-0.360000	32.940000	0.414000	-0.050000	0.262000	29816	29964	33294	25207	24975	25131
3073	58.460539	0.033411	-1.840000	-0.360000	32.940000	0.438000	-0.158000	0.196000	29816	29964	33294	25219	24921	25098
3074	58.460617	0.000077	-0.720000	0.060000	33.730000	0.438000	-0.158000	0.196000	29928	30006	33373	25219	24921	25098
3075	58.491929	0.031312	-0.720000	0.060000	33.730000	0.388000	-0.088000	0.256000	29928	30006	33373	25194	24956	25128
3076	58.492088	0.000159	-1.450000	0.900000	33.220000	0.388000	-0.088000	0.256000	29855	30090	33322	25194	24956	25128
3077	58.523785	0.031697	-1.450000	0.900000	33.220000	0.374000	-0.130000	0.270000	29855	30090	33322	25187	24935	25135
3078	58.523863	0.000079	-1.440000	0.260000	32.070000	0.374000	-0.130000	0.270000	29856	30026	33207	25187	24935	25135
3079	58.557199	0.033336	-1.440000	0.260000	32.070000	0.376000	-0.168000	0.282000	29856	30026	33207	25188	24916	25141
3080	58.557406	0.000207	-1.440000	0.260000	32.070000	0.392000	-0.194000	0.226000	29856	30026	33207	25196	24903	25113
3081	58.557514	0.000108	-1.990000	-0.300000	34.310000	0.392000	-0.194000	0.226000	29801	29970	33431	25196	24903	25113
3082	58.585692	0.028178	-3.010000	1.010000	33.270000	0.392000	-0.194000	0.226000	29699	30101	33327	25196	24903	25113
3083	58.613828	0.028135	-2.800000	1.460000	33.300000	0.392000	-0.194000	0.226000	29720	30146	33330	25196	24903	25113
3084	58.645849	0.032021	-1.930000	1.040000	34.300000	0.392000	-0.194000	0.226000	29807	30104	33430	25196	24903	25113
3085	58.677961	0.032112	-1.930000	1.040000	34.300000	0.346000	-0.142000	0.254000	29807	30104	33430	25173	24929	25127
3086	58.678034	0.000073	-1.970000	1.140000	33.510000	0.346000	-0.142000	0.254000	29803	30114	33351	25173	24929	25127
3087	58.710240	0.032206	-3.040000	1.420000	34.370000	0.346000	-0.142000	0.254000	29696	30142	33437	25173	24929	25127
3088	58.748149	0.037909	-3.000000	1.680000	33.830000	0.346000	-0.142000	0.254000	29700	30168	33383	25173	24929	25127
3089	58.776203	0.028054	-3.070000	0.840000	33.230000	0.346000	-0.142000	0.254000	29693	30084	33323	25173	24929	25127
3090	58.806092	0.029889	-2.940000	0.710000	33.520000	0.346000	-0.142000	0.254000	29706	30071	33352	25173	24929	25127
3091	58.832695	0.026603	-2.480000	1.440000	33.240000	0.346000	-0.142000	0.254000	29752	30144	33324	25173	24929	25127
3092	58.862702	0.030008	-2.480000	1.440000	33.240000	0.326000	-0.142000	0.102000	29752	30144	33324	25163	24929	25051
3093	58.862771	0.000068	-2.690000	1.490000	33.520000	0.326000	-0.142000	0.102000	29731	30149	33352	25163	24929	25051
3094	58.892420	0.029649	-2.900000	1.250000	33.830000	0.326000	-0.142000	0.102000	29710	30125	33383	25163	24929	25051
3095	58.935112	0.042692	-2.780000	0.640000	33.280000	0.326000	-0.142000	0.102000	29722	30064	33328	25163	24929	25051
3096	58.964679	0.029568	-2.780000	0.640000	33.280000	0.356000	-0.120000	0.052000	29722	30064	33328	25178	24940	25026
3097	58.964760	0.000081	-2.920000	0.500000	32.450000	0.356000	-0.120000	0.052000	29708	30050	33245	25178	24940	25026
3098	58.997512	0.032752	-2.150000	0.950000	33.220000	0.356000	-0.120000	0.052000	29785	30095	33322	25178	24940	25026
3099	59.023502	0.025991	-2.150000	0.950000	33.220000	0.306000	-0.084000	0.144000	29785	30095	33322	25153	24958	25072
3100	59.023994	0.000492	-2.510000	1.870000	30.170000	0.306000	-0.084000	0.144000	29749	30187	33017	25153	24958	25072
3101	59.053016	0.029022	-2.510000	1.870000	30.170000	0.250000	-0.082000	0.164000	29749	30187	33017	25125	24959	25082
3102	59.053157	0.000141	-3.200000	3.030000	26.670000	0.250000	-0.082000	0.164000	29680	30303	32667	25125	24959	25082
3103	59.082355	0.029197	-3.710000	3.020000	23.950000	0.250000	-0.082000	0.164000	29629	30302	32395	25125	24959	25082
3104	59.112745	0.030390	-3.450000	3.340000	20.130000	0.250000	-0.082000	0.164000	29655	30334	32013	25125	24959	25082
3105	59.144248	0.031503	-4.200000	4.790000	15.820000	0.250000	-0.082000	0.164000	29580	30479	31582	25125	24959	25082
3106	59.180922	0.036674	-4.200000	4.790000	15.820000	0.092000	-0.112000	0.260000	29580	30479	31582	25046	24944	25130
3107	59.181016	0.000094	-4.220000	5.030000	10.340000	0.092000	-0.112000	0.260000	29578	30503	31034	25046	24944	25130
3108	59.209511	0.028495	-2.570000	3.430000	7.040000	0.092000	-0.112000	0.260000	29743	30343	30704	25046	24944	25130
3109	59.235342	0.025831	-2.570000	3.430000	7.040000	0.014000	-0.052000	0.144000	29743	30343	30704	25007	24974	25072
3110	59.235409	0.000067	-1.950000	1.490000	4.080000	0.014000	-0.052000	0.144000	29805	30149	30408	25007	24974	25072
3111	59.266310	0.030900	-0.530000	1.740000	1.100000	0.014000	-0.052000	0.144000	29947	30174	30110	25007	24974	25072
3112	59.299657	0.033348	-0.530000	1.740000	1.100000	-0.038000	-0.026000	0.074000	29947	30174	30110	24981	24987	25037
3113	59.299746	0.000088	-0.580000	1.110000	2.240000	-0.038000	-0.026000	0.074000	29942	30111	30224	24981	24987	25037
3114	59.333668	0.033922	-0.580000	1.110000	2.240000	-0.022000	-0.058000	0.044000	29942	30111	30224	24989	24971	25022
3115	59.333759	0.000091	0.130000	0.070000	-0.240000	-0.022000	-0.058000	0.044000	30013	30007	29976	24989	24971	25022
3116	59.365084	0.031325	0.130000	0.070000	-0.240000	-0.018000	-0.014000	0.038000	30013	30007	29976	24991	24993	25019
3117	59.365170	0.000086	-0.060000	-0.400000	0.560000	-0.018000	-0.014000	0.038000	29994	29960	30056	24991	24993	25019
3118	59.396942	0.031772	-0.060000	-0.400000	0.560000	0.030000	-0.034000	0.026000	29994	29960	30056	25015	24983	25013
3119	59.397026	0.000084	-0.060000	-0.400000	0.560000	0.010000	-0.032000	0.022000	29994	29960	30056	25005	24984	25011
3120	59.397068	0.000042	-0.680000	-0.020000	0.050000	0.010000	-0.032000	0.022000	29932	29998	30005	25005	24984	25011
3121	59.430719	0.033650	-0.150000	0.530000	-0.270000	0.010000	-0.032000	0.022000	29985	30053	29973	25005	24984	25011
3122	59.459604	0.028886	-0.380000	-0.010000	0.620000	0.010000	-0.032000	0.022000	29962	29999	30062	25005	24984	25011
3123	59.490179	0.030575	-0.260000	0.280000	-0.230000	0.010000	-0.032000	0.022000	29974	30028	29977	25005	24984	25011
3124	59.517673	0.027494	-0.260000	0.280000	-0.230000	-0.010000	-0.018000	0.028000	29974	30028	29977	24995	24991	25014
3125	59.517779	0.000106	-0.350000	0.610000	0.040000	-0.010000	-0.018000	0.028000	29965	30061	30004	24995	24991	25014
3126	59.553021	0.035242	-0.350000	0.610000	0.040000	0.008000	-0.034000	0.020000	29965	30061	30004	25004	24983	25010
3127	59.553122	0.000100	-0.010000	0.930000	-0.240000	0.008000	-0.034000	0.020000	29999	30093	29976	25004	24983	25010
3128	59.585728	0.032607	0.890000	0.040000	0.010000	0.008000	-0.034000	0.020000	30089	30004	30001	25004	24983	25010
3129	59.618329	0.032601	0.890000	0.040000	0.010000	0.030000	0.014000	0.024000	30089	30004	30001	25015	25007	25012
3130	59.618397	0.000068	1.830000	1.120000	0.230000	0.030000	0.014000	0.024000	30183	30112	30023	25015	25007	25012
3131	59.649034	0.030636	-0.790000	2.430000	0.290000	0.030000	0.014000	0.024000	29921	30243	30029	25015	25007	25012
3132	59.676171	0.027138	-1.120000	2.180000	-0.130000	0.030000	0.014000	0.024000	29888	30218	29987	25015	25007	25012
3133	59.705896	0.029725	-0.810000	2.540000	0.620000	0.030000	0.014000	0.024000	29919	30254	30062	25015	25007	25012
3134	59.735765	0.029869	-0.810000	2.540000	0.620000	-0.088000	-0.036000	-0.032000	29919	30254	30062	24956	24982	24984
3135	59.735837	0.000072	0.460000	1.980000	3.570000	-0.088000	-0.036000	-0.032000	30046	30198	30357	24956	24982	24984
3136	59.766042	0.030205	0.460000	1.980000	3.570000	-0.068000	-0.030000	-0.070000	30046	30198	30357	24966	24985	24965
3137	59.766119	0.000077	-0.020000	1.010000	6.020000	-0.068000	-0.030000	-0.070000	29998	30101	30602	24966	24985	24965
3138	59.797085	0.030966	-0.020000	1.010000	6.020000	0.008000	-0.116000	-0.050000	29998	30101	30602	25004	24942	24975
3139	59.797158	0.000073	0.100000	2.300000	10.370000	0.008000	-0.116000	-0.050000	30010	30230	31037	25004	24942	24975
3140	59.829157	0.031999	0.100000	2.300000	10.370000	0.056000	-0.096000	-0.078000	30010	30230	31037	25028	24952	24961
3141	59.829267	0.000110	-0.240000	1.860000	16.560000	0.056000	-0.096000	-0.078000	29976	30186	31656	25028	24952	24961
3142	59.856457	0.027190	1.230000	0.310000	19.790000	0.056000	-0.096000	-0.078000	30123	30031	31979	25028	24952	24961
3143	59.891433	0.034976	1.230000	0.310000	19.790000	0.242000	0.018000	-0.080000	30123	30031	31979	25121	25009	24960
3144	59.891536	0.000103	1.920000	0.980000	21.930000	0.242000	0.018000	-0.080000	30192	30098	32193	25121	25009	24960
3145	59.924428	0.032892	1.920000	0.980000	21.930000	0.238000	0.098000	-0.082000	30192	30098	32193	25119	25049	24959
3146	59.924513	0.000085	1.510000	0.740000	23.890000	0.238000	0.098000	-0.082000	30151	30074	32389	25119	25049	24959
3147	59.956824	0.032311	-0.790000	1.990000	26.090000	0.238000	0.098000	-0.082000	29921	30199	32609	25119	25049	24959
3148	59.988825	0.032002	-0.790000	1.990000	26.090000	0.356000	0.042000	-0.136000	29921	30199	32609	25178	25021	24932
3149	59.988911	0.000085	-0.790000	1.990000	26.090000	0.356000	0.042000	-0.136000	29921	30199	32609	25178	25021	24932
3150	60.022835	0.033925	-1.760000	2.600000	27.180000	0.356000	0.042000	-0.136000	29824	30260	32718	25178	25021	24932
3151	60.060876	0.038041	-0.470000	2.120000	27.970000	0.356000	0.042000	-0.136000	29953	30212	32797	25178	25021	24932
3152	60.095169	0.034292	-0.650000	1.930000	30.490000	0.356000	0.042000	-0.136000	29935	30193	33049	25178	25021	24932
3153	60.125428	0.030259	0.070000	1.790000	31.530000	0.356000	0.042000	-0.136000	30007	30179	33153	25178	25021	24932
3154	60.151536	0.026109	0.070000	1.790000	31.530000	0.434000	0.132000	-0.054000	30007	30179	33153	25217	25066	24973
3155	60.151620	0.000083	-0.210000	1.320000	33.720000	0.434000	0.132000	-0.054000	29979	30132	33372	25217	25066	24973
3156	60.181873	0.030254	-0.210000	1.320000	33.720000	0.458000	0.114000	-0.056000	29979	30132	33372	25229	25057	24972
3157	60.181953	0.000080	-0.510000	1.890000	32.910000	0.458000	0.114000	-0.056000	29949	30189	33291	25229	25057	24972
3158	60.209529	0.027575	-0.940000	1.740000	32.930000	0.458000	0.114000	-0.056000	29906	30174	33293	25229	25057	24972
3159	60.240558	0.031029	0.420000	1.230000	34.770000	0.458000	0.114000	-0.056000	30042	30123	33477	25229	25057	24972
3160	60.268024	0.027466	-0.030000	1.000000	35.910000	0.458000	0.114000	-0.056000	29997	30100	33591	25229	25057	24972
3161	60.300718	0.032694	-0.030000	1.000000	35.910000	0.436000	0.112000	-0.040000	29997	30100	33591	25218	25056	24980
3162	60.300812	0.000094	-0.720000	1.510000	36.530000	0.436000	0.112000	-0.040000	29928	30151	33653	25218	25056	24980
3163	60.333161	0.032349	-0.720000	1.510000	36.530000	0.428000	0.120000	-0.018000	29928	30151	33653	25214	25060	24991
3164	60.333250	0.000089	-0.360000	2.160000	36.740000	0.428000	0.120000	-0.018000	29964	30216	33674	25214	25060	24991
3165	60.365731	0.032482	-0.360000	2.160000	36.740000	0.320000	0.140000	-0.010000	29964	30216	33674	25160	25070	24995
3166	60.365812	0.000081	-1.210000	1.910000	38.990000	0.320000	0.140000	-0.010000	29879	30191	33899	25160	25070	24995
3167	60.398017	0.032205	-1.210000	1.910000	38.990000	0.354000	0.058000	-0.010000	29879	30191	33899	25177	25029	24995
3168	60.398102	0.000086	-2.390000	2.840000	39.810000	0.354000	0.058000	-0.010000	29761	30284	33981	25177	25029	24995
3169	60.429919	0.031816	-1.890000	3.360000	40.080000	0.354000	0.058000	-0.010000	29811	30336	34008	25177	25029	24995
3170	60.461584	0.031665	-2.110000	2.640000	40.110000	0.354000	0.058000	-0.010000	29789	30264	34011	25177	25029	24995
3171	60.494418	0.032835	-0.860000	2.580000	40.410000	0.354000	0.058000	-0.010000	29914	30258	34041	25177	25029	24995
3172	60.525196	0.030777	-0.860000	2.580000	40.410000	0.312000	0.066000	-0.024000	29914	30258	34041	25156	25033	24988
3173	60.525272	0.000077	-1.790000	2.670000	42.310000	0.312000	0.066000	-0.024000	29821	30267	34231	25156	25033	24988
3174	60.557049	0.031777	-1.170000	3.000000	40.650000	0.312000	0.066000	-0.024000	29883	30300	34065	25156	25033	24988
3175	60.590812	0.033763	-1.170000	3.000000	40.650000	0.342000	0.072000	0.050000	29883	30300	34065	25171	25036	25025
3176	60.590898	0.000086	-1.490000	2.740000	43.150000	0.342000	0.072000	0.050000	29851	30274	34315	25171	25036	25025
3177	60.621520	0.030622	-1.490000	2.740000	43.150000	0.394000	0.054000	0.028000	29851	30274	34315	25197	25027	25014
3178	60.621680	0.000160	-1.490000	2.740000	43.150000	0.364000	0.056000	0.096000	29851	30274	34315	25182	25028	25048
3179	60.621728	0.000048	-1.380000	2.720000	42.330000	0.364000	0.056000	0.096000	29862	30272	34233	25182	25028	25048
3180	60.648458	0.026731	-1.410000	2.560000	42.330000	0.364000	0.056000	0.096000	29859	30256	34233	25182	25028	25048
3181	60.676239	0.027780	-1.410000	2.560000	42.330000	0.390000	0.006000	0.056000	29859	30256	34233	25195	25003	25028
3182	60.676320	0.000081	-1.850000	2.710000	42.370000	0.390000	0.006000	0.056000	29815	30271	34237	25195	25003	25028
3183	60.707171	0.030851	-2.990000	5.230000	40.700000	0.390000	0.006000	0.056000	29701	30523	34070	25195	25003	25028
3184	60.738117	0.030946	-2.800000	4.880000	42.050000	0.390000	0.006000	0.056000	29720	30488	34205	25195	25003	25028
3185	60.773396	0.035279	-2.800000	4.880000	42.050000	0.298000	0.026000	0.080000	29720	30488	34205	25149	25013	25040
3186	60.773497	0.000101	-3.970000	4.240000	44.090000	0.298000	0.026000	0.080000	29603	30424	34409	25149	25013	25040
3187	60.807152	0.033655	-3.970000	4.240000	44.090000	0.358000	-0.106000	0.076000	29603	30424	34409	25179	24947	25038
3188	60.807234	0.000082	-4.670000	5.320000	42.130000	0.358000	-0.106000	0.076000	29533	30532	34213	25179	24947	25038
3189	60.840560	0.033325	-4.670000	5.320000	42.130000	0.352000	-0.046000	0.160000	29533	30532	34213	25176	24977	25080
3190	60.840652	0.000092	-3.170000	3.770000	42.390000	0.352000	-0.046000	0.160000	29683	30377	34239	25176	24977	25080
3191	60.873324	0.032672	-3.170000	3.770000	42.390000	0.384000	-0.046000	0.128000	29683	30377	34239	25192	24977	25064
3192	60.873396	0.000072	-1.470000	4.250000	41.750000	0.384000	-0.046000	0.128000	29853	30425	34175	25192	24977	25064
3193	60.907118	0.033723	-1.470000	4.250000	41.750000	0.338000	0.010000	0.176000	29853	30425	34175	25169	25005	25088
3194	60.907198	0.000080	-2.140000	4.500000	41.510000	0.338000	0.010000	0.176000	29786	30450	34151	25169	25005	25088
3195	60.936541	0.029342	-1.920000	2.780000	41.730000	0.338000	0.010000	0.176000	29808	30278	34173	25169	25005	25088
3196	60.977114	0.040573	-1.920000	2.780000	41.730000	0.448000	0.002000	0.106000	29808	30278	34173	25224	25001	25053
3197	60.977237	0.000123	-0.520000	3.200000	41.120000	0.448000	0.002000	0.106000	29948	30320	34112	25224	25001	25053
3198	61.010838	0.033601	-1.490000	3.180000	40.640000	0.448000	0.002000	0.106000	29851	30318	34064	25224	25001	25053
3199	61.042987	0.032150	-1.490000	3.180000	40.640000	0.390000	0.042000	0.148000	29851	30318	34064	25195	25021	25074
3200	61.043067	0.000080	-0.920000	3.120000	42.010000	0.390000	0.042000	0.148000	29908	30312	34201	25195	25021	25074
3201	61.078159	0.035092	-0.920000	3.120000	42.010000	0.362000	-0.012000	0.146000	29908	30312	34201	25181	24994	25073
3202	61.078349	0.000190	-0.990000	2.910000	41.780000	0.362000	-0.012000	0.146000	29901	30291	34178	25181	24994	25073
3203	61.109651	0.031302	-0.990000	2.910000	41.780000	0.366000	0.022000	0.140000	29901	30291	34178	25183	25011	25070
3204	61.109718	0.000067	-0.990000	2.910000	41.780000	0.422000	0.014000	0.204000	29901	30291	34178	25211	25007	25102
3205	61.109743	0.000025	-0.520000	3.200000	42.500000	0.422000	0.014000	0.204000	29948	30320	34250	25211	25007	25102
3206	61.141521	0.031778	-0.520000	3.200000	42.500000	0.412000	0.084000	0.188000	29948	30320	34250	25206	25042	25094
3207	61.141603	0.000083	-0.810000	2.930000	42.010000	0.412000	0.084000	0.188000	29919	30293	34201	25206	25042	25094
3208	61.173827	0.032224	-0.810000	2.930000	42.010000	0.442000	0.006000	0.160000	29919	30293	34201	25221	25003	25080
3209	61.173904	0.000077	-1.250000	2.900000	42.040000	0.442000	0.006000	0.160000	29875	30290	34204	25221	25003	25080
3210	61.207325	0.033421	0.180000	2.270000	41.200000	0.442000	0.006000	0.160000	30018	30227	34120	25221	25003	25080
3211	61.239885	0.032561	0.180000	2.270000	41.200000	0.470000	0.008000	0.226000	30018	30227	34120	25235	25004	25113
3212	61.239962	0.000076	-0.410000	3.080000	41.980000	0.470000	0.008000	0.226000	29959	30308	34198	25235	25004	25113
3213	61.271020	0.031058	0.290000	3.840000	41.390000	0.470000	0.008000	0.226000	30029	30384	34139	25235	25004	25113
3214	61.302319	0.031299	-0.760000	3.110000	41.710000	0.470000	0.008000	0.226000	29924	30311	34171	25235	25004	25113
3215	61.333899	0.031580	-0.880000	3.050000	41.710000	0.470000	0.008000	0.226000	29912	30305	34171	25235	25004	25113
3216	61.361525	0.027626	0.750000	2.690000	40.880000	0.470000	0.008000	0.226000	30075	30269	34088	25235	25004	25113
3217	61.389061	0.027536	-0.270000	2.210000	40.680000	0.470000	0.008000	0.226000	29973	30221	34068	25235	25004	25113
3218	61.421076	0.032015	-0.790000	3.450000	39.530000	0.470000	0.008000	0.226000	29921	30345	33953	25235	25004	25113
3219	61.454774	0.033697	-0.850000	2.820000	38.940000	0.470000	0.008000	0.226000	29915	30282	33894	25235	25004	25113
3220	61.486508	0.031735	-0.230000	2.300000	37.280000	0.470000	0.008000	0.226000	29977	30230	33728	25235	25004	25113
3221	61.518861	0.032353	-0.230000	2.300000	37.280000	0.430000	0.026000	0.150000	29977	30230	33728	25215	25013	25075
3222	61.518954	0.000093	-0.060000	1.460000	36.190000	0.430000	0.026000	0.150000	29994	30146	33619	25215	25013	25075
3223	61.549737	0.030783	-0.060000	1.460000	36.190000	0.416000	0.030000	0.148000	29994	30146	33619	25208	25015	25074
3224	61.549813	0.000076	0.510000	1.640000	36.170000	0.416000	0.030000	0.148000	30051	30164	33617	25208	25015	25074
3225	61.581480	0.031667	0.360000	1.450000	36.480000	0.416000	0.030000	0.148000	30036	30145	33648	25208	25015	25074
3226	61.613874	0.032394	0.660000	1.640000	36.730000	0.416000	0.030000	0.148000	30066	30164	33673	25208	25015	25074
3227	61.644995	0.031121	0.660000	1.640000	36.730000	0.396000	0.050000	0.182000	30066	30164	33673	25198	25025	25091
3228	61.645061	0.000066	0.370000	2.350000	37.010000	0.396000	0.050000	0.182000	30037	30235	33701	25198	25025	25091
3229	61.675850	0.030789	0.370000	2.350000	37.010000	0.310000	0.014000	0.152000	30037	30235	33701	25155	25007	25076
3230	61.675918	0.000068	-0.030000	2.740000	37.250000	0.310000	0.014000	0.152000	29997	30274	33725	25155	25007	25076
3231	61.702806	0.026888	0.320000	2.160000	37.880000	0.310000	0.014000	0.152000	30032	30216	33788	25155	25007	25076
3232	61.731718	0.028912	0.320000	2.160000	37.880000	0.356000	-0.010000	0.194000	30032	30216	33788	25178	24995	25097
3233	61.731857	0.000139	0.320000	2.160000	37.880000	0.364000	-0.056000	0.182000	30032	30216	33788	25182	24972	25091
3234	61.731893	0.000036	0.070000	1.630000	38.140000	0.364000	-0.056000	0.182000	30007	30163	33814	25182	24972	25091
3235	61.764367	0.032474	0.310000	1.590000	40.390000	0.364000	-0.056000	0.182000	30031	30159	34039	25182	24972	25091
3236	61.804243	0.039876	0.490000	2.630000	37.860000	0.364000	-0.056000	0.182000	30049	30263	33786	25182	24972	25091
3237	61.838838	0.034595	0.490000	2.630000	37.860000	0.362000	0.030000	0.204000	30049	30263	33786	25181	25015	25102
3238	61.838924	0.000085	0.620000	2.170000	38.890000	0.362000	0.030000	0.204000	30062	30217	33889	25181	25015	25102
3239	61.871474	0.032551	0.620000	2.170000	38.890000	0.346000	0.004000	0.188000	30062	30217	33889	25173	25002	25094
3240	61.871542	0.000067	0.320000	2.440000	39.250000	0.346000	0.004000	0.188000	30032	30244	33925	25173	25002	25094
3241	61.902831	0.031290	0.320000	2.440000	39.250000	0.390000	-0.016000	0.154000	30032	30244	33925	25195	24992	25077
3242	61.902912	0.000080	0.920000	2.110000	38.960000	0.390000	-0.016000	0.154000	30092	30211	33896	25195	24992	25077
3243	61.934775	0.031864	0.580000	2.230000	40.030000	0.390000	-0.016000	0.154000	30058	30223	34003	25195	24992	25077
3244	61.967023	0.032247	0.580000	2.230000	40.030000	0.370000	0.018000	0.180000	30058	30223	34003	25185	25009	25090
3245	61.967108	0.000085	0.740000	2.250000	38.960000	0.370000	0.018000	0.180000	30074	30225	33896	25185	25009	25090
3246	62.000452	0.033344	0.740000	2.250000	38.960000	0.384000	0.012000	0.170000	30074	30225	33896	25192	25006	25085
3247	62.000522	0.000070	0.420000	1.480000	40.100000	0.384000	0.012000	0.170000	30042	30148	34010	25192	25006	25085
3248	62.035816	0.035293	0.310000	2.280000	40.370000	0.384000	0.012000	0.170000	30031	30228	34037	25192	25006	25085
3249	62.064345	0.028529	0.310000	2.280000	40.370000	0.366000	-0.006000	0.166000	30031	30228	34037	25183	24997	25083
3250	62.064412	0.000067	0.630000	2.760000	40.370000	0.366000	-0.006000	0.166000	30063	30276	34037	25183	24997	25083
3251	62.094593	0.030181	0.630000	2.760000	40.370000	0.308000	0.022000	0.146000	30063	30276	34037	25154	25011	25073
3252	62.094764	0.000172	0.630000	2.760000	40.370000	0.436000	-0.028000	0.116000	30063	30276	34037	25218	24986	25058
3253	62.094830	0.000066	0.140000	2.040000	39.530000	0.436000	-0.028000	0.116000	30014	30204	33953	25218	24986	25058
3254	62.128075	0.033244	0.580000	1.470000	39.490000	0.436000	-0.028000	0.116000	30058	30147	33949	25218	24986	25058
3255	62.160063	0.031988	0.580000	1.470000	39.490000	0.362000	0.038000	0.174000	30058	30147	33949	25181	25019	25087
3256	62.160162	0.000100	0.130000	2.020000	39.480000	0.362000	0.038000	0.174000	30013	30202	33948	25181	25019	25087
3257	62.195385	0.035223	0.240000	1.610000	38.420000	0.362000	0.038000	0.174000	30024	30161	33842	25181	25019	25087
3258	62.229374	0.033989	0.240000	1.610000	38.420000	0.392000	-0.004000	0.184000	30024	30161	33842	25196	24998	25092
3259	62.229465	0.000092	0.200000	1.970000	39.540000	0.392000	-0.004000	0.184000	30020	30197	33954	25196	24998	25092
3260	62.259581	0.030115	0.200000	1.970000	39.540000	0.340000	0.008000	0.174000	30020	30197	33954	25170	25004	25087
3261	62.259666	0.000086	0.200000	1.970000	39.540000	0.322000	0.004000	0.158000	30020	30197	33954	25161	25002	25079
3262	62.259688	0.000021	0.760000	1.950000	39.760000	0.322000	0.004000	0.158000	30076	30195	33976	25161	25002	25079
3263	62.292356	0.032669	0.760000	1.950000	39.760000	0.280000	0.040000	0.144000	30076	30195	33976	25140	25020	25072
3264	62.292451	0.000095	0.760000	1.950000	39.760000	0.350000	-0.046000	0.136000	30076	30195	33976	25175	24977	25068
3265	62.292478	0.000027	0.080000	2.290000	37.610000	0.350000	-0.046000	0.136000	30008	30229	33761	25175	24977	25068
3266	62.324043	0.031565	0.080000	2.290000	37.610000	0.320000	0.018000	0.114000	30008	30229	33761	25160	25009	25057
3267	62.324105	0.000063	0.760000	1.600000	37.620000	0.320000	0.018000	0.114000	30076	30160	33762	25160	25009	25057
3268	62.354420	0.030315	0.760000	1.600000	37.620000	0.290000	-0.010000	0.080000	30076	30160	33762	25145	24995	25040
3269	62.354491	0.000070	0.010000	2.150000	36.790000	0.290000	-0.010000	0.080000	30001	30215	33679	25145	24995	25040
3270	62.386191	0.031701	0.760000	1.980000	36.760000	0.290000	-0.010000	0.080000	30076	30198	33676	25145	24995	25040
3271	62.420601	0.034410	0.240000	1.910000	36.240000	0.290000	-0.010000	0.080000	30024	30191	33624	25145	24995	25040
3272	62.450993	0.030392	-1.050000	2.610000	34.890000	0.290000	-0.010000	0.080000	29895	30261	33489	25145	24995	25040
3273	62.480457	0.029465	-1.050000	2.610000	34.890000	0.328000	-0.056000	0.120000	29895	30261	33489	25164	24972	25060
3274	62.480591	0.000134	1.160000	2.220000	34.550000	0.328000	-0.056000	0.120000	30116	30222	33455	25164	24972	25060
3275	62.508041	0.027449	1.160000	2.220000	34.550000	0.260000	0.030000	0.146000	30116	30222	33455	25130	25015	25073
3276	62.508108	0.000068	-0.010000	1.740000	34.560000	0.260000	0.030000	0.146000	29999	30174	33456	25130	25015	25073
3277	62.536290	0.028181	0.040000	1.460000	32.040000	0.260000	0.030000	0.146000	30004	30146	33204	25130	25015	25073
3278	62.566786	0.030497	0.040000	1.460000	32.040000	0.294000	-0.032000	0.134000	30004	30146	33204	25147	24984	25067
3279	62.566863	0.000076	0.290000	1.400000	32.340000	0.294000	-0.032000	0.134000	30029	30140	33234	25147	24984	25067
3280	62.598533	0.031670	0.290000	1.400000	32.340000	0.272000	-0.006000	0.114000	30029	30140	33234	25136	24997	25057
3281	62.598681	0.000148	-0.320000	2.820000	32.070000	0.272000	-0.006000	0.114000	29968	30282	33207	25136	24997	25057
3282	62.627241	0.028559	0.110000	2.190000	30.430000	0.272000	-0.006000	0.114000	30011	30219	33043	25136	24997	25057
3283	62.672755	0.045514	-0.150000	2.200000	29.600000	0.272000	-0.006000	0.114000	29985	30220	32960	25136	24997	25057
3284	62.707639	0.034884	-0.150000	2.200000	29.600000	0.202000	-0.002000	0.210000	29985	30220	32960	25101	24999	25105
3285	62.707722	0.000083	-1.030000	2.670000	28.210000	0.202000	-0.002000	0.210000	29897	30267	32821	25101	24999	25105
3286	62.736616	0.028894	-1.650000	1.540000	26.880000	0.202000	-0.002000	0.210000	29835	30154	32688	25101	24999	25105
3287	62.766922	0.030305	-1.650000	1.540000	26.880000	0.266000	-0.054000	0.176000	29835	30154	32688	25133	24973	25088
3288	62.767074	0.000153	-1.840000	2.270000	26.090000	0.266000	-0.054000	0.176000	29816	30227	32609	25133	24973	25088
3289	62.794964	0.027889	-1.930000	1.880000	26.060000	0.266000	-0.054000	0.176000	29807	30188	32606	25133	24973	25088
3290	62.829292	0.034328	-2.100000	2.600000	23.550000	0.266000	-0.054000	0.176000	29790	30260	32355	25133	24973	25088
3291	62.859562	0.030270	-2.110000	1.970000	21.960000	0.266000	-0.054000	0.176000	29789	30197	32196	25133	24973	25088
3292	62.887530	0.027968	-2.110000	1.970000	21.960000	0.188000	-0.046000	0.194000	29789	30197	32196	25094	24977	25097
3293	62.887630	0.000101	-2.110000	1.970000	21.960000	0.164000	-0.080000	0.184000	29789	30197	32196	25082	24960	25092
3294	62.887658	0.000027	-4.250000	3.230000	16.650000	0.164000	-0.080000	0.184000	29575	30323	31665	25082	24960	25092
3295	62.917751	0.030093	-4.250000	3.230000	16.650000	0.154000	-0.164000	0.214000	29575	30323	31665	25077	24918	25107
3296	62.917829	0.000078	-3.360000	3.280000	13.340000	0.154000	-0.164000	0.214000	29664	30328	31334	25077	24918	25107
3297	62.948169	0.030339	-2.740000	1.160000	10.370000	0.154000	-0.164000	0.214000	29726	30116	31037	25077	24918	25107
3298	62.976249	0.028080	-2.740000	1.160000	10.370000	0.146000	-0.120000	0.036000	29726	30116	31037	25073	24940	25018
3299	62.976313	0.000064	-2.210000	1.480000	10.380000	0.146000	-0.120000	0.036000	29779	30148	31038	25073	24940	25018
3300	63.004674	0.028361	-2.210000	1.480000	10.380000	0.088000	-0.062000	0.014000	29779	30148	31038	25044	24969	25007
3301	63.004765	0.000091	-2.230000	1.740000	7.350000	0.088000	-0.062000	0.014000	29777	30174	30735	25044	24969	25007
3302	63.033950	0.029185	-2.250000	1.830000	3.870000	0.088000	-0.062000	0.014000	29775	30183	30387	25044	24969	25007
3303	63.069303	0.035353	-2.250000	1.830000	3.870000	0.020000	-0.088000	-0.006000	29775	30183	30387	25010	24956	24997
3304	63.069368	0.000066	-2.380000	1.170000	3.050000	0.020000	-0.088000	-0.006000	29762	30117	30305	25010	24956	24997
3305	63.099022	0.029654	-3.460000	2.520000	1.440000	0.020000	-0.088000	-0.006000	29654	30252	30144	25010	24956	24997
3306	63.132557	0.033535	-3.030000	1.970000	0.620000	0.020000	-0.088000	-0.006000	29697	30197	30062	25010	24956	24997
3307	63.161640	0.029083	-3.030000	1.970000	0.620000	-0.030000	-0.130000	0.008000	29697	30197	30062	24985	24935	25004
3308	63.161742	0.000102	-3.030000	1.970000	0.620000	-0.066000	-0.070000	0.016000	29697	30197	30062	24967	24965	25008
3309	63.161790	0.000048	-1.640000	1.720000	0.610000	-0.066000	-0.070000	0.016000	29836	30172	30061	24967	24965	25008
3310	63.194677	0.032887	-1.130000	1.300000	0.920000	-0.066000	-0.070000	0.016000	29887	30130	30092	24967	24965	25008
3311	63.230812	0.036135	-1.130000	1.300000	0.920000	-0.052000	-0.060000	0.040000	29887	30130	30092	24974	24970	25020
3312	63.230905	0.000093	-0.190000	0.780000	0.310000	-0.052000	-0.060000	0.040000	29981	30078	30031	24974	24970	25020
3313	63.261817	0.030913	-0.190000	0.780000	0.310000	-0.048000	-0.004000	0.042000	29981	30078	30031	24976	24998	25021
3314	63.261944	0.000127	-0.400000	0.970000	1.060000	-0.048000	-0.004000	0.042000	29960	30097	30106	24976	24998	25021
3315	63.288779	0.026835	-0.400000	0.970000	1.060000	-0.064000	-0.016000	0.028000	29960	30097	30106	24968	24992	25014
3316	63.288851	0.000072	-0.180000	0.240000	0.850000	-0.064000	-0.016000	0.028000	29982	30024	30085	24968	24992	25014
3317	63.315617	0.026766	-0.500000	0.020000	0.000000	-0.064000	-0.016000	0.028000	29950	30002	30000	24968	24992	25014
3318	63.342169	0.026552	-0.500000	0.020000	0.000000	-0.020000	-0.038000	0.012000	29950	30002	30000	24990	24981	25006
3319	63.342303	0.000134	-0.060000	0.180000	0.570000	-0.020000	-0.038000	0.012000	29994	30018	30057	24990	24981	25006
3320	63.376535	0.034232	-0.120000	-0.550000	0.310000	-0.020000	-0.038000	0.012000	29988	29945	30031	24990	24981	25006
3321	63.408495	0.031960	-0.080000	-0.470000	0.830000	-0.020000	-0.038000	0.012000	29992	29953	30083	24990	24981	25006
3322	63.441415	0.032920	0.060000	-0.830000	0.840000	-0.020000	-0.038000	0.012000	30006	29917	30084	24990	24981	25006
3323	63.480942	0.039527	-0.010000	-0.240000	0.590000	-0.020000	-0.038000	0.012000	29999	29976	30059	24990	24981	25006
3324	63.511987	0.031045	-0.310000	-0.650000	1.130000	-0.020000	-0.038000	0.012000	29969	29935	30113	24990	24981	25006
3325	63.542538	0.030551	-0.310000	-0.650000	1.130000	0.036000	-0.036000	0.018000	29969	29935	30113	25018	24982	25009
3326	63.542645	0.000106	0.330000	0.100000	0.290000	0.036000	-0.036000	0.018000	30033	30010	30029	25018	24982	25009
3327	63.576345	0.033700	0.330000	0.100000	0.290000	-0.032000	0.020000	0.022000	30033	30010	30029	24984	25010	25011
3328	63.576438	0.000093	-0.310000	-0.240000	0.540000	-0.032000	0.020000	0.022000	29969	29976	30054	24984	25010	25011
3329	63.603826	0.027388	-0.290000	0.120000	0.830000	-0.032000	0.020000	0.022000	29971	30012	30083	24984	25010	25011
3330	63.633850	0.030024	0.190000	0.370000	0.280000	-0.032000	0.020000	0.022000	30019	30037	30028	24984	25010	25011
3331	63.662237	0.028387	-0.760000	-0.240000	1.660000	-0.032000	0.020000	0.022000	29924	29976	30166	24984	25010	25011
3332	63.691413	0.029177	0.350000	0.510000	1.330000	-0.032000	0.020000	0.022000	30035	30051	30133	24984	25010	25011
3333	63.723141	0.031728	0.350000	0.510000	1.330000	-0.038000	0.056000	0.002000	30035	30051	30133	24981	25028	25001
3334	63.723220	0.000078	-0.060000	0.390000	1.410000	-0.038000	0.056000	0.002000	29994	30039	30141	24981	25028	25001
3335	63.749848	0.026628	-0.060000	0.390000	1.410000	-0.032000	0.014000	0.016000	29994	30039	30141	24984	25007	25008
3336	63.749915	0.000067	-0.070000	0.470000	1.420000	-0.032000	0.014000	0.016000	29993	30047	30142	24984	25007	25008
3337	63.776629	0.026714	-0.070000	0.470000	1.420000	0.002000	0.012000	0.006000	29993	30047	30142	25001	25006	25003
3338	63.776698	0.000069	-0.370000	0.800000	0.830000	0.002000	0.012000	0.006000	29963	30080	30083	25001	25006	25003
3339	63.805201	0.028503	-0.620000	-0.020000	0.320000	0.002000	0.012000	0.006000	29938	29998	30032	25001	25006	25003
3340	63.843318	0.038117	-0.570000	-0.200000	0.290000	0.002000	0.012000	0.006000	29943	29980	30029	25001	25006	25003
3341	63.877256	0.033939	0.030000	0.620000	1.070000	0.002000	0.012000	0.006000	30003	30062	30107	25001	25006	25003
3342	63.909380	0.032123	-0.650000	0.300000	0.590000	0.002000	0.012000	0.006000	29935	30030	30059	25001	25006	25003
3343	63.940174	0.030794	-0.650000	0.300000	0.590000	-0.008000	-0.030000	0.012000	29935	30030	30059	24996	24985	25006
3344	63.940245	0.000071	-0.520000	0.090000	0.300000	-0.008000	-0.030000	0.012000	29948	30009	30030	24996	24985	25006
3345	63.974665	0.034420	-0.520000	0.090000	0.300000	0.004000	-0.024000	0.006000	29948	30009	30030	25002	24988	25003
3346	63.974823	0.000159	-0.640000	0.340000	-0.070000	0.004000	-0.024000	0.006000	29936	30034	29993	25002	24988	25003
3347	64.002407	0.027584	-0.640000	0.340000	-0.070000	-0.016000	-0.022000	-0.012000	29936	30034	29993	24992	24989	24994
3348	64.002476	0.000069	-0.640000	0.340000	-0.070000	-0.028000	0.016000	0.014000	29936	30034	29993	24986	25008	25007
3349	64.002494	0.000018	-0.050000	0.410000	1.370000	-0.028000	0.016000	0.014000	29995	30041	30137	24986	25008	25007
3350	64.035327	0.032833	-0.080000	1.030000	0.290000	-0.028000	0.016000	0.014000	29992	30103	30029	24986	25008	25007
3351	64.067948	0.032621	-0.600000	0.150000	0.520000	-0.028000	0.016000	0.014000	29940	30015	30052	24986	25008	25007
3352	64.108288	0.040340	-0.600000	0.150000	0.520000	0.002000	-0.028000	0.008000	29940	30015	30052	25001	24986	25004
3353	64.108362	0.000074	-0.340000	0.130000	0.840000	0.002000	-0.028000	0.008000	29966	30013	30084	25001	24986	25004
3354	64.136826	0.028464	-0.340000	0.130000	0.840000	0.002000	-0.028000	0.008000	29966	30013	30084	25001	24986	25004
3355	64.169280	0.032454	0.030000	0.330000	0.850000	0.002000	-0.028000	0.008000	30003	30033	30085	25001	24986	25004
3356	64.198636	0.029357	0.030000	0.330000	0.850000	-0.008000	0.012000	0.010000	30003	30033	30085	24996	25006	25005
3357	64.198715	0.000079	-0.590000	0.340000	0.290000	-0.008000	0.012000	0.010000	29941	30034	30029	24996	25006	25005
3358	64.228763	0.030048	-0.590000	0.340000	0.290000	0.000000	-0.022000	0.008000	29941	30034	30029	25000	24989	25004
3359	64.228874	0.000110	-0.490000	-0.220000	0.590000	0.000000	-0.022000	0.008000	29951	29978	30059	25000	24989	25004
3360	64.260681	0.031807	-0.560000	0.020000	-0.740000	0.000000	-0.022000	0.008000	29944	30002	29926	25000	24989	25004
3361	64.301196	0.040515	-0.560000	0.020000	-0.740000	0.004000	0.050000	0.034000	29944	30002	29926	25002	25025	25017
3362	64.301363	0.000167	-0.560000	0.020000	-0.740000	-0.012000	0.072000	0.034000	29944	30002	29926	24994	25036	25017
3363	64.301452	0.000089	-0.370000	0.200000	1.040000	-0.012000	0.072000	0.034000	29963	30020	30104	24994	25036	25017
3364	64.338042	0.036590	-0.370000	0.200000	1.040000	-0.018000	-0.004000	0.012000	29963	30020	30104	24991	24998	25006
3365	64.338208	0.000166	-0.660000	0.050000	0.050000	-0.018000	-0.004000	0.012000	29934	30005	30005	24991	24998	25006
3366	64.367272	0.029063	-0.400000	0.030000	0.050000	-0.018000	-0.004000	0.012000	29960	30003	30005	24991	24998	25006
3367	64.398970	0.031699	-0.600000	-0.130000	0.870000	-0.018000	-0.004000	0.012000	29940	29987	30087	24991	24998	25006
3368	64.430505	0.031534	-0.120000	0.460000	0.840000	-0.018000	-0.004000	0.012000	29988	30046	30084	24991	24998	25006
3369	64.457204	0.026699	-0.490000	-0.380000	0.300000	-0.018000	-0.004000	0.012000	29951	29962	30030	24991	24998	25006
3370	64.485955	0.028751	-0.300000	0.250000	1.130000	-0.018000	-0.004000	0.012000	29970	30025	30113	24991	24998	25006
3371	64.515241	0.029287	-0.300000	0.250000	1.130000	-0.016000	-0.010000	0.006000	29970	30025	30113	24992	24995	25003
3372	64.515315	0.000074	0.140000	0.700000	0.780000	-0.016000	-0.010000	0.006000	30014	30070	30078	24992	24995	25003
3373	64.547446	0.032131	-0.230000	0.210000	0.590000	-0.016000	-0.010000	0.006000	29977	30021	30059	24992	24995	25003
3374	64.574933	0.027487	-0.290000	-0.080000	1.650000	-0.016000	-0.010000	0.006000	29971	29992	30165	24992	24995	25003
3375	64.603293	0.028359	-0.290000	-0.080000	1.650000	-0.006000	-0.026000	0.014000	29971	29992	30165	24997	24987	25007
3376	64.603361	0.000068	-0.170000	0.040000	0.840000	-0.006000	-0.026000	0.014000	29983	30004	30084	24997	24987	25007
3377	64.631836	0.028475	-0.850000	0.300000	-0.240000	-0.006000	-0.026000	0.014000	29915	30030	29976	24997	24987	25007
3378	64.659887	0.028051	-0.850000	0.300000	-0.240000	-0.012000	-0.046000	-0.002000	29915	30030	29976	24994	24977	24999
3379	64.659961	0.000074	-0.620000	-0.110000	0.580000	-0.012000	-0.046000	-0.002000	29938	29989	30058	24994	24977	24999
3380	64.689672	0.029711	-0.620000	-0.110000	0.580000	0.024000	-0.036000	-0.006000	29938	29989	30058	25012	24982	24997
3381	64.689778	0.000105	-0.470000	-0.170000	0.070000	0.024000	-0.036000	-0.006000	29953	29983	30007	25012	24982	24997
3382	64.719772	0.029995	-0.230000	-0.350000	1.040000	0.024000	-0.036000	-0.006000	29977	29965	30104	25012	24982	24997
3383	64.752008	0.032235	-0.670000	-0.120000	-0.210000	0.024000	-0.036000	-0.006000	29933	29988	29979	25012	24982	24997
3384	64.778279	0.026271	-0.670000	-0.120000	-0.210000	-0.048000	-0.044000	0.016000	29933	29988	29979	24976	24978	25008
3385	64.778369	0.000091	-0.520000	0.390000	0.840000	-0.048000	-0.044000	0.016000	29948	30039	30084	24976	24978	25008
