sample	t_s	dt_s	Fx	Fy	Fz	Tx	Ty	Tz	raw_Fx	raw_Fy	raw_Fz	raw_Tx	raw_Ty	raw_Tz
1	0.000000	0.000000	-0.280000	0.800000	0.490000	0.000000	0.000000	0.000000	29972	30080	30049	0	0	0
2	0.144829	0.144829	-0.280000	0.800000	0.490000	-0.054000	-0.008000	0.012000	29972	30080	30049	24973	24996	25006
3	0.144985	0.000156	-0.220000	1.040000	0.470000	-0.054000	-0.008000	0.012000	29978	30104	30047	24973	24996	25006
4	0.176207	0.031222	-0.220000	1.040000	0.470000	-0.070000	0.002000	0.008000	29978	30104	30047	24965	25001	25004
5	0.176306	0.000099	-0.230000	0.950000	1.040000	-0.070000	0.002000	0.008000	29977	30095	30104	24965	25001	25004
6	0.220928	0.044621	-0.230000	0.950000	1.040000	-0.062000	0.006000	0.008000	29977	30095	30104	24969	25003	25004
7	0.221015	0.000087	-0.030000	0.590000	1.010000	-0.062000	0.006000	0.008000	29997	30059	30101	24969	25003	25004
8	0.252127	0.031112	-0.030000	0.590000	1.010000	-0.028000	0.016000	0.002000	29997	30059	30101	24986	25008	25001
9	0.252223	0.000096	-0.090000	0.350000	1.030000	-0.028000	0.016000	0.002000	29991	30035	30103	24986	25008	25001
10	0.283450	0.031227	-0.090000	0.350000	1.030000	-0.012000	0.004000	0.006000	29991	30035	30103	24994	25002	25003
11	0.283577	0.000127	0.360000	0.480000	1.300000	-0.012000	0.004000	0.006000	30036	30048	30130	24994	25002	25003
12	0.311977	0.028400	0.360000	0.480000	1.300000	-0.036000	0.028000	0.014000	30036	30048	30130	24982	25014	25007
13	0.312047	0.000071	0.440000	0.450000	1.330000	-0.036000	0.028000	0.014000	30044	30045	30133	24982	25014	25007
14	0.342595	0.030548	0.440000	0.450000	1.330000	-0.022000	0.054000	0.010000	30044	30045	30133	24989	25027	25005
15	0.342737	0.000142	0.380000	0.210000	1.350000	-0.022000	0.054000	0.010000	30038	30021	30135	24989	25027	25005
16	0.372275	0.029538	0.380000	0.210000	1.350000	-0.006000	0.042000	0.014000	30038	30021	30135	24997	25021	25007
17	0.372400	0.000125	0.100000	0.210000	1.070000	-0.006000	0.042000	0.014000	30010	30021	30107	24997	25021	25007
18	0.413796	0.041396	0.100000	0.210000	1.070000	0.004000	0.030000	0.000000	30010	30021	30107	25002	25015	25000
19	0.413934	0.000138	-0.140000	0.260000	1.030000	0.004000	0.030000	0.000000	29986	30026	30103	25002	25015	25000
20	0.447023	0.033090	-0.140000	0.260000	1.030000	-0.024000	-0.020000	0.002000	29986	30026	30103	24988	24990	25001
21	0.447113	0.000089	-0.140000	0.260000	1.030000	-0.024000	-0.020000	0.002000	29986	30026	30103	24988	24990	25001
22	0.482008	0.034895	-0.140000	0.260000	1.030000	-0.024000	-0.020000	0.002000	29986	30026	30103	24988	24990	25001
23	0.482094	0.000086	-0.390000	0.030000	1.030000	-0.024000	-0.020000	0.002000	29961	30003	30103	24988	24990	25001
24	0.513292	0.031198	-0.390000	0.030000	1.030000	0.004000	-0.028000	0.008000	29961	30003	30103	25002	24986	25004
25	0.513565	0.000274	-0.340000	0.070000	1.040000	0.004000	-0.028000	0.008000	29966	30007	30104	25002	24986	25004
26	0.544700	0.031134	-0.340000	0.070000	1.040000	0.006000	-0.008000	0.010000	29966	30007	30104	25003	24996	25005
27	0.544786	0.000086	-0.060000	1.130000	0.960000	0.006000	-0.008000	0.010000	29994	30113	30096	25003	24996	25005
28	0.579071	0.034285	-0.060000	1.130000	0.960000	-0.070000	0.042000	-0.006000	29994	30113	30096	24965	25021	24997
29	0.579148	0.000077	0.030000	1.270000	1.240000	-0.070000	0.042000	-0.006000	30003	30127	30124	24965	25021	24997
30	0.608791	0.029643	0.030000	1.270000	1.240000	-0.084000	0.042000	-0.010000	30003	30127	30124	24958	25021	24995
31	0.608856	0.000065	0.240000	1.480000	1.280000	-0.084000	0.042000	-0.010000	30024	30148	30128	24958	25021	24995
32	0.642174	0.033318	0.240000	1.480000	1.280000	-0.084000	0.046000	-0.012000	30024	30148	30128	24958	25023	24994
33	0.642301	0.000127	0.080000	0.890000	1.320000	-0.084000	0.046000	-0.012000	30008	30089	30132	24958	25023	24994
34	0.675441	0.033140	0.080000	0.890000	1.320000	-0.042000	0.020000	-0.002000	30008	30089	30132	24979	25010	24999
35	0.675511	0.000070	0.310000	0.960000	1.030000	-0.042000	0.020000	-0.002000	30031	30096	30103	24979	25010	24999
36	0.710986	0.035475	0.310000	0.960000	1.030000	-0.054000	0.030000	0.006000	30031	30096	30103	24973	25015	25003
37	0.711070	0.000084	0.100000	0.690000	1.000000	-0.054000	0.030000	0.006000	30010	30069	30100	24973	25015	25003
38	0.745852	0.034781	0.100000	0.690000	1.000000	-0.050000	0.028000	0.004000	30010	30069	30100	24975	25014	25002
39	0.746011	0.000159	0.050000	0.560000	0.980000	-0.050000	0.028000	0.004000	30005	30056	30098	24975	25014	25002
40	0.784091	0.038080	0.050000	0.560000	0.980000	-0.048000	0.018000	-0.002000	30005	30056	30098	24976	25009	24999
41	0.784199	0.000109	-0.080000	0.510000	0.690000	-0.048000	0.018000	-0.002000	29992	30051	30069	24976	25009	24999
42	0.816050	0.031851	-0.080000	0.510000	0.690000	-0.040000	0.010000	0.000000	29992	30051	30069	24980	25005	25000
43	0.816160	0.000110	-0.100000	0.630000	0.710000	-0.040000	0.010000	0.000000	29990	30063	30071	24980	25005	25000
44	0.850609	0.034449	-0.100000	0.630000	0.710000	-0.052000	0.004000	0.002000	29990	30063	30071	24974	25002	25001
45	0.850741	0.000133	-0.080000	0.670000	0.730000	-0.052000	0.004000	0.002000	29992	30067	30073	24974	25002	25001
46	0.886482	0.035741	-0.080000	0.670000	0.730000	-0.052000	0.008000	0.006000	29992	30067	30073	24974	25004	25003
47	0.886587	0.000105	-0.310000	0.560000	1.010000	-0.052000	0.008000	0.006000	29969	30056	30101	24974	25004	25003
48	0.919582	0.032995	-0.310000	0.560000	1.010000	-0.036000	-0.008000	0.010000	29969	30056	30101	24982	24996	25005
49	0.919713	0.000131	-0.400000	0.710000	1.010000	-0.036000	-0.008000	0.010000	29960	30071	30101	24982	24996	25005
50	0.954443	0.034730	-0.400000	0.710000	1.010000	-0.034000	-0.018000	0.008000	29960	30071	30101	24983	24991	25004
51	0.954667	0.000224	-0.480000	0.430000	1.000000	-0.034000	-0.018000	0.008000	29952	30043	30100	24983	24991	25004
52	0.985009	0.030343	-0.480000	0.430000	1.000000	-0.018000	-0.032000	0.008000	29952	30043	30100	24991	24984	25004
53	0.985094	0.000085	0.040000	0.660000	1.850000	-0.018000	-0.032000	0.008000	30004	30066	30185	24991	24984	25004
54	1.017081	0.031987	0.040000	0.660000	1.850000	-0.052000	-0.002000	-0.002000	30004	30066	30185	24974	24999	24999
55	1.017149	0.000068	0.360000	0.520000	1.860000	-0.052000	-0.002000	-0.002000	30036	30052	30186	24974	24999	24999
56	1.049773	0.032624	0.360000	0.520000	1.860000	-0.040000	0.026000	0.002000	30036	30052	30186	24980	25013	25001
57	1.049941	0.000167	0.460000	0.850000	1.890000	-0.040000	0.026000	0.002000	30046	30085	30189	24980	25013	25001
58	1.082949	0.033009	0.460000	0.850000	1.890000	-0.054000	0.044000	0.008000	30046	30085	30189	24973	25022	25004
59	1.083023	0.000074	-0.050000	0.610000	1.320000	-0.054000	0.044000	0.008000	29995	30061	30132	24973	25022	25004
60	1.118558	0.035535	-0.050000	0.610000	1.320000	-0.020000	0.014000	0.016000	29995	30061	30132	24990	25007	25008
61	1.118708	0.000150	-0.450000	0.520000	1.330000	-0.020000	0.014000	0.016000	29955	30052	30133	24990	25007	25008
62	1.151769	0.033061	-0.450000	0.520000	1.330000	-0.028000	-0.010000	0.008000	29955	30052	30133	24986	24995	25004
63	1.151900	0.000130	-0.450000	0.520000	1.330000	-0.028000	-0.010000	0.008000	29955	30052	30133	24986	24995	25004
64	1.183051	0.031151	-0.450000	0.520000	1.330000	-0.028000	-0.010000	0.008000	29955	30052	30133	24986	24995	25004
65	1.183160	0.000108	0.090000	0.610000	1.630000	-0.028000	-0.010000	0.008000	30009	30061	30163	24986	24995	25004
66	1.216743	0.033583	0.090000	0.610000	1.630000	-0.054000	0.014000	0.002000	30009	30061	30163	24973	25007	25001
67	1.216810	0.000067	-0.010000	0.600000	1.630000	-0.054000	0.014000	0.002000	29999	30060	30163	24973	25007	25001
68	1.247026	0.030216	-0.010000	0.600000	1.630000	-0.046000	0.012000	0.000000	29999	30060	30163	24977	25006	25000
69	1.247094	0.000068	-0.030000	0.520000	1.620000	-0.046000	0.012000	0.000000	29997	30052	30162	24977	25006	25000
70	1.278952	0.031858	-0.030000	0.520000	1.620000	-0.042000	0.006000	-0.002000	29997	30052	30162	24979	25003	24999
71	1.279139	0.000187	-0.480000	0.660000	0.470000	-0.042000	0.006000	-0.002000	29952	30066	30047	24979	25003	24999
72	1.310180	0.031041	-0.480000	0.660000	0.470000	-0.034000	-0.010000	0.002000	29952	30066	30047	24983	24995	25001
73	1.310277	0.000097	-0.050000	0.480000	0.420000	-0.034000	-0.010000	0.002000	29995	30048	30042	24983	24995	25001
74	1.343794	0.033517	-0.050000	0.480000	0.420000	-0.022000	0.020000	0.010000	29995	30048	30042	24989	25010	25005
75	1.343983	0.000190	0.000000	0.460000	0.420000	-0.022000	0.020000	0.010000	30000	30046	30042	24989	25010	25005
76	1.376552	0.032569	0.000000	0.460000	0.420000	-0.016000	0.024000	0.008000	30000	30046	30042	24992	25012	25004
77	1.376612	0.000060	0.000000	0.310000	0.990000	-0.016000	0.024000	0.008000	30000	30031	30099	24992	25012	25004
78	1.404473	0.027861	0.000000	0.310000	0.990000	-0.008000	0.022000	0.010000	30000	30031	30099	24996	25011	25005
79	1.404537	0.000064	-0.030000	0.560000	1.020000	-0.008000	0.022000	0.010000	29997	30056	30102	24996	25011	25005
80	1.434153	0.029615	-0.030000	0.560000	1.020000	-0.034000	0.010000	0.014000	29997	30056	30102	24983	25005	25007
81	1.434267	0.000114	-0.050000	0.480000	1.010000	-0.034000	0.010000	0.014000	29995	30048	30101	24983	25005	25007
82	1.462567	0.028300	-0.050000	0.480000	1.010000	-0.032000	0.006000	0.012000	29995	30048	30101	24984	25003	25006
83	1.462704	0.000137	0.270000	0.560000	1.020000	-0.032000	0.006000	0.012000	30027	30056	30102	24984	25003	25006
84	1.493368	0.030664	0.270000	0.560000	1.020000	-0.050000	0.020000	0.008000	30027	30056	30102	24975	25010	25004
85	1.493431	0.000063	-0.100000	0.640000	0.760000	-0.050000	0.020000	0.008000	29990	30064	30076	24975	25010	25004
86	1.528487	0.035056	-0.100000	0.640000	0.760000	-0.042000	-0.002000	0.000000	29990	30064	30076	24979	24999	25000
87	1.528621	0.000134	0.030000	0.490000	0.750000	-0.042000	-0.002000	0.000000	30003	30049	30075	24979	24999	25000
88	1.562299	0.033678	0.030000	0.490000	0.750000	-0.024000	0.006000	-0.004000	30003	30049	30075	24988	25003	24998
89	1.562368	0.000069	-0.260000	0.520000	0.730000	-0.024000	0.006000	-0.004000	29974	30052	30073	24988	25003	24998
90	1.594562	0.032194	-0.260000	0.520000	0.730000	-0.014000	-0.004000	0.000000	29974	30052	30073	24993	24998	25000
91	1.594627	0.000064	0.050000	0.290000	1.000000	-0.014000	-0.004000	0.000000	30005	30029	30100	24993	24998	25000
92	1.625458	0.030832	0.050000	0.290000	1.000000	-0.006000	0.026000	0.006000	30005	30029	30100	24997	25013	25003
93	1.625529	0.000070	-0.230000	0.320000	0.990000	-0.006000	0.026000	0.006000	29977	30032	30099	24997	25013	25003
94	1.655687	0.030158	-0.230000	0.320000	0.990000	-0.026000	0.000000	0.008000	29977	30032	30099	24987	25000	25004
95	1.655767	0.000080	0.150000	0.230000	1.010000	-0.026000	0.000000	0.008000	30015	30023	30101	24987	25000	25004
96	1.684922	0.029155	0.150000	0.230000	1.010000	-0.036000	0.012000	0.004000	30015	30023	30101	24982	25006	25002
97	1.684985	0.000063	0.070000	0.290000	1.300000	-0.036000	0.012000	0.004000	30007	30029	30130	24982	25006	25002
98	1.714896	0.029911	0.070000	0.290000	1.300000	-0.040000	0.002000	0.000000	30007	30029	30130	24980	25001	25000
99	1.714969	0.000072	0.380000	0.350000	1.310000	-0.040000	0.002000	0.000000	30038	30035	30131	24980	25001	25000
100	1.748722	0.033753	0.380000	0.350000	1.310000	-0.022000	0.032000	0.000000	30038	30035	30131	24989	25016	25000
101	1.748850	0.000128	0.230000	0.570000	1.290000	-0.022000	0.032000	0.000000	30023	30057	30129	24989	25016	25000
102	1.778538	0.029688	0.230000	0.570000	1.290000	-0.030000	0.034000	0.000000	30023	30057	30129	24985	25017	25000
103	1.778608	0.000070	0.260000	0.630000	1.000000	-0.030000	0.034000	0.000000	30026	30063	30100	24985	25017	25000
104	1.811837	0.033229	0.260000	0.630000	1.000000	-0.036000	0.032000	0.000000	30026	30063	30100	24982	25016	25000
105	1.811917	0.000079	0.080000	1.000000	1.040000	-0.036000	0.032000	0.000000	30008	30100	30104	24982	25016	25000
106	1.842623	0.030706	0.080000	1.000000	1.040000	-0.068000	0.006000	0.002000	30008	30100	30104	24966	25003	25001
107	1.842693	0.000070	-0.210000	1.040000	1.020000	-0.068000	0.006000	0.002000	29979	30104	30102	24966	25003	25001
108	1.869517	0.026824	-0.210000	1.040000	1.020000	-0.058000	-0.004000	0.004000	29979	30104	30102	24971	24998	25002
109	1.869575	0.000059	-0.270000	0.990000	0.740000	-0.058000	-0.004000	0.004000	29973	30099	30074	24971	24998	25002
110	1.900185	0.030609	-0.270000	0.990000	0.740000	-0.052000	-0.004000	0.004000	29973	30099	30074	24974	24998	25002
111	1.900299	0.000115	-0.240000	0.540000	0.700000	-0.052000	-0.004000	0.004000	29976	30054	30070	24974	24998	25002
112	1.933007	0.032708	-0.240000	0.540000	0.700000	-0.024000	0.016000	0.002000	29976	30054	30070	24988	25008	25001
113	1.933080	0.000073	-0.050000	0.120000	0.760000	-0.024000	0.016000	0.002000	29995	30012	30076	24988	25008	25001
114	1.964713	0.031633	-0.050000	0.120000	0.760000	-0.004000	0.008000	0.008000	29995	30012	30076	24998	25004	25004
115	1.964813	0.000100	0.090000	0.160000	1.320000	-0.004000	0.008000	0.008000	30009	30016	30132	24998	25004	25004
116	1.994980	0.030167	0.090000	0.160000	1.320000	-0.012000	0.014000	0.010000	30009	30016	30132	24994	25007	25005
117	1.995046	0.000066	-0.060000	0.510000	1.340000	-0.012000	0.014000	0.010000	29994	30051	30134	24994	25007	25005
118	2.026148	0.031102	-0.060000	0.510000	1.340000	-0.044000	-0.010000	0.014000	29994	30051	30134	24978	24995	25007
119	2.026231	0.000083	0.070000	1.020000	1.290000	-0.044000	-0.010000	0.014000	30007	30102	30129	24978	24995	25007
120	2.058348	0.032117	0.070000	1.020000	1.290000	-0.082000	0.012000	0.004000	30007	30102	30129	24959	25006	25002
121	2.058425	0.000077	-0.010000	1.020000	1.010000	-0.082000	0.012000	0.004000	29999	30102	30101	24959	25006	25002
122	2.090121	0.031697	-0.010000	1.020000	1.010000	-0.080000	0.008000	0.002000	29999	30102	30101	24960	25004	25001
123	2.090204	0.000082	0.180000	0.870000	0.990000	-0.080000	0.008000	0.002000	30018	30087	30099	24960	25004	25001
124	2.121797	0.031593	0.180000	0.870000	0.990000	-0.060000	0.026000	0.002000	30018	30087	30099	24970	25013	25001
125	2.121868	0.000072	-0.070000	1.020000	1.000000	-0.060000	0.026000	0.002000	29993	30102	30100	24970	25013	25001
126	2.153841	0.031973	-0.070000	1.020000	1.000000	-0.052000	0.024000	0.012000	29993	30102	30100	24974	25012	25006
127	2.153906	0.000065	-0.270000	0.880000	1.010000	-0.052000	0.024000	0.012000	29973	30088	30101	24974	25012	25006
128	2.181834	0.027927	-0.270000	0.880000	1.010000	-0.034000	0.020000	0.004000	29973	30088	30101	24983	25010	25002
129	2.181902	0.000068	-0.240000	0.880000	1.030000	-0.034000	0.020000	0.004000	29976	30088	30103	24983	25010	25002
130	2.212657	0.030755	-0.240000	0.880000	1.030000	-0.028000	0.022000	0.002000	29976	30088	30103	24986	25011	25001
131	2.212741	0.000084	-0.290000	0.350000	1.040000	-0.028000	0.022000	0.002000	29971	30035	30104	24986	25011	25001
132	2.244934	0.032193	-0.290000	0.350000	1.040000	-0.002000	-0.002000	0.000000	29971	30035	30104	24999	24999	25000
133	2.245021	0.000086	0.030000	0.410000	1.310000	-0.002000	-0.002000	0.000000	30003	30041	30131	24999	24999	25000
134	2.281762	0.036742	0.030000	0.410000	1.310000	-0.018000	0.016000	0.010000	30003	30041	30131	24991	25008	25005
135	2.281880	0.000118	0.140000	0.070000	1.280000	-0.018000	0.016000	0.010000	30014	30007	30128	24991	25008	25005
136	2.310053	0.028173	0.140000	0.070000	1.280000	0.012000	0.036000	0.008000	30014	30007	30128	25006	25018	25004
137	2.310120	0.000067	0.150000	0.150000	1.250000	0.012000	0.036000	0.008000	30015	30015	30125	25006	25018	25004
138	2.340842	0.030722	0.150000	0.150000	1.250000	0.002000	0.038000	0.002000	30015	30015	30125	25001	25019	25001
139	2.341097	0.000255	0.300000	0.380000	0.110000	0.002000	0.038000	0.002000	30030	30038	30011	25001	25019	25001
140	2.371469	0.030372	0.300000	0.380000	0.110000	-0.020000	0.042000	-0.004000	30030	30038	30011	24990	25021	24998
141	2.371536	0.000068	0.060000	0.780000	0.110000	-0.020000	0.042000	-0.004000	30006	30078	30011	24990	25021	24998
142	2.403505	0.031968	0.060000	0.780000	0.110000	-0.062000	0.010000	0.004000	30006	30078	30011	24969	25005	25002
143	2.403577	0.000072	-0.020000	0.440000	0.180000	-0.062000	0.010000	0.004000	29998	30044	30018	24969	25005	25002
144	2.439193	0.035616	-0.020000	0.440000	0.180000	-0.032000	-0.004000	0.018000	29998	30044	30018	24984	24998	25009
145	2.439259	0.000066	0.010000	0.410000	0.740000	-0.032000	-0.004000	0.018000	30001	30041	30074	24984	24998	25009
146	2.468731	0.029472	0.010000	0.410000	0.740000	-0.030000	0.000000	0.018000	30001	30041	30074	24985	25000	25009
147	2.468799	0.000068	-0.170000	0.270000	0.760000	-0.030000	0.000000	0.018000	29983	30027	30076	24985	25000	25009
148	2.499127	0.030328	-0.170000	0.270000	0.760000	-0.016000	-0.006000	0.008000	29983	30027	30076	24992	24997	25004
149	2.499201	0.000074	-0.170000	0.310000	0.750000	-0.016000	-0.006000	0.008000	29983	30031	30075	24992	24997	25004
150	2.527387	0.028186	-0.170000	0.310000	0.750000	-0.022000	-0.006000	0.004000	29983	30031	30075	24989	24997	25002
151	2.527477	0.000090	-0.170000	0.310000	0.750000	-0.022000	-0.006000	0.004000	29983	30031	30075	24989	24997	25002
152	2.555468	0.027991	-0.170000	0.310000	0.750000	-0.022000	-0.006000	0.004000	29983	30031	30075	24989	24997	25002
153	2.555543	0.000074	-0.050000	0.440000	0.770000	-0.022000	-0.006000	0.004000	29995	30044	30077	24989	24997	25002
154	2.586027	0.030484	-0.050000	0.440000	0.770000	-0.012000	-0.002000	0.002000	29995	30044	30077	24994	24999	25001
155	2.586095	0.000068	-0.030000	0.520000	0.780000	-0.012000	-0.002000	0.002000	29997	30052	30078	24994	24999	25001
156	2.616936	0.030841	-0.030000	0.520000	0.780000	-0.014000	0.004000	0.004000	29997	30052	30078	24993	25002	25002
157	2.617007	0.000072	-0.010000	0.510000	1.060000	-0.014000	0.004000	0.004000	29999	30051	30106	24993	25002	25002
158	2.647616	0.030608	-0.010000	0.510000	1.060000	-0.014000	0.004000	0.004000	29999	30051	30106	24993	25002	25002
159	2.647690	0.000074	0.110000	0.330000	1.060000	-0.014000	0.004000	0.004000	30011	30033	30106	24993	25002	25002
160	2.679123	0.031434	0.110000	0.330000	1.060000	-0.014000	0.016000	0.004000	30011	30033	30106	24993	25008	25002
161	2.679235	0.000112	-0.080000	0.260000	1.020000	-0.014000	0.016000	0.004000	29992	30026	30102	24993	25008	25002
162	2.708098	0.028863	-0.080000	0.260000	1.020000	-0.026000	-0.004000	0.000000	29992	30026	30102	24987	24998	25000
163	2.708163	0.000065	-0.080000	0.260000	1.020000	-0.026000	-0.004000	0.000000	29992	30026	30102	24987	24998	25000
164	2.740285	0.032123	-0.080000	0.260000	1.020000	-0.026000	-0.004000	0.000000	29992	30026	30102	24987	24998	25000
165	2.740392	0.000106	0.030000	0.170000	1.000000	-0.026000	-0.004000	0.000000	30003	30017	30100	24987	24998	25000
166	2.772681	0.032289	0.030000	0.170000	1.000000	-0.012000	0.008000	0.002000	30003	30017	30100	24994	25004	25001
167	2.772740	0.000059	0.110000	0.280000	1.000000	-0.012000	0.008000	0.002000	30011	30028	30100	24994	25004	25001
168	2.832494	0.059754	0.110000	0.280000	1.000000	-0.016000	0.018000	0.000000	30011	30028	30100	24992	25009	25000
169	2.832552	0.000058	-0.010000	0.210000	1.000000	-0.016000	0.018000	0.000000	29999	30021	30100	24992	25009	25000
170	2.862718	0.030166	-0.010000	0.210000	1.000000	-0.008000	0.012000	0.002000	29999	30021	30100	24996	25006	25001
171	2.862823	0.000105	-0.330000	0.280000	1.030000	-0.008000	0.012000	0.002000	29967	30028	30103	24996	25006	25001
172	2.890682	0.027860	-0.330000	0.280000	1.030000	-0.014000	-0.012000	-0.006000	29967	30028	30103	24993	24994	24997
173	2.890745	0.000063	-0.230000	0.640000	1.040000	-0.014000	-0.012000	-0.006000	29977	30064	30104	24993	24994	24997
174	2.922819	0.032074	-0.230000	0.640000	1.040000	-0.034000	0.008000	-0.002000	29977	30064	30104	24983	25004	24999
175	2.922904	0.000086	0.010000	0.770000	1.040000	-0.034000	0.008000	-0.002000	30001	30077	30104	24983	25004	24999
176	2.956839	0.033935	0.010000	0.770000	1.040000	-0.050000	0.022000	-0.006000	30001	30077	30104	24975	25011	24997
177	2.956913	0.000074	0.160000	1.030000	0.460000	-0.050000	0.022000	-0.006000	30016	30103	30046	24975	25011	24997
178	2.988769	0.031856	0.160000	1.030000	0.460000	-0.066000	0.020000	0.000000	30016	30103	30046	24967	25010	25000
179	2.988843	0.000075	0.160000	1.030000	0.460000	-0.066000	0.020000	0.000000	30016	30103	30046	24967	25010	25000
180	3.044955	0.056112	0.160000	1.030000	0.460000	-0.066000	0.020000	0.000000	30016	30103	30046	24967	25010	25000
181	3.045025	0.000070	0.010000	0.840000	0.460000	-0.066000	0.020000	0.000000	30001	30084	30046	24967	25010	25000
182	3.076351	0.031327	0.010000	0.840000	0.460000	-0.048000	0.006000	0.004000	30001	30084	30046	24976	25003	25002
183	3.076420	0.000069	0.220000	0.440000	0.430000	-0.048000	0.006000	0.004000	30022	30044	30043	24976	25003	25002
184	3.106606	0.030185	0.220000	0.440000	0.430000	-0.018000	0.038000	0.006000	30022	30044	30043	24991	25019	25003
185	3.106826	0.000220	0.070000	0.310000	0.410000	-0.018000	0.038000	0.006000	30007	30031	30041	24991	25019	25003
186	3.139228	0.032402	0.070000	0.310000	0.410000	-0.020000	0.022000	0.004000	30007	30031	30041	24990	25011	25002
187	3.139337	0.000109	-0.010000	0.360000	0.410000	-0.020000	0.022000	0.004000	29999	30036	30041	24990	25011	25002
188	3.170560	0.031224	-0.010000	0.360000	0.410000	-0.020000	0.020000	0.004000	29999	30036	30041	24990	25010	25002
189	3.170679	0.000118	-0.210000	0.550000	0.720000	-0.020000	0.020000	0.004000	29979	30055	30072	24990	25010	25002
190	3.202921	0.032242	-0.210000	0.550000	0.720000	-0.036000	0.000000	0.002000	29979	30055	30072	24982	25000	25001
191	3.203094	0.000173	-0.160000	0.530000	0.720000	-0.036000	0.000000	0.002000	29984	30053	30072	24982	25000	25001
192	3.234661	0.031567	-0.160000	0.530000	0.720000	-0.032000	0.004000	0.000000	29984	30053	30072	24984	25002	25000
193	3.234749	0.000089	-0.520000	0.290000	0.740000	-0.032000	0.004000	0.000000	29948	30029	30074	24984	25002	25000
194	3.271126	0.036377	-0.520000	0.290000	0.740000	0.000000	-0.018000	0.010000	29948	30029	30074	25000	24991	25005
195	3.271222	0.000096	-0.520000	0.350000	-0.110000	0.000000	-0.018000	0.010000	29948	30035	29989	25000	24991	25005
196	3.300905	0.029683	-0.520000	0.350000	-0.110000	0.000000	-0.020000	0.010000	29948	30035	29989	25000	24990	25005
197	3.300999	0.000094	-0.480000	0.330000	-0.110000	0.000000	-0.020000	0.010000	29952	30033	29989	25000	24990	25005
198	3.333258	0.032259	-0.480000	0.330000	-0.110000	0.004000	-0.016000	0.010000	29952	30033	29989	25002	24992	25005
199	3.333343	0.000085	0.110000	0.630000	-0.100000	0.004000	-0.016000	0.010000	30011	30063	29990	25002	24992	25005
200	3.364104	0.030761	0.110000	0.630000	-0.100000	-0.034000	0.016000	0.002000	30011	30063	29990	24983	25008	25001
201	3.364190	0.000087	0.190000	0.690000	0.750000	-0.034000	0.016000	0.002000	30019	30069	30075	24983	25008	25001
202	3.396633	0.032442	0.190000	0.690000	0.750000	-0.048000	0.018000	0.004000	30019	30069	30075	24976	25009	25002
203	3.396695	0.000062	0.300000	0.580000	0.760000	-0.048000	0.018000	0.004000	30030	30058	30076	24976	25009	25002
204	3.427057	0.030363	0.300000	0.580000	0.760000	-0.032000	0.030000	0.002000	30030	30058	30076	24984	25015	25001
205	3.427146	0.000088	0.180000	0.880000	0.740000	-0.032000	0.030000	0.002000	30018	30088	30074	24984	25015	25001
206	3.456958	0.029812	0.180000	0.880000	0.740000	-0.042000	0.036000	0.002000	30018	30088	30074	24979	25018	25001
207	3.457026	0.000068	-0.090000	0.800000	1.040000	-0.042000	0.036000	0.002000	29991	30080	30104	24979	25018	25001
208	3.485295	0.028269	-0.090000	0.800000	1.040000	-0.030000	0.024000	-0.006000	29991	30080	30104	24985	25012	24997
209	3.485352	0.000057	-0.390000	0.980000	1.020000	-0.030000	0.024000	-0.006000	29961	30098	30102	24985	25012	24997
210	3.543661	0.058309	-0.390000	0.980000	1.020000	-0.066000	-0.002000	0.000000	29961	30098	30102	24967	24999	25000
211	3.543752	0.000091	-0.390000	0.570000	1.060000	-0.066000	-0.002000	0.000000	29961	30057	30106	24967	24999	25000
212	3.575929	0.032176	-0.390000	0.570000	1.060000	-0.042000	-0.016000	0.006000	29961	30057	30106	24979	24992	25003
213	3.576061	0.000133	-0.100000	0.450000	1.030000	-0.042000	-0.016000	0.006000	29990	30045	30103	24979	24992	25003
214	3.605002	0.028941	-0.100000	0.450000	1.030000	-0.032000	0.008000	0.014000	29990	30045	30103	24984	25004	25007
215	3.605070	0.000068	-0.030000	0.290000	1.030000	-0.032000	0.008000	0.014000	29997	30029	30103	24984	25004	25007
216	3.634088	0.029018	-0.030000	0.290000	1.030000	-0.016000	0.020000	0.012000	29997	30029	30103	24992	25010	25006
217	3.634157	0.000069	-0.530000	0.000000	0.960000	-0.016000	0.020000	0.012000	29947	30000	30096	24992	25010	25006
218	3.665258	0.031101	-0.530000	0.000000	0.960000	0.008000	-0.014000	0.002000	29947	30000	30096	25004	24993	25001
219	3.665332	0.000075	-0.500000	0.160000	0.100000	0.008000	-0.014000	0.002000	29950	30016	30010	25004	24993	25001
220	3.700151	0.034818	-0.500000	0.160000	0.100000	-0.008000	-0.020000	0.004000	29950	30016	30010	24996	24990	25002
221	3.700228	0.000077	-0.320000	0.160000	0.120000	-0.008000	-0.020000	0.004000	29968	30016	30012	24996	24990	25002
222	3.728076	0.027849	-0.320000	0.160000	0.120000	0.008000	-0.010000	0.002000	29968	30016	30012	25004	24995	25001
223	3.728143	0.000067	0.020000	0.250000	0.160000	0.008000	-0.010000	0.002000	30002	30025	30016	25004	24995	25001
224	3.758919	0.030776	0.020000	0.250000	0.160000	-0.006000	0.008000	0.006000	30002	30025	30016	24997	25004	25003
225	3.758995	0.000076	-0.210000	0.150000	1.600000	-0.006000	0.008000	0.006000	29979	30015	30160	24997	25004	25003
226	3.789665	0.030670	-0.210000	0.150000	1.600000	0.006000	-0.002000	-0.004000	29979	30015	30160	25003	24999	24998
227	3.789727	0.000062	-0.250000	0.170000	1.600000	0.006000	-0.002000	-0.004000	29975	30017	30160	25003	24999	24998
228	3.821297	0.031570	-0.250000	0.170000	1.600000	0.000000	-0.006000	-0.002000	29975	30017	30160	25000	24997	24999
229	3.821373	0.000075	-0.160000	0.460000	1.640000	0.000000	-0.006000	-0.002000	29984	30046	30164	25000	24997	24999
230	3.854343	0.032971	-0.160000	0.460000	1.640000	-0.010000	0.012000	0.008000	29984	30046	30164	24995	25006	25004
231	3.854420	0.000077	-0.070000	0.520000	1.070000	-0.010000	0.012000	0.008000	29993	30052	30107	24995	25006	25004
232	3.887250	0.032830	-0.070000	0.520000	1.070000	-0.016000	0.016000	0.012000	29993	30052	30107	24992	25008	25006
233	3.887404	0.000154	0.020000	0.480000	1.070000	-0.016000	0.016000	0.012000	30002	30048	30107	24992	25008	25006
234	3.924592	0.037189	0.020000	0.480000	1.070000	-0.008000	0.024000	0.010000	30002	30048	30107	24996	25012	25005
235	3.924649	0.000056	-0.180000	0.460000	1.070000	-0.008000	0.024000	0.010000	29982	30046	30107	24996	25012	25005
236	3.955495	0.030846	-0.180000	0.460000	1.070000	0.002000	0.014000	0.012000	29982	30046	30107	25001	25007	25006
237	3.955592	0.000098	-0.240000	0.530000	0.500000	0.002000	0.014000	0.012000	29976	30053	30050	25001	25007	25006
238	3.984377	0.028785	-0.240000	0.530000	0.500000	-0.002000	0.008000	0.012000	29976	30053	30050	24999	25004	25006
239	3.984446	0.000069	-0.100000	0.410000	0.490000	-0.002000	0.008000	0.012000	29990	30041	30049	24999	25004	25006
240	4.014128	0.029682	-0.100000	0.410000	0.490000	0.004000	0.022000	0.014000	29990	30041	30049	25002	25011	25007
241	4.014214	0.000086	-0.160000	0.510000	0.400000	0.004000	0.022000	0.014000	29984	30051	30040	25002	25011	25007
242	4.046759	0.032545	-0.160000	0.510000	0.400000	-0.042000	0.004000	-0.002000	29984	30051	30040	24979	25002	24999
243	4.046947	0.000188	-0.010000	0.400000	0.380000	-0.042000	0.004000	-0.002000	29999	30040	30038	24979	25002	24999
244	4.076045	0.029098	-0.010000	0.400000	0.380000	-0.030000	0.020000	0.002000	29999	30040	30038	24985	25010	25001
245	4.076131	0.000085	-0.080000	0.460000	0.390000	-0.030000	0.020000	0.002000	29992	30046	30039	24985	25010	25001
246	4.108653	0.032522	-0.080000	0.460000	0.390000	-0.032000	0.012000	0.000000	29992	30046	30039	24984	25006	25000
247	4.108724	0.000071	0.190000	0.500000	0.380000	-0.032000	0.012000	0.000000	30019	30050	30038	24984	25006	25000
248	4.138941	0.030216	0.190000	0.500000	0.380000	-0.042000	0.026000	-0.006000	30019	30050	30038	24979	25013	24997
249	4.139016	0.000076	0.110000	0.490000	0.970000	-0.042000	0.026000	-0.006000	30011	30049	30097	24979	25013	24997
250	4.167464	0.028448	0.110000	0.490000	0.970000	-0.046000	0.022000	-0.008000	30011	30049	30097	24977	25011	24996
251	4.167557	0.000093	-0.030000	0.540000	0.980000	-0.046000	0.022000	-0.008000	29997	30054	30098	24977	25011	24996
252	4.197244	0.029686	-0.030000	0.540000	0.980000	-0.046000	0.012000	-0.010000	29997	30054	30098	24977	25006	24995
253	4.197326	0.000082	0.220000	0.800000	1.050000	-0.046000	0.012000	-0.010000	30022	30080	30105	24977	25006	24995
254	4.228492	0.031166	0.220000	0.800000	1.050000	-0.050000	0.040000	0.004000	30022	30080	30105	24975	25020	25002
255	4.228551	0.000059	0.290000	0.770000	1.040000	-0.050000	0.040000	0.004000	30029	30077	30104	24975	25020	25002
256	4.256487	0.027935	0.290000	0.770000	1.040000	-0.046000	0.044000	0.004000	30029	30077	30104	24977	25022	25002
257	4.256546	0.000060	0.440000	0.890000	1.040000	-0.046000	0.044000	0.004000	30044	30089	30104	24977	25022	25002
258	4.284446	0.027900	0.440000	0.890000	1.040000	-0.060000	0.046000	0.008000	30044	30089	30104	24970	25023	25004
259	4.284511	0.000064	0.080000	0.750000	1.010000	-0.060000	0.046000	0.008000	30008	30075	30101	24970	25023	25004
260	4.313208	0.028697	0.080000	0.750000	1.010000	-0.054000	0.020000	0.010000	30008	30075	30101	24973	25010	25005
261	4.313287	0.000080	0.010000	0.780000	1.020000	-0.054000	0.020000	0.010000	30001	30078	30102	24973	25010	25005
262	4.342897	0.029610	0.010000	0.780000	1.020000	-0.060000	0.014000	0.008000	30001	30078	30102	24970	25007	25004
263	4.342967	0.000070	-0.060000	0.890000	0.750000	-0.060000	0.014000	0.008000	29994	30089	30075	24970	25007	25004
264	4.371456	0.028489	-0.060000	0.890000	0.750000	-0.064000	0.006000	0.010000	29994	30089	30075	24968	25003	25005
265	4.371527	0.000072	0.120000	0.570000	0.780000	-0.064000	0.006000	0.010000	30012	30057	30078	24968	25003	25005
266	4.402127	0.030599	0.120000	0.570000	0.780000	-0.024000	0.016000	0.008000	30012	30057	30078	24988	25008	25004
267	4.402195	0.000069	0.160000	0.450000	0.770000	-0.024000	0.016000	0.008000	30016	30045	30077	24988	25008	25004
268	4.430087	0.027892	0.160000	0.450000	0.770000	-0.016000	0.016000	0.008000	30016	30045	30077	24992	25008	25004
269	4.430151	0.000063	0.250000	0.270000	1.330000	-0.016000	0.016000	0.008000	30025	30027	30133	24992	25008	25004
270	4.456990	0.026839	0.250000	0.270000	1.330000	-0.002000	0.030000	0.008000	30025	30027	30133	24999	25015	25004
271	4.457051	0.000061	0.050000	0.730000	1.280000	-0.002000	0.030000	0.008000	30005	30073	30128	24999	25015	25004
272	4.489212	0.032161	0.050000	0.730000	1.280000	-0.056000	0.024000	0.010000	30005	30073	30128	24972	25012	25005
273	4.489303	0.000091	0.000000	0.570000	1.270000	-0.056000	0.024000	0.010000	30000	30057	30127	24972	25012	25005
274	4.518423	0.029120	0.000000	0.570000	1.270000	-0.050000	0.016000	0.006000	30000	30057	30127	24975	25008	25003
275	4.518502	0.000079	-0.050000	0.590000	0.980000	-0.050000	0.016000	0.006000	29995	30059	30098	24975	25008	25003
276	4.546961	0.028459	-0.050000	0.590000	0.980000	-0.050000	0.008000	0.002000	29995	30059	30098	24975	25004	25001
277	4.547028	0.000067	-0.150000	0.380000	0.990000	-0.050000	0.008000	0.002000	29985	30038	30099	24975	25004	25001
278	4.575955	0.028927	-0.150000	0.380000	0.990000	-0.028000	0.000000	0.006000	29985	30038	30099	24986	25000	25003
279	4.576058	0.000103	-0.330000	0.270000	0.480000	-0.028000	0.000000	0.006000	29967	30027	30048	24986	25000	25003
280	4.604919	0.028861	-0.220000	-0.110000	0.730000	-0.028000	0.000000	0.006000	29978	29989	30073	24986	25000	25003
281	4.630947	0.026027	-0.220000	-0.110000	0.730000	0.012000	-0.018000	0.000000	29978	29989	30073	25006	24991	25000
282	4.631024	0.000077	0.230000	0.360000	0.180000	0.012000	-0.018000	0.000000	30023	30036	30018	25006	24991	25000
283	4.657060	0.026036	0.230000	0.360000	0.180000	-0.014000	0.018000	0.010000	30023	30036	30018	24993	25009	25005
284	4.657114	0.000054	-0.140000	0.210000	0.450000	-0.014000	0.018000	0.010000	29986	30021	30045	24993	25009	25005
285	4.683641	0.026528	-0.140000	0.210000	0.450000	-0.014000	-0.006000	0.004000	29986	30021	30045	24993	24997	25002
286	4.683726	0.000085	-0.140000	0.210000	0.450000	-0.032000	0.010000	0.012000	29986	30021	30045	24984	25005	25006
287	4.683761	0.000035	0.140000	0.400000	1.040000	-0.032000	0.010000	0.012000	30014	30040	30104	24984	25005	25006
288	4.719710	0.035949	-0.050000	0.510000	0.990000	-0.032000	0.010000	0.012000	29995	30051	30099	24984	25005	25006
289	4.750047	0.030337	-0.050000	0.510000	0.990000	-0.032000	0.022000	0.006000	29995	30051	30099	24984	25011	25003
290	4.750124	0.000077	-0.160000	0.590000	0.780000	-0.032000	0.022000	0.006000	29984	30059	30078	24984	25011	25003
291	4.778263	0.028139	-0.160000	0.590000	0.780000	-0.036000	0.002000	0.008000	29984	30059	30078	24982	25001	25004
292	4.778348	0.000085	-0.550000	-0.150000	1.030000	-0.036000	0.002000	0.008000	29945	29985	30103	24982	25001	25004
293	4.809394	0.031046	-0.550000	-0.150000	1.030000	0.016000	-0.034000	0.008000	29945	29985	30103	25008	24983	25004
294	4.809573	0.000178	-0.290000	-0.220000	1.590000	0.016000	-0.034000	0.008000	29971	29978	30159	25008	24983	25004
295	4.848119	0.038546	-0.290000	-0.220000	1.590000	0.028000	-0.012000	0.004000	29971	29978	30159	25014	24994	25002
296	4.848258	0.000139	-0.350000	0.250000	0.440000	0.028000	-0.012000	0.004000	29965	30025	30044	25014	24994	25002
297	4.880881	0.032623	-0.350000	0.250000	0.440000	-0.010000	-0.010000	0.010000	29965	30025	30044	24995	24995	25005
298	4.880977	0.000097	0.130000	0.740000	0.730000	-0.010000	-0.010000	0.010000	30013	30074	30073	24995	24995	25005
299	4.913925	0.032948	-0.040000	1.130000	0.740000	-0.010000	-0.010000	0.010000	29996	30113	30074	24995	24995	25005
300	4.946236	0.032311	-0.100000	0.490000	1.370000	-0.010000	-0.010000	0.010000	29990	30049	30137	24995	24995	25005
301	4.976701	0.030465	-0.140000	0.690000	0.510000	-0.010000	-0.010000	0.010000	29986	30069	30051	24995	24995	25005
302	5.010085	0.033384	-0.230000	0.350000	0.210000	-0.010000	-0.010000	0.010000	29977	30035	30021	24995	24995	25005
303	5.037864	0.027779	-0.230000	0.350000	0.210000	-0.014000	-0.018000	0.002000	29977	30035	30021	24993	24991	25001
304	5.037927	0.000063	-0.220000	0.170000	1.060000	-0.014000	-0.018000	0.002000	29978	30017	30106	24993	24991	25001
305	5.067670	0.029743	-0.220000	0.170000	1.060000	0.004000	0.000000	0.022000	29978	30017	30106	25002	25000	25011
306	5.067781	0.000112	-0.220000	0.170000	1.060000	0.016000	-0.040000	0.004000	29978	30017	30106	25008	24980	25002
307	5.067833	0.000052	-0.360000	0.080000	0.430000	0.016000	-0.040000	0.004000	29964	30008	30043	25008	24980	25002
308	5.101923	0.034090	-0.050000	0.360000	0.770000	0.016000	-0.040000	0.004000	29995	30036	30077	25008	24980	25002
309	5.136451	0.034528	-0.050000	0.360000	0.770000	-0.026000	-0.008000	0.012000	29995	30036	30077	24987	24996	25006
310	5.136521	0.000070	-0.050000	0.360000	0.770000	-0.052000	0.020000	0.004000	29995	30036	30077	24974	25010	25002
311	5.136545	0.000024	0.130000	0.640000	0.730000	-0.052000	0.020000	0.004000	30013	30064	30073	24974	25010	25002
312	5.164798	0.028252	-0.370000	0.900000	0.450000	-0.052000	0.020000	0.004000	29963	30090	30045	24974	25010	25002
313	5.198340	0.033542	-0.370000	0.900000	0.450000	-0.032000	0.014000	0.002000	29963	30090	30045	24984	25007	25001
314	5.198466	0.000126	-0.350000	0.470000	0.440000	-0.032000	0.014000	0.002000	29965	30047	30044	24984	25007	25001
315	5.235926	0.037460	-0.350000	0.470000	0.440000	-0.016000	-0.002000	0.014000	29965	30047	30044	24992	24999	25007
316	5.236002	0.000076	-0.050000	0.480000	1.080000	-0.016000	-0.002000	0.014000	29995	30048	30108	24992	24999	25007
317	5.268829	0.032828	-0.050000	0.480000	1.080000	-0.016000	-0.004000	0.012000	29995	30048	30108	24992	24998	25006
318	5.268909	0.000080	-0.050000	0.480000	1.080000	-0.060000	0.018000	0.006000	29995	30048	30108	24970	25009	25003
319	5.268934	0.000024	0.140000	0.920000	0.160000	-0.060000	0.018000	0.006000	30014	30092	30016	24970	25009	25003
320	5.297286	0.028352	-0.170000	0.320000	0.460000	-0.060000	0.018000	0.006000	29983	30032	30046	24970	25009	25003
321	5.324796	0.027510	-0.140000	0.400000	0.470000	-0.060000	0.018000	0.006000	29986	30040	30047	24970	25009	25003
322	5.355990	0.031194	-0.870000	-0.100000	0.170000	-0.060000	0.018000	0.006000	29913	29990	30017	24970	25009	25003
323	5.387291	0.031301	-0.870000	-0.100000	0.170000	0.038000	-0.040000	0.008000	29913	29990	30017	25019	24980	25004
324	5.387366	0.000075	0.010000	1.050000	1.010000	0.038000	-0.040000	0.008000	30001	30105	30101	25019	24980	25004
325	5.413959	0.026593	0.010000	1.050000	1.010000	-0.064000	0.026000	0.000000	30001	30105	30101	24968	25013	25000
326	5.414025	0.000066	-0.590000	0.290000	0.730000	-0.064000	0.026000	0.000000	29941	30029	30073	24968	25013	25000
327	5.444646	0.030622	-0.590000	0.290000	0.730000	-0.012000	-0.028000	0.012000	29941	30029	30073	24994	24986	25006
328	5.444724	0.000078	0.020000	1.060000	1.330000	-0.012000	-0.028000	0.012000	30002	30106	30133	24994	24986	25006
329	5.477890	0.033166	0.020000	1.060000	1.330000	-0.056000	0.030000	-0.004000	30002	30106	30133	24972	25015	24998
330	5.477983	0.000093	0.020000	1.060000	1.330000	-0.026000	0.020000	0.016000	30002	30106	30133	24987	25010	25008
331	5.478010	0.000027	0.060000	0.600000	1.040000	-0.026000	0.020000	0.016000	30006	30060	30104	24987	25010	25008
332	5.509129	0.031119	0.060000	0.600000	1.040000	-0.040000	0.002000	-0.010000	30006	30060	30104	24980	25001	24995
333	5.509264	0.000135	-0.100000	0.620000	0.990000	-0.040000	0.002000	-0.010000	29990	30062	30099	24980	25001	24995
334	5.537116	0.027853	0.140000	0.360000	0.730000	-0.040000	0.002000	-0.010000	30014	30036	30073	24980	25001	24995
335	5.567672	0.030556	0.140000	0.360000	0.730000	-0.008000	0.034000	-0.002000	30014	30036	30073	24996	25017	24999
336	5.567736	0.000064	0.350000	0.360000	1.310000	-0.008000	0.034000	-0.002000	30035	30036	30131	24996	25017	24999
337	5.594936	0.027200	0.350000	0.360000	1.310000	-0.038000	0.010000	0.002000	30035	30036	30131	24981	25005	25001
338	5.595003	0.000067	-0.030000	0.370000	0.770000	-0.038000	0.010000	0.002000	29997	30037	30077	24981	25005	25001
339	5.622315	0.027312	-0.030000	0.370000	0.770000	0.004000	0.026000	0.002000	29997	30037	30077	25002	25013	25001
340	5.622408	0.000093	0.040000	0.680000	0.470000	0.004000	0.026000	0.002000	30004	30068	30047	25002	25013	25001
341	5.651082	0.028674	0.040000	0.680000	0.470000	-0.046000	0.022000	-0.006000	30004	30068	30047	24977	25011	24997
342	5.651184	0.000102	0.040000	0.680000	0.470000	0.010000	0.026000	0.014000	30004	30068	30047	25005	25013	25007
343	5.651213	0.000029	0.350000	0.940000	0.740000	0.010000	0.026000	0.014000	30035	30094	30074	25005	25013	25007
344	5.683055	0.031842	0.200000	0.420000	1.260000	0.010000	0.026000	0.014000	30020	30042	30126	25005	25013	25007
345	5.713066	0.030010	0.200000	0.420000	1.260000	-0.032000	0.018000	-0.010000	30020	30042	30126	24984	25009	24995
346	5.713147	0.000082	0.200000	0.420000	1.260000	-0.060000	0.040000	0.004000	30020	30042	30126	24970	25020	25002
347	5.713171	0.000024	0.200000	0.740000	1.000000	-0.060000	0.040000	0.004000	30020	30074	30100	24970	25020	25002
348	5.742141	0.028970	0.000000	0.180000	1.590000	-0.060000	0.040000	0.004000	30000	30018	30159	24970	25020	25002
349	5.785537	0.043396	0.000000	0.180000	1.590000	-0.060000	0.040000	0.004000	30000	30018	30159	24970	25020	25002
350	5.821077	0.035540	-0.170000	0.590000	1.030000	-0.060000	0.040000	0.004000	29983	30059	30103	24970	25020	25002
351	5.851045	0.029968	-0.170000	0.590000	1.030000	-0.040000	0.008000	0.000000	29983	30059	30103	24980	25004	25000
352	5.851203	0.000158	-0.230000	0.330000	0.720000	-0.040000	0.008000	0.000000	29977	30033	30072	24980	25004	25000
353	5.878779	0.027576	-0.230000	0.330000	0.720000	-0.020000	0.000000	-0.004000	29977	30033	30072	24990	25000	24998
354	5.878881	0.000102	-0.160000	0.370000	1.300000	-0.020000	0.000000	-0.004000	29984	30037	30130	24990	25000	24998
355	5.906972	0.028090	-0.160000	0.370000	1.300000	-0.030000	-0.018000	0.000000	29984	30037	30130	24985	24991	25000
356	5.907041	0.000070	-0.110000	0.000000	0.740000	-0.030000	-0.018000	0.000000	29989	30000	30074	24985	24991	25000
357	5.932938	0.025896	-0.110000	0.000000	0.740000	0.028000	-0.002000	0.014000	29989	30000	30074	25014	24999	25007
358	5.933028	0.000091	-0.030000	0.320000	0.450000	0.028000	-0.002000	0.014000	29997	30032	30045	25014	24999	25007
359	5.960871	0.027842	-0.030000	0.320000	0.450000	-0.028000	-0.008000	0.022000	29997	30032	30045	24986	24996	25011
360	5.960949	0.000078	-0.370000	0.500000	1.010000	-0.028000	-0.008000	0.022000	29963	30050	30101	24986	24996	25011
361	5.987927	0.026978	-0.370000	0.500000	1.010000	-0.006000	0.006000	0.004000	29963	30050	30101	24997	25003	25002
362	5.987980	0.000053	-0.020000	0.190000	1.600000	-0.006000	0.006000	0.004000	29998	30019	30160	24997	25003	25002
363	6.019006	0.031025	-0.020000	0.190000	1.600000	-0.020000	0.004000	0.006000	29998	30019	30160	24990	25002	25003
364	6.019085	0.000080	0.190000	0.220000	0.470000	-0.020000	0.004000	0.006000	30019	30022	30047	24990	25002	25003
365	6.051728	0.032643	0.190000	0.220000	0.470000	-0.008000	0.032000	0.016000	30019	30022	30047	24996	25016	25008
366	6.051814	0.000086	-0.160000	0.250000	1.020000	-0.008000	0.032000	0.016000	29984	30025	30102	24996	25016	25008
367	6.084414	0.032600	-0.160000	0.250000	1.020000	-0.006000	-0.004000	0.010000	29984	30025	30102	24997	24998	25005
368	6.084485	0.000071	0.190000	0.600000	0.760000	-0.006000	-0.004000	0.010000	30019	30060	30076	24997	24998	25005
369	6.115705	0.031220	0.190000	0.600000	0.760000	-0.026000	0.030000	0.014000	30019	30060	30076	24987	25015	25007
370	6.115786	0.000081	-0.260000	-0.090000	1.330000	-0.026000	0.030000	0.014000	29974	29991	30133	24987	25015	25007
371	6.149230	0.033444	-0.260000	-0.090000	1.330000	0.006000	-0.022000	0.020000	29974	29991	30133	25003	24989	25010
372	6.149310	0.000080	-0.020000	0.140000	1.000000	0.006000	-0.022000	0.020000	29998	30014	30100	25003	24989	25010
373	6.182096	0.032785	-0.020000	0.140000	1.000000	-0.008000	-0.004000	0.012000	29998	30014	30100	24996	24998	25006
374	6.182166	0.000070	-0.440000	-0.150000	0.150000	-0.008000	-0.004000	0.012000	29956	29985	30015	24996	24998	25006
375	6.210442	0.028276	-0.440000	-0.150000	0.150000	0.016000	-0.034000	0.002000	29956	29985	30015	25008	24983	25001
376	6.210522	0.000080	-0.390000	1.180000	1.050000	0.016000	-0.034000	0.002000	29961	30118	30105	25008	24983	25001
377	6.240474	0.029952	-0.390000	1.180000	1.050000	-0.076000	-0.016000	0.008000	29961	30118	30105	24962	24992	25004
378	6.240545	0.000071	0.040000	1.000000	0.730000	-0.076000	-0.016000	0.008000	30004	30100	30073	24962	24992	25004
379	6.266943	0.026398	0.040000	1.000000	0.730000	-0.068000	0.024000	0.002000	30004	30100	30073	24966	25012	25001
380	6.267012	0.000069	-0.310000	0.000000	1.030000	-0.068000	0.024000	0.002000	29969	30000	30103	24966	25012	25001
381	6.296880	0.029868	-0.310000	0.000000	1.030000	0.020000	-0.012000	0.004000	29969	30000	30103	25010	24994	25002
382	6.296951	0.000072	-0.140000	-0.220000	0.160000	0.020000	-0.012000	0.004000	29986	29978	30016	25010	24994	25002
383	6.326720	0.029769	-0.140000	-0.220000	0.160000	0.034000	-0.004000	0.006000	29986	29978	30016	25017	24998	25003
384	6.326817	0.000097	0.490000	0.760000	1.320000	0.034000	-0.004000	0.006000	30049	30076	30132	25017	24998	25003
385	6.359364	0.032547	0.490000	0.760000	1.320000	-0.062000	0.040000	0.016000	30049	30076	30132	24969	25020	25008
386	6.359510	0.000146	0.090000	1.100000	0.730000	-0.062000	0.040000	0.016000	30009	30110	30073	24969	25020	25008
387	6.387392	0.027882	0.090000	1.100000	0.730000	-0.070000	0.046000	-0.004000	30009	30110	30073	24965	25023	24998
388	6.387475	0.000083	-0.420000	0.510000	1.030000	-0.070000	0.046000	-0.004000	29958	30051	30103	24965	25023	24998
389	6.416946	0.029471	-0.420000	0.510000	1.030000	-0.012000	0.000000	0.010000	29958	30051	30103	24994	25000	25005
390	6.417026	0.000079	-0.420000	0.510000	1.030000	-0.042000	0.006000	0.010000	29958	30051	30103	24979	25003	25005
391	6.417054	0.000028	-0.130000	0.550000	1.020000	-0.042000	0.006000	0.010000	29987	30055	30102	24979	25003	25005
392	6.447642	0.030588	0.350000	0.930000	0.460000	-0.042000	0.006000	0.010000	30035	30093	30046	24979	25003	25005
393	6.484894	0.037252	0.350000	0.930000	0.460000	-0.052000	0.038000	-0.006000	30035	30093	30046	24974	25019	24997
394	6.485041	0.000147	0.350000	0.930000	0.460000	-0.020000	0.008000	-0.012000	30035	30093	30046	24990	25004	24994
395	6.485088	0.000047	0.280000	0.510000	0.470000	-0.020000	0.008000	-0.012000	30028	30051	30047	24990	25004	24994
396	6.516637	0.031549	0.270000	0.570000	1.330000	-0.020000	0.008000	-0.012000	30027	30057	30133	24990	25004	24994
397	6.547260	0.030623	0.270000	0.570000	1.330000	-0.014000	0.042000	-0.002000	30027	30057	30133	24993	25021	24999
398	6.547358	0.000098	0.240000	0.810000	0.720000	-0.014000	0.042000	-0.002000	30024	30081	30072	24993	25021	24999
399	6.582514	0.035156	0.240000	0.810000	0.720000	-0.078000	0.012000	0.012000	30024	30081	30072	24961	25006	25006
400	6.582593	0.000079	-0.440000	-0.190000	0.450000	-0.078000	0.012000	0.012000	29956	29981	30045	24961	25006	25006
401	6.612218	0.029625	-0.440000	-0.190000	0.450000	-0.002000	-0.042000	0.004000	29956	29981	30045	24999	24979	25002
402	6.612306	0.000088	-0.080000	0.080000	1.050000	-0.002000	-0.042000	0.004000	29992	30008	30105	24999	24979	25002
403	6.642755	0.030449	-0.080000	0.080000	1.050000	-0.020000	-0.024000	0.004000	29992	30008	30105	24990	24988	25002
404	6.642856	0.000101	-0.320000	0.130000	1.020000	-0.020000	-0.024000	0.004000	29968	30013	30102	24990	24988	25002
405	6.672385	0.029529	-0.320000	0.130000	1.020000	0.000000	-0.012000	0.010000	29968	30013	30102	25000	24994	25005
406	6.672454	0.000069	0.340000	0.800000	1.540000	0.000000	-0.012000	0.010000	30034	30080	30154	25000	24994	25005
407	6.702022	0.029568	0.340000	0.800000	1.540000	-0.070000	0.038000	0.010000	30034	30080	30154	24965	25019	25005
408	6.702104	0.000081	0.450000	0.960000	0.390000	-0.070000	0.038000	0.010000	30045	30096	30039	24965	25019	25005
409	6.730824	0.028721	0.450000	0.960000	0.390000	-0.058000	0.066000	-0.006000	30045	30096	30039	24971	25033	24997
410	6.730900	0.000076	0.040000	0.430000	1.270000	-0.058000	0.066000	-0.006000	30004	30043	30127	24971	25033	24997
411	6.760752	0.029852	-0.080000	0.060000	1.050000	-0.058000	0.066000	-0.006000	29992	30006	30105	24971	25033	24997
412	6.790513	0.029761	0.300000	0.200000	1.000000	-0.058000	0.066000	-0.006000	30030	30020	30100	24971	25033	24997
413	6.821145	0.030632	0.300000	0.200000	1.000000	-0.014000	0.030000	-0.006000	30030	30020	30100	24993	25015	24997
414	6.821226	0.000082	-0.550000	0.390000	0.710000	-0.014000	0.030000	-0.006000	29945	30039	30071	24993	25015	24997
415	6.854009	0.032782	-0.550000	0.390000	0.710000	0.008000	-0.002000	0.000000	29945	30039	30071	25004	24999	25000
416	6.854086	0.000077	-0.200000	0.790000	1.060000	0.008000	-0.002000	0.000000	29980	30079	30106	25004	24999	25000
417	6.887141	0.033056	-0.200000	0.790000	1.060000	0.008000	-0.002000	0.000000	29980	30079	30106	25004	24999	25000
418	6.926082	0.038941	-0.350000	0.570000	-0.080000	0.008000	-0.002000	0.000000	29965	30057	29992	25004	24999	25000
419	6.956528	0.030446	-0.350000	0.570000	-0.080000	-0.042000	-0.022000	0.004000	29965	30057	29992	24979	24989	25002
420	6.956588	0.000060	-0.650000	0.380000	0.480000	-0.042000	-0.022000	0.004000	29935	30038	30048	24979	24989	25002
421	6.986732	0.030144	-0.650000	0.380000	0.480000	0.000000	-0.020000	0.020000	29935	30038	30048	25000	24990	25010
422	6.986887	0.000155	0.240000	0.300000	0.780000	0.000000	-0.020000	0.020000	30024	30030	30078	25000	24990	25010
423	7.019021	0.032135	0.240000	0.300000	0.780000	-0.018000	0.016000	0.008000	30024	30030	30078	24991	25008	25004
424	7.019095	0.000074	0.160000	0.600000	1.260000	-0.018000	0.016000	0.008000	30016	30060	30126	24991	25008	25004
425	7.050853	0.031758	0.160000	0.600000	1.260000	-0.048000	0.018000	0.000000	30016	30060	30126	24976	25009	25000
426	7.050938	0.000085	-0.030000	0.350000	0.750000	-0.048000	0.018000	0.000000	29997	30035	30075	24976	25009	25000
427	7.083577	0.032639	-0.030000	0.350000	0.750000	-0.010000	0.020000	0.006000	29997	30035	30075	24995	25010	25003
428	7.083656	0.000079	0.120000	0.640000	0.690000	-0.010000	0.020000	0.006000	30012	30064	30069	24995	25010	25003
429	7.114967	0.031311	0.120000	0.640000	0.690000	-0.058000	0.016000	-0.006000	30012	30064	30069	24971	25008	24997
430	7.115057	0.000089	0.190000	0.740000	1.000000	-0.058000	0.016000	-0.006000	30019	30074	30100	24971	25008	24997
431	7.144220	0.029164	0.190000	0.740000	1.000000	-0.038000	0.028000	-0.006000	30019	30074	30100	24981	25014	24997
432	7.144283	0.000063	0.190000	0.740000	1.000000	-0.052000	0.012000	0.004000	30019	30074	30100	24974	25006	25002
433	7.144313	0.000030	-0.070000	0.880000	0.700000	-0.052000	0.012000	0.004000	29993	30088	30070	24974	25006	25002
434	7.206167	0.061854	0.200000	0.140000	1.850000	-0.052000	0.012000	0.004000	30020	30014	30185	24974	25006	25002
435	7.233346	0.027179	0.270000	0.780000	0.440000	-0.052000	0.012000	0.004000	30027	30078	30044	24974	25006	25002
436	7.262734	0.029387	-0.520000	0.080000	0.740000	-0.052000	0.012000	0.004000	29948	30008	30074	24974	25006	25002
437	7.295010	0.032277	-0.520000	0.080000	0.740000	0.032000	-0.008000	0.002000	29948	30008	30074	25016	24996	25001
438	7.295078	0.000067	-0.400000	0.470000	0.420000	0.032000	-0.008000	0.002000	29960	30047	30042	25016	24996	25001
439	7.322920	0.027843	-0.400000	0.470000	0.420000	-0.026000	-0.014000	0.010000	29960	30047	30042	24987	24993	25005
440	7.323001	0.000081	0.160000	0.800000	0.710000	-0.026000	-0.014000	0.010000	30016	30080	30071	24987	24993	25005
441	7.357820	0.034819	0.160000	0.800000	0.710000	-0.048000	0.024000	-0.010000	30016	30080	30071	24976	25012	24995
442	7.357947	0.000126	0.080000	0.910000	0.700000	-0.048000	0.024000	-0.010000	30008	30091	30070	24976	25012	24995
443	7.391342	0.033396	0.080000	0.910000	0.700000	-0.070000	0.022000	-0.002000	30008	30091	30070	24965	25011	24999
444	7.391422	0.000080	-0.230000	0.770000	0.430000	-0.070000	0.022000	-0.002000	29977	30077	30043	24965	25011	24999
445	7.425450	0.034028	-0.230000	0.770000	0.430000	-0.058000	-0.024000	0.002000	29977	30077	30043	24971	24988	25001
446	7.425615	0.000165	-0.360000	-0.100000	1.000000	-0.058000	-0.024000	0.002000	29964	29990	30100	24971	24988	25001
447	7.454094	0.028480	-0.360000	-0.100000	1.000000	0.024000	-0.002000	0.012000	29964	29990	30100	25012	24999	25006
448	7.454160	0.000066	-0.110000	0.180000	0.740000	0.024000	-0.002000	0.012000	29989	30018	30074	25012	24999	25006
449	7.482441	0.028280	-0.110000	0.180000	0.740000	-0.012000	-0.020000	-0.008000	29989	30018	30074	24994	24990	24996
450	7.482519	0.000078	-0.450000	0.430000	0.500000	-0.012000	-0.020000	-0.008000	29955	30043	30050	24994	24990	24996
451	7.515076	0.032557	-0.450000	0.430000	0.500000	-0.010000	-0.024000	0.008000	29955	30043	30050	24995	24988	25004
452	7.515149	0.000073	-0.260000	0.710000	1.030000	-0.010000	-0.024000	0.008000	29974	30071	30103	24995	24988	25004
453	7.544987	0.029838	-0.260000	0.710000	1.030000	-0.038000	0.010000	0.014000	29974	30071	30103	24981	25005	25007
454	7.545063	0.000075	-0.270000	0.460000	0.480000	-0.038000	0.010000	0.014000	29973	30046	30048	24981	25005	25007
455	7.573412	0.028350	-0.270000	0.460000	0.480000	-0.014000	-0.006000	0.010000	29973	30046	30048	24993	24997	25005
456	7.573477	0.000064	0.030000	0.230000	0.990000	-0.014000	-0.006000	0.010000	30003	30023	30099	24993	24997	25005
457	7.600949	0.027472	0.030000	0.230000	0.990000	-0.024000	0.012000	0.008000	30003	30023	30099	24988	25006	25004
458	7.601048	0.000099	0.030000	0.230000	0.990000	-0.012000	-0.046000	0.008000	30003	30023	30099	24994	24977	25004
459	7.601091	0.000044	-0.700000	0.180000	1.300000	-0.012000	-0.046000	0.008000	29930	30018	30130	24994	24977	25004
460	7.645318	0.044226	-0.110000	0.440000	0.450000	-0.012000	-0.046000	0.008000	29989	30044	30045	24994	24977	25004
461	7.683295	0.037978	-0.110000	0.440000	0.450000	-0.022000	0.010000	0.004000	29989	30044	30045	24989	25005	25002
462	7.683386	0.000090	-0.320000	0.640000	1.270000	-0.022000	0.010000	0.004000	29968	30064	30127	24989	25005	25002
463	7.711261	0.027875	-0.320000	0.640000	1.270000	-0.050000	-0.016000	0.008000	29968	30064	30127	24975	24992	25004
464	7.711334	0.000073	-0.120000	0.190000	0.440000	-0.050000	-0.016000	0.008000	29988	30019	30044	24975	24992	25004
465	7.737668	0.026334	-0.120000	0.190000	0.440000	0.004000	0.006000	-0.002000	29988	30019	30044	25002	25003	24999
466	7.737735	0.000067	-0.160000	0.180000	0.460000	0.004000	0.006000	-0.002000	29984	30018	30046	25002	25003	24999
467	7.763778	0.026043	-0.160000	0.180000	0.460000	-0.012000	0.006000	0.012000	29984	30018	30046	24994	25003	25006
468	7.763845	0.000067	-0.140000	0.300000	1.320000	-0.012000	0.006000	0.012000	29986	30030	30132	24994	25003	25006
469	7.794446	0.030601	-0.450000	0.430000	0.750000	-0.012000	0.006000	0.012000	29955	30043	30075	24994	25003	25006
470	7.846727	0.052280	0.260000	0.580000	1.030000	-0.012000	0.006000	0.012000	30026	30058	30103	24994	25003	25006
471	7.874245	0.027518	0.260000	0.580000	1.030000	-0.036000	0.026000	0.012000	30026	30058	30103	24982	25013	25006
472	7.874319	0.000074	0.250000	1.400000	0.730000	-0.036000	0.026000	0.012000	30025	30140	30073	24982	25013	25006
473	7.904087	0.029769	0.250000	1.400000	0.730000	-0.096000	0.046000	0.004000	30025	30140	30073	24952	25023	25002
474	7.904160	0.000073	0.660000	0.530000	1.580000	-0.096000	0.046000	0.004000	30066	30053	30158	24952	25023	25002
475	7.933458	0.029298	0.560000	0.620000	1.590000	-0.096000	0.046000	0.004000	30056	30062	30159	24952	25023	25002
476	7.961110	0.027652	-0.170000	0.330000	1.300000	-0.096000	0.046000	0.004000	29983	30033	30130	24952	25023	25002
477	7.994328	0.033217	-0.170000	0.330000	1.300000	-0.042000	-0.008000	0.000000	29983	30033	30130	24979	24996	25000
478	7.994415	0.000087	0.520000	0.330000	1.310000	-0.042000	-0.008000	0.000000	30052	30033	30131	24979	24996	25000
479	8.028697	0.034282	0.520000	0.330000	1.310000	-0.026000	0.042000	0.006000	30052	30033	30131	24987	25021	25003
480	8.028773	0.000076	0.460000	1.040000	1.850000	-0.026000	0.042000	0.006000	30046	30104	30185	24987	25021	25003
481	8.057929	0.029156	0.460000	1.040000	1.850000	-0.090000	0.040000	0.008000	30046	30104	30185	24955	25020	25004
482	8.058013	0.000084	-0.310000	0.660000	0.710000	-0.090000	0.040000	0.008000	29969	30066	30071	24955	25020	25004
483	8.087822	0.029808	-0.310000	0.660000	0.710000	-0.042000	-0.002000	0.010000	29969	30066	30071	24979	24999	25005
484	8.087911	0.000089	-0.310000	0.660000	0.710000	-0.002000	0.006000	0.004000	29969	30066	30071	24999	25003	25002
485	8.087950	0.000039	-0.090000	0.440000	0.790000	-0.002000	0.006000	0.004000	29991	30044	30079	24999	25003	25002
486	8.121000	0.033050	0.060000	0.640000	0.730000	-0.002000	0.006000	0.004000	30006	30064	30073	24999	25003	25002
487	8.151165	0.030165	0.060000	0.640000	0.730000	-0.056000	0.008000	0.014000	30006	30064	30073	24972	25004	25007
488	8.151257	0.000092	0.180000	0.440000	0.450000	-0.056000	0.008000	0.014000	30018	30044	30045	24972	25004	25007
489	8.180912	0.029655	0.180000	0.440000	0.450000	-0.022000	0.026000	0.008000	30018	30044	30045	24989	25013	25004
490	8.180988	0.000076	-0.260000	0.100000	1.280000	-0.022000	0.026000	0.008000	29974	30010	30128	24989	25013	25004
491	8.209876	0.028888	-0.260000	0.290000	1.290000	-0.022000	0.026000	0.008000	29974	30029	30129	24989	25013	25004
492	8.243846	0.033970	0.280000	0.200000	0.480000	-0.022000	0.026000	0.008000	30028	30020	30048	24989	25013	25004
493	8.273759	0.029913	0.280000	0.200000	0.480000	-0.008000	0.016000	0.018000	30028	30020	30048	24996	25008	25009
494	8.273847	0.000088	-0.130000	0.190000	1.600000	-0.008000	0.016000	0.018000	29987	30019	30160	24996	25008	25009
495	8.304845	0.030998	-0.130000	0.190000	1.600000	-0.018000	-0.024000	0.008000	29987	30019	30160	24991	24988	25004
496	8.304928	0.000083	0.270000	1.120000	0.730000	-0.018000	-0.024000	0.008000	30027	30112	30073	24991	24988	25004
497	8.332896	0.027969	0.270000	1.120000	0.730000	-0.070000	0.030000	0.020000	30027	30112	30073	24965	25015	25010
498	8.332962	0.000066	0.080000	0.120000	1.050000	-0.070000	0.030000	0.020000	30008	30012	30105	24965	25015	25010
499	8.361033	0.028071	0.080000	0.120000	1.050000	-0.010000	0.018000	0.014000	30008	30012	30105	24995	25009	25007
500	8.361111	0.000077	-0.060000	0.930000	0.770000	-0.010000	0.018000	0.014000	29994	30093	30077	24995	25009	25007
501	8.393718	0.032607	-0.060000	0.930000	0.770000	-0.082000	0.010000	-0.002000	29994	30093	30077	24959	25005	24999
502	8.393790	0.000072	-0.060000	0.930000	0.770000	-0.004000	0.000000	0.012000	29994	30093	30077	24998	25000	25006
503	8.393808	0.000018	-0.130000	0.210000	0.720000	-0.004000	0.000000	0.012000	29987	30021	30072	24998	25000	25006
504	8.423523	0.029715	0.320000	0.640000	1.300000	-0.004000	0.000000	0.012000	30032	30064	30130	24998	25000	25006
505	8.450812	0.027289	0.320000	0.640000	1.300000	-0.044000	0.022000	0.000000	30032	30064	30130	24978	25011	25000
506	8.450918	0.000106	0.360000	0.770000	1.830000	-0.044000	0.022000	0.000000	30036	30077	30183	24978	25011	25000
507	8.477769	0.026850	0.360000	0.770000	1.830000	-0.084000	0.036000	0.014000	30036	30077	30183	24958	25018	25007
508	8.477831	0.000062	0.050000	0.520000	1.300000	-0.084000	0.036000	0.014000	30005	30052	30130	24958	25018	25007
509	8.509008	0.031177	0.050000	0.520000	1.300000	-0.010000	0.030000	0.018000	30005	30052	30130	24995	25015	25009
510	8.509085	0.000077	0.150000	0.160000	0.460000	-0.010000	0.030000	0.018000	30015	30016	30046	24995	25015	25009
511	8.536001	0.026916	0.150000	0.160000	0.460000	-0.002000	0.012000	-0.002000	30015	30016	30046	24999	25006	24999
512	8.536100	0.000099	-0.030000	1.130000	0.740000	-0.002000	0.012000	-0.002000	29997	30113	30074	24999	25006	24999
513	8.566990	0.030890	-0.030000	1.130000	0.740000	-0.082000	0.032000	0.002000	29997	30113	30074	24959	25016	25001
514	8.567070	0.000080	0.410000	0.510000	1.000000	-0.082000	0.032000	0.002000	30041	30051	30100	24959	25016	25001
515	8.594180	0.027110	0.410000	0.510000	1.000000	-0.054000	0.034000	0.016000	30041	30051	30100	24973	25017	25008
516	8.594249	0.000069	0.480000	0.740000	0.750000	-0.054000	0.034000	0.016000	30048	30074	30075	24973	25017	25008
517	8.625084	0.030836	0.480000	0.740000	0.750000	-0.048000	0.050000	0.008000	30048	30074	30075	24976	25025	25004
518	8.625155	0.000071	-0.470000	0.060000	1.560000	-0.048000	0.050000	0.008000	29953	30006	30156	24976	25025	25004
519	8.651685	0.026530	-0.470000	0.060000	1.560000	0.004000	-0.018000	-0.010000	29953	30006	30156	25002	24991	24995
520	8.651753	0.000068	0.430000	0.950000	1.280000	0.004000	-0.018000	-0.010000	30043	30095	30128	25002	24991	24995
521	8.683422	0.031669	0.430000	0.950000	1.280000	-0.076000	0.048000	0.018000	30043	30095	30128	24962	25024	25009
522	8.683502	0.000080	0.280000	0.190000	1.870000	-0.076000	0.048000	0.018000	30028	30019	30187	24962	25024	25009
523	8.715521	0.032019	0.280000	0.190000	1.870000	-0.008000	0.034000	0.000000	30028	30019	30187	24996	25017	25000
524	8.715589	0.000068	0.310000	0.630000	0.730000	-0.008000	0.034000	0.000000	30031	30063	30073	24996	25017	25000
525	8.741970	0.026381	0.310000	0.630000	0.730000	-0.032000	0.040000	0.018000	30031	30063	30073	24984	25020	25009
526	8.742027	0.000056	0.310000	0.630000	0.730000	-0.016000	-0.004000	0.008000	30031	30063	30073	24992	24998	25004
527	8.742044	0.000017	-0.080000	0.230000	0.740000	-0.016000	-0.004000	0.008000	29992	30023	30074	24992	24998	25004
528	8.771089	0.029045	0.060000	-0.180000	1.590000	-0.016000	-0.004000	0.008000	30006	29982	30159	24992	24998	25004
529	8.802165	0.031076	0.060000	-0.180000	1.590000	0.018000	0.008000	0.004000	30006	29982	30159	25009	25004	25002
530	8.802228	0.000063	-0.020000	0.350000	0.440000	0.018000	0.008000	0.004000	29998	30035	30044	25009	25004	25002
531	8.829081	0.026854	-0.020000	0.350000	0.440000	-0.022000	0.010000	0.006000	29998	30035	30044	24989	25005	25003
532	8.829144	0.000063	0.210000	0.540000	0.460000	-0.022000	0.010000	0.006000	30021	30054	30046	24989	25005	25003
533	8.859136	0.029992	0.210000	0.540000	0.460000	-0.032000	0.026000	0.004000	30021	30054	30046	24984	25013	25002
534	8.859215	0.000079	-0.160000	0.450000	1.260000	-0.032000	0.026000	0.004000	29984	30045	30126	24984	25013	25002
535	8.894012	0.034797	-0.160000	0.450000	1.260000	-0.048000	-0.008000	0.004000	29984	30045	30126	24976	24996	25002
536	8.894077	0.000065	-0.330000	0.510000	0.110000	-0.048000	-0.008000	0.004000	29967	30051	30011	24976	24996	25002
537	8.922400	0.028323	-0.330000	0.510000	0.110000	-0.044000	-0.026000	0.002000	29967	30051	30011	24978	24987	25001
538	8.922467	0.000067	0.210000	0.090000	1.300000	-0.044000	-0.026000	0.002000	30021	30009	30130	24978	24987	25001
539	8.952551	0.030084	0.210000	0.090000	1.300000	-0.008000	0.016000	0.000000	30021	30009	30130	24996	25008	25000
540	8.952692	0.000141	0.210000	0.090000	1.300000	-0.022000	0.036000	-0.002000	30021	30009	30130	24989	25018	24999
541	8.952745	0.000052	-0.030000	0.680000	0.700000	-0.022000	0.036000	-0.002000	29997	30068	30070	24989	25018	24999
542	8.982540	0.029795	0.110000	0.090000	0.700000	-0.022000	0.036000	-0.002000	30011	30009	30070	24989	25018	24999
543	9.010662	0.028122	0.110000	0.090000	0.700000	-0.008000	0.012000	0.004000	30011	30009	30070	24996	25006	25002
544	9.010741	0.000079	-0.330000	0.190000	0.510000	-0.008000	0.012000	0.004000	29967	30019	30051	24996	25006	25002
545	9.041484	0.030743	-0.330000	0.190000	0.510000	0.020000	-0.002000	0.010000	29967	30019	30051	25010	24999	25005
546	9.041591	0.000107	-0.220000	0.470000	0.190000	0.020000	-0.002000	0.010000	29978	30047	30019	25010	24999	25005
547	9.072043	0.030452	-0.220000	0.470000	0.190000	-0.026000	0.002000	0.014000	29978	30047	30019	24987	25001	25007
548	9.072143	0.000100	-0.490000	0.300000	1.030000	-0.026000	0.002000	0.014000	29951	30030	30103	24987	25001	25007
549	9.101075	0.028933	-0.490000	0.300000	1.030000	-0.006000	-0.014000	0.004000	29951	30030	30103	24997	24993	25002
550	9.101150	0.000075	-0.020000	0.380000	1.560000	-0.006000	-0.014000	0.004000	29998	30038	30156	24997	24993	25002
551	9.131937	0.030787	-0.020000	0.380000	1.560000	-0.010000	0.032000	0.002000	29998	30038	30156	24995	25016	25001
552	9.132027	0.000091	0.080000	0.480000	1.050000	-0.010000	0.032000	0.002000	30008	30048	30105	24995	25016	25001
553	9.166046	0.034019	0.080000	0.480000	1.050000	-0.040000	0.008000	0.000000	30008	30048	30105	24980	25004	25000
554	9.166132	0.000086	0.080000	0.480000	1.050000	-0.016000	0.006000	-0.004000	30008	30048	30105	24992	25003	24998
555	9.166165	0.000032	-0.020000	0.420000	1.290000	-0.016000	0.006000	-0.004000	29998	30042	30129	24992	25003	24998
556	9.204903	0.038739	-0.020000	0.420000	1.290000	-0.010000	0.032000	0.006000	29998	30042	30129	24995	25016	25003
557	9.204995	0.000092	0.370000	0.260000	1.230000	-0.010000	0.032000	0.006000	30037	30026	30123	24995	25016	25003
558	9.236053	0.031058	0.370000	0.260000	1.230000	-0.046000	0.020000	0.004000	30037	30026	30123	24977	25010	25002
559	9.236126	0.000073	0.370000	0.260000	1.230000	-0.054000	-0.002000	-0.016000	30037	30026	30123	24973	24999	24992
560	9.236144	0.000017	-0.270000	0.350000	0.430000	-0.054000	-0.002000	-0.016000	29973	30035	30043	24973	24999	24992
561	9.265036	0.028892	-0.350000	0.490000	0.440000	-0.054000	-0.002000	-0.016000	29965	30049	30044	24973	24999	24992
562	9.294344	0.029308	-0.350000	0.490000	0.440000	-0.028000	-0.012000	0.008000	29965	30049	30044	24986	24994	25004
563	9.294417	0.000073	-0.520000	0.370000	0.720000	-0.028000	-0.012000	0.008000	29948	30037	30072	24986	24994	25004
564	9.323331	0.028914	-0.520000	0.370000	0.720000	-0.016000	-0.004000	0.006000	29948	30037	30072	24992	24998	25003
565	9.323405	0.000074	-0.300000	0.440000	1.280000	-0.016000	-0.004000	0.006000	29970	30044	30128	24992	24998	25003
566	9.350545	0.027140	-0.170000	0.610000	0.410000	-0.016000	-0.004000	0.006000	29983	30061	30041	24992	24998	25003
567	9.379652	0.029107	0.080000	0.310000	1.600000	-0.016000	-0.004000	0.006000	30008	30031	30160	24992	24998	25003
568	9.412918	0.033266	0.080000	0.310000	1.600000	-0.006000	0.032000	0.002000	30008	30031	30160	24997	25016	25001
569	9.413016	0.000098	-0.190000	1.000000	0.160000	-0.006000	0.032000	0.002000	29981	30100	30016	24997	25016	25001
570	9.443764	0.030749	-0.190000	1.000000	0.160000	-0.054000	0.012000	0.016000	29981	30100	30016	24973	25006	25008
571	9.443830	0.000066	-0.050000	0.560000	1.320000	-0.054000	0.012000	0.016000	29995	30056	30132	24973	25006	25008
572	9.471644	0.027814	-0.050000	0.560000	1.320000	-0.036000	0.012000	0.006000	29995	30056	30132	24982	25006	25003
573	9.471798	0.000154	0.200000	0.220000	1.600000	-0.036000	0.012000	0.006000	30020	30022	30160	24982	25006	25003
574	9.502286	0.030487	0.200000	0.220000	1.600000	-0.010000	0.028000	-0.002000	30020	30022	30160	24995	25014	24999
575	9.502429	0.000143	0.200000	0.220000	1.600000	-0.010000	0.026000	0.004000	30020	30022	30160	24995	25013	25002
576	9.502523	0.000094	-0.200000	0.640000	0.420000	-0.010000	0.026000	0.004000	29980	30064	30042	24995	25013	25002
577	9.531452	0.028929	-0.200000	0.640000	0.420000	-0.004000	0.022000	0.000000	29980	30064	30042	24998	25011	25000
578	9.531510	0.000058	0.090000	0.390000	0.990000	-0.004000	0.022000	0.000000	30009	30039	30099	24998	25011	25000
579	9.558983	0.027473	0.110000	0.530000	0.480000	-0.004000	0.022000	0.000000	30011	30053	30048	24998	25011	25000
580	9.586512	0.027528	-0.240000	0.630000	0.990000	-0.004000	0.022000	0.000000	29976	30063	30099	24998	25011	25000
581	9.612989	0.026477	-0.240000	0.630000	0.990000	-0.018000	-0.052000	0.006000	29976	30063	30099	24991	24974	25003
582	9.613062	0.000073	-0.340000	0.630000	1.340000	-0.018000	-0.052000	0.006000	29966	30063	30134	24991	24974	25003
583	9.644521	0.031459	-0.270000	0.100000	0.720000	-0.018000	-0.052000	0.006000	29973	30010	30072	24991	24974	25003
584	9.672192	0.027672	-0.270000	0.100000	0.720000	-0.002000	-0.010000	-0.012000	29973	30010	30072	24999	24995	24994
585	9.672260	0.000068	-0.280000	0.180000	0.720000	-0.002000	-0.010000	-0.012000	29972	30018	30072	24999	24995	24994
586	9.700247	0.027987	-0.280000	0.180000	0.720000	-0.046000	-0.012000	0.008000	29972	30018	30072	24977	24994	25004
587	9.700323	0.000076	-0.550000	0.740000	1.050000	-0.046000	-0.012000	0.008000	29945	30074	30105	24977	24994	25004
588	9.731440	0.031117	-0.550000	0.740000	1.050000	-0.062000	-0.042000	0.014000	29945	30074	30105	24969	24979	25007
589	9.731547	0.000106	-0.590000	0.430000	1.020000	-0.062000	-0.042000	0.014000	29941	30043	30102	24969	24979	25007
590	9.763752	0.032205	0.170000	0.580000	0.670000	-0.062000	-0.042000	0.014000	30017	30058	30067	24969	24979	25007
591	9.792239	0.028487	-0.020000	0.720000	1.050000	-0.062000	-0.042000	0.014000	29998	30072	30105	24969	24979	25007
592	9.826109	0.033870	-0.020000	0.720000	1.050000	-0.056000	0.002000	0.018000	29998	30072	30105	24972	25001	25009
593	9.826183	0.000074	0.050000	0.420000	1.580000	-0.056000	0.002000	0.018000	30005	30042	30158	24972	25001	25009
594	9.854450	0.028266	0.050000	0.420000	1.580000	-0.020000	0.020000	-0.002000	30005	30042	30158	24990	25010	24999
595	9.854514	0.000064	0.050000	0.420000	1.580000	-0.052000	0.008000	0.004000	30005	30042	30158	24974	25004	25002
596	9.854531	0.000017	0.190000	1.100000	0.720000	-0.052000	0.008000	0.004000	30019	30110	30072	24974	25004	25002
597	9.882624	0.028093	0.190000	1.100000	0.720000	-0.074000	0.034000	0.014000	30019	30110	30072	24963	25017	25007
598	9.882703	0.000079	-0.250000	0.720000	0.430000	-0.074000	0.034000	0.014000	29975	30072	30043	24963	25017	25007
599	9.911461	0.028758	-0.250000	0.720000	0.430000	-0.002000	-0.016000	0.008000	29975	30072	30043	24999	24992	25004
600	9.911555	0.000094	-0.370000	-0.110000	0.770000	-0.002000	-0.016000	0.008000	29963	29989	30077	24999	24992	25004
601	9.941902	0.030348	-0.090000	0.370000	0.750000	-0.002000	-0.016000	0.008000	29991	30037	30075	24999	24992	25004
602	9.970699	0.028797	-0.090000	0.370000	0.750000	-0.024000	0.006000	0.012000	29991	30037	30075	24988	25003	25006
603	9.970784	0.000085	0.160000	0.420000	0.390000	-0.024000	0.006000	0.012000	30016	30042	30039	24988	25003	25006
604	9.999934	0.029150	0.160000	0.420000	0.390000	-0.024000	0.022000	-0.014000	30016	30042	30039	24988	25011	24993
605	9.999998	0.000064	0.080000	0.030000	0.760000	-0.024000	0.022000	-0.014000	30008	30003	30076	24988	25011	24993
606	10.027594	0.027596	0.080000	0.030000	0.760000	0.020000	0.010000	-0.006000	30008	30003	30076	25010	25005	24997
607	10.027666	0.000072	0.080000	0.030000	0.760000	-0.050000	0.026000	-0.008000	30008	30003	30076	24975	25013	24996
608	10.027697	0.000031	0.000000	0.890000	0.730000	-0.050000	0.026000	-0.008000	30000	30089	30073	24975	25013	24996
609	10.059859	0.032162	0.000000	0.890000	0.730000	-0.062000	0.020000	-0.008000	30000	30089	30073	24969	25010	24996
610	10.059936	0.000077	-0.230000	-0.080000	0.680000	-0.062000	0.020000	-0.008000	29977	29992	30068	24969	25010	24996
611	10.089947	0.030011	-0.230000	-0.080000	0.680000	0.018000	-0.010000	-0.008000	29977	29992	30068	25009	24995	24996
612	10.090017	0.000070	0.190000	0.590000	0.980000	0.018000	-0.010000	-0.008000	30019	30059	30098	25009	24995	24996
613	10.120791	0.030774	-0.150000	0.060000	1.070000	0.018000	-0.010000	-0.008000	29985	30006	30107	25009	24995	24996
614	10.158179	0.037387	-0.150000	0.060000	1.070000	0.028000	-0.002000	0.014000	29985	30006	30107	25014	24999	25007
615	10.158287	0.000109	-0.110000	0.190000	0.970000	0.028000	-0.002000	0.014000	29989	30019	30097	25014	24999	25007
616	10.192293	0.034006	-0.110000	0.190000	0.970000	-0.026000	-0.004000	-0.008000	29989	30019	30097	24987	24998	24996
617	10.192367	0.000074	-0.480000	0.170000	1.310000	-0.026000	-0.004000	-0.008000	29952	30017	30131	24987	24998	24996
618	10.225102	0.032735	-0.480000	0.170000	1.310000	-0.004000	-0.016000	0.012000	29952	30017	30131	24998	24992	25006
619	10.225251	0.000150	-0.210000	0.620000	0.730000	-0.004000	-0.016000	0.012000	29979	30062	30073	24998	24992	25006
620	10.262458	0.037207	-0.210000	0.620000	0.730000	-0.034000	0.010000	0.002000	29979	30062	30073	24983	25005	25001
621	10.262537	0.000079	-0.210000	0.620000	0.730000	-0.034000	0.010000	0.002000	29979	30062	30073	24983	25005	25001
622	10.291439	0.028901	0.060000	0.770000	0.740000	-0.034000	0.010000	0.002000	30006	30077	30074	24983	25005	25001
623	10.324764	0.033326	-0.080000	0.530000	1.910000	-0.034000	0.010000	0.002000	29992	30053	30191	24983	25005	25001
624	10.354111	0.029347	-0.080000	0.530000	1.910000	-0.020000	0.014000	0.014000	29992	30053	30191	24990	25007	25007
625	10.354350	0.000239	0.080000	0.550000	1.890000	-0.020000	0.014000	0.014000	30008	30055	30189	24990	25007	25007
626	10.384785	0.030435	-0.030000	0.410000	1.300000	-0.020000	0.014000	0.014000	29997	30041	30130	24990	25007	25007
627	10.415804	0.031019	0.380000	0.630000	1.880000	-0.020000	0.014000	0.014000	30038	30063	30188	24990	25007	25007
628	10.445393	0.029589	-0.070000	0.450000	0.730000	-0.020000	0.014000	0.014000	29993	30045	30073	24990	25007	25007
629	10.479537	0.034144	-0.100000	0.200000	1.030000	-0.020000	0.014000	0.014000	29990	30020	30103	24990	25007	25007
630	10.509062	0.029525	-0.100000	0.200000	1.030000	0.000000	0.002000	0.008000	29990	30020	30103	25000	25001	25004
631	10.509166	0.000103	0.290000	0.810000	0.430000	0.000000	0.002000	0.008000	30029	30081	30043	25000	25001	25004
632	10.538571	0.029405	0.200000	0.760000	0.440000	0.000000	0.002000	0.008000	30020	30076	30044	25000	25001	25004
633	10.569841	0.031270	0.080000	1.000000	0.730000	0.000000	0.002000	0.008000	30008	30100	30073	25000	25001	25004
634	10.598115	0.028274	0.080000	1.000000	0.730000	-0.056000	0.032000	0.008000	30008	30100	30073	24972	25016	25004
635	10.598173	0.000059	-0.160000	0.120000	1.300000	-0.056000	0.032000	0.008000	29984	30012	30130	24972	25016	25004
636	10.627568	0.029395	-0.160000	0.120000	1.300000	-0.006000	0.004000	0.026000	29984	30012	30130	24997	25002	25013
637	10.627656	0.000088	-0.160000	0.120000	1.300000	-0.024000	-0.050000	0.008000	29984	30012	30130	24988	24975	25004
638	10.627674	0.000019	-0.450000	0.450000	0.480000	-0.024000	-0.050000	0.008000	29955	30045	30048	24988	24975	25004
639	10.656313	0.028639	0.110000	1.230000	0.980000	-0.024000	-0.050000	0.008000	30011	30123	30098	24988	24975	25004
640	10.684709	0.028396	0.110000	1.230000	0.980000	-0.088000	0.014000	-0.010000	30011	30123	30098	24956	25007	24995
641	10.684774	0.000064	-0.230000	0.370000	1.300000	-0.088000	0.014000	-0.010000	29977	30037	30130	24956	25007	24995
642	10.714491	0.029718	-0.230000	0.370000	1.300000	-0.006000	0.004000	0.010000	29977	30037	30130	24997	25002	25005
643	10.714554	0.000063	0.180000	0.120000	1.860000	-0.006000	0.004000	0.010000	30018	30012	30186	24997	25002	25005
644	10.747982	0.033428	0.180000	0.120000	1.860000	-0.036000	0.002000	0.006000	30018	30012	30186	24982	25001	25003
645	10.748051	0.000069	0.000000	0.960000	0.750000	-0.036000	0.002000	0.006000	30000	30096	30075	24982	25001	25003
646	10.779603	0.031553	0.000000	0.960000	0.750000	-0.060000	0.018000	0.004000	30000	30096	30075	24970	25009	25002
647	10.779674	0.000071	0.540000	0.960000	0.410000	-0.060000	0.018000	0.004000	30054	30096	30041	24970	25009	25002
648	10.812777	0.033103	0.540000	0.960000	0.410000	-0.078000	0.056000	0.012000	30054	30096	30041	24961	25028	25006
649	10.812911	0.000135	-0.500000	0.530000	0.470000	-0.078000	0.056000	0.012000	29950	30053	30047	24961	25028	25006
650	10.847088	0.034177	-0.500000	0.530000	0.470000	-0.028000	-0.016000	0.004000	29950	30053	30047	24986	24992	25002
651	10.847279	0.000191	-0.200000	1.040000	1.300000	-0.028000	-0.016000	0.004000	29980	30104	30130	24986	24992	25002
652	10.879470	0.032191	-0.200000	1.040000	1.300000	-0.076000	0.004000	-0.010000	29980	30104	30130	24962	25002	24995
653	10.879604	0.000134	0.050000	0.530000	1.600000	-0.076000	0.004000	-0.010000	30005	30053	30160	24962	25002	24995
654	10.909930	0.030326	0.050000	0.530000	1.600000	-0.020000	0.030000	0.000000	30005	30053	30160	24990	25015	25000
655	10.909994	0.000065	0.150000	0.460000	1.590000	-0.020000	0.030000	0.000000	30015	30046	30159	24990	25015	25000
656	10.940781	0.030786	0.150000	0.460000	1.590000	-0.034000	0.026000	0.004000	30015	30046	30159	24983	25013	25002
657	10.940865	0.000085	-0.360000	0.300000	1.090000	-0.034000	0.026000	0.004000	29964	30030	30109	24983	25013	25002
658	10.967540	0.026675	-0.360000	0.300000	1.090000	0.000000	-0.010000	0.012000	29964	30030	30109	25000	24995	25006
659	10.967613	0.000073	0.150000	0.380000	1.330000	0.000000	-0.010000	0.012000	30015	30038	30133	25000	24995	25006
660	10.995753	0.028140	0.150000	0.380000	1.330000	-0.018000	0.020000	0.002000	30015	30038	30133	24991	25010	25001
661	10.995839	0.000086	-0.340000	-0.070000	0.450000	-0.018000	0.020000	0.002000	29966	29993	30045	24991	25010	25001
662	11.024100	0.028261	-0.340000	-0.070000	0.450000	0.000000	-0.026000	0.016000	29966	29993	30045	25000	24987	25008
663	11.024181	0.000081	0.280000	0.300000	1.030000	0.000000	-0.026000	0.016000	30028	30030	30103	25000	24987	25008
664	11.052741	0.028560	0.280000	0.300000	1.030000	-0.012000	0.032000	0.004000	30028	30030	30103	24994	25016	25002
665	11.052845	0.000104	-0.110000	0.190000	0.730000	-0.012000	0.032000	0.004000	29989	30019	30073	24994	25016	25002
666	11.080904	0.028059	-0.110000	0.190000	0.730000	-0.018000	0.000000	0.000000	29989	30019	30073	24991	25000	25000
667	11.081033	0.000129	-0.110000	0.240000	1.020000	-0.018000	0.000000	0.000000	29989	30024	30102	24991	25000	25000
668	11.112061	0.031028	-0.110000	0.240000	1.020000	0.012000	0.016000	0.002000	29989	30024	30102	25006	25008	25001
669	11.112157	0.000097	-0.140000	0.500000	0.980000	0.012000	0.016000	0.002000	29986	30050	30098	25006	25008	25001
670	11.140569	0.028412	0.340000	0.580000	1.310000	0.012000	0.016000	0.002000	30034	30058	30131	25006	25008	25001
671	11.171590	0.031021	0.340000	0.580000	1.310000	-0.024000	0.018000	-0.002000	30034	30058	30131	24988	25009	24999
672	11.171673	0.000082	-0.070000	0.580000	0.470000	-0.024000	0.018000	-0.002000	29993	30058	30047	24988	25009	24999
673	11.199932	0.028260	-0.070000	0.580000	0.470000	-0.038000	-0.004000	0.010000	29993	30058	30047	24981	24998	25005
674	11.200020	0.000088	-0.120000	0.950000	0.750000	-0.038000	-0.004000	0.010000	29988	30095	30075	24981	24998	25005
675	11.233725	0.033704	0.390000	0.900000	1.310000	-0.038000	-0.004000	0.010000	30039	30090	30131	24981	24998	25005
676	11.266921	0.033196	0.390000	0.900000	1.310000	-0.060000	0.040000	0.004000	30039	30090	30131	24970	25020	25002
677	11.266986	0.000065	0.110000	0.310000	0.770000	-0.060000	0.040000	0.004000	30011	30031	30077	24970	25020	25002
678	11.293284	0.026298	0.110000	0.310000	0.770000	-0.008000	0.024000	0.012000	30011	30031	30077	24996	25012	25006
679	11.293348	0.000064	0.000000	0.620000	0.720000	-0.008000	0.024000	0.012000	30000	30062	30072	24996	25012	25006
680	11.323265	0.029917	0.000000	0.620000	0.720000	-0.034000	0.024000	-0.002000	30000	30062	30072	24983	25012	24999
681	11.323335	0.000070	0.070000	0.540000	0.990000	-0.034000	0.024000	-0.002000	30007	30054	30099	24983	25012	24999
682	11.354839	0.031504	-0.050000	0.230000	0.680000	-0.034000	0.024000	-0.002000	29995	30023	30068	24983	25012	24999
683	11.386605	0.031766	-0.270000	0.650000	0.170000	-0.034000	0.024000	-0.002000	29973	30065	30017	24983	25012	24999
684	11.413666	0.027061	-0.270000	0.650000	0.170000	-0.030000	0.000000	0.010000	29973	30065	30017	24985	25000	25005
685	11.413768	0.000102	0.420000	0.250000	0.440000	-0.030000	0.000000	0.010000	30042	30025	30044	24985	25000	25005
686	11.440608	0.026839	0.420000	0.250000	0.440000	-0.036000	0.024000	0.016000	30042	30025	30044	24982	25012	25008
687	11.440674	0.000066	0.420000	0.250000	0.440000	-0.036000	0.024000	0.016000	30042	30025	30044	24982	25012	25008
688	11.471549	0.030876	0.420000	0.250000	0.440000	-0.036000	0.024000	0.016000	30042	30025	30044	24982	25012	25008
689	11.471698	0.000149	-0.160000	-0.050000	0.450000	-0.036000	0.024000	0.016000	29984	29995	30045	24982	25012	25008
690	11.502043	0.030344	-0.160000	-0.050000	0.450000	0.008000	-0.006000	0.014000	29984	29995	30045	25004	24997	25007
691	11.502137	0.000094	-0.330000	-0.420000	0.420000	0.008000	-0.006000	0.014000	29967	29958	30042	25004	24997	25007
692	11.532918	0.030781	-0.330000	-0.420000	0.420000	0.022000	-0.032000	0.008000	29967	29958	30042	25011	24984	25004
693	11.532996	0.000079	-0.240000	-0.080000	0.390000	0.022000	-0.032000	0.008000	29976	29992	30039	25011	24984	25004
694	11.564538	0.031542	-0.240000	-0.080000	0.390000	-0.006000	-0.016000	0.002000	29976	29992	30039	24997	24992	25001
695	11.564611	0.000073	-0.530000	-0.260000	0.390000	-0.006000	-0.016000	0.002000	29947	29974	30039	24997	24992	25001
696	11.593331	0.028720	-0.530000	-0.260000	0.390000	0.022000	-0.028000	-0.004000	29947	29974	30039	25011	24986	24998
697	11.593405	0.000074	-0.300000	0.110000	-0.410000	0.022000	-0.028000	-0.004000	29970	30011	29959	25011	24986	24998
698	11.620742	0.027337	-0.300000	0.110000	-0.410000	0.016000	0.004000	0.004000	29970	30011	29959	25008	25002	25002
699	11.620811	0.000068	-0.360000	-0.120000	-0.390000	0.016000	0.004000	0.004000	29964	29988	29961	25008	25002	25002
700	11.651548	0.030737	-0.360000	-0.120000	-0.390000	0.036000	-0.008000	0.008000	29964	29988	29961	25018	24996	25004
701	11.651685	0.000137	0.100000	0.220000	-0.390000	0.036000	-0.008000	0.008000	30010	30022	29961	25018	24996	25004
702	11.683277	0.031592	0.100000	0.220000	-0.390000	-0.010000	0.016000	0.000000	30010	30022	29961	24995	25008	25000
703	11.683383	0.000106	-0.340000	0.250000	-0.630000	-0.010000	0.016000	0.000000	29966	30025	29937	24995	25008	25000
704	11.712129	0.028746	-0.340000	0.250000	-0.630000	-0.030000	-0.024000	-0.008000	29966	30025	29937	24985	24988	24996
705	11.712185	0.000056	-0.430000	-0.100000	-0.610000	-0.030000	-0.024000	-0.008000	29957	29990	29939	24985	24988	24996
706	11.740871	0.028686	-0.430000	-0.100000	-0.610000	-0.006000	-0.040000	-0.002000	29957	29990	29939	24997	24980	24999
707	11.740940	0.000069	-0.190000	-0.040000	-0.620000	-0.006000	-0.040000	-0.002000	29981	29996	29938	24997	24980	24999
708	11.769672	0.028732	-0.190000	-0.040000	-0.620000	-0.018000	-0.028000	0.006000	29981	29996	29938	24991	24986	25003
709	11.769823	0.000152	0.310000	-0.230000	-0.650000	-0.018000	-0.028000	0.006000	30031	29977	29935	24991	24986	25003
710	11.803094	0.033271	0.310000	-0.230000	-0.650000	0.010000	0.006000	0.004000	30031	29977	29935	25005	25003	25002
711	11.803182	0.000088	0.330000	-0.240000	-0.380000	0.010000	0.006000	0.004000	30033	29976	29962	25005	25003	25002
712	11.836526	0.033344	0.330000	-0.240000	-0.380000	0.010000	0.008000	0.004000	30033	29976	29962	25005	25004	25002
713	11.836657	0.000131	0.560000	-0.490000	-0.400000	0.010000	0.008000	0.004000	30056	29951	29960	25005	25004	25002
714	11.869311	0.032655	0.560000	-0.490000	-0.400000	0.026000	0.032000	0.006000	30056	29951	29960	25013	25016	25003
715	11.869394	0.000083	0.320000	-0.640000	-0.390000	0.026000	0.032000	0.006000	30032	29936	29961	25013	25016	25003
716	11.901243	0.031849	0.320000	-0.640000	-0.390000	0.064000	0.022000	0.012000	30032	29936	29961	25032	25011	25006
717	11.901332	0.000088	0.320000	-0.500000	-0.940000	0.064000	0.022000	0.012000	30032	29950	29906	25032	25011	25006
718	11.934750	0.033418	0.320000	-0.500000	-0.940000	0.054000	0.026000	0.010000	30032	29950	29906	25027	25013	25005
719	11.934862	0.000113	0.130000	-0.540000	-0.940000	0.054000	0.026000	0.010000	30013	29946	29906	25027	25013	25005
720	11.968657	0.033795	0.130000	-0.540000	-0.940000	0.064000	0.016000	0.004000	30013	29946	29906	25032	25008	25002
721	11.968731	0.000074	0.010000	-0.120000	-0.930000	0.064000	0.016000	0.004000	30001	29988	29907	25032	25008	25002
722	12.000747	0.032016	0.010000	-0.120000	-0.930000	0.006000	-0.006000	0.010000	30001	29988	29907	25003	24997	25005
723	12.000832	0.000085	0.090000	0.000000	-0.410000	0.006000	-0.006000	0.010000	30009	30000	29959	25003	24997	25005
724	12.033144	0.032312	0.090000	0.000000	-0.410000	-0.008000	0.002000	0.004000	30009	30000	29959	24996	25001	25002
725	12.033214	0.000070	-0.200000	-0.110000	-0.400000	-0.008000	0.002000	0.004000	29980	29989	29960	24996	25001	25002
726	12.066176	0.032961	-0.200000	-0.110000	-0.400000	0.014000	-0.008000	-0.004000	29980	29989	29960	25007	24996	24998
727	12.066260	0.000085	-0.410000	0.220000	-0.380000	0.014000	-0.008000	-0.004000	29959	30022	29962	25007	24996	24998
728	12.094753	0.028493	-0.410000	0.220000	-0.380000	-0.014000	-0.036000	0.002000	29959	30022	29962	24993	24982	25001
729	12.094916	0.000163	-0.530000	-0.180000	-0.420000	-0.014000	-0.036000	0.002000	29947	29982	29958	24993	24982	25001
730	12.124330	0.029414	-0.530000	-0.180000	-0.420000	0.004000	-0.058000	-0.006000	29947	29982	29958	25002	24971	24997
731	12.124404	0.000074	-0.050000	-0.070000	-0.430000	0.004000	-0.058000	-0.006000	29995	29993	29957	25002	24971	24997
732	12.155475	0.031071	-0.050000	-0.070000	-0.430000	-0.022000	-0.036000	0.010000	29995	29993	29957	24989	24982	25005
733	12.155543	0.000068	0.330000	-0.510000	-0.440000	-0.022000	-0.036000	0.010000	30033	29949	29956	24989	24982	25005
734	12.183565	0.028022	0.330000	-0.510000	-0.440000	0.028000	0.008000	0.000000	30033	29949	29956	25014	25004	25000
735	12.183638	0.000073	0.420000	-0.290000	-0.150000	0.028000	0.008000	0.000000	30042	29971	29985	25014	25004	25000
736	12.215571	0.031932	0.420000	-0.290000	-0.150000	0.016000	0.024000	0.004000	30042	29971	29985	25008	25012	25002
737	12.215654	0.000083	0.340000	-0.270000	-0.150000	0.016000	0.024000	0.004000	30034	29973	29985	25008	25012	25002
738	12.247993	0.032339	0.180000	0.080000	0.450000	0.016000	0.024000	0.004000	30018	30008	30045	25008	25012	25002
739	12.279854	0.031862	0.140000	-0.440000	-0.360000	0.016000	0.024000	0.004000	30014	29956	29964	25008	25012	25002
740	12.313446	0.033592	0.140000	-0.440000	-0.360000	0.056000	0.008000	0.016000	30014	29956	29964	25028	25004	25008
741	12.313535	0.000089	-0.070000	-0.250000	-0.400000	0.056000	0.008000	0.016000	29993	29975	29960	25028	25004	25008
742	12.347651	0.034116	-0.070000	-0.250000	-0.400000	0.006000	-0.020000	0.006000	29993	29975	29960	25003	24990	25003
743	12.347748	0.000097	0.460000	0.180000	-0.170000	0.006000	-0.020000	0.006000	30046	30018	29983	25003	24990	25003
744	12.377805	0.030057	0.460000	0.180000	-0.170000	-0.032000	0.030000	0.002000	30046	30018	29983	24984	25015	25001
745	12.377871	0.000066	0.040000	-0.060000	-0.410000	-0.032000	0.030000	0.002000	30004	29994	29959	24984	25015	25001
746	12.408848	0.030977	0.040000	-0.060000	-0.410000	0.008000	0.012000	-0.006000	30004	29994	29959	25004	25006	24997
747	12.408914	0.000066	0.190000	0.430000	-0.650000	0.008000	0.012000	-0.006000	30019	30043	29935	25004	25006	24997
748	12.437996	0.029082	-0.650000	-0.150000	-0.400000	0.008000	0.012000	-0.006000	29935	29985	29960	25004	25006	24997
749	12.466947	0.028951	-0.490000	0.000000	-0.140000	0.008000	0.012000	-0.006000	29951	30000	29986	25004	25006	24997
750	12.496385	0.029438	-0.490000	0.000000	-0.140000	0.022000	-0.008000	0.014000	29951	30000	29986	25011	24996	25007
751	12.496564	0.000179	-0.110000	-0.160000	0.130000	0.022000	-0.008000	0.014000	29989	29984	30013	25011	24996	25007
752	12.527129	0.030565	-0.110000	-0.160000	0.130000	0.022000	-0.004000	0.004000	29989	29984	30013	25011	24998	25002
753	12.527192	0.000063	-0.080000	-0.320000	0.470000	0.022000	-0.004000	0.004000	29992	29968	30047	25011	24998	25002
754	12.557579	0.030388	-0.670000	-0.440000	-0.710000	0.022000	-0.004000	0.004000	29933	29956	29929	25011	24998	25002
755	12.586021	0.028442	-0.190000	0.070000	0.120000	0.022000	-0.004000	0.004000	29981	30007	30012	25011	24998	25002
756	12.621390	0.035369	-0.190000	0.070000	0.120000	-0.022000	-0.022000	-0.006000	29981	30007	30012	24989	24989	24997
757	12.621454	0.000064	-0.540000	-0.800000	-0.660000	-0.022000	-0.022000	-0.006000	29946	29920	29934	24989	24989	24997
758	12.648192	0.026738	-0.540000	-0.800000	-0.660000	0.092000	-0.040000	0.004000	29946	29920	29934	25046	24980	25002
759	12.648248	0.000055	-0.540000	-0.800000	-0.660000	0.002000	0.004000	0.006000	29946	29920	29934	25001	25002	25003
760	12.648264	0.000017	0.130000	-0.180000	0.740000	0.002000	0.004000	0.006000	30013	29982	30074	25001	25002	25003
761	12.675331	0.027066	-0.310000	-0.040000	-0.140000	0.002000	0.004000	0.006000	29969	29996	29986	25001	25002	25003
762	12.702579	0.027249	-0.310000	-0.040000	-0.140000	0.008000	-0.020000	0.002000	29969	29996	29986	25004	24990	25001
763	12.702697	0.000118	-0.280000	0.040000	-0.130000	0.008000	-0.020000	0.002000	29972	30004	29987	25004	24990	25001
764	12.743388	0.040690	0.170000	0.000000	-0.650000	0.008000	-0.020000	0.002000	30017	30000	29935	25004	24990	25001
765	12.778786	0.035398	0.170000	0.000000	-0.650000	0.008000	-0.008000	0.004000	30017	30000	29935	25004	24996	25002
766	12.778880	0.000094	0.030000	0.160000	0.200000	0.008000	-0.008000	0.004000	30003	30016	30020	25004	24996	25002
767	12.810640	0.031760	0.030000	0.160000	0.200000	-0.026000	-0.024000	0.014000	30003	30016	30020	24987	24988	25007
768	12.810711	0.000071	-0.060000	-0.030000	-0.910000	-0.026000	-0.024000	0.014000	29994	29997	29909	24987	24988	25007
769	12.846868	0.036157	-0.290000	-0.600000	-0.080000	-0.026000	-0.024000	0.014000	29971	29940	29992	24987	24988	25007
770	12.885906	0.039039	-0.120000	-0.100000	-0.360000	-0.026000	-0.024000	0.014000	29988	29990	29964	24987	24988	25007
771	12.918071	0.032164	0.560000	-0.130000	-1.210000	-0.026000	-0.024000	0.014000	30056	29987	29879	24987	24988	25007
772	12.946059	0.027988	0.560000	-0.130000	-1.210000	0.000000	0.018000	0.000000	30056	29987	29879	25000	25009	25000
773	12.946115	0.000056	0.290000	0.260000	0.130000	0.000000	0.018000	0.000000	30029	30026	30013	25000	25009	25000
774	12.972680	0.026564	0.290000	0.260000	0.130000	-0.038000	0.026000	0.002000	30029	30026	30013	24981	25013	25001
775	12.972740	0.000060	0.290000	0.260000	0.130000	0.044000	-0.036000	0.014000	30029	30026	30013	25022	24982	25007
776	12.972760	0.000020	-0.350000	-0.330000	0.200000	0.044000	-0.036000	0.014000	29965	29967	30020	25022	24982	25007
777	13.002410	0.029650	-0.150000	-0.310000	0.180000	0.044000	-0.036000	0.014000	29985	29969	30018	25022	24982	25007
778	13.035406	0.032996	-0.150000	-0.310000	0.180000	0.032000	-0.016000	-0.004000	29985	29969	30018	25016	24992	24998
779	13.035485	0.000079	0.250000	-0.650000	0.170000	0.032000	-0.016000	-0.004000	30025	29935	30017	25016	24992	24998
780	13.067206	0.031721	0.250000	-0.650000	0.170000	0.068000	0.030000	0.006000	30025	29935	30017	25034	25015	25003
781	13.067326	0.000120	0.280000	-0.530000	0.170000	0.068000	0.030000	0.006000	30028	29947	30017	25034	25015	25003
782	13.108038	0.040712	0.230000	-0.380000	-0.660000	0.068000	0.030000	0.006000	30023	29962	29934	25034	25015	25003
783	13.156374	0.048336	0.000000	-0.160000	0.160000	0.068000	0.030000	0.006000	30000	29984	30016	25034	25015	25003
784	13.192986	0.036612	0.000000	-0.160000	0.160000	0.012000	0.002000	0.002000	30000	29984	30016	25006	25001	25001
785	13.193120	0.000134	-0.250000	-0.220000	0.160000	0.012000	0.002000	0.002000	29975	29978	30016	25006	25001	25001
786	13.228434	0.035314	-0.250000	-0.220000	0.160000	-0.004000	-0.020000	0.016000	29975	29978	30016	24998	24990	25008
787	13.228501	0.000067	-0.250000	-0.220000	0.160000	-0.014000	-0.010000	0.014000	29975	29978	30016	24993	24995	25007
788	13.228519	0.000017	0.030000	-0.060000	0.180000	-0.014000	-0.010000	0.014000	30003	29994	30018	24993	24995	25007
789	13.258637	0.030118	0.030000	-0.060000	0.180000	-0.018000	0.022000	0.004000	30003	29994	30018	24991	25011	25002
790	13.258731	0.000094	0.230000	0.190000	-0.670000	-0.018000	0.022000	0.004000	30023	30019	29933	24991	25011	25002
791	13.291779	0.033048	0.030000	0.830000	-0.450000	-0.018000	0.022000	0.004000	30003	30083	29955	24991	25011	25002
792	13.321095	0.029316	-0.040000	0.820000	-0.440000	-0.018000	0.022000	0.004000	29996	30082	29956	24991	25011	25002
793	13.349327	0.028232	0.490000	0.120000	-0.450000	-0.018000	0.022000	0.004000	30049	30012	29955	24991	25011	25002
794	13.378821	0.029494	0.490000	0.120000	-0.450000	-0.038000	0.032000	0.012000	30049	30012	29955	24981	25016	25006
795	13.378989	0.000168	-0.010000	-0.100000	-1.460000	-0.038000	0.032000	0.012000	29999	29990	29854	24981	25016	25006
796	13.408555	0.029566	-0.010000	-0.100000	-1.460000	0.022000	-0.008000	0.004000	29999	29990	29854	25011	24996	25002
797	13.408700	0.000145	-0.320000	0.000000	-0.660000	0.022000	-0.008000	0.004000	29968	30000	29934	25011	24996	25002
798	13.438136	0.029436	-0.320000	0.000000	-0.660000	0.008000	-0.014000	-0.006000	29968	30000	29934	25004	24993	24997
799	13.438217	0.000081	-0.040000	-0.630000	0.450000	0.008000	-0.014000	-0.006000	29996	29937	30045	25004	24993	24997
800	13.469488	0.031271	-0.040000	-0.630000	0.450000	0.068000	-0.006000	0.004000	29996	29937	30045	25034	24997	25002
801	13.469594	0.000107	-0.390000	-0.150000	-0.130000	0.068000	-0.006000	0.004000	29961	29985	29987	25034	24997	25002
802	13.503129	0.033535	-0.390000	-0.150000	-0.130000	0.006000	-0.024000	0.006000	29961	29985	29987	25003	24988	25003
803	13.503233	0.000104	-0.390000	-0.150000	-0.130000	-0.002000	0.016000	0.010000	29961	29985	29987	24999	25008	25005
804	13.503257	0.000024	0.130000	0.320000	-1.260000	-0.002000	0.016000	0.010000	30013	30032	29874	24999	25008	25005
805	13.536731	0.033473	0.130000	0.320000	-1.260000	-0.018000	0.018000	0.002000	30013	30032	29874	24991	25009	25001
806	13.536800	0.000069	-0.460000	0.210000	-0.920000	-0.018000	0.018000	0.002000	29954	30021	29908	24991	25009	25001
807	13.566348	0.029548	-0.230000	-0.420000	-0.660000	-0.018000	0.018000	0.002000	29977	29958	29934	24991	25009	25001
808	13.594450	0.028102	-0.230000	-0.420000	-0.660000	0.020000	-0.036000	-0.008000	29977	29958	29934	25010	24982	24996
809	13.594515	0.000065	-0.270000	-0.100000	-0.650000	0.020000	-0.036000	-0.008000	29973	29990	29935	25010	24982	24996
810	13.625520	0.031005	-0.270000	-0.100000	-0.650000	0.008000	-0.024000	0.004000	29973	29990	29935	25004	24988	25002
811	13.625604	0.000084	0.380000	0.280000	-0.360000	0.008000	-0.024000	0.004000	30038	30028	29964	25004	24988	25002
812	13.657220	0.031615	0.380000	0.280000	-0.360000	-0.018000	0.014000	0.004000	30038	30028	29964	24991	25007	25002
813	13.657283	0.000063	-0.170000	0.120000	-0.360000	-0.018000	0.014000	0.004000	29983	30012	29964	24991	25007	25002
814	13.686051	0.028768	-0.170000	0.120000	-0.360000	0.004000	-0.004000	0.008000	29983	30012	29964	25002	24998	25004
815	13.686134	0.000083	0.090000	0.160000	0.170000	0.004000	-0.004000	0.008000	30009	30016	30017	25002	24998	25004
816	13.716495	0.030361	0.090000	0.160000	0.170000	-0.008000	0.008000	0.004000	30009	30016	30017	24996	25004	25002
817	13.716570	0.000075	-0.380000	-0.650000	-0.360000	-0.008000	0.008000	0.004000	29962	29935	29964	24996	25004	25002
818	13.748497	0.031927	-0.380000	-0.650000	-0.360000	0.088000	-0.028000	0.018000	29962	29935	29964	25044	24986	25009
819	13.748565	0.000068	-0.520000	-0.340000	-0.390000	0.088000	-0.028000	0.018000	29948	29966	29961	25044	24986	25009
820	13.779615	0.031050	0.190000	0.120000	-0.380000	0.088000	-0.028000	0.018000	30019	30012	29962	25044	24986	25009
821	13.813848	0.034233	0.260000	-0.130000	-0.950000	0.088000	-0.028000	0.018000	30026	29987	29905	25044	24986	25009
822	13.846487	0.032638	0.260000	-0.130000	-0.950000	0.020000	0.014000	0.012000	30026	29987	29905	25010	25007	25006
823	13.846554	0.000068	-0.280000	0.060000	-0.350000	0.020000	0.014000	0.012000	29972	30006	29965	25010	25007	25006
824	13.879985	0.033431	-0.280000	0.060000	-0.350000	0.014000	-0.024000	0.000000	29972	30006	29965	25007	24988	25000
825	13.880072	0.000087	0.160000	-0.050000	-0.130000	0.014000	-0.024000	0.000000	30016	29995	29987	25007	24988	25000
826	13.912911	0.032839	0.160000	-0.050000	-0.130000	-0.012000	0.006000	0.000000	30016	29995	29987	24994	25003	25000
827	13.912993	0.000081	-0.250000	-0.040000	0.720000	-0.012000	0.006000	0.000000	29975	29996	30072	24994	25003	25000
828	13.948054	0.035061	-0.250000	-0.040000	0.720000	0.002000	-0.006000	0.004000	29975	29996	30072	25001	24997	25002
829	13.948122	0.000069	-0.250000	-0.040000	0.720000	-0.054000	0.034000	-0.002000	29975	29996	30072	24973	25017	24999
830	13.948141	0.000018	0.340000	0.190000	0.410000	-0.054000	0.034000	-0.002000	30034	30019	30041	24973	25017	24999
831	13.979133	0.030993	-0.350000	-0.330000	-0.070000	-0.054000	0.034000	-0.002000	29965	29967	29993	24973	25017	24999
832	14.012709	0.033575	-0.350000	-0.330000	-0.070000	0.020000	-0.034000	0.006000	29965	29967	29993	25010	24983	25003
833	14.012774	0.000066	-0.080000	-0.090000	-0.620000	0.020000	-0.034000	0.006000	29992	29991	29938	25010	24983	25003
834	14.046075	0.033301	-0.160000	-0.370000	-0.390000	0.020000	-0.034000	0.006000	29984	29963	29961	25010	24983	25003
835	14.077090	0.031015	-0.140000	-0.540000	-0.400000	0.020000	-0.034000	0.006000	29986	29946	29960	25010	24983	25003
836	14.109869	0.032779	0.170000	0.450000	-0.680000	0.020000	-0.034000	0.006000	30017	30045	29932	25010	24983	25003
837	14.152730	0.042861	0.170000	0.450000	-0.680000	-0.032000	0.010000	-0.014000	30017	30045	29932	24984	25005	24993
838	14.152912	0.000182	-0.300000	0.180000	-0.680000	-0.032000	0.010000	-0.014000	29970	30018	29932	24984	25005	24993
839	14.186247	0.033335	-0.300000	0.180000	-0.680000	-0.012000	-0.038000	-0.002000	29970	30018	29932	24994	24981	24999
840	14.186359	0.000112	-0.370000	-0.370000	-0.870000	-0.012000	-0.038000	-0.002000	29963	29963	29913	24994	24981	24999
841	14.218461	0.032102	-0.370000	-0.370000	-0.870000	0.072000	-0.014000	0.012000	29963	29963	29913	25036	24993	25006
842	14.218547	0.000087	-0.130000	0.240000	-0.920000	0.072000	-0.014000	0.012000	29987	30024	29908	25036	24993	25006
843	14.252052	0.033504	-0.130000	0.240000	-0.920000	0.004000	0.000000	0.010000	29987	30024	29908	25002	25000	25005
844	14.252189	0.000137	-0.070000	0.490000	0.180000	0.004000	0.000000	0.010000	29993	30049	30018	25002	25000	25005
845	14.287131	0.034942	0.140000	-0.140000	-0.960000	0.004000	0.000000	0.010000	30014	29986	29904	25002	25000	25005
846	14.321290	0.034159	0.140000	-0.140000	-0.960000	0.016000	-0.002000	0.006000	30014	29986	29904	25008	24999	25003
847	14.321442	0.000152	-0.310000	-0.290000	-0.660000	0.016000	-0.002000	0.006000	29969	29971	29934	25008	24999	25003
848	14.356391	0.034949	0.110000	-0.570000	0.170000	0.016000	-0.002000	0.006000	30011	29943	30017	25008	24999	25003
849	14.390088	0.033697	0.110000	-0.570000	0.170000	0.052000	-0.008000	-0.006000	30011	29943	30017	25026	24996	24997
850	14.390175	0.000087	0.290000	-0.060000	0.450000	0.052000	-0.008000	-0.006000	30029	29994	30045	25026	24996	24997
851	14.423031	0.032856	0.290000	-0.060000	0.450000	0.002000	0.018000	0.002000	30029	29994	30045	25001	25009	25001
852	14.423109	0.000078	-0.310000	0.240000	-0.100000	0.002000	0.018000	0.002000	29969	30024	29990	25001	25009	25001
853	14.458704	0.035595	-0.310000	0.240000	-0.100000	-0.024000	-0.024000	-0.002000	29969	30024	29990	24988	24988	24999
854	14.458813	0.000109	-0.290000	0.200000	-0.100000	-0.024000	-0.024000	-0.002000	29971	30020	29990	24988	24988	24999
855	14.492723	0.033910	-0.690000	-0.130000	-0.360000	-0.024000	-0.024000	-0.002000	29931	29987	29964	24988	24988	24999
856	14.526718	0.033995	-0.690000	-0.130000	-0.360000	0.032000	-0.046000	0.016000	29931	29987	29964	25016	24977	25008
857	14.526902	0.000184	-0.340000	-0.190000	-0.380000	0.032000	-0.046000	0.016000	29966	29981	29962	25016	24977	25008
858	14.556292	0.029390	-0.350000	-0.450000	0.180000	0.032000	-0.046000	0.016000	29965	29955	30018	25016	24977	25008
859	14.587675	0.031383	-0.030000	-0.440000	0.200000	0.032000	-0.046000	0.016000	29997	29956	30020	25016	24977	25008
860	14.619443	0.031768	-0.030000	-0.440000	0.200000	0.046000	-0.010000	0.014000	29997	29956	30020	25023	24995	25007
861	14.619519	0.000077	-0.080000	0.030000	-0.110000	0.046000	-0.010000	0.014000	29992	30003	29989	25023	24995	25007
862	14.647949	0.028430	-0.760000	-0.070000	-0.130000	0.046000	-0.010000	0.014000	29924	29993	29987	25023	24995	25007
863	14.679077	0.031128	-0.760000	-0.070000	-0.130000	0.004000	-0.058000	0.006000	29924	29993	29987	25002	24971	25003
864	14.679159	0.000082	-0.200000	-0.490000	-0.640000	0.004000	-0.058000	0.006000	29980	29951	29936	25002	24971	25003
865	14.708016	0.028858	-0.200000	-0.490000	-0.640000	0.036000	-0.028000	0.000000	29980	29951	29936	25018	24986	25000
866	14.708101	0.000084	0.230000	-0.140000	0.160000	0.036000	-0.028000	0.000000	30023	29986	30016	25018	24986	25000
867	14.735059	0.026958	0.230000	-0.140000	0.160000	0.014000	0.010000	-0.002000	30023	29986	30016	25007	25005	24999
868	14.735123	0.000064	-0.250000	-0.400000	-0.080000	0.014000	0.010000	-0.002000	29975	29960	29992	25007	25005	24999
869	14.764991	0.029868	0.150000	0.010000	-0.160000	0.014000	0.010000	-0.002000	30015	30001	29984	25007	25005	24999
870	14.795977	0.030986	0.020000	0.700000	-0.960000	0.014000	0.010000	-0.002000	30002	30070	29904	25007	25005	24999
871	14.831115	0.035137	0.020000	0.700000	-0.960000	-0.058000	0.002000	0.000000	30002	30070	29904	24971	25001	25000
872	14.831216	0.000101	-0.520000	0.000000	0.180000	-0.058000	0.002000	0.000000	29948	30000	30018	24971	25001	25000
873	14.861686	0.030470	-0.520000	0.000000	0.180000	0.012000	-0.038000	0.020000	29948	30000	30018	25006	24981	25010
874	14.861804	0.000118	-0.150000	0.180000	0.460000	0.012000	-0.038000	0.020000	29985	30018	30046	25006	24981	25010
875	14.889437	0.027633	-0.010000	-0.240000	-0.380000	0.012000	-0.038000	0.020000	29999	29976	29962	25006	24981	25010
876	14.918471	0.029033	-0.010000	-0.240000	-0.380000	0.004000	-0.012000	0.014000	29999	29976	29962	25002	24994	25007
877	14.918552	0.000082	0.010000	-0.130000	0.150000	0.004000	-0.012000	0.014000	30001	29987	30015	25002	24994	25007
878	14.952074	0.033522	0.010000	-0.130000	0.150000	0.012000	0.004000	-0.002000	30001	29987	30015	25006	25002	24999
879	14.952234	0.000160	0.010000	-0.130000	0.150000	-0.006000	-0.022000	-0.002000	30001	29987	30015	24997	24989	24999
880	14.952287	0.000053	-0.360000	-0.500000	-0.120000	-0.006000	-0.022000	-0.002000	29964	29950	29988	24997	24989	24999
881	14.982291	0.030004	-0.360000	-0.500000	-0.120000	0.050000	-0.018000	0.008000	29964	29950	29988	25025	24991	25004
882	14.982401	0.000110	-0.360000	-0.500000	-0.120000	0.010000	-0.028000	0.008000	29964	29950	29988	25005	24986	25004
883	14.982427	0.000027	0.030000	-0.110000	0.200000	0.010000	-0.028000	0.008000	30003	29989	30020	25005	24986	25004
884	15.014538	0.032111	0.090000	-0.050000	-0.700000	0.010000	-0.028000	0.008000	30009	29995	29930	25005	24986	25004
885	15.048278	0.033740	0.090000	-0.050000	-0.700000	0.016000	0.026000	-0.016000	30009	29995	29930	25008	25013	24992
886	15.048347	0.000070	-0.040000	0.210000	-0.690000	0.016000	0.026000	-0.016000	29996	30021	29931	25008	25013	24992
887	15.077108	0.028761	-0.040000	0.210000	-0.690000	0.070000	-0.018000	0.024000	29996	30021	29931	25035	24991	25012
888	15.077181	0.000072	-0.480000	-0.380000	0.190000	0.070000	-0.018000	0.024000	29952	29962	30019	25035	24991	25012
889	15.106735	0.029554	-0.090000	-0.240000	-0.380000	0.070000	-0.018000	0.024000	29991	29976	29962	25035	24991	25012
890	15.136826	0.030091	-0.090000	-0.240000	-0.380000	0.012000	-0.006000	0.008000	29991	29976	29962	25006	24997	25004
891	15.136925	0.000099	-0.940000	-0.050000	0.490000	0.012000	-0.006000	0.008000	29906	29995	30049	25006	24997	25004
892	15.167455	0.030530	0.310000	-0.590000	-0.430000	0.012000	-0.006000	0.008000	30031	29941	29957	25006	24997	25004
893	15.197249	0.029794	0.310000	-0.590000	-0.430000	0.048000	0.018000	-0.004000	30031	29941	29957	25024	25009	24998
894	15.197362	0.000113	-0.330000	-0.340000	-0.370000	0.048000	0.018000	-0.004000	29967	29966	29963	25024	25009	24998
895	15.229338	0.031976	-0.330000	-0.340000	-0.370000	0.024000	-0.032000	0.016000	29967	29966	29963	25012	24984	25008
896	15.229471	0.000134	-0.020000	-0.040000	-0.650000	0.024000	-0.032000	0.016000	29998	29996	29935	25012	24984	25008
897	15.262621	0.033150	-0.020000	-0.040000	-0.650000	-0.014000	-0.014000	-0.002000	29998	29996	29935	24993	24993	24999
898	15.262701	0.000080	-0.180000	0.120000	-0.660000	-0.014000	-0.014000	-0.002000	29982	30012	29934	24993	24993	24999
899	15.296482	0.033781	-0.180000	0.120000	-0.660000	-0.022000	-0.016000	-0.006000	29982	30012	29934	24989	24992	24997
900	15.296564	0.000082	0.180000	-0.150000	0.150000	-0.022000	-0.016000	-0.006000	30018	29985	30015	24989	24992	24997
901	15.325729	0.029166	0.050000	0.410000	-0.670000	-0.022000	-0.016000	-0.006000	30005	30041	29933	24989	24992	24997
902	15.357805	0.032075	-0.360000	-0.300000	0.450000	-0.022000	-0.016000	-0.006000	29964	29970	30045	24989	24992	24997
903	15.386461	0.028656	-0.360000	-0.300000	0.450000	0.028000	-0.022000	-0.002000	29964	29970	30045	25014	24989	24999
904	15.386537	0.000076	-0.140000	-0.190000	-0.100000	0.028000	-0.022000	-0.002000	29986	29981	29990	25014	24989	24999
905	15.416023	0.029486	-0.380000	-0.440000	0.170000	0.028000	-0.022000	-0.002000	29962	29956	30017	25014	24989	24999
906	15.443665	0.027642	0.040000	-0.390000	-0.110000	0.028000	-0.022000	-0.002000	30004	29961	29989	25014	24989	24999
907	15.475862	0.032197	0.050000	-0.400000	-0.380000	0.028000	-0.022000	-0.002000	30005	29960	29962	25014	24989	24999
908	15.508259	0.032397	-0.350000	-0.540000	-0.090000	0.028000	-0.022000	-0.002000	29965	29946	29991	25014	24989	24999
909	15.541606	0.033347	-0.350000	-0.540000	-0.090000	0.084000	-0.018000	0.022000	29965	29946	29991	25042	24991	25011
910	15.541687	0.000081	-0.050000	-0.730000	0.460000	0.084000	-0.018000	0.022000	29995	29927	30046	25042	24991	25011
911	15.577130	0.035443	0.090000	-0.260000	-0.080000	0.084000	-0.018000	0.022000	30009	29974	29992	25042	24991	25011
912	15.604307	0.027178	0.170000	0.350000	-0.410000	0.084000	-0.018000	0.022000	30017	30035	29959	25042	24991	25011
913	15.633568	0.029261	0.170000	0.350000	-0.410000	-0.030000	0.026000	0.004000	30017	30035	29959	24985	25013	25002
914	15.633641	0.000073	0.070000	0.430000	-0.390000	-0.030000	0.026000	0.004000	30007	30043	29961	24985	25013	25002
915	15.661296	0.027655	0.070000	0.430000	-0.390000	-0.020000	0.020000	-0.004000	30007	30043	29961	24990	25010	24998
916	15.661407	0.000111	0.070000	0.430000	-0.390000	-0.020000	0.020000	-0.004000	30007	30043	29961	24990	25010	24998
917	15.700723	0.039316	-0.120000	0.000000	-0.660000	-0.020000	0.020000	-0.004000	29988	30000	29934	24990	25010	24998
918	15.726961	0.026238	-0.190000	0.140000	-0.410000	-0.020000	0.020000	-0.004000	29981	30014	29959	24990	25010	24998
919	15.753482	0.026521	-0.190000	0.140000	-0.410000	-0.014000	-0.008000	0.004000	29981	30014	29959	24993	24996	25002
920	15.753545	0.000063	-0.210000	-0.420000	-0.400000	-0.014000	-0.008000	0.004000	29979	29958	29960	24993	24996	25002
921	15.780975	0.027430	-0.210000	-0.420000	-0.400000	0.030000	-0.026000	-0.002000	29979	29958	29960	25015	24987	24999
922	15.781047	0.000072	0.260000	0.000000	-0.670000	0.030000	-0.026000	-0.002000	30026	30000	29933	25015	24987	24999
923	15.811127	0.030080	0.260000	0.000000	-0.670000	0.008000	0.022000	0.004000	30026	30000	29933	25004	25011	25002
924	15.811205	0.000078	0.180000	0.050000	-0.420000	0.008000	0.022000	0.004000	30018	30005	29958	25004	25011	25002
925	15.840509	0.029304	0.180000	0.050000	-0.420000	-0.006000	0.024000	-0.002000	30018	30005	29958	24997	25012	24999
926	15.840584	0.000075	-0.100000	0.210000	-0.430000	-0.006000	0.024000	-0.002000	29990	30021	29957	24997	25012	24999
927	15.871094	0.030510	0.120000	-0.070000	-0.420000	-0.006000	0.024000	-0.002000	30012	29993	29958	24997	25012	24999
928	15.901818	0.030724	-0.350000	-0.360000	0.480000	-0.006000	0.024000	-0.002000	29965	29964	30048	24997	25012	24999
929	15.931792	0.029974	-0.350000	-0.360000	0.480000	0.030000	-0.016000	0.010000	29965	29964	30048	25015	24992	25005
930	15.931873	0.000081	-0.020000	-0.600000	-0.110000	0.030000	-0.016000	0.010000	29998	29940	29989	25015	24992	25005
931	15.960120	0.028247	-0.020000	-0.600000	-0.110000	0.064000	-0.006000	-0.006000	29998	29940	29989	25032	24997	24997
932	15.960217	0.000097	0.150000	0.020000	-0.650000	0.064000	-0.006000	-0.006000	30015	30002	29935	25032	24997	24997
933	15.989428	0.029211	0.150000	0.020000	-0.650000	0.000000	0.014000	0.002000	30015	30002	29935	25000	25007	25001
934	15.989491	0.000063	0.380000	0.520000	0.710000	0.000000	0.014000	0.002000	30038	30052	30071	25000	25007	25001
935	16.020697	0.031206	0.380000	0.520000	0.710000	-0.036000	0.044000	0.002000	30038	30052	30071	24982	25022	25001
936	16.020772	0.000075	0.110000	-0.140000	0.120000	-0.036000	0.044000	0.002000	30011	29986	30012	24982	25022	25001
937	16.050986	0.030214	0.110000	-0.140000	0.120000	0.004000	0.006000	-0.002000	30011	29986	30012	25002	25003	24999
938	16.051058	0.000072	-0.320000	0.070000	-0.620000	0.004000	0.006000	-0.002000	29968	30007	29938	25002	25003	24999
939	16.081722	0.030664	-0.490000	0.000000	-0.600000	0.004000	0.006000	-0.002000	29951	30000	29940	25002	25003	24999
940	16.115140	0.033418	0.320000	-0.280000	-0.380000	0.004000	0.006000	-0.002000	30032	29972	29962	25002	25003	24999
941	16.144129	0.028989	0.320000	-0.280000	-0.380000	0.032000	0.030000	-0.004000	30032	29972	29962	25016	25015	24998
942	16.144193	0.000064	0.220000	-0.450000	-0.370000	0.032000	0.030000	-0.004000	30022	29955	29963	25016	25015	24998
943	16.174908	0.030715	0.220000	-0.450000	-0.370000	0.062000	0.008000	-0.004000	30022	29955	29963	25031	25004	24998
944	16.174996	0.000088	0.220000	-0.450000	-0.370000	0.008000	-0.026000	0.014000	30022	29955	29963	25004	24987	25007
945	16.175029	0.000033	-0.380000	0.190000	-0.410000	0.008000	-0.026000	0.014000	29962	30019	29959	25004	24987	25007
946	16.204664	0.029635	0.130000	0.810000	-0.660000	0.008000	-0.026000	0.014000	30013	30081	29934	25004	24987	25007
947	16.234838	0.030174	0.130000	0.810000	-0.660000	-0.070000	0.002000	0.010000	30013	30081	29934	24965	25001	25005
948	16.234943	0.000105	-0.420000	-0.070000	-0.110000	-0.070000	0.002000	0.010000	29958	29993	29989	24965	25001	25005
