sample	t_s	dt_s	Fx	Fy	Fz	Tx	Ty	Tz	raw_Fx	raw_Fy	raw_Fz	raw_Tx	raw_Ty	raw_Tz
1	0.000000	0.000000	0.470000	-1.240000	-5.540000	0.000000	0.000000	0.000000	30047	29876	29446	0	0	0
2	0.137922	0.137922	0.470000	-1.240000	-5.540000	0.008000	0.020000	0.022000	30047	29876	29446	25004	25010	25011
3	0.138010	0.000088	0.390000	-1.210000	-5.280000	0.008000	0.020000	0.022000	30039	29879	29472	25004	25010	25011
4	0.180342	0.042332	0.390000	-1.210000	-5.280000	-0.002000	0.014000	0.026000	30039	29879	29472	24999	25007	25013
5	0.180436	0.000094	0.300000	-1.310000	-5.290000	-0.002000	0.014000	0.026000	30030	29869	29471	24999	25007	25013
6	0.214830	0.034394	0.300000	-1.310000	-5.290000	0.006000	0.006000	0.022000	30030	29869	29471	25003	25003	25011
7	0.214936	0.000106	0.280000	-1.490000	-5.280000	0.006000	0.006000	0.022000	30028	29851	29472	25003	25003	25011
8	0.247764	0.032828	0.280000	-1.490000	-5.280000	0.022000	0.004000	0.022000	30028	29851	29472	25011	25002	25011
9	0.247842	0.000078	0.360000	-1.510000	-5.540000	0.022000	0.004000	0.022000	30036	29849	29446	25011	25002	25011
10	0.283372	0.035530	0.360000	-1.510000	-5.540000	0.032000	0.010000	0.020000	30036	29849	29446	25016	25005	25010
11	0.283518	0.000146	0.240000	-1.610000	-5.540000	0.032000	0.010000	0.020000	30024	29839	29446	25016	25005	25010
12	0.321588	0.038070	0.240000	-1.610000	-5.540000	0.044000	0.002000	0.028000	30024	29839	29446	25022	25001	25014
13	0.321711	0.000123	0.260000	-2.140000	-5.500000	0.044000	0.002000	0.028000	30026	29786	29450	25022	25001	25014
14	0.348585	0.026874	0.260000	-2.140000	-5.500000	0.096000	0.010000	0.042000	30026	29786	29450	25048	25005	25021
15	0.348692	0.000107	0.090000	-2.090000	-5.250000	0.096000	0.010000	0.042000	30009	29791	29475	25048	25005	25021
16	0.384966	0.036274	0.090000	-2.090000	-5.250000	0.072000	-0.004000	0.046000	30009	29791	29475	25036	24998	25023
17	0.385084	0.000118	0.390000	-1.940000	-5.250000	0.072000	-0.004000	0.046000	30039	29806	29475	25036	24998	25023
18	0.412517	0.027433	0.390000	-1.940000	-5.250000	0.050000	0.012000	0.044000	30039	29806	29475	25025	25006	25022
19	0.412587	0.000070	0.480000	-1.340000	-5.340000	0.050000	0.012000	0.044000	30048	29866	29466	25025	25006	25022
20	0.443040	0.030453	0.480000	-1.340000	-5.340000	-0.008000	0.028000	0.022000	30048	29866	29466	24996	25014	25011
21	0.443103	0.000063	0.500000	-1.340000	-6.140000	-0.008000	0.028000	0.022000	30050	29866	29386	24996	25014	25011
22	0.471231	0.028127	0.500000	-1.340000	-6.140000	0.012000	0.038000	0.020000	30050	29866	29386	25006	25019	25010
23	0.471288	0.000057	0.080000	-1.510000	-6.130000	0.012000	0.038000	0.020000	30008	29849	29387	25006	25019	25010
24	0.502760	0.031473	0.080000	-1.510000	-6.130000	0.042000	0.014000	0.018000	30008	29849	29387	25021	25007	25009
25	0.502877	0.000116	0.050000	-1.320000	-6.090000	0.042000	0.014000	0.018000	30005	29868	29391	25021	25007	25009
26	0.540884	0.038007	0.050000	-1.320000	-6.090000	0.032000	0.006000	0.028000	30005	29868	29391	25016	25003	25014
27	0.540990	0.000106	-0.080000	-1.280000	-5.550000	0.032000	0.006000	0.028000	29992	29872	29445	25016	25003	25014
28	0.584937	0.043947	-0.080000	-1.280000	-5.550000	0.016000	-0.004000	0.030000	29992	29872	29445	25008	24998	25015
29	0.585069	0.000132	-0.020000	-1.270000	-5.550000	0.016000	-0.004000	0.030000	29998	29873	29445	25008	24998	25015
30	0.625913	0.040844	-0.020000	-1.270000	-5.550000	0.012000	0.000000	0.032000	29998	29873	29445	25006	25000	25016
31	0.626056	0.000143	-0.080000	-1.720000	-5.540000	0.012000	0.000000	0.032000	29992	29828	29446	25006	25000	25016
32	0.654513	0.028457	-0.080000	-1.720000	-5.540000	0.050000	-0.008000	0.032000	29992	29828	29446	25025	24996	25016
33	0.654584	0.000070	0.100000	-1.820000	-5.550000	0.050000	-0.008000	0.032000	30010	29818	29445	25025	24996	25016
34	0.685118	0.030535	0.100000	-1.820000	-5.550000	0.070000	0.008000	0.032000	30010	29818	29445	25035	25004	25016
35	0.685190	0.000072	0.100000	-1.820000	-5.550000	0.070000	0.008000	0.032000	30010	29818	29445	25035	25004	25016
36	0.717293	0.032102	0.100000	-1.820000	-5.550000	0.070000	0.008000	0.032000	30010	29818	29445	25035	25004	25016
37	0.717486	0.000194	0.120000	-1.850000	-5.560000	0.070000	0.008000	0.032000	30012	29815	29444	25035	25004	25016
38	0.749856	0.032370	0.120000	-1.850000	-5.560000	0.058000	-0.006000	0.026000	30012	29815	29444	25029	24997	25013
39	0.749975	0.000119	0.060000	-1.820000	-5.550000	0.058000	-0.006000	0.026000	30006	29818	29445	25029	24997	25013
40	0.784420	0.034445	0.060000	-1.820000	-5.550000	0.054000	-0.012000	0.026000	30006	29818	29445	25027	24994	25013
41	0.784502	0.000082	0.120000	-1.800000	-5.550000	0.054000	-0.012000	0.026000	30012	29820	29445	25027	24994	25013
42	0.819543	0.035042	0.120000	-1.800000	-5.550000	0.050000	-0.008000	0.028000	30012	29820	29445	25025	24996	25014
43	0.819641	0.000097	0.040000	-1.640000	-5.530000	0.050000	-0.008000	0.028000	30004	29836	29447	25025	24996	25014
44	0.852641	0.033001	0.040000	-1.640000	-5.530000	0.044000	-0.010000	0.034000	30004	29836	29447	25022	24995	25017
45	0.852718	0.000076	0.280000	-1.350000	-4.760000	0.044000	-0.010000	0.034000	30028	29865	29524	25022	24995	25017
46	0.885287	0.032569	0.280000	-1.350000	-4.760000	0.024000	0.016000	0.028000	30028	29865	29524	25012	25008	25014
47	0.885353	0.000066	0.280000	-1.350000	-4.760000	0.024000	0.016000	0.028000	30028	29865	29524	25012	25008	25014
48	0.918078	0.032726	0.280000	-1.350000	-4.760000	0.024000	0.016000	0.028000	30028	29865	29524	25012	25008	25014
49	0.918144	0.000066	0.360000	-1.250000	-4.760000	0.024000	0.016000	0.028000	30036	29875	29524	25012	25008	25014
50	0.961097	0.042953	0.360000	-1.250000	-4.760000	0.010000	0.016000	0.018000	30036	29875	29524	25005	25008	25009
51	0.961310	0.000213	0.150000	-1.430000	-5.550000	0.010000	0.016000	0.018000	30015	29857	29445	25005	25008	25009
52	1.002759	0.041449	0.150000	-1.430000	-5.550000	0.020000	-0.004000	0.022000	30015	29857	29445	25010	24998	25011
53	1.002942	0.000183	0.150000	-1.430000	-5.550000	0.020000	-0.004000	0.022000	30015	29857	29445	25010	24998	25011
54	1.044293	0.041351	0.150000	-1.430000	-5.550000	0.020000	-0.004000	0.022000	30015	29857	29445	25010	24998	25011
55	1.044499	0.000207	0.380000	-1.420000	-5.550000	0.020000	-0.004000	0.022000	30038	29858	29445	25010	24998	25011
56	1.081890	0.037391	0.380000	-1.420000	-5.550000	0.014000	0.012000	0.036000	30038	29858	29445	25007	25006	25018
57	1.081964	0.000074	0.250000	-1.870000	-6.080000	0.014000	0.012000	0.036000	30025	29813	29392	25007	25006	25018
58	1.117403	0.035439	0.250000	-1.870000	-6.080000	0.050000	-0.010000	0.048000	30025	29813	29392	25025	24995	25024
59	1.117582	0.000179	0.250000	-1.870000	-6.080000	0.050000	-0.010000	0.048000	30025	29813	29392	25025	24995	25024
60	1.155062	0.037481	0.250000	-1.870000	-6.080000	0.050000	-0.010000	0.048000	30025	29813	29392	25025	24995	25024
61	1.155249	0.000186	-0.080000	-2.350000	-6.100000	0.050000	-0.010000	0.048000	29992	29765	29390	25025	24995	25024
62	1.190723	0.035474	-0.080000	-2.350000	-6.100000	0.090000	-0.036000	0.038000	29992	29765	29390	25045	24982	25019
63	1.190801	0.000077	0.040000	-1.990000	-5.280000	0.090000	-0.036000	0.038000	30004	29801	29472	25045	24982	25019
64	1.223498	0.032697	0.040000	-1.990000	-5.280000	0.066000	-0.022000	0.024000	30004	29801	29472	25033	24989	25012
65	1.223567	0.000069	0.040000	-1.990000	-5.280000	0.066000	-0.022000	0.024000	30004	29801	29472	25033	24989	25012
66	1.251343	0.027776	0.040000	-1.990000	-5.280000	0.066000	-0.022000	0.024000	30004	29801	29472	25033	24989	25012
67	1.251426	0.000083	0.750000	-1.460000	-5.270000	0.066000	-0.022000	0.024000	30075	29854	29473	25033	24989	25012
68	1.288749	0.037323	0.750000	-1.460000	-5.270000	0.008000	0.028000	0.038000	30075	29854	29473	25004	25014	25019
69	1.288933	0.000184	0.570000	-1.380000	-6.100000	0.008000	0.028000	0.038000	30057	29862	29390	25004	25014	25019
70	1.321438	0.032505	0.570000	-1.380000	-6.100000	-0.010000	0.014000	0.044000	30057	29862	29390	24995	25007	25022
71	1.321529	0.000091	0.570000	-1.380000	-6.100000	-0.010000	0.014000	0.044000	30057	29862	29390	24995	25007	25022
72	1.354950	0.033421	0.570000	-1.380000	-6.100000	-0.010000	0.014000	0.044000	30057	29862	29390	24995	25007	25022
73	1.355053	0.000102	0.220000	-1.650000	-6.090000	-0.010000	0.014000	0.044000	30022	29835	29391	24995	25007	25022
74	1.389470	0.034417	0.220000	-1.650000	-6.090000	0.028000	0.002000	0.036000	30022	29835	29391	25014	25001	25018
75	1.389737	0.000268	0.380000	-1.630000	-5.300000	0.028000	0.002000	0.036000	30038	29837	29470	25014	25001	25018
76	1.423926	0.034189	0.380000	-1.630000	-5.300000	0.028000	0.020000	0.034000	30038	29837	29470	25014	25010	25017
77	1.424001	0.000075	0.440000	-1.640000	-5.290000	0.028000	0.020000	0.034000	30044	29836	29471	25014	25010	25017
78	1.455055	0.031054	0.440000	-1.640000	-5.290000	0.024000	0.018000	0.032000	30044	29836	29471	25012	25009	25016
79	1.455181	0.000126	0.050000	-1.650000	-5.280000	0.024000	0.018000	0.032000	30005	29835	29472	25012	25009	25016
80	1.484471	0.029290	0.050000	-1.650000	-5.280000	0.032000	-0.018000	0.022000	30005	29835	29472	25016	24991	25011
81	1.484558	0.000087	0.130000	-1.530000	-5.300000	0.032000	-0.018000	0.022000	30013	29847	29470	25016	24991	25011
82	1.528062	0.043505	0.130000	-1.530000	-5.300000	0.024000	-0.010000	0.020000	30013	29847	29470	25012	24995	25010
83	1.528155	0.000093	0.110000	-1.510000	-5.570000	0.024000	-0.010000	0.020000	30011	29849	29443	25012	24995	25010
84	1.568661	0.040506	0.110000	-1.510000	-5.570000	0.022000	-0.012000	0.020000	30011	29849	29443	25011	24994	25010
85	1.568742	0.000081	0.540000	-1.340000	-5.580000	0.022000	-0.012000	0.020000	30054	29866	29442	25011	24994	25010
86	1.600376	0.031634	0.540000	-1.340000	-5.580000	-0.008000	0.010000	0.022000	30054	29866	29442	24996	25005	25011
87	1.600460	0.000084	0.450000	-1.530000	-5.560000	-0.008000	0.010000	0.022000	30045	29847	29444	24996	25005	25011
88	1.635937	0.035477	0.450000	-1.530000	-5.560000	0.008000	-0.004000	0.024000	30045	29847	29444	25004	24998	25012
89	1.636001	0.000064	0.370000	-1.490000	-6.100000	0.008000	-0.004000	0.024000	30037	29851	29390	25004	24998	25012
90	1.664476	0.028476	0.370000	-1.490000	-6.100000	0.000000	-0.010000	0.026000	30037	29851	29390	25000	24995	25013
91	1.664634	0.000158	0.140000	-1.650000	-6.100000	0.000000	-0.010000	0.026000	30014	29835	29390	25000	24995	25013
92	1.693459	0.028824	0.140000	-1.650000	-6.100000	0.024000	-0.024000	0.036000	30014	29835	29390	25012	24988	25018
93	1.693555	0.000097	0.150000	-1.910000	-6.110000	0.024000	-0.024000	0.036000	30015	29809	29389	25012	24988	25018
94	1.761242	0.067687	0.150000	-1.910000	-6.110000	0.044000	-0.018000	0.034000	30015	29809	29389	25022	24991	25017
95	1.761307	0.000064	0.140000	-1.920000	-5.580000	0.044000	-0.018000	0.034000	30014	29808	29442	25022	24991	25017
96	1.796574	0.035267	0.140000	-1.920000	-5.580000	0.040000	-0.020000	0.036000	30014	29808	29442	25020	24990	25018
97	1.796647	0.000073	0.200000	-1.870000	-5.580000	0.040000	-0.020000	0.036000	30020	29813	29442	25020	24990	25018
98	1.826946	0.030299	0.200000	-1.870000	-5.580000	0.034000	-0.016000	0.030000	30020	29813	29442	25017	24992	25015
99	1.827045	0.000099	0.190000	-1.730000	-5.590000	0.034000	-0.016000	0.030000	30019	29827	29441	25017	24992	25015
100	1.864856	0.037811	0.190000	-1.730000	-5.590000	0.016000	-0.010000	0.026000	30019	29827	29441	25008	24995	25013
101	1.865011	0.000156	0.430000	-1.840000	-4.770000	0.016000	-0.010000	0.026000	30043	29816	29523	25008	24995	25013
102	1.913029	0.048018	0.430000	-1.840000	-4.770000	0.040000	0.008000	0.022000	30043	29816	29523	25020	25004	25011
103	1.913208	0.000179	0.130000	-1.950000	-4.770000	0.040000	0.008000	0.022000	30013	29805	29523	25020	25004	25011
104	1.942306	0.029098	0.130000	-1.950000	-4.770000	0.062000	-0.008000	0.018000	30013	29805	29523	25031	24996	25009
105	1.942387	0.000081	0.030000	-1.840000	-4.720000	0.062000	-0.008000	0.018000	30003	29816	29528	25031	24996	25009
106	1.972114	0.029726	0.030000	-1.840000	-4.720000	0.054000	-0.022000	0.024000	30003	29816	29528	25027	24989	25012
107	1.972309	0.000195	0.060000	-1.820000	-5.790000	0.054000	-0.022000	0.024000	30006	29818	29421	25027	24989	25012
108	2.001772	0.029463	0.060000	-1.820000	-5.790000	0.064000	-0.020000	0.022000	30006	29818	29421	25032	24990	25011
109	2.001854	0.000083	-0.130000	-1.870000	-5.780000	0.064000	-0.020000	0.022000	29987	29813	29422	25032	24990	25011
110	2.030548	0.028694	-0.130000	-1.870000	-5.780000	0.074000	-0.028000	0.016000	29987	29813	29422	25037	24986	25008
111	2.030612	0.000064	0.010000	-1.520000	-5.820000	0.074000	-0.028000	0.016000	30001	29848	29418	25037	24986	25008
112	2.058786	0.028173	0.010000	-1.520000	-5.820000	0.048000	-0.012000	0.010000	30001	29848	29418	25024	24994	25005
113	2.058864	0.000078	-0.080000	-1.510000	-5.020000	0.048000	-0.012000	0.010000	29992	29849	29498	25024	24994	25005
114	2.089125	0.030261	-0.080000	-1.510000	-5.020000	0.032000	-0.018000	0.014000	29992	29849	29498	25016	24991	25007
115	2.089291	0.000166	0.540000	-1.370000	-5.040000	0.032000	-0.018000	0.014000	30054	29863	29496	25016	24991	25007
116	2.125354	0.036063	0.540000	-1.370000	-5.040000	-0.004000	0.012000	0.034000	30054	29863	29496	24998	25006	25017
117	2.125464	0.000110	0.530000	-1.290000	-5.000000	-0.004000	0.012000	0.034000	30053	29871	29500	24998	25006	25017
118	2.154665	0.029201	0.530000	-1.290000	-5.000000	-0.006000	0.018000	0.040000	30053	29871	29500	24997	25009	25020
119	2.154720	0.000055	0.490000	-1.260000	-5.540000	-0.006000	0.018000	0.040000	30049	29874	29446	24997	25009	25020
120	2.184375	0.029654	0.490000	-1.260000	-5.540000	-0.006000	0.016000	0.040000	30049	29874	29446	24997	25008	25020
121	2.184433	0.000058	0.180000	-1.330000	-5.530000	-0.006000	0.016000	0.040000	30018	29867	29447	24997	25008	25020
122	2.213475	0.029042	0.180000	-1.330000	-5.530000	0.012000	0.000000	0.030000	30018	29867	29447	25006	25000	25015
123	2.213551	0.000076	0.090000	-2.570000	-5.570000	0.012000	0.000000	0.030000	30009	29743	29443	25006	25000	25015
124	2.240875	0.027324	0.090000	-2.570000	-5.570000	0.108000	-0.022000	0.028000	30009	29743	29443	25054	24989	25014
125	2.240959	0.000083	0.010000	-2.550000	-5.300000	0.108000	-0.022000	0.028000	30001	29745	29470	25054	24989	25014
126	2.266402	0.025443	0.010000	-2.550000	-5.300000	0.096000	-0.028000	0.030000	30001	29745	29470	25048	24986	25015
127	2.266499	0.000097	0.120000	-2.410000	-5.300000	0.096000	-0.028000	0.030000	30012	29759	29470	25048	24986	25015
128	2.292595	0.026096	0.120000	-2.410000	-5.300000	0.082000	-0.020000	0.014000	30012	29759	29470	25041	24990	25007
129	2.292657	0.000063	0.230000	-1.430000	-5.250000	0.082000	-0.020000	0.014000	30023	29857	29475	25041	24990	25007
130	2.322944	0.030287	0.230000	-1.430000	-5.250000	0.010000	-0.010000	0.026000	30023	29857	29475	25005	24995	25013
131	2.323026	0.000082	0.330000	-1.460000	-5.240000	0.010000	-0.010000	0.026000	30033	29854	29476	25005	24995	25013
132	2.356520	0.033494	0.330000	-1.460000	-5.240000	0.022000	-0.002000	0.024000	30033	29854	29476	25011	24999	25012
133	2.356592	0.000072	0.280000	-1.590000	-5.250000	0.022000	-0.002000	0.024000	30028	29841	29475	25011	24999	25012
134	2.387029	0.030437	0.280000	-1.590000	-5.250000	0.034000	-0.008000	0.042000	30028	29841	29475	25017	24996	25021
135	2.387245	0.000217	0.200000	-2.010000	-5.300000	0.034000	-0.008000	0.042000	30020	29799	29470	25017	24996	25021
136	2.414998	0.027753	0.200000	-2.010000	-5.300000	0.058000	-0.018000	0.030000	30020	29799	29470	25029	24991	25015
137	2.415054	0.000056	0.260000	-2.080000	-4.760000	0.058000	-0.018000	0.030000	30026	29792	29524	25029	24991	25015
138	2.440275	0.025221	0.260000	-2.080000	-4.760000	0.062000	-0.010000	0.030000	30026	29792	29524	25031	24995	25015
139	2.440362	0.000087	0.380000	-1.970000	-4.760000	0.062000	-0.010000	0.030000	30038	29803	29524	25031	24995	25015
140	2.469622	0.029260	0.380000	-1.970000	-4.760000	0.050000	-0.004000	0.022000	30038	29803	29524	25025	24998	25011
141	2.469717	0.000095	0.440000	-2.250000	-4.730000	0.050000	-0.004000	0.022000	30044	29775	29527	25025	24998	25011
142	2.501748	0.032031	0.440000	-2.250000	-4.730000	0.084000	0.006000	0.032000	30044	29775	29527	25042	25003	25016
143	2.501823	0.000076	0.410000	-2.230000	-5.270000	0.084000	0.006000	0.032000	30041	29777	29473	25042	25003	25016
144	2.533780	0.031957	0.410000	-2.230000	-5.270000	0.084000	0.004000	0.032000	30041	29777	29473	25042	25002	25016
145	2.533875	0.000094	0.410000	-2.230000	-5.270000	0.084000	0.004000	0.032000	30041	29777	29473	25042	25002	25016
146	2.568371	0.034496	0.410000	-2.230000	-5.270000	0.084000	0.004000	0.032000	30041	29777	29473	25042	25002	25016
147	2.568556	0.000185	0.390000	-2.300000	-5.290000	0.084000	0.004000	0.032000	30039	29770	29471	25042	25002	25016
148	2.597998	0.029442	0.390000	-2.300000	-5.290000	0.072000	-0.012000	0.026000	30039	29770	29471	25036	24994	25013
149	2.598065	0.000067	0.440000	-2.310000	-5.290000	0.072000	-0.012000	0.026000	30044	29769	29471	25036	24994	25013
150	2.624863	0.026797	0.440000	-2.310000	-5.290000	0.076000	-0.008000	0.026000	30044	29769	29471	25038	24996	25013
151	2.624947	0.000085	0.560000	-2.250000	-5.290000	0.076000	-0.008000	0.026000	30056	29775	29471	25038	24996	25013
152	2.654828	0.029880	0.560000	-2.250000	-5.290000	0.066000	-0.002000	0.024000	30056	29775	29471	25033	24999	25012
153	2.654990	0.000162	0.670000	-1.610000	-5.260000	0.066000	-0.002000	0.024000	30067	29839	29474	25033	24999	25012
154	2.689169	0.034180	0.670000	-1.610000	-5.260000	0.030000	0.026000	0.030000	30067	29839	29474	25015	25013	25015
155	2.689231	0.000062	0.540000	-1.480000	-5.790000	0.030000	0.026000	0.030000	30054	29852	29421	25015	25013	25015
156	2.716053	0.026822	0.540000	-1.480000	-5.790000	0.016000	0.010000	0.030000	30054	29852	29421	25008	25005	25015
157	2.716117	0.000064	0.540000	-1.480000	-5.790000	0.016000	0.010000	0.030000	30054	29852	29421	25008	25005	25015
158	2.746862	0.030744	0.540000	-1.480000	-5.790000	0.016000	0.010000	0.030000	30054	29852	29421	25008	25005	25015
159	2.746930	0.000068	0.580000	-1.980000	-5.840000	0.016000	0.010000	0.030000	30058	29802	29416	25008	25005	25015
160	2.774187	0.027258	0.580000	-1.980000	-5.840000	0.036000	-0.004000	0.026000	30058	29802	29416	25018	24998	25013
161	2.774255	0.000068	0.570000	-1.940000	-5.060000	0.036000	-0.004000	0.026000	30057	29806	29494	25018	24998	25013
162	2.835896	0.061641	0.570000	-1.940000	-5.060000	0.018000	0.002000	0.028000	30057	29806	29494	25009	25001	25014
163	2.835960	0.000064	0.450000	-2.000000	-5.060000	0.018000	0.002000	0.028000	30045	29800	29494	25009	25001	25014
164	2.865337	0.029377	0.450000	-2.000000	-5.060000	0.028000	-0.006000	0.030000	30045	29800	29494	25014	24997	25015
165	2.865424	0.000086	-0.070000	-1.950000	-5.020000	0.028000	-0.006000	0.030000	29993	29805	29498	25014	24997	25015
166	2.893831	0.028407	-0.070000	-1.950000	-5.020000	0.034000	-0.036000	0.016000	29993	29805	29498	25017	24982	25008
167	2.893900	0.000069	0.080000	-1.370000	-4.980000	0.034000	-0.036000	0.016000	30008	29863	29502	25017	24982	25008
168	2.920122	0.026222	0.080000	-1.370000	-4.980000	0.002000	-0.010000	0.028000	30008	29863	29502	25001	24995	25014
169	2.920186	0.000064	0.120000	-1.370000	-5.240000	0.002000	-0.010000	0.028000	30012	29863	29476	25001	24995	25014
170	2.951649	0.031463	0.120000	-1.370000	-5.240000	0.006000	-0.008000	0.026000	30012	29863	29476	25003	24996	25013
171	2.951738	0.000089	0.430000	-1.320000	-5.260000	0.006000	-0.008000	0.026000	30043	29868	29474	25003	24996	25013
172	2.983806	0.032069	0.430000	-1.320000	-5.260000	-0.002000	0.010000	0.036000	30043	29868	29474	24999	25005	25018
173	2.983923	0.000117	0.370000	-1.360000	-5.310000	-0.002000	0.010000	0.036000	30037	29864	29469	24999	25005	25018
174	3.014360	0.030437	0.370000	-1.360000	-5.310000	-0.006000	-0.002000	0.024000	30037	29864	29469	24997	24999	25012
175	3.014478	0.000118	0.400000	-1.370000	-5.570000	-0.006000	-0.002000	0.024000	30040	29863	29443	24997	24999	25012
176	3.046911	0.032433	0.400000	-1.370000	-5.570000	-0.002000	0.000000	0.024000	30040	29863	29443	24999	25000	25012
177	3.046990	0.000080	0.120000	-1.660000	-5.570000	-0.002000	0.000000	0.024000	30012	29834	29443	24999	25000	25012
178	3.079989	0.032999	0.120000	-1.660000	-5.570000	0.036000	-0.010000	0.024000	30012	29834	29443	25018	24995	25012
179	3.080072	0.000083	0.010000	-2.150000	-5.540000	0.036000	-0.010000	0.024000	30001	29785	29446	25018	24995	25012
180	3.113757	0.033685	0.010000	-2.150000	-5.540000	0.076000	-0.026000	0.032000	30001	29785	29446	25038	24987	25016
181	3.113844	0.000086	0.010000	-2.150000	-5.540000	0.076000	-0.026000	0.032000	30001	29785	29446	25038	24987	25016
182	3.150624	0.036780	0.010000	-2.150000	-5.540000	0.076000	-0.026000	0.032000	30001	29785	29446	25038	24987	25016
183	3.150683	0.000059	0.120000	-1.950000	-5.520000	0.076000	-0.026000	0.032000	30012	29805	29448	25038	24987	25016
184	3.185129	0.034447	0.120000	-1.950000	-5.520000	0.040000	-0.028000	0.032000	30012	29805	29448	25020	24986	25016
185	3.185205	0.000076	0.160000	-1.950000	-5.490000	0.040000	-0.028000	0.032000	30016	29805	29451	25020	24986	25016
186	3.218466	0.033261	0.160000	-1.950000	-5.490000	0.044000	-0.020000	0.038000	30016	29805	29451	25022	24990	25019
187	3.218573	0.000107	0.130000	-1.940000	-5.230000	0.044000	-0.020000	0.038000	30013	29806	29477	25022	24990	25019
188	3.251295	0.032722	0.130000	-1.940000	-5.230000	0.040000	-0.022000	0.040000	30013	29806	29477	25020	24989	25020
189	3.251375	0.000081	0.630000	-1.890000	-5.260000	0.040000	-0.022000	0.040000	30063	29811	29474	25020	24989	25020
190	3.279370	0.027995	0.630000	-1.890000	-5.260000	0.032000	0.010000	0.042000	30063	29811	29474	25016	25005	25021
191	3.279441	0.000071	0.800000	-1.290000	-5.310000	0.032000	0.010000	0.042000	30080	29871	29469	25016	25005	25021
192	3.313441	0.034000	0.800000	-1.290000	-5.310000	-0.016000	0.040000	0.034000	30080	29871	29469	24992	25020	25017
193	3.313574	0.000133	0.890000	-1.330000	-5.300000	-0.016000	0.040000	0.034000	30089	29867	29470	24992	25020	25017
194	3.346064	0.032490	0.890000	-1.330000	-5.300000	-0.006000	0.046000	0.032000	30089	29867	29470	24997	25023	25016
195	3.346153	0.000089	0.350000	-1.610000	-5.300000	-0.006000	0.046000	0.032000	30035	29839	29470	24997	25023	25016
196	3.376456	0.030303	0.350000	-1.610000	-5.300000	0.042000	0.018000	0.032000	30035	29839	29470	25021	25009	25016
197	3.376520	0.000064	0.290000	-1.830000	-5.280000	0.042000	0.018000	0.032000	30029	29817	29472	25021	25009	25016
198	3.404497	0.027977	0.290000	-1.830000	-5.280000	0.062000	0.008000	0.034000	30029	29817	29472	25031	25004	25017
199	3.404624	0.000128	0.160000	-1.770000	-5.830000	0.062000	0.008000	0.034000	30016	29823	29417	25031	25004	25017
200	3.431017	0.026393	0.160000	-1.770000	-5.830000	0.050000	-0.002000	0.036000	30016	29823	29417	25025	24999	25018
201	3.431143	0.000126	0.090000	-1.700000	-5.810000	0.050000	-0.002000	0.036000	30009	29830	29419	25025	24999	25018
202	3.459227	0.028084	0.090000	-1.700000	-5.810000	0.042000	-0.008000	0.030000	30009	29830	29419	25021	24996	25015
203	3.459298	0.000071	-0.030000	-2.040000	-5.770000	0.042000	-0.008000	0.030000	29997	29796	29423	25021	24996	25015
204	3.492304	0.033006	-0.030000	-2.040000	-5.770000	0.072000	-0.028000	0.038000	29997	29796	29423	25036	24986	25019
205	3.492400	0.000097	-0.030000	-2.060000	-4.960000	0.072000	-0.028000	0.038000	29997	29794	29504	25036	24986	25019
206	3.520489	0.028089	-0.030000	-2.060000	-4.960000	0.066000	-0.028000	0.038000	29997	29794	29504	25033	24986	25019
207	3.520565	0.000076	0.210000	-1.970000	-4.970000	0.066000	-0.028000	0.038000	30021	29803	29503	25033	24986	25019
208	3.546073	0.025508	0.210000	-1.970000	-4.970000	0.050000	-0.014000	0.040000	30021	29803	29503	25025	24993	25020
209	3.546161	0.000088	0.050000	-2.000000	-4.980000	0.050000	-0.014000	0.040000	30005	29800	29502	25025	24993	25020
210	3.575818	0.029658	0.050000	-2.000000	-4.980000	0.040000	-0.034000	0.032000	30005	29800	29502	25020	24983	25016
211	3.575896	0.000077	0.200000	-2.040000	-5.500000	0.040000	-0.034000	0.032000	30020	29796	29450	25020	24983	25016
212	3.608530	0.032634	0.200000	-2.040000	-5.500000	0.060000	-0.022000	0.028000	30020	29796	29450	25030	24989	25014
213	3.608612	0.000083	0.390000	-1.960000	-5.510000	0.060000	-0.022000	0.028000	30039	29804	29449	25030	24989	25014
214	3.637587	0.028975	0.390000	-1.960000	-5.510000	0.048000	-0.012000	0.028000	30039	29804	29449	25024	24994	25014
215	3.637679	0.000092	0.580000	-1.050000	-5.550000	0.048000	-0.012000	0.028000	30058	29895	29445	25024	24994	25014
216	3.665662	0.027983	0.580000	-1.050000	-5.550000	-0.022000	0.022000	0.018000	30058	29895	29445	24989	25011	25009
217	3.665748	0.000086	0.440000	-0.990000	-5.560000	-0.022000	0.022000	0.018000	30044	29901	29444	24989	25011	25009
218	3.697453	0.031706	0.440000	-0.990000	-5.560000	-0.036000	0.010000	0.022000	30044	29901	29444	24982	25005	25011
219	3.697611	0.000157	0.080000	-1.230000	-5.550000	-0.036000	0.010000	0.022000	30008	29877	29445	24982	25005	25011
220	3.737479	0.039868	0.080000	-1.230000	-5.550000	-0.008000	-0.010000	0.034000	30008	29877	29445	24996	24995	25017
221	3.737572	0.000094	-0.100000	-1.870000	-5.510000	-0.008000	-0.010000	0.034000	29990	29813	29449	24996	24995	25017
222	3.765740	0.028168	-0.100000	-1.870000	-5.510000	0.042000	-0.042000	0.042000	29990	29813	29449	25021	24979	25021
223	3.765811	0.000071	0.100000	-1.940000	-5.500000	0.042000	-0.042000	0.042000	30010	29806	29450	25021	24979	25021
224	3.795786	0.029975	0.100000	-1.940000	-5.500000	0.064000	-0.026000	0.038000	30010	29806	29450	25032	24987	25019
225	3.795868	0.000082	0.510000	-1.690000	-5.500000	0.064000	-0.026000	0.038000	30051	29831	29450	25032	24987	25019
226	3.822320	0.026451	0.510000	-1.690000	-5.500000	0.028000	-0.004000	0.028000	30051	29831	29450	25014	24998	25014
227	3.822388	0.000069	0.700000	-1.670000	-5.530000	0.028000	-0.004000	0.028000	30070	29833	29447	25014	24998	25014
228	3.856244	0.033856	0.700000	-1.670000	-5.530000	0.034000	0.022000	0.028000	30070	29833	29447	25017	25011	25014
229	3.856376	0.000132	0.660000	-1.680000	-4.730000	0.034000	0.022000	0.028000	30066	29832	29527	25017	25011	25014
230	3.885917	0.029541	0.660000	-1.680000	-4.730000	0.024000	0.018000	0.030000	30066	29832	29527	25012	25009	25015
231	3.885998	0.000081	0.480000	-1.760000	-4.730000	0.024000	0.018000	0.030000	30048	29824	29527	25012	25009	25015
232	3.917448	0.031450	0.480000	-1.760000	-4.730000	0.038000	0.008000	0.030000	30048	29824	29527	25019	25004	25015
233	3.917520	0.000072	0.510000	-1.940000	-4.750000	0.038000	0.008000	0.030000	30051	29806	29525	25019	25004	25015
234	3.942242	0.024723	0.510000	-1.940000	-4.750000	0.054000	0.020000	0.024000	30051	29806	29525	25027	25010	25012
235	3.942352	0.000110	0.260000	-1.830000	-5.570000	0.054000	0.020000	0.024000	30026	29817	29443	25027	25010	25012
236	3.984704	0.042351	0.260000	-1.830000	-5.570000	0.030000	0.000000	0.028000	30026	29817	29443	25015	25000	25014
237	3.984836	0.000133	0.330000	-1.810000	-5.580000	0.030000	0.000000	0.028000	30033	29819	29442	25015	25000	25014
238	4.016687	0.031851	0.330000	-1.810000	-5.580000	0.026000	0.004000	0.030000	30033	29819	29442	25013	25002	25015
239	4.016757	0.000070	0.330000	-1.740000	-5.570000	0.026000	0.004000	0.030000	30033	29826	29443	25013	25002	25015
240	4.045845	0.029088	0.330000	-1.740000	-5.570000	0.020000	-0.008000	0.036000	30033	29826	29443	25010	24996	25018
241	4.045929	0.000084	0.650000	-1.880000	-5.010000	0.020000	-0.008000	0.036000	30065	29812	29499	25010	24996	25018
242	4.074538	0.028609	0.650000	-1.880000	-5.010000	0.050000	0.028000	0.036000	30065	29812	29499	25025	25014	25018
243	4.074601	0.000063	0.650000	-1.880000	-5.010000	0.050000	0.028000	0.036000	30065	29812	29499	25025	25014	25018
244	4.103716	0.029115	0.650000	-1.880000	-5.010000	0.050000	0.028000	0.036000	30065	29812	29499	25025	25014	25018
245	4.103804	0.000088	0.780000	-1.450000	-5.050000	0.050000	0.028000	0.036000	30078	29855	29495	25025	25014	25018
246	4.134116	0.030312	0.780000	-1.450000	-5.050000	0.010000	0.052000	0.028000	30078	29855	29495	25005	25026	25014
247	4.134179	0.000063	0.630000	-1.580000	-5.600000	0.010000	0.052000	0.028000	30063	29842	29440	25005	25026	25014
248	4.161334	0.027154	0.630000	-1.580000	-5.600000	0.014000	0.026000	0.022000	30063	29842	29440	25007	25013	25011
249	4.161405	0.000071	0.630000	-1.580000	-5.600000	0.014000	0.026000	0.022000	30063	29842	29440	25007	25013	25011
250	4.193657	0.032252	0.630000	-1.580000	-5.600000	0.014000	0.026000	0.022000	30063	29842	29440	25007	25013	25011
251	4.193835	0.000178	0.200000	-1.380000	-5.530000	0.014000	0.026000	0.022000	30020	29862	29447	25007	25013	25011
252	4.221535	0.027700	0.200000	-1.380000	-5.530000	-0.006000	-0.032000	0.026000	30020	29862	29447	24997	24984	25013
253	4.221604	0.000069	0.200000	-1.380000	-5.530000	-0.006000	-0.032000	0.026000	30020	29862	29447	24997	24984	25013
254	4.252963	0.031359	0.200000	-1.380000	-5.530000	-0.006000	-0.032000	0.026000	30020	29862	29447	24997	24984	25013
255	4.253048	0.000084	0.190000	-1.390000	-4.990000	-0.006000	-0.032000	0.026000	30019	29861	29501	24997	24984	25013
256	4.282840	0.029792	0.190000	-1.390000	-4.990000	-0.010000	-0.034000	0.028000	30019	29861	29501	24995	24983	25014
257	4.283095	0.000255	0.350000	-1.970000	-5.030000	-0.010000	-0.034000	0.028000	30035	29803	29497	24995	24983	25014
258	4.314240	0.031145	0.350000	-1.970000	-5.030000	0.050000	-0.008000	0.026000	30035	29803	29497	25025	24996	25013
259	4.314360	0.000120	0.400000	-1.810000	-5.010000	0.050000	-0.008000	0.026000	30040	29819	29499	25025	24996	25013
260	4.353346	0.038986	0.400000	-1.810000	-5.010000	0.042000	0.000000	0.030000	30040	29819	29499	25021	25000	25015
261	4.353466	0.000121	0.310000	-1.990000	-5.000000	0.042000	0.000000	0.030000	30031	29801	29500	25021	25000	25015
262	4.388206	0.034739	0.310000	-1.990000	-5.000000	0.078000	-0.002000	0.032000	30031	29801	29500	25039	24999	25016
263	4.388328	0.000123	0.120000	-1.970000	-4.970000	0.078000	-0.002000	0.032000	30012	29803	29503	25039	24999	25016
264	4.432629	0.044301	0.120000	-1.970000	-4.970000	0.070000	-0.014000	0.026000	30012	29803	29503	25035	24993	25013
265	4.432707	0.000077	0.090000	-2.050000	-4.980000	0.070000	-0.014000	0.026000	30009	29795	29502	25035	24993	25013
266	4.462992	0.030285	0.090000	-2.050000	-4.980000	0.074000	-0.018000	0.024000	30009	29795	29502	25037	24991	25012
267	4.463071	0.000079	-0.280000	-2.100000	-6.320000	0.074000	-0.018000	0.024000	29972	29790	29368	25037	24991	25012
268	4.505339	0.042268	-0.280000	-2.100000	-6.320000	0.086000	-0.042000	0.030000	29972	29790	29368	25043	24979	25015
269	4.505410	0.000071	-0.010000	-1.470000	-6.380000	0.086000	-0.042000	0.030000	29999	29853	29362	25043	24979	25015
270	4.535995	0.030585	-0.010000	-1.470000	-6.380000	0.034000	-0.012000	0.026000	29999	29853	29362	25017	24994	25013
271	4.536080	0.000085	0.010000	-1.400000	-6.370000	0.034000	-0.012000	0.026000	30001	29860	29363	25017	24994	25013
272	4.565649	0.029569	0.010000	-1.400000	-6.370000	0.030000	-0.006000	0.026000	30001	29860	29363	25015	24997	25013
273	4.565719	0.000071	0.560000	-1.190000	-5.300000	0.030000	-0.006000	0.026000	30056	29881	29470	25015	24997	25013
274	4.593865	0.028146	0.560000	-1.190000	-5.300000	-0.006000	0.026000	0.018000	30056	29881	29470	24997	25013	25009
275	4.593953	0.000087	0.260000	-2.160000	-5.240000	-0.006000	0.026000	0.018000	30026	29784	29476	24997	25013	25009
276	4.622606	0.028654	0.260000	-2.160000	-5.240000	0.080000	-0.018000	0.030000	30026	29784	29476	25040	24991	25015
277	4.622677	0.000070	0.210000	-2.200000	-5.240000	0.080000	-0.018000	0.030000	30021	29780	29476	25040	24991	25015
278	4.652259	0.029582	0.210000	-2.200000	-5.240000	0.080000	-0.026000	0.028000	30021	29780	29476	25040	24987	25014
279	4.652331	0.000072	-0.010000	-1.510000	-5.250000	0.080000	-0.026000	0.028000	29999	29849	29475	25040	24987	25014
280	4.682887	0.030556	0.280000	-1.200000	-2.170000	0.080000	-0.026000	0.028000	30028	29880	29783	25040	24987	25014
281	4.715444	0.032557	0.280000	-1.200000	-2.170000	-0.012000	-0.018000	0.030000	30028	29880	29783	24994	24991	25015
282	4.715525	0.000081	0.310000	-1.200000	-2.460000	-0.012000	-0.018000	0.030000	30031	29880	29754	24994	24991	25015
283	4.740561	0.025036	0.310000	-1.200000	-2.460000	0.016000	0.000000	0.022000	30031	29880	29754	25008	25000	25011
284	4.740618	0.000057	0.350000	-1.020000	-2.160000	0.016000	0.000000	0.022000	30035	29898	29784	25008	25000	25011
285	4.768681	0.028063	0.350000	-1.020000	-2.160000	-0.034000	-0.018000	0.030000	30035	29898	29784	24983	24991	25015
286	4.768784	0.000102	0.000000	-1.000000	-2.130000	-0.034000	-0.018000	0.030000	30000	29900	29787	24983	24991	25015
287	4.799430	0.030646	0.000000	-1.000000	-2.130000	-0.008000	-0.030000	0.030000	30000	29900	29787	24996	24985	25015
288	4.799491	0.000061	0.390000	-0.770000	-2.440000	-0.008000	-0.030000	0.030000	30039	29923	29756	24996	24985	25015
289	4.827813	0.028322	0.390000	-0.770000	-2.440000	-0.008000	-0.030000	0.030000	30039	29923	29756	24996	24985	25015
290	4.855918	0.028106	0.010000	-1.630000	-2.930000	-0.008000	-0.030000	0.030000	30001	29837	29707	24996	24985	25015
291	4.885917	0.029999	0.010000	-1.630000	-2.930000	0.068000	-0.024000	0.030000	30001	29837	29707	25034	24988	25015
292	4.885984	0.000067	-0.400000	-1.730000	-2.940000	0.068000	-0.024000	0.030000	29960	29827	29706	25034	24988	25015
293	4.920269	0.034285	-0.400000	-1.730000	-2.940000	0.074000	-0.056000	0.042000	29960	29827	29706	25037	24972	25021
294	4.920342	0.000073	0.360000	-1.030000	-2.400000	0.074000	-0.056000	0.042000	30036	29897	29760	25037	24972	25021
295	4.949201	0.028859	0.360000	-1.030000	-2.400000	0.002000	0.006000	0.030000	30036	29897	29760	25001	25003	25015
296	4.949292	0.000092	0.360000	-1.030000	-2.400000	0.028000	-0.038000	0.028000	30036	29897	29760	25014	24981	25014
297	4.949332	0.000039	0.260000	-1.530000	-2.410000	0.028000	-0.038000	0.028000	30026	29847	29759	25014	24981	25014
298	4.979730	0.030398	0.480000	-0.780000	-2.400000	0.028000	-0.038000	0.028000	30048	29922	29760	25014	24981	25014
299	5.005190	0.025460	0.480000	-0.780000	-2.400000	-0.012000	0.002000	0.034000	30048	29922	29760	24994	25001	25017
300	5.005251	0.000061	0.370000	-1.310000	-3.750000	-0.012000	0.002000	0.034000	30037	29869	29625	24994	25001	25017
301	5.034366	0.029115	0.370000	-1.310000	-3.750000	0.046000	0.008000	0.042000	30037	29869	29625	25023	25004	25021
302	5.034512	0.000146	0.040000	-1.390000	-2.130000	0.046000	0.008000	0.042000	30004	29861	29787	25023	25004	25021
303	5.068501	0.033989	0.040000	-1.390000	-2.130000	0.018000	-0.028000	0.014000	30004	29861	29787	25009	24986	25007
304	5.068579	0.000078	0.210000	-1.430000	-3.000000	0.018000	-0.028000	0.014000	30021	29857	29700	25009	24986	25007
305	5.099640	0.031061	0.210000	-1.430000	-3.000000	0.004000	-0.030000	0.026000	30021	29857	29700	25002	24985	25013
306	5.099728	0.000088	0.600000	-1.230000	-2.160000	0.004000	-0.030000	0.026000	30060	29877	29784	25002	24985	25013
307	5.126888	0.027160	0.600000	-1.230000	-2.160000	0.022000	0.020000	0.038000	30060	29877	29784	25011	25010	25019
308	5.127021	0.000133	0.170000	-1.530000	-2.720000	0.022000	0.020000	0.038000	30017	29847	29728	25011	25010	25019
309	5.157500	0.030479	0.170000	-1.530000	-2.720000	0.042000	-0.012000	0.034000	30017	29847	29728	25021	24994	25017
310	5.157576	0.000075	0.170000	-1.530000	-2.720000	0.054000	-0.018000	0.032000	30017	29847	29728	25027	24991	25016
311	5.157600	0.000025	0.480000	-1.630000	-2.660000	0.054000	-0.018000	0.032000	30048	29837	29734	25027	24991	25016
312	5.189522	0.031922	-0.050000	-1.720000	-2.110000	0.054000	-0.018000	0.032000	29995	29828	29789	25027	24991	25016
313	5.214612	0.025090	-0.050000	-1.720000	-2.110000	0.078000	-0.026000	0.038000	29995	29828	29789	25039	24987	25019
314	5.214678	0.000065	0.370000	-1.410000	-2.940000	0.078000	-0.026000	0.038000	30037	29859	29706	25039	24987	25019
315	5.243776	0.029098	0.370000	-1.410000	-2.940000	0.028000	-0.020000	0.016000	30037	29859	29706	25014	24990	25008
316	5.243950	0.000174	-0.100000	-1.140000	-2.440000	0.028000	-0.020000	0.016000	29990	29886	29756	25014	24990	25008
317	5.272500	0.028550	-0.100000	-1.140000	-2.440000	0.022000	-0.026000	0.026000	29990	29886	29756	25011	24987	25013
318	5.272608	0.000109	0.340000	-1.190000	-3.780000	0.022000	-0.026000	0.026000	30034	29881	29622	25011	24987	25013
319	5.312234	0.039626	0.550000	-1.190000	-2.440000	0.022000	-0.026000	0.026000	30055	29881	29756	25011	24987	25013
320	5.346349	0.034115	0.210000	-1.240000	-2.720000	0.022000	-0.026000	0.026000	30021	29876	29728	25011	24987	25013
321	5.386427	0.040077	0.210000	-1.240000	-2.720000	0.010000	-0.014000	0.026000	30021	29876	29728	25005	24993	25013
322	5.386527	0.000100	0.140000	-1.430000	-2.120000	0.010000	-0.014000	0.026000	30014	29857	29788	25005	24993	25013
323	5.422878	0.036351	0.140000	-1.430000	-2.120000	0.034000	-0.020000	0.032000	30014	29857	29788	25017	24990	25016
324	5.422963	0.000084	0.240000	-1.220000	-2.450000	0.034000	-0.020000	0.032000	30024	29878	29755	25017	24990	25016
325	5.452226	0.029263	0.240000	-1.220000	-2.450000	0.008000	-0.012000	0.028000	30024	29878	29755	25004	24994	25014
326	5.452298	0.000072	0.270000	-1.370000	-2.430000	0.008000	-0.012000	0.028000	30027	29863	29757	25004	24994	25014
327	5.479664	0.027366	0.270000	-1.370000	-2.430000	0.028000	0.000000	0.030000	30027	29863	29757	25014	25000	25015
328	5.479757	0.000094	-0.290000	-1.500000	-2.700000	0.028000	0.000000	0.030000	29971	29850	29730	25014	25000	25015
329	5.507836	0.028079	-0.290000	-1.500000	-2.700000	0.052000	-0.046000	0.038000	29971	29850	29730	25026	24977	25019
330	5.507901	0.000065	0.660000	-1.070000	-1.660000	0.052000	-0.046000	0.038000	30066	29893	29834	25026	24977	25019
331	5.533387	0.025486	0.660000	-1.070000	-1.660000	-0.010000	0.016000	0.028000	30066	29893	29834	24995	25008	25014
332	5.533453	0.000065	0.110000	-1.460000	-2.650000	-0.010000	0.016000	0.028000	30011	29854	29735	24995	25008	25014
333	5.560902	0.027450	0.100000	-1.320000	-2.640000	-0.010000	0.016000	0.028000	30010	29868	29736	24995	25008	25014
334	5.596245	0.035343	0.350000	-1.230000	-2.650000	-0.010000	0.016000	0.028000	30035	29877	29735	24995	25008	25014
335	5.629403	0.033158	0.350000	-1.230000	-2.650000	0.016000	-0.006000	0.038000	30035	29877	29735	25008	24997	25019
336	5.629479	0.000076	0.200000	-0.910000	-2.670000	0.016000	-0.006000	0.038000	30020	29909	29733	25008	24997	25019
337	5.662257	0.032778	0.110000	-1.050000	-2.680000	0.016000	-0.006000	0.038000	30011	29895	29732	25008	24997	25019
338	5.689283	0.027025	0.320000	-1.780000	-2.670000	0.016000	-0.006000	0.038000	30032	29822	29733	25008	24997	25019
339	5.718454	0.029171	0.320000	-1.780000	-2.670000	0.078000	-0.006000	0.040000	30032	29822	29733	25039	24997	25020
340	5.718545	0.000092	0.140000	-1.290000	-2.450000	0.078000	-0.006000	0.040000	30014	29871	29755	25039	24997	25020
341	5.751243	0.032698	0.140000	-1.290000	-2.450000	0.026000	-0.012000	0.030000	30014	29871	29755	25013	24994	25015
342	5.751415	0.000172	0.140000	-1.290000	-2.450000	0.034000	-0.014000	0.032000	30014	29871	29755	25017	24993	25016
343	5.751466	0.000051	-0.280000	-0.860000	-2.970000	0.034000	-0.014000	0.032000	29972	29914	29703	25017	24993	25016
344	5.777497	0.026030	-0.080000	-1.080000	-1.890000	0.034000	-0.014000	0.032000	29992	29892	29811	25017	24993	25016
345	5.807391	0.029895	-0.080000	-1.080000	-1.890000	0.012000	-0.008000	0.034000	29992	29892	29811	25006	24996	25017
346	5.807466	0.000075	0.230000	-2.020000	-2.950000	0.012000	-0.008000	0.034000	30023	29798	29705	25006	24996	25017
347	5.833670	0.026204	0.230000	-2.020000	-2.950000	0.072000	-0.028000	0.022000	30023	29798	29705	25036	24986	25011
348	5.833759	0.000089	0.270000	-2.120000	-2.420000	0.072000	-0.028000	0.022000	30027	29788	29758	25036	24986	25011
349	5.865897	0.032138	0.180000	-2.050000	-2.410000	0.072000	-0.028000	0.022000	30018	29795	29759	25036	24986	25011
350	5.898945	0.033048	0.110000	-1.440000	-3.230000	0.072000	-0.028000	0.022000	30011	29856	29677	25036	24986	25011
351	5.926857	0.027912	0.110000	-1.440000	-3.230000	0.054000	-0.010000	0.020000	30011	29856	29677	25027	24995	25010
352	5.926922	0.000065	0.300000	-1.090000	-2.440000	0.054000	-0.010000	0.020000	30030	29891	29756	25027	24995	25010
353	5.954850	0.027928	0.180000	-1.150000	-2.440000	0.054000	-0.010000	0.020000	30018	29885	29756	25027	24995	25010
354	5.984159	0.029309	0.500000	-0.490000	-2.710000	0.054000	-0.010000	0.020000	30050	29951	29729	25027	24995	25010
355	6.013461	0.029302	0.500000	-0.490000	-2.710000	-0.020000	0.036000	0.014000	30050	29951	29729	24990	25018	25007
356	6.013535	0.000075	-0.010000	-1.030000	-2.660000	-0.020000	0.036000	0.014000	29999	29897	29734	24990	25018	25007
357	6.044280	0.030745	-0.010000	-1.030000	-2.660000	0.004000	-0.022000	0.042000	29999	29897	29734	25002	24989	25021
358	6.044385	0.000105	-0.010000	-1.030000	-2.660000	0.054000	-0.038000	0.032000	29999	29897	29734	25027	24981	25016
359	6.044415	0.000030	0.620000	-0.710000	-2.500000	0.054000	-0.038000	0.032000	30062	29929	29750	25027	24981	25016
360	6.074952	0.030537	-0.310000	-1.530000	-2.980000	0.054000	-0.038000	0.032000	29969	29847	29702	25027	24981	25016
361	6.112818	0.037866	-0.310000	-1.530000	-2.980000	0.058000	-0.044000	0.026000	29969	29847	29702	25029	24978	25013
362	6.112927	0.000109	-0.420000	-1.600000	-3.560000	0.058000	-0.044000	0.026000	29958	29840	29644	25029	24978	25013
363	6.148247	0.035319	-0.420000	-1.600000	-3.560000	0.074000	-0.044000	0.026000	29958	29840	29644	25037	24978	25013
364	6.148318	0.000071	0.180000	-1.580000	-2.640000	0.074000	-0.044000	0.026000	30018	29842	29736	25037	24978	25013
365	6.179267	0.030949	0.180000	-1.290000	-2.660000	0.074000	-0.044000	0.026000	30018	29871	29734	25037	24978	25013
366	6.213446	0.034179	0.270000	-1.190000	-2.720000	0.074000	-0.044000	0.026000	30027	29881	29728	25037	24978	25013
367	6.245825	0.032378	0.270000	-1.190000	-2.720000	0.026000	0.008000	0.016000	30027	29881	29728	25013	25004	25008
368	6.245897	0.000072	0.270000	-1.190000	-2.720000	-0.004000	-0.016000	0.010000	30027	29881	29728	24998	24992	25005
369	6.245920	0.000023	0.180000	-1.290000	-2.430000	-0.004000	-0.016000	0.010000	30018	29871	29757	24998	24992	25005
370	6.276347	0.030427	0.180000	-1.290000	-2.430000	0.026000	-0.034000	0.032000	30018	29871	29757	25013	24983	25016
371	6.276428	0.000081	-0.290000	-1.390000	-2.970000	0.026000	-0.034000	0.032000	29971	29861	29703	25013	24983	25016
372	6.306847	0.030418	0.510000	-1.170000	-2.160000	0.026000	-0.034000	0.032000	30051	29883	29784	25013	24983	25016
373	6.332071	0.025225	0.510000	-1.170000	-2.160000	0.000000	0.010000	0.026000	30051	29883	29784	25000	25005	25013
374	6.332131	0.000059	-0.170000	-1.040000	-2.970000	0.000000	0.010000	0.026000	29983	29896	29703	25000	25005	25013
375	6.361727	0.029596	-0.170000	-1.040000	-2.970000	0.000000	-0.038000	0.036000	29983	29896	29703	25000	24981	25018
376	6.361839	0.000113	0.640000	-1.150000	-1.880000	0.000000	-0.038000	0.036000	30064	29885	29812	25000	24981	25018
377	6.392964	0.031124	0.640000	-1.150000	-1.880000	0.012000	0.028000	0.034000	30064	29885	29812	25006	25014	25017
378	6.393037	0.000074	0.650000	-1.320000	-2.980000	0.012000	0.028000	0.034000	30065	29868	29702	25006	25014	25017
379	6.419226	0.026188	0.650000	-1.320000	-2.980000	0.024000	0.030000	0.034000	30065	29868	29702	25012	25015	25017
380	6.419324	0.000098	-0.070000	-1.520000	-2.670000	0.024000	0.030000	0.034000	29993	29848	29733	25012	25015	25017
381	6.444325	0.025001	-0.070000	-1.520000	-2.670000	0.050000	-0.046000	0.028000	29993	29848	29733	25025	24977	25014
382	6.444405	0.000081	0.150000	-1.400000	-2.120000	0.050000	-0.046000	0.028000	30015	29860	29788	25025	24977	25014
383	6.471100	0.026694	0.150000	-1.400000	-2.120000	0.042000	-0.010000	0.040000	30015	29860	29788	25021	24995	25020
384	6.471169	0.000069	0.260000	-0.960000	-2.940000	0.042000	-0.010000	0.040000	30026	29904	29706	25021	24995	25020
385	6.498802	0.027634	0.260000	-0.960000	-2.940000	-0.006000	-0.002000	0.028000	30026	29904	29706	24997	24999	25014
386	6.498869	0.000067	0.020000	-1.880000	-2.420000	-0.006000	-0.002000	0.028000	30002	29812	29758	24997	24999	25014
387	6.524339	0.025469	0.020000	-1.880000	-2.420000	0.086000	-0.024000	0.028000	30002	29812	29758	25043	24988	25014
388	6.524411	0.000073	0.540000	-0.750000	-3.220000	0.086000	-0.024000	0.028000	30054	29925	29678	25043	24988	25014
389	6.554743	0.030332	0.540000	-0.750000	-3.220000	-0.044000	-0.006000	0.036000	30054	29925	29678	24978	24997	25018
390	6.554826	0.000083	-0.280000	-2.120000	-2.410000	-0.044000	-0.006000	0.036000	29972	29788	29759	24978	24997	25018
391	6.585309	0.030483	-0.280000	-2.120000	-2.410000	0.108000	-0.054000	0.040000	29972	29788	29759	25054	24973	25020
392	6.585383	0.000074	0.040000	-1.980000	-2.170000	0.108000	-0.054000	0.040000	30004	29802	29783	25054	24973	25020
393	6.614154	0.028771	0.040000	-1.980000	-2.170000	0.076000	-0.036000	0.030000	30004	29802	29783	25038	24982	25015
394	6.614253	0.000100	-0.110000	-1.420000	-2.650000	0.076000	-0.036000	0.030000	29989	29858	29735	25038	24982	25015
395	6.643981	0.029727	-0.210000	-0.910000	-2.650000	0.076000	-0.036000	0.030000	29979	29909	29735	25038	24982	25015
396	6.675888	0.031907	0.400000	-1.480000	-2.410000	0.076000	-0.036000	0.030000	30040	29852	29759	25038	24982	25015
397	6.705430	0.029543	0.400000	-1.480000	-2.410000	0.034000	-0.018000	0.044000	30040	29852	29759	25017	24991	25022
398	6.705506	0.000076	0.050000	0.100000	-0.230000	0.034000	-0.018000	0.044000	30005	30010	29977	25017	24991	25022
399	6.733856	0.028350	0.050000	0.100000	-0.230000	0.010000	0.016000	-0.008000	30005	30010	29977	25005	25008	24996
400	6.733923	0.000067	0.050000	-0.110000	-0.260000	0.010000	0.016000	-0.008000	30005	29989	29974	25005	25008	24996
401	6.762791	0.028868	0.050000	-0.110000	-0.260000	0.012000	0.000000	-0.016000	30005	29989	29974	25006	25000	24992
402	6.762872	0.000080	0.020000	-0.090000	-0.790000	0.012000	0.000000	-0.016000	30002	29991	29921	25006	25000	24992
403	6.789851	0.026979	0.020000	-0.090000	-0.790000	0.012000	-0.002000	-0.016000	30002	29991	29921	25006	24999	24992
404	6.789967	0.000116	-0.020000	-0.130000	-0.780000	0.012000	-0.002000	-0.016000	29998	29987	29922	25006	24999	24992
405	6.815569	0.025602	-0.020000	-0.130000	-0.780000	0.014000	-0.012000	-0.014000	29998	29987	29922	25007	24994	24993
406	6.815690	0.000121	-0.010000	0.290000	-0.740000	0.014000	-0.012000	-0.014000	29999	30029	29926	25007	24994	24993
407	6.843378	0.027688	-0.010000	0.290000	-0.740000	-0.002000	0.004000	0.004000	29999	30029	29926	24999	25002	25002
408	6.843471	0.000093	0.040000	0.250000	0.070000	-0.002000	0.004000	0.004000	30004	30025	30007	24999	25002	25002
409	6.873397	0.029926	0.040000	0.250000	0.070000	0.000000	0.008000	0.004000	30004	30025	30007	25000	25004	25002
410	6.873461	0.000064	0.190000	0.570000	0.020000	0.000000	0.008000	0.004000	30019	30057	30002	25000	25004	25002
411	6.902565	0.029104	0.190000	0.570000	0.020000	-0.022000	0.038000	-0.006000	30019	30057	30002	24989	25019	24997
412	6.902625	0.000060	0.230000	0.710000	0.040000	-0.022000	0.038000	-0.006000	30023	30071	30004	24989	25019	24997
413	6.930364	0.027739	0.230000	0.710000	0.040000	-0.054000	0.034000	-0.012000	30023	30071	30004	24973	25017	24994
414	6.930436	0.000072	0.250000	0.690000	0.320000	-0.054000	0.034000	-0.012000	30025	30069	30032	24973	25017	24994
415	6.959746	0.029310	0.250000	0.690000	0.320000	-0.052000	0.036000	-0.012000	30025	30069	30032	24974	25018	24994
416	6.959842	0.000096	0.070000	-0.090000	0.370000	-0.052000	0.036000	-0.012000	30007	29991	30037	24974	25018	24994
417	6.987261	0.027419	0.070000	-0.090000	0.370000	0.002000	0.006000	-0.002000	30007	29991	30037	25001	25003	24999
418	6.987339	0.000078	-0.870000	-0.920000	0.330000	0.002000	0.006000	-0.002000	29913	29908	30033	25001	25003	24999
419	7.015619	0.028281	-0.870000	-0.920000	0.330000	0.102000	-0.054000	0.002000	29913	29908	30033	25051	24973	25001
420	7.015702	0.000083	-0.920000	-0.880000	-0.490000	0.102000	-0.054000	0.002000	29908	29912	29951	25051	24973	25001
421	7.045522	0.029820	-0.920000	-0.880000	-0.490000	0.100000	-0.058000	0.002000	29908	29912	29951	25050	24971	25001
422	7.045598	0.000076	-0.920000	-0.880000	-0.490000	0.100000	-0.058000	0.002000	29908	29912	29951	25050	24971	25001
423	7.071987	0.026389	-0.920000	-0.880000	-0.490000	0.100000	-0.058000	0.002000	29908	29912	29951	25050	24971	25001
424	7.072053	0.000066	-0.110000	-0.040000	-0.470000	0.100000	-0.058000	0.002000	29989	29996	29953	25050	24971	25001
425	7.102197	0.030144	-0.110000	-0.040000	-0.470000	0.010000	-0.014000	0.004000	29989	29996	29953	25005	24993	25002
426	7.102344	0.000146	-0.060000	-0.080000	0.350000	0.010000	-0.014000	0.004000	29994	29992	30035	25005	24993	25002
427	7.132283	0.029940	-0.060000	-0.080000	0.350000	0.010000	-0.010000	0.004000	29994	29992	30035	25005	24995	25002
428	7.132358	0.000074	0.000000	0.150000	0.330000	0.010000	-0.010000	0.004000	30000	30015	30033	25005	24995	25002
429	7.162727	0.030369	0.000000	0.150000	0.330000	-0.008000	0.002000	0.000000	30000	30015	30033	24996	25001	25000
430	7.162822	0.000096	-0.250000	0.040000	0.340000	-0.008000	0.002000	0.000000	29975	30004	30034	24996	25001	25000
431	7.194940	0.032118	-0.250000	0.040000	0.340000	0.002000	-0.012000	-0.002000	29975	30004	30034	25001	24994	24999
432	7.195011	0.000071	-0.200000	0.200000	0.360000	0.002000	-0.012000	-0.002000	29980	30020	30036	25001	24994	24999
433	7.225477	0.030466	-0.200000	0.200000	0.360000	-0.006000	-0.004000	0.000000	29980	30020	30036	24997	24998	25000
434	7.225557	0.000080	-0.140000	0.440000	0.340000	-0.006000	-0.004000	0.000000	29986	30044	30034	24997	24998	25000
435	7.257714	0.032157	-0.140000	0.440000	0.340000	-0.022000	0.008000	-0.004000	29986	30044	30034	24989	25004	24998
436	7.257802	0.000088	0.640000	0.450000	0.320000	-0.022000	0.008000	-0.004000	30064	30045	30032	24989	25004	24998
437	7.294400	0.036598	0.640000	0.450000	0.320000	-0.028000	0.062000	-0.006000	30064	30045	30032	24986	25031	24997
438	7.294498	0.000098	0.490000	0.260000	-0.790000	-0.028000	0.062000	-0.006000	30049	30026	29921	24986	25031	24997
439	7.328522	0.034024	0.490000	0.260000	-0.790000	-0.018000	0.042000	-0.012000	30049	30026	29921	24991	25021	24994
440	7.328586	0.000064	0.370000	-0.200000	-0.750000	-0.018000	0.042000	-0.012000	30037	29980	29925	24991	25021	24994
441	7.358337	0.029751	0.370000	-0.200000	-0.750000	0.016000	0.020000	-0.004000	30037	29980	29925	25008	25010	24998
442	7.358414	0.000077	0.090000	-0.320000	-0.750000	0.016000	0.020000	-0.004000	30009	29968	29925	25008	25010	24998
443	7.390044	0.031630	0.090000	-0.320000	-0.750000	0.032000	0.006000	-0.004000	30009	29968	29925	25016	25003	24998
444	7.390110	0.000066	0.090000	-0.320000	-0.750000	0.032000	0.006000	-0.004000	30009	29968	29925	25016	25003	24998
445	7.418740	0.028630	0.090000	-0.320000	-0.750000	0.032000	0.006000	-0.004000	30009	29968	29925	25016	25003	24998
446	7.418807	0.000067	0.130000	-0.350000	-0.210000	0.032000	0.006000	-0.004000	30013	29965	29979	25016	25003	24998
447	7.444812	0.026005	0.130000	-0.350000	-0.210000	0.034000	0.010000	-0.004000	30013	29965	29979	25017	25005	24998
448	7.444881	0.000070	0.010000	0.120000	-0.210000	0.034000	0.010000	-0.004000	30001	30012	29979	25017	25005	24998
449	7.470700	0.025818	0.010000	0.120000	-0.210000	-0.026000	-0.018000	0.008000	30001	30012	29979	24987	24991	25004
450	7.470761	0.000061	-0.090000	-0.200000	-0.240000	-0.026000	-0.018000	0.008000	29991	29980	29976	24987	24991	25004
451	7.498995	0.028234	-0.090000	-0.200000	-0.240000	-0.012000	-0.036000	0.002000	29991	29980	29976	24994	24982	25001
452	7.499071	0.000076	-0.050000	-0.220000	0.310000	-0.012000	-0.036000	0.002000	29995	29978	30031	24994	24982	25001
453	7.527351	0.028280	-0.050000	-0.220000	0.310000	-0.012000	-0.032000	0.002000	29995	29978	30031	24994	24984	25001
454	7.527428	0.000076	0.070000	0.310000	0.270000	-0.012000	-0.032000	0.002000	30007	30031	30027	24994	24984	25001
455	7.555582	0.028155	0.070000	0.310000	0.270000	-0.032000	0.002000	-0.022000	30007	30031	30027	24984	25001	24989
456	7.555663	0.000081	0.080000	0.640000	0.300000	-0.032000	0.002000	-0.022000	30008	30064	30030	24984	25001	24989
457	7.589556	0.033893	0.080000	0.640000	0.300000	-0.040000	0.018000	-0.012000	30008	30064	30030	24980	25009	24994
458	7.589630	0.000074	-0.040000	0.050000	0.330000	-0.040000	0.018000	-0.012000	29996	30005	30033	24980	25009	24994
459	7.620292	0.030662	-0.040000	0.050000	0.330000	0.006000	0.018000	-0.008000	29996	30005	30033	25003	25009	24996
460	7.620378	0.000087	0.210000	-0.030000	0.080000	0.006000	0.018000	-0.008000	30021	29997	30008	25003	25009	24996
461	7.653328	0.032949	0.210000	-0.030000	0.080000	0.006000	-0.008000	0.004000	30021	29997	30008	25003	24996	25002
462	7.653450	0.000123	0.060000	-0.210000	0.860000	0.006000	-0.008000	0.004000	30006	29979	30086	25003	24996	25002
463	7.684538	0.031087	0.060000	-0.210000	0.860000	0.024000	0.016000	-0.010000	30006	29979	30086	25012	25008	24995
464	7.684625	0.000087	0.060000	-0.210000	0.860000	0.000000	0.042000	0.002000	30006	29979	30086	25000	25021	25001
465	7.684669	0.000045	-0.320000	0.390000	-0.540000	0.000000	0.042000	0.002000	29968	30039	29946	25000	25021	25001
466	7.716545	0.031876	0.090000	-0.360000	0.030000	0.000000	0.042000	0.002000	30009	29964	30003	25000	25021	25001
467	7.743516	0.026971	0.090000	-0.360000	0.030000	0.042000	0.018000	-0.008000	30009	29964	30003	25021	25009	24996
468	7.743593	0.000077	0.090000	-0.360000	0.030000	0.006000	-0.010000	0.006000	30009	29964	30003	25003	24995	25003
469	7.743625	0.000032	-0.330000	0.000000	-0.480000	0.006000	-0.010000	0.006000	29967	30000	29952	25003	24995	25003
470	7.774850	0.031226	0.450000	0.160000	-0.240000	0.006000	-0.010000	0.006000	30045	30016	29976	25003	24995	25003
471	7.807013	0.032162	0.140000	0.460000	-0.200000	0.006000	-0.010000	0.006000	30014	30046	29980	25003	24995	25003
472	7.832800	0.025787	-0.160000	0.200000	-0.220000	0.006000	-0.010000	0.006000	29984	30020	29978	25003	24995	25003
473	7.867658	0.034858	-0.160000	0.200000	-0.220000	-0.004000	0.004000	-0.008000	29984	30020	29978	24998	25002	24996
474	7.867740	0.000081	-0.170000	-0.040000	-0.490000	-0.004000	0.004000	-0.008000	29983	29996	29951	24998	25002	24996
475	7.898019	0.030279	-0.170000	-0.040000	-0.490000	0.010000	-0.014000	-0.008000	29983	29996	29951	25005	24993	24996
476	7.898085	0.000067	-0.170000	-0.040000	-0.490000	0.024000	-0.038000	0.008000	29983	29996	29951	25012	24981	25004
477	7.898101	0.000016	-0.240000	0.110000	-0.170000	0.024000	-0.038000	0.008000	29976	30011	29983	25012	24981	25004
478	7.923807	0.025706	-0.120000	0.190000	-0.460000	0.024000	-0.038000	0.008000	29988	30019	29954	25012	24981	25004
479	7.960742	0.036935	-0.120000	0.190000	-0.460000	0.014000	0.002000	-0.004000	29988	30019	29954	25007	25001	24998
480	7.960817	0.000075	-0.150000	-0.360000	0.300000	0.014000	0.002000	-0.004000	29985	29964	30030	25007	25001	24998
481	7.992030	0.031213	-0.150000	-0.360000	0.300000	0.066000	0.022000	0.000000	29985	29964	30030	25033	25011	25000
482	7.992146	0.000116	-0.270000	0.300000	-0.500000	0.066000	0.022000	0.000000	29973	30030	29950	25033	25011	25000
483	8.026360	0.034214	-0.280000	0.310000	-0.480000	0.066000	0.022000	0.000000	29972	30031	29952	25033	25011	25000
484	8.052819	0.026458	-0.080000	0.110000	-0.210000	0.066000	0.022000	0.000000	29992	30011	29979	25033	25011	25000
485	8.082143	0.029325	-0.080000	0.110000	-0.210000	-0.008000	-0.002000	-0.002000	29992	30011	29979	24996	24999	24999
486	8.082214	0.000070	-0.630000	-0.480000	-0.760000	-0.008000	-0.002000	-0.002000	29937	29952	29924	24996	24999	24999
487	8.111250	0.029036	-0.630000	-0.480000	-0.760000	0.062000	-0.030000	-0.008000	29937	29952	29924	25031	24985	24996
488	8.111328	0.000078	0.390000	0.400000	-0.490000	0.062000	-0.030000	-0.008000	30039	30040	29951	25031	24985	24996
489	8.141669	0.030341	0.390000	0.400000	-0.490000	-0.032000	0.038000	0.002000	30039	30040	29951	24984	25019	25001
490	8.141752	0.000083	0.240000	-0.260000	-0.520000	-0.032000	0.038000	0.002000	30024	29974	29948	24984	25019	25001
491	8.170880	0.029129	0.240000	-0.260000	-0.520000	0.038000	0.034000	-0.002000	30024	29974	29948	25019	25017	24999
492	8.171090	0.000209	-0.120000	0.020000	0.290000	0.038000	0.034000	-0.002000	29988	30002	30029	25019	25017	24999
493	8.198223	0.027133	-0.120000	0.020000	0.290000	-0.008000	0.006000	-0.016000	29988	30002	30029	24996	25003	24992
494	8.198296	0.000073	0.070000	0.140000	0.860000	-0.008000	0.006000	-0.016000	30007	30014	30086	24996	25003	24992
495	8.225828	0.027532	0.070000	0.140000	0.860000	-0.016000	0.004000	-0.008000	30007	30014	30086	24992	25002	24996
496	8.225893	0.000065	0.070000	0.140000	0.860000	-0.018000	0.014000	-0.004000	30007	30014	30086	24991	25007	24998
497	8.225911	0.000018	0.180000	0.530000	-0.760000	-0.018000	0.014000	-0.004000	30018	30053	29924	24991	25007	24998
498	8.251945	0.026034	-0.500000	-0.440000	-0.430000	-0.018000	0.014000	-0.004000	29950	29956	29957	24991	25007	24998
499	8.283004	0.031059	-0.550000	-0.600000	-0.450000	-0.018000	0.014000	-0.004000	29945	29940	29955	24991	25007	24998
500	8.315484	0.032480	-0.180000	0.470000	-0.240000	-0.018000	0.014000	-0.004000	29982	30047	29976	24991	25007	24998
501	8.346867	0.031383	-0.180000	0.470000	-0.240000	-0.030000	-0.006000	0.008000	29982	30047	29976	24985	24997	25004
502	8.347006	0.000139	-0.110000	0.330000	-0.240000	-0.030000	-0.006000	0.008000	29989	30033	29976	24985	24997	25004
503	8.376342	0.029336	-0.110000	0.330000	-0.240000	0.002000	0.016000	-0.010000	29989	30033	29976	25001	25008	24995
504	8.376424	0.000081	-0.440000	0.260000	-0.490000	0.002000	0.016000	-0.010000	29956	30026	29951	25001	25008	24995
505	8.404661	0.028238	-0.380000	0.280000	-0.490000	0.002000	0.016000	-0.010000	29962	30028	29951	25001	25008	24995
506	8.432405	0.027744	-0.090000	-0.210000	0.320000	0.002000	0.016000	-0.010000	29991	29979	30032	25001	25008	24995
507	8.459766	0.027361	-0.090000	-0.210000	0.320000	0.012000	-0.020000	-0.010000	29991	29979	30032	25006	24990	24995
508	8.459829	0.000063	0.020000	0.500000	-0.770000	0.012000	-0.020000	-0.010000	30002	30050	29923	25006	24990	24995
509	8.485388	0.025559	0.020000	0.500000	-0.770000	-0.030000	0.012000	-0.002000	30002	30050	29923	24985	25006	24999
510	8.485466	0.000077	0.290000	0.260000	0.040000	-0.030000	0.012000	-0.002000	30029	30026	30004	24985	25006	24999
511	8.512960	0.027495	0.290000	0.260000	0.040000	-0.014000	0.022000	0.000000	30029	30026	30004	24993	25011	25000
512	8.513065	0.000105	0.370000	-0.130000	-0.270000	-0.014000	0.022000	0.000000	30037	29987	29973	24993	25011	25000
513	8.557677	0.044612	0.370000	-0.130000	-0.270000	0.012000	0.030000	-0.012000	30037	29987	29973	25006	25015	24994
514	8.557769	0.000092	-0.390000	-0.500000	-0.490000	0.012000	0.030000	-0.012000	29961	29950	29951	25006	25015	24994
515	8.588012	0.030243	-0.390000	-0.500000	-0.490000	0.052000	-0.024000	0.010000	29961	29950	29951	25026	24988	25005
516	8.588079	0.000067	0.050000	-0.120000	0.040000	0.052000	-0.024000	0.010000	30005	29988	30004	25026	24988	25005
517	8.617998	0.029919	0.050000	-0.120000	0.040000	0.018000	0.010000	-0.004000	30005	29988	30004	25009	25005	24998
518	8.618089	0.000091	-0.190000	0.270000	-0.500000	0.018000	0.010000	-0.004000	29981	30027	29950	25009	25005	24998
519	8.652556	0.034466	-0.190000	0.270000	-0.500000	-0.008000	0.004000	0.002000	29981	30027	29950	24996	25002	25001
520	8.652647	0.000092	-0.890000	-0.440000	0.030000	-0.008000	0.004000	0.002000	29911	29956	30003	24996	25002	25001
521	8.686225	0.033578	-0.890000	-0.440000	0.030000	0.066000	-0.046000	0.002000	29911	29956	30003	25033	24977	25001
522	8.686357	0.000132	0.820000	0.780000	-0.530000	0.066000	-0.046000	0.002000	30082	30078	29947	25033	24977	25001
523	8.714935	0.028578	0.820000	0.780000	-0.530000	-0.048000	0.094000	-0.008000	30082	30078	29947	24976	25047	24996
524	8.715017	0.000082	-0.380000	-0.010000	-0.770000	-0.048000	0.094000	-0.008000	29962	29999	29923	24976	25047	24996
525	8.744541	0.029525	-0.380000	-0.010000	-0.770000	0.008000	-0.010000	0.002000	29962	29999	29923	25004	24995	25001
526	8.744612	0.000071	-0.380000	-0.010000	-0.770000	-0.016000	0.018000	0.004000	29962	29999	29923	24992	25009	25002
527	8.744634	0.000023	0.190000	0.210000	-0.210000	-0.016000	0.018000	0.004000	30019	30021	29979	24992	25009	25002
528	8.774317	0.029683	-0.260000	0.220000	0.350000	-0.016000	0.018000	0.004000	29974	30022	30035	24992	25009	25002
529	8.807759	0.033442	-0.260000	0.220000	0.350000	0.022000	-0.002000	0.002000	29974	30022	30035	25011	24999	25001
530	8.807919	0.000160	-0.110000	-0.530000	-0.190000	0.022000	-0.002000	0.002000	29989	29947	29981	25011	24999	25001
531	8.850228	0.042309	-0.110000	-0.530000	-0.190000	0.058000	-0.014000	-0.014000	29989	29947	29981	25029	24993	24993
532	8.850304	0.000076	-0.080000	-0.200000	-1.040000	0.058000	-0.014000	-0.014000	29992	29980	29896	25029	24993	24993
533	8.884117	0.033813	-0.080000	-0.200000	-1.040000	0.030000	-0.012000	-0.010000	29992	29980	29896	25015	24994	24995
534	8.884191	0.000074	-0.180000	0.610000	-0.790000	0.030000	-0.012000	-0.010000	29982	30061	29921	25015	24994	24995
535	8.918582	0.034391	-0.180000	0.610000	-0.790000	-0.020000	0.012000	-0.016000	29982	30061	29921	24990	25006	24992
536	8.918747	0.000165	-0.210000	0.430000	-0.210000	-0.020000	0.012000	-0.016000	29979	30043	29979	24990	25006	24992
537	8.953543	0.034796	-0.210000	0.430000	-0.210000	0.000000	0.012000	0.014000	29979	30043	29979	25000	25006	25007
538	8.953660	0.000118	0.410000	0.310000	-0.030000	0.000000	0.012000	0.014000	30041	30031	29997	25000	25006	25007
539	8.985808	0.032148	0.440000	0.670000	0.010000	0.000000	0.012000	0.014000	30044	30067	30001	25000	25006	25007
540	9.015376	0.029568	-0.430000	-0.340000	-0.460000	0.000000	0.012000	0.014000	29957	29966	29954	25000	25006	25007
541	9.046681	0.031305	-0.430000	-0.340000	-0.460000	0.048000	-0.036000	0.000000	29957	29966	29954	25024	24982	25000
542	9.046763	0.000081	-0.120000	0.150000	0.630000	0.048000	-0.036000	0.000000	29988	30015	30063	25024	24982	25000
543	9.077600	0.030837	-0.120000	0.150000	0.630000	0.004000	0.012000	0.004000	29988	30015	30063	25002	25006	25002
544	9.077695	0.000095	-0.070000	0.160000	-0.240000	0.004000	0.012000	0.004000	29993	30016	29976	25002	25006	25002
545	9.106843	0.029148	-0.070000	0.160000	-0.240000	-0.006000	0.008000	0.002000	29993	30016	29976	24997	25004	25001
546	9.106912	0.000068	-0.290000	0.300000	-0.760000	-0.006000	0.008000	0.002000	29971	30030	29924	24997	25004	25001
547	9.138310	0.031398	-0.540000	0.290000	-0.750000	-0.006000	0.008000	0.002000	29946	30029	29925	24997	25004	25001
548	9.175582	0.037272	0.240000	0.040000	-0.230000	-0.006000	0.008000	0.002000	30024	30004	29977	24997	25004	25001
549	9.208456	0.032875	0.240000	0.040000	-0.230000	0.004000	0.030000	-0.010000	30024	30004	29977	25002	25015	24995
550	9.208628	0.000172	0.140000	0.000000	-0.460000	0.004000	0.030000	-0.010000	30014	30000	29954	25002	25015	24995
551	9.245560	0.036932	0.140000	0.000000	-0.460000	0.014000	0.008000	0.000000	30014	30000	29954	25007	25004	25000
552	9.245631	0.000071	0.200000	0.640000	-0.570000	0.014000	0.008000	0.000000	30020	30064	29943	25007	25004	25000
553	9.274635	0.029004	0.200000	0.640000	-0.570000	-0.042000	0.030000	-0.008000	30020	30064	29943	24979	25015	24996
554	9.274727	0.000093	-0.060000	-0.090000	-0.460000	-0.042000	0.030000	-0.008000	29994	29991	29954	24979	25015	24996
555	9.301260	0.026533	-0.060000	-0.090000	-0.460000	0.022000	-0.002000	-0.006000	29994	29991	29954	25011	24999	24997
556	9.301324	0.000064	-0.690000	0.020000	0.640000	0.022000	-0.002000	-0.006000	29931	30002	30064	25011	24999	24997
557	9.326681	0.025357	-0.690000	0.020000	0.640000	0.024000	-0.024000	0.008000	29931	30002	30064	25012	24988	25004
558	9.326763	0.000082	-0.020000	-0.110000	-0.240000	0.024000	-0.024000	0.008000	29998	29989	29976	25012	24988	25004
559	9.354151	0.027388	-0.180000	-0.250000	-0.500000	0.024000	-0.024000	0.008000	29982	29975	29950	25012	24988	25004
560	9.383497	0.029347	-0.180000	-0.250000	-0.500000	0.030000	-0.008000	0.002000	29982	29975	29950	25015	24996	25001
561	9.383569	0.000072	0.030000	-0.080000	-0.550000	0.030000	-0.008000	0.002000	30003	29992	29945	25015	24996	25001
562	9.409769	0.026200	0.030000	-0.080000	-0.550000	0.040000	0.028000	-0.028000	30003	29992	29945	25020	25014	24986
563	9.409832	0.000062	0.310000	0.410000	0.020000	0.040000	0.028000	-0.028000	30031	30041	30002	25020	25014	24986
564	9.440106	0.030274	0.310000	0.410000	0.020000	-0.016000	0.054000	-0.008000	30031	30041	30002	24992	25027	24996
565	9.440253	0.000147	0.150000	-0.080000	0.660000	-0.016000	0.054000	-0.008000	30015	29992	30066	24992	25027	24996
566	9.481685	0.041432	0.150000	-0.080000	0.660000	0.036000	0.026000	0.008000	30015	29992	30066	25018	25013	25004
567	9.481791	0.000106	-0.030000	-0.090000	-0.250000	0.036000	0.026000	0.008000	29997	29991	29975	25018	25013	25004
568	9.508927	0.027136	-0.160000	-0.460000	0.600000	0.036000	0.026000	0.008000	29984	29954	30060	25018	25013	25004
569	9.538467	0.029540	-0.110000	-0.600000	0.510000	0.036000	0.026000	0.008000	29989	29940	30051	25018	25013	25004
570	9.574976	0.036508	-0.110000	-0.600000	0.510000	0.046000	-0.002000	-0.022000	29989	29940	30051	25023	24999	24989
571	9.575082	0.000107	0.210000	-0.020000	-0.690000	0.046000	-0.002000	-0.022000	30021	29998	29931	25023	24999	24989
572	9.609573	0.034491	0.350000	-0.080000	-0.710000	0.046000	-0.002000	-0.022000	30035	29992	29929	25023	24999	24989
573	9.642833	0.033260	-0.180000	-0.460000	-0.230000	0.046000	-0.002000	-0.022000	29982	29954	29977	25023	24999	24989
574	9.677383	0.034549	-0.180000	-0.460000	-0.230000	0.074000	0.002000	-0.002000	29982	29954	29977	25037	25001	24999
575	9.677455	0.000073	0.140000	-0.400000	0.040000	0.074000	0.002000	-0.002000	30014	29960	30004	25037	25001	24999
576	9.709542	0.032087	0.020000	-0.060000	0.310000	0.074000	0.002000	-0.002000	30002	29994	30031	25037	25001	24999
577	9.743915	0.034373	-0.120000	-0.520000	0.050000	0.074000	0.002000	-0.002000	29988	29948	30005	25037	25001	24999
578	9.776120	0.032205	-0.120000	-0.520000	0.050000	0.056000	-0.004000	0.008000	29988	29948	30005	25028	24998	25004
579	9.776323	0.000203	-0.120000	-0.520000	0.050000	0.056000	0.008000	-0.008000	29988	29948	30005	25028	25004	24996
580	9.776406	0.000082	-0.020000	0.100000	-0.470000	0.056000	0.008000	-0.008000	29998	30010	29953	25028	25004	24996
581	9.808680	0.032275	0.050000	0.520000	0.000000	0.056000	0.008000	-0.008000	30005	30052	30000	25028	25004	24996
582	9.838654	0.029973	0.050000	0.520000	0.000000	-0.048000	0.014000	0.000000	30005	30052	30000	24976	25007	25000
583	9.838768	0.000114	0.190000	0.490000	-0.550000	-0.048000	0.014000	0.000000	30019	30049	29945	24976	25007	25000
584	9.873053	0.034285	0.190000	0.490000	-0.550000	-0.034000	0.022000	-0.014000	30019	30049	29945	24983	25011	24993
585	9.873149	0.000096	-0.120000	0.020000	0.330000	-0.034000	0.022000	-0.014000	29988	30002	30033	24983	25011	24993
586	9.901020	0.027871	-0.120000	0.020000	0.330000	0.002000	-0.004000	0.000000	29988	30002	30033	25001	24998	25000
587	9.901085	0.000065	0.140000	-0.200000	-0.770000	0.002000	-0.004000	0.000000	30014	29980	29923	25001	24998	25000
588	9.929934	0.028850	0.140000	-0.200000	-0.770000	0.034000	0.020000	-0.014000	30014	29980	29923	25017	25010	24993
589	9.930027	0.000093	0.110000	-0.390000	0.030000	0.034000	0.020000	-0.014000	30011	29961	30003	25017	25010	24993
590	9.962256	0.032229	0.030000	-0.350000	-0.480000	0.034000	0.020000	-0.014000	30003	29965	29952	25017	25010	24993
591	9.990652	0.028396	-0.490000	-0.870000	-0.490000	0.034000	0.020000	-0.014000	29951	29913	29951	25017	25010	24993
592	10.020933	0.030280	-0.490000	-0.870000	-0.490000	0.092000	-0.036000	0.004000	29951	29913	29951	25046	24982	25002
593	10.020998	0.000066	0.020000	0.300000	-0.520000	0.092000	-0.036000	0.004000	30002	30030	29948	25046	24982	25002
594	10.055885	0.034887	0.020000	0.300000	-0.520000	-0.016000	0.020000	-0.004000	30002	30030	29948	24992	25010	24998
595	10.055972	0.000087	-0.040000	0.120000	-0.480000	-0.016000	0.020000	-0.004000	29996	30012	29952	24992	25010	24998
596	10.082685	0.026713	-0.040000	0.120000	-0.480000	-0.010000	-0.004000	-0.010000	29996	30012	29952	24995	24998	24995
597	10.082761	0.000077	-0.390000	-0.860000	0.310000	-0.010000	-0.004000	-0.010000	29961	29914	30031	24995	24998	24995
598	10.111166	0.028405	-0.390000	-0.860000	0.310000	-0.020000	0.034000	-0.010000	29961	29914	30031	24990	25017	24995
599	10.111240	0.000074	-0.430000	-0.230000	-0.520000	-0.020000	0.034000	-0.010000	29957	29977	29948	24990	25017	24995
600	10.137925	0.026685	-0.430000	-0.230000	-0.520000	0.040000	-0.018000	0.006000	29957	29977	29948	25020	24991	25003
601	10.138009	0.000084	0.260000	0.120000	-0.230000	0.040000	-0.018000	0.006000	30026	30012	29977	25020	24991	25003
602	10.167852	0.029843	0.260000	0.120000	-0.230000	-0.012000	0.020000	-0.002000	30026	30012	29977	24994	25010	24999
603	10.167995	0.000142	0.180000	-0.440000	0.050000	-0.012000	0.020000	-0.002000	30018	29956	30005	24994	25010	24999
604	10.197785	0.029791	0.180000	-0.440000	0.050000	0.056000	0.016000	-0.008000	30018	29956	30005	25028	25008	24996
605	10.197846	0.000061	0.110000	-0.250000	-0.550000	0.056000	0.016000	-0.008000	30011	29975	29945	25028	25008	24996
606	10.224773	0.026927	0.110000	-0.250000	-0.550000	0.012000	0.010000	-0.010000	30011	29975	29945	25006	25005	24995
607	10.224858	0.000085	-0.570000	-0.520000	0.330000	0.012000	0.010000	-0.010000	29943	29948	30033	25006	25005	24995
608	10.251828	0.026970	-0.570000	-0.520000	0.330000	0.070000	-0.032000	-0.012000	29943	29948	30033	25035	24984	24994
609	10.251902	0.000074	-0.030000	-0.290000	0.020000	0.070000	-0.032000	-0.012000	29997	29971	30002	25035	24984	24994
610	10.281924	0.030022	-0.030000	-0.290000	0.020000	0.012000	-0.002000	0.004000	29997	29971	30002	25006	24999	25002
611	10.282023	0.000100	-0.290000	-0.110000	0.030000	0.012000	-0.002000	0.004000	29971	29989	30003	25006	24999	25002
612	10.309409	0.027386	0.490000	0.290000	0.030000	0.012000	-0.002000	0.004000	30049	30029	30003	25006	24999	25002
613	10.337998	0.028588	-0.030000	-0.320000	0.350000	0.012000	-0.002000	0.004000	29997	29968	30035	25006	24999	25002
614	10.363855	0.025858	-0.030000	-0.320000	0.350000	0.034000	-0.002000	0.014000	29997	29968	30035	25017	24999	25007
615	10.363939	0.000084	0.050000	-0.180000	0.390000	0.034000	-0.002000	0.014000	30005	29982	30039	25017	24999	25007
616	10.389678	0.025739	-0.200000	0.050000	-0.180000	0.034000	-0.002000	0.014000	29980	30005	29982	25017	24999	25007
617	10.415160	0.025482	0.490000	0.350000	-0.520000	0.034000	-0.002000	0.014000	30049	30035	29948	25017	24999	25007
618	10.453730	0.038570	0.490000	0.350000	-0.520000	-0.020000	0.060000	-0.004000	30049	30035	29948	24990	25030	24998
619	10.453812	0.000082	-0.170000	0.610000	-0.490000	-0.020000	0.060000	-0.004000	29983	30061	29951	24990	25030	24998
620	10.483112	0.029300	0.050000	0.240000	-0.260000	-0.020000	0.060000	-0.004000	30005	30024	29974	24990	25030	24998
621	10.510480	0.027368	0.050000	0.240000	-0.260000	-0.012000	0.032000	-0.022000	30005	30024	29974	24994	25016	24989
622	10.510540	0.000060	-0.460000	-0.340000	-0.510000	-0.012000	0.032000	-0.022000	29954	29966	29949	24994	25016	24989
623	10.536629	0.026089	-0.460000	-0.340000	-0.510000	0.032000	-0.026000	-0.002000	29954	29966	29949	25016	24987	24999
624	10.536736	0.000107	-0.350000	-0.460000	0.320000	0.032000	-0.026000	-0.002000	29965	29954	30032	25016	24987	24999
625	10.566198	0.029462	0.470000	-0.130000	-0.010000	0.032000	-0.026000	-0.002000	30047	29987	29999	25016	24987	24999
626	10.592235	0.026037	0.470000	-0.130000	-0.010000	0.010000	0.040000	-0.016000	30047	29987	29999	25005	25020	24992
627	10.592323	0.000088	0.140000	-0.430000	0.320000	0.010000	0.040000	-0.016000	30014	29957	30032	25005	25020	24992
628	10.619275	0.026952	0.210000	0.240000	-0.500000	0.010000	0.040000	-0.016000	30021	30024	29950	25005	25020	24992
629	10.656897	0.037622	0.320000	0.310000	-0.500000	0.010000	0.040000	-0.016000	30032	30031	29950	25005	25020	24992
630	10.686856	0.029959	0.320000	0.310000	-0.500000	-0.010000	0.040000	-0.010000	30032	30031	29950	24995	25020	24995
631	10.686934	0.000078	-0.190000	0.200000	0.300000	-0.010000	0.040000	-0.010000	29981	30020	30030	24995	25020	24995
632	10.715133	0.028200	-0.630000	-0.170000	0.380000	-0.010000	0.040000	-0.010000	29937	29983	30038	24995	25020	24995
633	10.743450	0.028316	0.260000	-0.060000	0.030000	-0.010000	0.040000	-0.010000	30026	29994	30003	24995	25020	24995
634	10.770696	0.027246	0.260000	-0.060000	0.030000	-0.004000	0.016000	-0.002000	30026	29994	30003	24998	25008	24999
635	10.770767	0.000071	0.260000	-0.060000	0.030000	-0.026000	0.054000	0.002000	30026	29994	30003	24987	25027	25001
636	10.770787	0.000020	0.470000	0.320000	0.010000	-0.026000	0.054000	0.002000	30047	30032	30001	24987	25027	25001
637	10.800091	0.029303	0.470000	0.320000	0.010000	-0.022000	0.050000	0.000000	30047	30032	30001	24989	25025	25000
638	10.800200	0.000109	0.150000	-0.110000	0.630000	-0.022000	0.050000	0.000000	30015	29989	30063	24989	25025	25000
639	10.831667	0.031467	-0.640000	-0.360000	0.340000	-0.022000	0.050000	0.000000	29936	29964	30034	24989	25025	25000
640	10.858182	0.026516	-0.640000	-0.360000	0.340000	0.050000	-0.040000	0.006000	29936	29964	30034	25025	24980	25003
641	10.858264	0.000081	-0.110000	-0.430000	-0.490000	0.050000	-0.040000	0.006000	29989	29957	29951	25025	24980	25003
642	10.884390	0.026126	0.010000	-0.040000	-0.450000	0.050000	-0.040000	0.006000	30001	29996	29955	25025	24980	25003
643	10.914232	0.029842	-0.450000	-0.410000	0.050000	0.050000	-0.040000	0.006000	29955	29959	30005	25025	24980	25003
644	10.945974	0.031742	0.310000	-0.050000	-0.510000	0.050000	-0.040000	0.006000	30031	29995	29949	25025	24980	25003
645	10.973411	0.027437	-0.200000	-0.200000	0.590000	0.050000	-0.040000	0.006000	29980	29980	30059	25025	24980	25003
646	11.001459	0.028048	-0.200000	-0.200000	0.590000	0.022000	-0.010000	-0.010000	29980	29980	30059	25011	24995	24995
647	11.001550	0.000091	-0.230000	-0.310000	0.600000	0.022000	-0.010000	-0.010000	29977	29969	30060	25011	24995	24995
648	11.027628	0.026078	-0.230000	-0.310000	0.600000	0.014000	0.008000	-0.002000	29977	29969	30060	25007	25004	24999
649	11.027691	0.000063	-0.160000	-0.080000	-0.250000	0.014000	0.008000	-0.002000	29984	29992	29975	25007	25004	24999
650	11.053899	0.026208	0.330000	0.380000	-0.790000	0.014000	0.008000	-0.002000	30033	30038	29921	25007	25004	24999
651	11.080610	0.026711	-0.100000	-0.320000	-0.510000	0.014000	0.008000	-0.002000	29990	29968	29949	25007	25004	24999
652	11.114984	0.034374	-0.100000	-0.320000	-0.510000	0.024000	-0.008000	-0.004000	29990	29968	29949	25012	24996	24998
653	11.115096	0.000112	-0.110000	-0.390000	0.310000	0.024000	-0.008000	-0.004000	29989	29961	30031	25012	24996	24998
654	11.145298	0.030202	-0.110000	-0.390000	0.310000	0.032000	-0.010000	-0.014000	29989	29961	30031	25016	24995	24993
655	11.145429	0.000131	0.110000	0.040000	-0.480000	0.032000	-0.010000	-0.014000	30011	30004	29952	25016	24995	24993
656	11.173263	0.027834	0.110000	0.040000	-0.480000	0.010000	0.008000	0.010000	30011	30004	29952	25005	25004	25005
657	11.173341	0.000078	0.370000	0.740000	0.040000	0.010000	0.008000	0.010000	30037	30074	30004	25005	25004	25005
658	11.202127	0.028786	0.220000	0.630000	0.030000	0.010000	0.008000	0.010000	30022	30063	30003	25005	25004	25005
659	11.232930	0.030802	0.220000	0.630000	0.030000	-0.002000	0.010000	0.008000	30022	30063	30003	24999	25005	25004
660	11.233008	0.000079	-0.160000	-0.180000	-0.510000	-0.002000	0.010000	0.008000	29984	29982	29949	24999	25005	25004
661	11.264352	0.031344	-0.580000	0.210000	-0.750000	-0.002000	0.010000	0.008000	29942	30021	29925	24999	25005	25004
662	11.295753	0.031400	-0.580000	0.210000	-0.750000	0.006000	-0.024000	0.002000	29942	30021	29925	25003	24988	25001
663	11.295835	0.000083	-0.650000	-0.460000	-0.220000	0.006000	-0.024000	0.002000	29935	29954	29978	25003	24988	25001
664	11.329097	0.033262	-0.650000	-0.460000	-0.220000	0.060000	-0.034000	0.000000	29935	29954	29978	25030	24983	25000
665	11.329199	0.000102	-0.170000	0.500000	0.880000	0.060000	-0.034000	0.000000	29983	30050	30088	25030	24983	25000
666	11.362358	0.033160	-0.170000	0.500000	0.880000	-0.014000	0.018000	-0.008000	29983	30050	30088	24993	25009	24996
667	11.362452	0.000094	-0.040000	-0.070000	0.030000	-0.014000	0.018000	-0.008000	29996	29993	30003	24993	25009	24996
668	11.388919	0.026467	-0.040000	-0.070000	0.030000	0.018000	0.010000	-0.002000	29996	29993	30003	25009	25005	24999
669	11.388988	0.000069	-0.040000	-0.070000	0.030000	0.020000	-0.002000	-0.014000	29996	29993	30003	25010	24999	24993
670	11.389009	0.000021	-0.310000	-0.040000	-1.090000	0.020000	-0.002000	-0.014000	29969	29996	29891	25010	24999	24993
671	11.420583	0.031575	-0.250000	-0.560000	-0.260000	0.020000	-0.002000	-0.014000	29975	29944	29974	25010	24999	24993
672	11.453842	0.033258	-0.250000	-0.560000	-0.260000	0.048000	-0.018000	-0.012000	29975	29944	29974	25024	24991	24994
673	11.453932	0.000090	0.110000	0.090000	0.070000	0.048000	-0.018000	-0.012000	30011	30009	30007	25024	24991	24994
674	11.486263	0.032331	-0.460000	0.010000	-0.490000	0.048000	-0.018000	-0.012000	29954	30001	29951	25024	24991	24994
675	11.519419	0.033155	-0.340000	-0.200000	0.320000	0.048000	-0.018000	-0.012000	29966	29980	30032	25024	24991	24994
676	11.561819	0.042400	-0.340000	-0.200000	0.320000	0.024000	-0.020000	-0.008000	29966	29980	30032	25012	24990	24996
677	11.561895	0.000076	-0.100000	0.560000	0.070000	0.024000	-0.020000	-0.008000	29990	30056	30007	25012	24990	24996
678	11.589631	0.027737	-0.100000	0.560000	0.070000	-0.032000	-0.010000	0.002000	29990	30056	30007	24984	24995	25001
679	11.589719	0.000088	-0.130000	-0.200000	0.300000	-0.032000	-0.010000	0.002000	29987	29980	30030	24984	24995	25001
680	11.619589	0.029870	-0.130000	-0.200000	0.300000	0.032000	-0.004000	0.004000	29987	29980	30030	25016	24998	25002
681	11.619725	0.000135	0.220000	-0.210000	-0.240000	0.032000	-0.004000	0.004000	30022	29979	29976	25016	24998	25002
682	11.651884	0.032160	0.220000	-0.210000	-0.240000	0.012000	0.018000	0.002000	30022	29979	29976	25006	25009	25001
683	11.652049	0.000164	0.140000	0.410000	-0.210000	0.012000	0.018000	0.002000	30014	30041	29979	25006	25009	25001
684	11.683960	0.031911	0.140000	0.410000	-0.210000	-0.016000	0.026000	-0.014000	30014	30041	29979	24992	25013	24993
685	11.684031	0.000071	-0.060000	0.780000	-0.530000	-0.016000	0.026000	-0.014000	29994	30078	29947	24992	25013	24993
686	11.713672	0.029641	-0.060000	0.780000	-0.530000	-0.056000	0.008000	-0.012000	29994	30078	29947	24972	25004	24994
687	11.713789	0.000117	0.370000	0.550000	-0.010000	-0.056000	0.008000	-0.012000	30037	30055	29999	24972	25004	24994
688	11.743808	0.030019	0.370000	0.550000	-0.010000	-0.022000	0.060000	-0.016000	30037	30055	29999	24989	25030	24992
689	11.743885	0.000077	-0.640000	-0.460000	-0.460000	-0.022000	0.060000	-0.016000	29936	29954	29954	24989	25030	24992
690	11.775226	0.031341	-0.640000	-0.460000	-0.460000	0.038000	-0.050000	-0.002000	29936	29954	29954	25019	24975	24999
691	11.775396	0.000170	0.110000	-0.180000	-0.230000	0.038000	-0.050000	-0.002000	30011	29982	29977	25019	24975	24999
692	11.808220	0.032825	0.110000	-0.180000	-0.230000	0.020000	-0.004000	-0.010000	30011	29982	29977	25010	24998	24995
693	11.808311	0.000090	-0.170000	-0.200000	0.060000	0.020000	-0.004000	-0.010000	29983	29980	30006	25010	24998	24995
694	11.839452	0.031141	-0.170000	-0.200000	0.060000	0.016000	-0.016000	-0.006000	29983	29980	30006	25008	24992	24997
695	11.839571	0.000120	-0.170000	-0.200000	0.060000	-0.004000	0.014000	-0.010000	29983	29980	30006	24998	25007	24995
696	11.839609	0.000037	-0.160000	0.070000	0.060000	-0.004000	0.014000	-0.010000	29984	30007	30006	24998	25007	24995
697	11.873083	0.033475	-0.030000	-0.240000	0.090000	-0.004000	0.014000	-0.010000	29997	29976	30009	24998	25007	24995
698	11.903911	0.030828	-0.030000	-0.240000	0.090000	0.032000	-0.004000	0.012000	29997	29976	30009	25016	24998	25006
699	11.904013	0.000101	-0.380000	0.140000	-0.250000	0.032000	-0.004000	0.012000	29962	30014	29975	25016	24998	25006
700	11.934257	0.030245	-0.380000	0.140000	-0.250000	-0.006000	-0.022000	-0.004000	29962	30014	29975	24997	24989	24998
701	11.934409	0.000152	-0.190000	0.550000	-0.200000	-0.006000	-0.022000	-0.004000	29981	30055	29980	24997	24989	24998
702	11.963220	0.028811	-0.190000	0.550000	-0.200000	-0.030000	-0.002000	0.004000	29981	30055	29980	24985	24999	25002
703	11.963291	0.000071	0.210000	0.470000	0.010000	-0.030000	-0.002000	0.004000	30021	30047	30001	24985	24999	25002
704	11.993166	0.029875	-0.410000	-0.080000	0.320000	-0.030000	-0.002000	0.004000	29959	29992	30032	24985	24999	25002
705	12.019470	0.026303	-0.410000	-0.080000	0.320000	-0.014000	0.032000	0.012000	29959	29992	30032	24993	25016	25006
706	12.019558	0.000088	0.420000	0.140000	0.030000	-0.014000	0.032000	0.012000	30042	30014	30003	24993	25016	25006
707	12.052614	0.033056	0.360000	0.240000	-0.220000	-0.014000	0.032000	0.012000	30036	30024	29978	24993	25016	25006
708	12.081929	0.029316	0.360000	0.240000	-0.220000	-0.022000	0.024000	0.006000	30036	30024	29978	24989	25012	25003
709	12.082010	0.000081	-0.630000	-0.180000	-0.480000	-0.022000	0.024000	0.006000	29937	29982	29952	24989	25012	25003
710	12.114409	0.032399	-0.630000	-0.180000	-0.480000	0.018000	-0.042000	-0.006000	29937	29982	29952	25009	24979	24997
711	12.114525	0.000116	-0.030000	0.140000	0.060000	0.018000	-0.042000	-0.006000	29997	30014	30006	25009	24979	24997
712	12.148506	0.033980	-0.030000	0.140000	0.060000	0.008000	0.012000	-0.002000	29997	30014	30006	25004	25006	24999
713	12.148603	0.000098	-0.230000	0.340000	0.290000	0.008000	0.012000	-0.002000	29977	30034	30029	25004	25006	24999
714	12.182294	0.033691	-0.230000	0.340000	0.290000	-0.006000	0.006000	-0.024000	29977	30034	30029	24997	25003	24988
715	12.182369	0.000075	-0.120000	0.020000	-0.510000	-0.006000	0.006000	-0.024000	29988	30002	29949	24997	25003	24988
716	12.212110	0.029741	-0.120000	0.020000	-0.510000	0.010000	0.002000	0.004000	29988	30002	29949	25005	25001	25002
717	12.212198	0.000088	-0.050000	0.460000	0.830000	0.010000	0.002000	0.004000	29995	30046	30083	25005	25001	25002
718	12.238618	0.026420	-0.050000	0.460000	0.830000	-0.022000	0.034000	-0.018000	29995	30046	30083	24989	25017	24991
719	12.238687	0.000069	-0.240000	-0.210000	0.600000	-0.022000	0.034000	-0.018000	29976	29979	30060	24989	25017	24991
720	12.274407	0.035720	-0.240000	-0.210000	0.600000	0.034000	-0.012000	0.006000	29976	29979	30060	25017	24994	25003
721	12.274483	0.000076	0.170000	0.160000	-0.750000	0.034000	-0.012000	0.006000	30017	30016	29925	25017	24994	25003
722	12.301150	0.026667	0.170000	0.160000	-0.750000	0.002000	0.030000	-0.010000	30017	30016	29925	25001	25015	24995
723	12.301214	0.000064	0.050000	-0.370000	0.350000	0.002000	0.030000	-0.010000	30005	29963	30035	25001	25015	24995
724	12.326111	0.024897	0.050000	-0.370000	0.350000	0.056000	0.018000	-0.002000	30005	29963	30035	25028	25009	24999
725	12.326197	0.000086	0.090000	0.280000	-0.210000	0.056000	0.018000	-0.002000	30009	30028	29979	25028	25009	24999
726	12.356461	0.030264	0.090000	0.280000	-0.210000	0.006000	0.000000	-0.010000	30009	30028	29979	25003	25000	24995
727	12.356551	0.000090	-0.140000	-0.420000	-0.520000	0.006000	0.000000	-0.010000	29986	29958	29948	25003	25000	24995
728	12.388056	0.031506	-0.140000	-0.420000	-0.520000	0.058000	0.010000	-0.006000	29986	29958	29948	25029	25005	24997
729	12.388134	0.000078	0.330000	1.000000	-0.530000	0.058000	0.010000	-0.006000	30033	30100	29947	25029	25005	24997
730	12.414238	0.026104	0.330000	1.000000	-0.530000	-0.072000	0.048000	0.002000	30033	30100	29947	24964	25024	25001
731	12.414302	0.000064	0.110000	-0.550000	-0.490000	-0.072000	0.048000	0.002000	30011	29945	29951	24964	25024	25001
732	12.440733	0.026431	0.110000	-0.550000	-0.490000	0.064000	0.008000	0.004000	30011	29945	29951	25032	25004	25002
733	12.440815	0.000082	-0.320000	-0.170000	-0.220000	0.064000	0.008000	0.004000	29968	29983	29978	25032	25004	25002
734	12.472722	0.031907	-0.320000	-0.170000	-0.220000	0.036000	-0.010000	-0.002000	29968	29983	29978	25018	24995	24999
735	12.472813	0.000092	0.080000	-0.260000	-0.230000	0.036000	-0.010000	-0.002000	30008	29974	29977	25018	24995	24999
736	12.502538	0.029725	0.080000	-0.260000	-0.230000	0.042000	0.016000	-0.002000	30008	29974	29977	25021	25008	24999
737	12.502637	0.000099	0.080000	-0.260000	-0.230000	0.032000	0.006000	-0.008000	30008	29974	29977	25016	25003	24996
738	12.502660	0.000023	-0.320000	-0.130000	-0.320000	0.032000	0.006000	-0.008000	29968	29987	29968	25016	25003	24996
739	12.535179	0.032519	-0.320000	-0.130000	-0.320000	-0.024000	0.008000	0.000000	29968	29987	29968	24988	25004	25000
740	12.535307	0.000128	0.220000	0.530000	-0.510000	-0.024000	0.008000	0.000000	30022	30053	29949	24988	25004	25000
741	12.563418	0.028111	0.280000	0.640000	0.000000	-0.024000	0.008000	0.000000	30028	30064	30000	24988	25004	25000
742	12.592024	0.028605	0.280000	0.640000	0.000000	-0.038000	0.042000	-0.008000	30028	30064	30000	24981	25021	24996
743	12.592101	0.000078	0.330000	0.800000	0.010000	-0.038000	0.042000	-0.008000	30033	30080	30001	24981	25021	24996
744	12.625940	0.033839	0.290000	-0.250000	-0.210000	-0.038000	0.042000	-0.008000	30029	29975	29979	24981	25021	24996
745	12.656190	0.030250	-0.060000	0.240000	-0.510000	-0.038000	0.042000	-0.008000	29994	30024	29949	24981	25021	24996
746	12.685079	0.028889	-0.060000	0.240000	-0.510000	-0.030000	-0.002000	0.008000	29994	30024	29949	24985	24999	25004
747	12.685187	0.000107	0.480000	0.000000	0.340000	-0.030000	-0.002000	0.008000	30048	30000	30034	24985	24999	25004
748	12.713554	0.028367	0.070000	0.120000	0.320000	-0.030000	-0.002000	0.008000	30007	30012	30032	24985	24999	25004
749	12.743732	0.030179	-0.200000	-0.380000	0.040000	-0.030000	-0.002000	0.008000	29980	29962	30004	24985	24999	25004
750	12.775637	0.031904	0.130000	-0.090000	-0.810000	-0.030000	-0.002000	0.008000	30013	29991	29919	24985	24999	25004
751	12.808874	0.033237	-0.100000	0.060000	-0.230000	-0.030000	-0.002000	0.008000	29990	30006	29977	24985	24999	25004
752	12.841769	0.032895	-0.100000	0.060000	-0.230000	-0.010000	-0.006000	-0.006000	29990	30006	29977	24995	24997	24997
753	12.841842	0.000073	-0.260000	-0.290000	-0.210000	-0.010000	-0.006000	-0.006000	29974	29971	29979	24995	24997	24997
754	12.873561	0.031719	-0.260000	-0.290000	-0.210000	0.032000	-0.016000	0.002000	29974	29971	29979	25016	24992	25001
755	12.873658	0.000098	-0.120000	-0.260000	-0.210000	0.032000	-0.016000	0.002000	29988	29974	29979	25016	24992	25001
756	12.912658	0.038999	0.080000	-0.150000	-0.510000	0.032000	-0.016000	0.002000	30008	29985	29949	25016	24992	25001
757	12.947350	0.034692	0.340000	0.340000	0.270000	0.032000	-0.016000	0.002000	30034	30034	30027	25016	24992	25001
758	12.979636	0.032286	0.340000	0.340000	0.270000	-0.016000	0.040000	-0.024000	30034	30034	30027	24992	25020	24988
759	12.979715	0.000079	-0.310000	-0.040000	0.040000	-0.016000	0.040000	-0.024000	29969	29996	30004	24992	25020	24988
760	13.007399	0.027684	-0.310000	-0.040000	0.040000	0.020000	-0.014000	0.002000	29969	29996	30004	25010	24993	25001
761	13.007475	0.000076	-0.130000	-0.220000	0.040000	0.020000	-0.014000	0.002000	29987	29978	30004	25010	24993	25001
762	13.032787	0.025312	-0.250000	0.130000	0.010000	0.020000	-0.014000	0.002000	29975	30013	30001	25010	24993	25001
763	13.058042	0.025254	0.090000	0.380000	-0.280000	0.020000	-0.014000	0.002000	30009	30038	29972	25010	24993	25001
764	13.088890	0.030848	0.090000	0.380000	-0.280000	-0.034000	0.020000	-0.008000	30009	30038	29972	24983	25010	24996
765	13.089025	0.000135	0.090000	0.380000	-0.280000	0.022000	-0.014000	-0.004000	30009	30038	29972	25011	24993	24998
766	13.089078	0.000053	-0.170000	-0.300000	0.300000	0.022000	-0.014000	-0.004000	29983	29970	30030	25011	24993	24998
767	13.120450	0.031372	-0.300000	-0.140000	-0.270000	0.022000	-0.014000	-0.004000	29970	29986	29973	25011	24993	24998
768	13.148053	0.027603	-0.300000	-0.140000	-0.270000	0.000000	-0.014000	-0.002000	29970	29986	29973	25000	24993	24999
769	13.148125	0.000072	-0.190000	0.560000	0.050000	0.000000	-0.014000	-0.002000	29981	30056	30005	25000	24993	24999
770	13.175426	0.027301	-0.190000	0.560000	0.050000	-0.036000	0.004000	-0.010000	29981	30056	30005	24982	25002	24995
771	13.175498	0.000072	-0.190000	0.560000	0.050000	0.044000	0.034000	-0.008000	29981	30056	30005	25022	25017	24996
772	13.175517	0.000018	0.310000	-0.250000	0.340000	0.044000	0.034000	-0.008000	30031	29975	30034	25022	25017	24996
773	13.207504	0.031987	-0.030000	0.660000	0.260000	0.044000	0.034000	-0.008000	29997	30066	30026	25022	25017	24996
774	13.238026	0.030522	-0.030000	0.660000	0.260000	-0.038000	0.032000	-0.024000	29997	30066	30026	24981	25016	24988
775	13.238103	0.000077	-0.220000	-0.060000	-0.240000	-0.038000	0.032000	-0.024000	29978	29994	29976	24981	25016	24988
776	13.276577	0.038474	-0.470000	-0.300000	-0.190000	-0.038000	0.032000	-0.024000	29953	29970	29981	24981	25016	24988
777	13.311986	0.035409	-0.380000	-0.080000	-0.270000	-0.038000	0.032000	-0.024000	29962	29992	29973	24981	25016	24988
778	13.337933	0.025947	-0.510000	0.040000	-0.210000	-0.038000	0.032000	-0.024000	29949	30004	29979	24981	25016	24988
779	13.364232	0.026299	-0.180000	-0.040000	-0.500000	-0.038000	0.032000	-0.024000	29982	29996	29950	24981	25016	24988
780	13.393779	0.029547	-0.180000	-0.040000	-0.500000	0.008000	-0.006000	-0.012000	29982	29996	29950	25004	24997	24994
781	13.393858	0.000079	-0.320000	0.170000	0.360000	0.008000	-0.006000	-0.012000	29968	30017	30036	25004	24997	24994
782	13.423505	0.029647	-0.320000	0.170000	0.360000	0.004000	-0.002000	-0.002000	29968	30017	30036	25002	24999	24999
783	13.423569	0.000064	-0.350000	-0.310000	-0.260000	0.004000	-0.002000	-0.002000	29965	29969	29974	25002	24999	24999
784	13.452529	0.028960	-0.210000	-0.060000	-0.240000	0.004000	-0.002000	-0.002000	29979	29994	29976	25002	24999	24999
785	13.482180	0.029651	0.080000	0.270000	-0.470000	0.004000	-0.002000	-0.002000	30008	30027	29953	25002	24999	24999
786	13.508264	0.026084	0.080000	0.270000	-0.470000	0.004000	0.018000	-0.008000	30008	30027	29953	25002	25009	24996
787	13.508334	0.000069	0.000000	0.610000	0.020000	0.004000	0.018000	-0.008000	30000	30061	30002	25002	25009	24996
788	13.533963	0.025629	0.000000	0.610000	0.020000	-0.024000	0.028000	-0.014000	30000	30061	30002	24988	25014	24993
789	13.534031	0.000068	0.040000	0.130000	-0.250000	-0.024000	0.028000	-0.014000	30004	30013	29975	24988	25014	24993
790	13.563555	0.029524	0.040000	0.130000	-0.250000	0.008000	0.020000	-0.004000	30004	30013	29975	25004	25010	24998
791	13.563630	0.000075	-0.670000	-0.760000	0.040000	0.008000	0.020000	-0.004000	29933	29924	30004	25004	25010	24998
792	13.595739	0.032109	-0.670000	-0.760000	0.040000	0.080000	-0.040000	0.006000	29933	29924	30004	25040	24980	25003
793	13.595882	0.000143	0.010000	-0.580000	-0.750000	0.080000	-0.040000	0.006000	30001	29942	29925	25040	24980	25003
794	13.622570	0.026689	0.010000	-0.580000	-0.750000	0.042000	-0.004000	0.004000	30001	29942	29925	25021	24998	25002
795	13.622647	0.000077	-0.150000	0.220000	0.630000	0.042000	-0.004000	0.004000	29985	30022	30063	25021	24998	25002
796	13.651745	0.029098	-0.150000	0.220000	0.630000	0.008000	0.008000	0.002000	29985	30022	30063	25004	25004	25001
797	13.651823	0.000078	0.210000	0.410000	0.590000	0.008000	0.008000	0.002000	30021	30041	30059	25004	25004	25001
798	13.683941	0.032118	0.210000	0.410000	0.590000	-0.036000	0.030000	-0.002000	30021	30041	30059	24982	25015	24999
799	13.684050	0.000109	-0.120000	-0.050000	-0.230000	-0.036000	0.030000	-0.002000	29988	29995	29977	24982	25015	24999
800	13.716848	0.032798	-0.090000	0.020000	-0.220000	-0.036000	0.030000	-0.002000	29991	30002	29978	24982	25015	24999
801	13.744470	0.027622	-0.160000	0.150000	-0.540000	-0.036000	0.030000	-0.002000	29984	30015	29946	24982	25015	24999
802	13.772603	0.028133	-0.160000	0.150000	-0.540000	0.012000	0.010000	-0.018000	29984	30015	29946	25006	25005	24991
803	13.772702	0.000098	-0.020000	0.050000	0.650000	0.012000	0.010000	-0.018000	29998	30005	30065	25006	25005	24991
804	13.802779	0.030077	-0.020000	0.050000	0.650000	-0.002000	0.002000	0.014000	29998	30005	30065	24999	25001	25007
805	13.802993	0.000214	-0.330000	0.320000	0.900000	-0.002000	0.002000	0.014000	29967	30032	30090	24999	25001	25007
806	13.838778	0.035785	-0.040000	-0.010000	0.040000	-0.002000	0.002000	0.014000	29996	29999	30004	24999	25001	25007
807	13.872015	0.033237	-0.800000	0.040000	-0.470000	-0.002000	0.002000	0.014000	29920	30004	29953	24999	25001	25007
808	13.904711	0.032696	-0.800000	0.040000	-0.470000	0.020000	-0.042000	-0.002000	29920	30004	29953	25010	24979	24999
809	13.904797	0.000086	-0.090000	-0.040000	-0.760000	0.020000	-0.042000	-0.002000	29991	29996	29924	25010	24979	24999
810	13.937748	0.032951	-0.070000	0.040000	0.060000	0.020000	-0.042000	-0.002000	29993	30004	30006	25010	24979	24999
811	13.969496	0.031749	0.320000	-0.380000	-0.730000	0.020000	-0.042000	-0.002000	30032	29962	29927	25010	24979	24999
812	13.999681	0.030185	0.320000	-0.380000	-0.730000	0.058000	0.030000	-0.008000	30032	29962	29927	25029	25015	24996
813	13.999803	0.000122	-0.080000	0.130000	-0.200000	0.058000	0.030000	-0.008000	29992	30013	29980	25029	25015	24996
814	14.026690	0.026887	-0.080000	0.130000	-0.200000	-0.014000	-0.008000	-0.002000	29992	30013	29980	24993	24996	24999
815	14.026800	0.000110	0.220000	0.160000	-0.500000	-0.014000	-0.008000	-0.002000	30022	30016	29950	24993	24996	24999
816	14.053531	0.026731	0.220000	0.160000	-0.500000	-0.006000	0.026000	-0.008000	30022	30016	29950	24997	25013	24996
817	14.053596	0.000065	-0.270000	0.060000	-0.490000	-0.006000	0.026000	-0.008000	29973	30006	29951	24997	25013	24996
818	14.080275	0.026679	0.280000	0.240000	0.000000	-0.006000	0.026000	-0.008000	30028	30024	30000	24997	25013	24996
819	14.111594	0.031319	-0.890000	-0.470000	0.080000	-0.006000	0.026000	-0.008000	29911	29953	30008	24997	25013	24996
820	14.143198	0.031603	-0.890000	-0.470000	0.080000	0.066000	-0.052000	0.004000	29911	29953	30008	25033	24974	25002
821	14.143263	0.000065	-0.100000	0.030000	-0.280000	0.066000	-0.052000	0.004000	29990	30003	29972	25033	24974	25002
822	14.173537	0.030274	-0.100000	0.030000	-0.280000	0.004000	0.000000	-0.018000	29990	30003	29972	25002	25000	24991
823	14.173634	0.000097	-0.240000	0.590000	-0.270000	0.004000	0.000000	-0.018000	29976	30059	29973	25002	25000	24991
824	14.204400	0.030766	-0.240000	0.590000	-0.270000	-0.026000	0.022000	-0.010000	29976	30059	29973	24987	25011	24995
825	14.204472	0.000072	-0.330000	-0.330000	-0.710000	-0.026000	0.022000	-0.010000	29967	29967	29929	24987	25011	24995
826	14.236804	0.032332	-0.560000	-0.480000	0.060000	-0.026000	0.022000	-0.010000	29944	29952	30006	24987	25011	24995
827	14.272157	0.035354	-0.180000	0.020000	-0.250000	-0.026000	0.022000	-0.010000	29982	30002	29975	24987	25011	24995
828	14.303633	0.031476	-0.180000	0.020000	-0.250000	0.024000	0.008000	-0.004000	29982	30002	29975	25012	25004	24998
829	14.303717	0.000084	0.030000	0.470000	0.600000	0.024000	0.008000	-0.004000	30003	30047	30060	25012	25004	24998
830	14.335788	0.032071	0.030000	0.470000	0.600000	-0.044000	0.014000	0.002000	30003	30047	30060	24978	25007	25001
831	14.335870	0.000082	0.580000	0.380000	0.050000	-0.044000	0.014000	0.002000	30058	30038	30005	24978	25007	25001
832	14.366816	0.030946	0.580000	0.380000	0.050000	-0.024000	0.050000	0.002000	30058	30038	30005	24988	25025	25001
833	14.366887	0.000071	-0.120000	0.040000	0.080000	-0.024000	0.050000	0.002000	29988	30004	30008	24988	25025	25001
834	14.397804	0.030916	-0.120000	0.040000	0.080000	0.002000	0.008000	0.000000	29988	30004	30008	25001	25004	25000
835	14.397876	0.000072	-0.220000	0.280000	0.090000	0.002000	0.008000	0.000000	29978	30028	30009	25001	25004	25000
836	14.424346	0.026471	-0.220000	0.280000	0.090000	0.004000	-0.002000	0.020000	29978	30028	30009	25002	24999	25010
837	14.424428	0.000082	0.000000	0.370000	0.030000	0.004000	-0.002000	0.020000	30000	30037	30003	25002	24999	25010
838	14.461070	0.036642	0.400000	0.160000	-0.240000	0.004000	-0.002000	0.020000	30040	30016	29976	25002	24999	25010
839	14.489393	0.028322	0.400000	0.160000	-0.240000	-0.040000	0.022000	0.004000	30040	30016	29976	24980	25011	25002
840	14.489488	0.000096	-0.020000	0.240000	-0.220000	-0.040000	0.022000	0.004000	29998	30024	29978	24980	25011	25002
841	14.531504	0.042016	-0.020000	0.240000	-0.220000	-0.012000	0.020000	0.000000	29998	30024	29978	24994	25010	25000
842	14.531578	0.000074	0.130000	0.590000	-0.240000	-0.012000	0.020000	0.000000	30013	30059	29976	24994	25010	25000
843	14.560193	0.028615	0.130000	0.150000	-0.200000	-0.012000	0.020000	0.000000	30013	30015	29980	24994	25010	25000
844	14.593021	0.032828	0.190000	-0.190000	0.280000	-0.012000	0.020000	0.000000	30019	29981	30028	24994	25010	25000
845	14.626342	0.033321	0.190000	-0.190000	0.280000	0.038000	0.044000	-0.004000	30019	29981	30028	25019	25022	24998
846	14.626409	0.000068	-0.040000	0.600000	-0.500000	0.038000	0.044000	-0.004000	29996	30060	29950	25019	25022	24998
847	14.658267	0.031858	0.000000	0.130000	0.310000	0.038000	0.044000	-0.004000	30000	30013	30031	25019	25022	24998
848	14.687187	0.028919	-0.240000	0.860000	-0.460000	0.038000	0.044000	-0.004000	29976	30086	29954	25019	25022	24998
849	14.717839	0.030652	-0.240000	0.860000	-0.460000	-0.058000	-0.018000	0.008000	29976	30086	29954	24971	24991	25004
850	14.717924	0.000085	0.200000	0.040000	-0.480000	-0.058000	-0.018000	0.008000	30020	30004	29952	24971	24991	25004
851	14.746862	0.028938	-0.230000	0.070000	0.370000	-0.058000	-0.018000	0.008000	29977	30007	30037	24971	24991	25004
852	14.776616	0.029754	-0.170000	-0.160000	0.320000	-0.058000	-0.018000	0.008000	29983	29984	30032	24971	24991	25004
853	14.804136	0.027520	-0.170000	-0.160000	0.320000	0.004000	-0.006000	-0.004000	29983	29984	30032	25002	24997	24998
854	14.804273	0.000137	-0.580000	-0.220000	-0.750000	0.004000	-0.006000	-0.004000	29942	29978	29925	25002	24997	24998
855	14.831946	0.027673	-0.390000	-0.420000	0.020000	0.004000	-0.006000	-0.004000	29961	29958	30002	25002	24997	24998
856	14.862683	0.030736	0.380000	0.740000	0.010000	0.004000	-0.006000	-0.004000	30038	30074	30001	25002	24997	24998
857	14.894272	0.031590	-0.230000	0.100000	0.060000	0.004000	-0.006000	-0.004000	29977	30010	30006	25002	24997	24998
858	14.925860	0.031588	-0.230000	0.100000	0.060000	0.004000	-0.004000	-0.006000	29977	30010	30006	25002	24998	24997
859	14.925948	0.000088	0.320000	0.010000	0.030000	0.004000	-0.004000	-0.006000	30032	30001	30003	25002	24998	24997
860	14.952944	0.026996	-0.080000	0.500000	0.320000	0.004000	-0.004000	-0.006000	29992	30050	30032	25002	24998	24997
861	14.982611	0.029667	-0.080000	0.500000	0.320000	-0.022000	0.014000	-0.012000	29992	30050	30032	24989	25007	24994
862	14.982698	0.000087	0.200000	-0.140000	0.600000	-0.022000	0.014000	-0.012000	30020	29986	30060	24989	25007	24994
863	15.018281	0.035583	0.200000	-0.140000	0.600000	0.020000	0.020000	-0.012000	30020	29986	30060	25010	25010	24994
864	15.018374	0.000093	0.080000	-0.160000	0.030000	0.020000	0.020000	-0.012000	30008	29984	30003	25010	25010	24994
865	15.047231	0.028857	0.080000	-0.160000	0.030000	0.024000	0.012000	-0.006000	30008	29984	30003	25012	25006	24997
866	15.047341	0.000110	-0.100000	0.080000	0.050000	0.024000	0.012000	-0.006000	29990	30008	30005	25012	25006	24997
867	15.076944	0.029603	-0.100000	0.080000	0.050000	0.012000	0.006000	-0.004000	29990	30008	30005	25006	25003	24998
868	15.077020	0.000076	-0.100000	0.080000	0.050000	-0.016000	0.006000	0.006000	29990	30008	30005	24992	25003	25003
869	15.077048	0.000029	0.290000	0.110000	-0.240000	-0.016000	0.006000	0.006000	30029	30011	29976	24992	25003	25003
870	15.109829	0.032781	0.170000	-0.020000	-0.490000	-0.016000	0.006000	0.006000	30017	29998	29951	24992	25003	25003
871	15.141540	0.031711	0.170000	-0.020000	-0.490000	0.006000	0.006000	-0.002000	30017	29998	29951	25003	25003	24999
872	15.141625	0.000085	-0.020000	-0.210000	0.030000	0.006000	0.006000	-0.002000	29998	29979	30003	25003	25003	24999
873	15.174267	0.032642	-0.020000	-0.210000	0.030000	0.026000	0.014000	0.002000	29998	29979	30003	25013	25007	25001
874	15.174343	0.000075	-0.360000	-0.320000	-0.210000	0.026000	0.014000	0.002000	29964	29968	29979	25013	25007	25001
875	15.208982	0.034639	-0.360000	-0.320000	-0.210000	0.046000	-0.020000	0.012000	29964	29968	29979	25023	24990	25006
876	15.209075	0.000093	-0.360000	-0.320000	-0.210000	-0.010000	-0.010000	-0.012000	29964	29968	29979	24995	24995	24994
877	15.209100	0.000026	-0.490000	-0.090000	-0.480000	-0.010000	-0.010000	-0.012000	29951	29991	29952	24995	24995	24994
878	15.242545	0.033445	0.440000	0.460000	-0.250000	-0.010000	-0.010000	-0.012000	30044	30046	29975	24995	24995	24994
879	15.270119	0.027574	0.440000	0.460000	-0.250000	-0.040000	0.046000	-0.010000	30044	30046	29975	24980	25023	24995
880	15.270246	0.000127	0.300000	0.770000	-0.250000	-0.040000	0.046000	-0.010000	30030	30077	29975	24980	25023	24995
881	15.301571	0.031325	0.300000	0.770000	-0.250000	-0.046000	0.052000	-0.014000	30030	30077	29975	24977	25026	24993
882	15.301645	0.000074	-0.310000	0.440000	-0.480000	-0.046000	0.052000	-0.014000	29969	30044	29952	24977	25026	24993
883	15.333511	0.031866	-0.310000	0.440000	-0.480000	-0.020000	-0.008000	-0.006000	29969	30044	29952	24990	24996	24997
884	15.333616	0.000105	-0.430000	-0.250000	0.330000	-0.020000	-0.008000	-0.006000	29957	29975	30033	24990	24996	24997
885	15.365777	0.032161	-0.430000	-0.250000	0.330000	0.040000	-0.016000	0.010000	29957	29975	30033	25020	24992	25005
886	15.365887	0.000110	-0.200000	-0.280000	-0.460000	0.040000	-0.016000	0.010000	29980	29972	29954	25020	24992	25005
887	15.409072	0.043185	-0.200000	-0.280000	-0.460000	0.046000	0.002000	0.002000	29980	29972	29954	25023	25001	25001
888	15.409191	0.000119	-0.100000	-0.160000	-0.230000	0.046000	0.002000	0.002000	29990	29984	29977	25023	25001	25001
889	15.446195	0.037004	-0.100000	-0.160000	-0.230000	0.032000	0.002000	-0.002000	29990	29984	29977	25016	25001	24999
890	15.446275	0.000080	0.120000	-0.100000	0.020000	0.032000	0.002000	-0.002000	30012	29990	30002	25016	25001	24999
891	15.474244	0.027970	-0.400000	-0.010000	0.570000	0.032000	0.002000	-0.002000	29960	29999	30057	25016	25001	24999
892	15.506173	0.031929	-0.430000	0.070000	-0.220000	0.032000	0.002000	-0.002000	29957	30007	29978	25016	25001	24999
893	15.533221	0.027048	-0.430000	0.070000	-0.220000	0.020000	-0.006000	-0.006000	29957	30007	29978	25010	24997	24997
894	15.533313	0.000092	0.300000	0.560000	-0.530000	0.020000	-0.006000	-0.006000	30030	30056	29947	25010	24997	24997
895	15.563479	0.030165	0.300000	0.560000	-0.530000	-0.008000	0.002000	0.000000	30030	30056	29947	24996	25001	25000
896	15.563558	0.000079	0.040000	0.090000	-0.770000	-0.008000	0.002000	0.000000	30004	30009	29923	24996	25001	25000
897	15.592327	0.028769	0.040000	0.090000	-0.770000	-0.012000	0.010000	-0.002000	30004	30009	29923	24994	25005	24999
898	15.592397	0.000070	-0.360000	-0.340000	0.020000	-0.012000	0.010000	-0.002000	29964	29966	30002	24994	25005	24999
899	15.623479	0.031082	0.200000	0.690000	-0.260000	-0.012000	0.010000	-0.002000	30020	30069	29974	24994	25005	24999
900	15.655247	0.031768	0.200000	0.690000	-0.260000	-0.048000	0.032000	-0.002000	30020	30069	29974	24976	25016	24999
901	15.655356	0.000109	-0.220000	0.290000	0.060000	-0.048000	0.032000	-0.002000	29978	30029	30006	24976	25016	24999
902	15.689543	0.034187	-0.220000	0.290000	0.060000	0.002000	0.010000	0.000000	29978	30029	30006	25001	25005	25000
903	15.689615	0.000072	-0.220000	0.290000	0.060000	-0.056000	-0.008000	0.004000	29978	30029	30006	24972	24996	25002
904	15.689635	0.000020	-0.220000	0.290000	0.060000	0.008000	0.000000	-0.004000	29978	30029	30006	25004	25000	24998
905	15.689651	0.000016	0.040000	0.040000	-0.240000	0.008000	0.000000	-0.004000	30004	30004	29976	25004	25000	24998
906	15.718147	0.028497	-0.280000	-0.150000	-0.420000	0.008000	0.000000	-0.004000	29972	29985	29958	25004	25000	24998
907	15.747753	0.029606	-0.070000	0.090000	-0.210000	0.008000	0.000000	-0.004000	29993	30009	29979	25004	25000	24998
908	15.780125	0.032372	-0.490000	-0.410000	0.350000	0.008000	0.000000	-0.004000	29951	29959	30035	25004	25000	24998
909	15.808422	0.028297	-0.490000	-0.410000	0.350000	0.056000	-0.016000	-0.014000	29951	29959	30035	25028	24992	24993
910	15.808495	0.000073	-0.240000	0.190000	-1.330000	0.056000	-0.016000	-0.014000	29976	30019	29867	25028	24992	24993
911	15.836690	0.028195	-0.400000	-0.460000	0.070000	0.056000	-0.016000	-0.014000	29960	29954	30007	25028	24992	24993
912	15.862485	0.025795	0.110000	-0.520000	0.340000	0.056000	-0.016000	-0.014000	30011	29948	30034	25028	24992	24993
913	15.892499	0.030014	0.110000	-0.520000	0.340000	0.056000	0.016000	-0.008000	30011	29948	30034	25028	25008	24996
914	15.892599	0.000100	0.160000	-0.540000	0.340000	0.056000	0.016000	-0.008000	30016	29946	30034	25028	25008	24996
915	15.927709	0.035110	0.250000	0.390000	0.540000	0.056000	0.016000	-0.008000	30025	30039	30054	25028	25008	24996
916	15.955818	0.028109	-0.020000	0.420000	-0.820000	0.056000	0.016000	-0.008000	29998	30042	29918	25028	25008	24996
917	15.982384	0.026566	0.120000	-0.170000	-0.520000	0.056000	0.016000	-0.008000	30012	29983	29948	25028	25008	24996
918	16.012413	0.030030	0.120000	-0.170000	-0.520000	0.050000	0.004000	-0.004000	30012	29983	29948	25025	25002	24998
919	16.012485	0.000071	0.140000	0.150000	0.090000	0.050000	0.004000	-0.004000	30014	30015	30009	25025	25002	24998
920	16.045349	0.032864	-0.140000	-0.650000	-0.210000	0.050000	0.004000	-0.004000	29986	29935	29979	25025	25002	24998
921	16.076648	0.031299	-0.140000	-0.650000	-0.210000	-0.014000	-0.004000	0.008000	29986	29935	29979	24993	24998	25004
922	16.076760	0.000112	-0.750000	-0.390000	0.040000	-0.014000	-0.004000	0.008000	29925	29961	30004	24993	24998	25004
923	16.115965	0.039205	0.100000	-0.010000	0.330000	-0.014000	-0.004000	0.008000	30010	29999	30033	24993	24998	25004
924	16.144685	0.028720	0.140000	0.390000	0.530000	-0.014000	-0.004000	0.008000	30014	30039	30053	24993	24998	25004
925	16.176525	0.031841	0.140000	0.390000	0.530000	-0.028000	0.032000	-0.020000	30014	30039	30053	24986	25016	24990
926	16.176610	0.000085	0.050000	0.000000	0.060000	-0.028000	0.032000	-0.020000	30005	30000	30006	24986	25016	24990
927	16.210395	0.033785	0.050000	0.000000	0.060000	0.008000	0.002000	0.000000	30005	30000	30006	25004	25001	25000
928	16.210487	0.000092	0.250000	0.120000	0.010000	0.008000	0.002000	0.000000	30025	30012	30001	25004	25001	25000
929	16.244259	0.033771	0.040000	0.040000	-0.510000	0.008000	0.002000	0.000000	30004	30004	29949	25004	25001	25000
930	16.279495	0.035236	-0.150000	-0.190000	0.290000	0.008000	0.002000	0.000000	29985	29981	30029	25004	25001	25000
931	16.313361	0.033867	-0.150000	-0.190000	0.290000	0.008000	-0.022000	-0.022000	29985	29981	30029	25004	24989	24989
932	16.313444	0.000083	0.010000	0.080000	0.060000	0.008000	-0.022000	-0.022000	30001	30008	30006	25004	24989	24989
933	16.346505	0.033061	0.010000	0.080000	0.060000	0.008000	0.022000	-0.006000	30001	30008	30006	25004	25011	24997
934	16.346581	0.000076	0.180000	-0.090000	0.310000	0.008000	0.022000	-0.006000	30018	29991	30031	25004	25011	24997
935	16.381501	0.034920	0.180000	-0.090000	0.310000	0.008000	0.016000	0.002000	30018	29991	30031	25004	25008	25001
936	16.381590	0.000089	0.180000	-0.090000	0.310000	-0.008000	-0.040000	-0.004000	30018	29991	30031	24996	24980	24998
937	16.381614	0.000025	-0.080000	0.450000	-0.550000	-0.008000	-0.040000	-0.004000	29992	30045	29945	24996	24980	24998
938	16.416548	0.034934	-0.080000	0.450000	-0.550000	-0.020000	0.014000	-0.022000	29992	30045	29945	24990	25007	24989
939	16.416616	0.000067	0.120000	0.450000	0.900000	-0.020000	0.014000	-0.022000	30012	30045	30090	24990	25007	24989
940	16.448846	0.032230	-0.440000	0.320000	-0.250000	-0.020000	0.014000	-0.022000	29956	30032	29975	24990	25007	24989
941	16.481402	0.032557	-0.440000	0.320000	-0.250000	0.008000	0.010000	0.000000	29956	30032	29975	25004	25005	25000
942	16.481489	0.000087	0.030000	-0.010000	-0.230000	0.008000	0.010000	0.000000	30003	29999	29977	25004	25005	25000
943	16.514899	0.033411	0.030000	0.080000	-0.210000	0.008000	0.010000	0.000000	30003	30008	29979	25004	25005	25000
944	16.549811	0.034911	-0.100000	0.390000	-0.540000	0.008000	0.010000	0.000000	29990	30039	29946	25004	25005	25000
945	16.580099	0.030288	-0.100000	0.390000	-0.540000	-0.026000	0.012000	-0.014000	29990	30039	29946	24987	25006	24993
946	16.580178	0.000080	0.080000	-0.110000	-0.800000	-0.026000	0.012000	-0.014000	30008	29989	29920	24987	25006	24993
947	16.610116	0.029938	0.080000	-0.110000	-0.800000	0.016000	0.008000	-0.006000	30008	29989	29920	25008	25004	24997
948	16.610190	0.000074	-0.130000	-0.030000	-0.520000	0.016000	0.008000	-0.006000	29987	29997	29948	25008	25004	24997
949	16.658102	0.047912	0.080000	0.260000	-0.510000	0.016000	0.008000	-0.006000	30008	30026	29949	25008	25004	24997
950	16.692655	0.034553	-0.100000	-0.270000	0.600000	0.016000	0.008000	-0.006000	29990	29973	30060	25008	25004	24997
951	16.724833	0.032178	-0.100000	-0.270000	0.600000	0.042000	-0.002000	-0.008000	29990	29973	30060	25021	24999	24996
952	16.724923	0.000090	-0.110000	0.130000	-0.800000	0.042000	-0.002000	-0.008000	29989	30013	29920	25021	24999	24996
953	16.756453	0.031531	0.070000	0.210000	0.040000	0.042000	-0.002000	-0.008000	30007	30021	30004	25021	24999	24996
954	16.792346	0.035893	-0.410000	0.180000	-0.750000	0.042000	-0.002000	-0.008000	29959	30018	29925	25021	24999	24996
955	16.821593	0.029246	-0.410000	0.180000	-0.750000	-0.004000	-0.034000	0.004000	29959	30018	29925	24998	24983	25002
956	16.821655	0.000063	-0.450000	0.030000	-0.470000	-0.004000	-0.034000	0.004000	29955	30003	29953	24998	24983	25002
957	16.850699	0.029044	-0.450000	0.030000	-0.470000	0.020000	-0.028000	0.002000	29955	30003	29953	25010	24986	25001
958	16.850758	0.000059	0.140000	0.190000	-0.230000	0.020000	-0.028000	0.002000	30014	30019	29977	25010	24986	25001
959	16.878802	0.028044	0.140000	0.190000	-0.230000	-0.004000	0.022000	-0.002000	30014	30019	29977	24998	25011	24999
960	16.878871	0.000069	0.180000	0.550000	-0.230000	-0.004000	0.022000	-0.002000	30018	30055	29977	24998	25011	24999
961	16.911810	0.032938	0.180000	0.550000	-0.230000	-0.042000	0.026000	0.006000	30018	30055	29977	24979	25013	25003
962	16.911923	0.000113	-0.470000	-0.550000	0.030000	-0.042000	0.026000	0.006000	29953	29945	30003	24979	25013	25003
963	16.947580	0.035658	-0.470000	-0.550000	0.030000	0.032000	-0.052000	0.004000	29953	29945	30003	25016	24974	25002
964	16.947661	0.000081	-0.030000	0.070000	-0.510000	0.032000	-0.052000	0.004000	29997	30007	29949	25016	24974	25002
965	16.975119	0.027458	-0.030000	0.070000	-0.510000	-0.008000	0.006000	0.010000	29997	30007	29949	24996	25003	25005
966	16.975209	0.000090	-0.200000	-0.200000	0.340000	-0.008000	0.006000	0.010000	29980	29980	30034	24996	25003	25005
967	17.003140	0.027931	-0.200000	-0.200000	0.340000	0.022000	-0.012000	0.000000	29980	29980	30034	25011	24994	25000
968	17.003228	0.000088	-0.200000	-0.200000	0.340000	0.016000	-0.032000	-0.012000	29980	29980	30034	25008	24984	24994
969	17.003270	0.000042	-0.200000	-0.520000	-0.260000	0.016000	-0.032000	-0.012000	29980	29948	29974	25008	24984	24994
970	17.031643	0.028372	-0.130000	0.160000	-0.230000	0.016000	-0.032000	-0.012000	29987	30016	29977	25008	24984	24994
971	17.059872	0.028230	-0.130000	0.160000	-0.230000	0.004000	0.010000	-0.006000	29987	30016	29977	25002	25005	24997
972	17.059934	0.000062	-0.030000	-0.030000	-0.510000	0.004000	0.010000	-0.006000	29997	29997	29949	25002	25005	24997
973	17.091991	0.032057	-0.030000	-0.030000	-0.510000	0.004000	0.006000	-0.002000	29997	29997	29949	25002	25003	24999
974	17.092063	0.000072	-0.030000	0.140000	-0.500000	0.004000	0.006000	-0.002000	29997	30014	29950	25002	25003	24999
975	17.125215	0.033152	-0.030000	0.140000	-0.500000	-0.012000	-0.010000	-0.012000	29997	30014	29950	24994	24995	24994
976	17.125288	0.000073	0.190000	0.480000	-0.280000	-0.012000	-0.010000	-0.012000	30019	30048	29972	24994	24995	24994
977	17.158693	0.033405	0.190000	0.480000	-0.280000	-0.012000	0.040000	-0.024000	30019	30048	29972	24994	25020	24988
978	17.158767	0.000073	-0.150000	-0.270000	0.640000	-0.012000	0.040000	-0.024000	29985	29973	30064	24994	25020	24988
979	17.191519	0.032753	-0.150000	-0.270000	0.640000	0.052000	-0.002000	0.000000	29985	29973	30064	25026	24999	25000
980	17.191641	0.000122	-0.110000	-0.130000	0.320000	0.052000	-0.002000	0.000000	29989	29987	30032	25026	24999	25000
981	17.225638	0.033997	-0.110000	-0.130000	0.320000	0.012000	-0.002000	0.002000	29989	29987	30032	25006	24999	25001
982	17.225715	0.000077	-0.110000	-0.130000	0.320000	0.014000	-0.004000	-0.020000	29989	29987	30032	25007	24998	24990
983	17.225762	0.000046	-0.180000	-0.350000	-0.220000	0.014000	-0.004000	-0.020000	29982	29965	29978	25007	24998	24990
984	17.257473	0.031711	-0.180000	-0.350000	-0.220000	0.064000	0.000000	0.000000	29982	29965	29978	25032	25000	25000
985	17.257696	0.000223	-0.260000	-0.320000	-0.150000	0.064000	0.000000	0.000000	29974	29968	29985	25032	25000	25000
986	17.294448	0.036752	-0.060000	0.420000	-0.520000	0.064000	0.000000	0.000000	29994	30042	29948	25032	25000	25000
987	17.328417	0.033969	-0.060000	0.420000	-0.520000	-0.034000	0.020000	-0.012000	29994	30042	29948	24983	25010	24994
988	17.328492	0.000075	-0.540000	-0.950000	0.030000	-0.034000	0.020000	-0.012000	29946	29905	30003	24983	25010	24994
989	17.355809	0.027317	-0.540000	-0.950000	0.030000	0.112000	-0.024000	0.002000	29946	29905	30003	25056	24988	25001
990	17.355876	0.000068	-0.170000	-0.520000	-0.500000	0.112000	-0.024000	0.002000	29983	29948	29950	25056	24988	25001
991	17.388047	0.032170	-0.170000	-0.520000	-0.500000	0.044000	-0.008000	-0.010000	29983	29948	29950	25022	24996	24995
992	17.388119	0.000072	-0.480000	-0.450000	-0.470000	0.044000	-0.008000	-0.010000	29952	29955	29953	25022	24996	24995
993	17.422159	0.034040	-0.480000	-0.450000	-0.470000	0.060000	-0.034000	-0.010000	29952	29955	29953	25030	24983	24995
994	17.422242	0.000083	-0.450000	0.180000	-0.200000	0.060000	-0.034000	-0.010000	29955	30018	29980	25030	24983	24995
995	17.450746	0.028504	-0.410000	0.240000	-0.190000	0.060000	-0.034000	-0.010000	29959	30024	29981	25030	24983	24995
996	17.482689	0.031944	-0.410000	-0.850000	0.580000	0.060000	-0.034000	-0.010000	29959	29915	30058	25030	24983	24995
997	17.509874	0.027185	-0.410000	-0.850000	0.580000	0.078000	-0.034000	-0.012000	29959	29915	30058	25039	24983	24994
998	17.509938	0.000064	-0.570000	0.200000	0.070000	0.078000	-0.034000	-0.012000	29943	30020	30007	25039	24983	24994
999	17.540118	0.030180	-0.570000	0.200000	0.070000	-0.014000	-0.030000	0.012000	29943	30020	30007	24993	24985	25006
1000	17.540213	0.000095	-0.570000	0.200000	0.070000	0.022000	0.004000	-0.008000	29943	30020	30007	25011	25002	24996
1001	17.540275	0.000062	-0.020000	-0.080000	-0.230000	0.022000	0.004000	-0.008000	29998	29992	29977	25011	25002	24996
1002	17.573843	0.033568	-0.020000	-0.080000	-0.230000	0.050000	0.002000	-0.012000	29998	29992	29977	25025	25001	24994
1003	17.573979	0.000136	-0.090000	-0.160000	0.020000	0.050000	0.002000	-0.012000	29991	29984	30002	25025	25001	24994
1004	17.602526	0.028547	-0.530000	-0.290000	-0.740000	0.050000	0.002000	-0.012000	29947	29971	29926	25025	25001	24994
1005	17.635096	0.032570	-0.530000	-0.290000	-0.740000	0.058000	-0.016000	0.010000	29947	29971	29926	25029	24992	25005
1006	17.635288	0.000192	-0.530000	-0.290000	-0.740000	-0.020000	-0.038000	-0.006000	29947	29971	29926	24990	24981	24997
1007	17.635387	0.000099	-0.240000	-0.070000	0.330000	-0.020000	-0.038000	-0.006000	29976	29993	30033	24990	24981	24997
1008	17.672820	0.037433	-0.750000	-0.530000	-1.000000	-0.020000	-0.038000	-0.006000	29925	29947	29900	24990	24981	24997
1009	17.709765	0.036945	-0.750000	-0.530000	-1.000000	0.064000	-0.056000	-0.002000	29925	29947	29900	25032	24972	24999
1010	17.709847	0.000083	-0.290000	-0.470000	-0.220000	0.064000	-0.056000	-0.002000	29971	29953	29978	25032	24972	24999
1011	17.743257	0.033410	-0.290000	-0.470000	-0.220000	0.032000	-0.038000	-0.008000	29971	29953	29978	25016	24981	24996
1012	17.743314	0.000056	0.090000	-0.380000	0.310000	0.032000	-0.038000	-0.008000	30009	29962	30031	25016	24981	24996
1013	17.769686	0.026373	0.090000	-0.380000	0.310000	0.044000	0.020000	-0.016000	30009	29962	30031	25022	25010	24992
1014	17.769765	0.000079	-0.700000	0.010000	-0.240000	0.044000	0.020000	-0.016000	29930	30001	29976	25022	25010	24992
1015	17.803869	0.034104	-0.700000	0.010000	-0.240000	-0.006000	-0.038000	-0.016000	29930	30001	29976	24997	24981	24992
1016	17.803937	0.000068	-0.630000	-0.270000	-0.230000	-0.006000	-0.038000	-0.016000	29937	29973	29977	24997	24981	24992
1017	17.835157	0.031221	-0.630000	-0.270000	-0.230000	0.040000	-0.042000	-0.002000	29937	29973	29977	25020	24979	24999
1018	17.835209	0.000052	-0.450000	-0.230000	0.350000	0.040000	-0.042000	-0.002000	29955	29977	30035	25020	24979	24999
1019	17.863088	0.027879	0.270000	0.230000	0.010000	0.040000	-0.042000	-0.002000	30027	30023	30001	25020	24979	24999
1020	17.890339	0.027251	-0.020000	0.280000	-0.230000	0.040000	-0.042000	-0.002000	29998	30028	29977	25020	24979	24999
1021	17.920246	0.029907	-0.020000	0.280000	-0.230000	0.002000	0.018000	-0.012000	29998	30028	29977	25001	25009	24994
1022	17.920321	0.000075	0.060000	0.470000	-0.770000	0.002000	0.018000	-0.012000	30006	30047	29923	25001	25009	24994
1023	17.952462	0.032141	0.060000	0.470000	-0.770000	0.046000	-0.006000	-0.002000	30006	30047	29923	25023	24997	24999
1024	17.952545	0.000083	0.360000	0.220000	0.000000	0.046000	-0.006000	-0.002000	30036	30022	30000	25023	24997	24999
1025	17.986646	0.034101	0.410000	0.210000	0.000000	0.046000	-0.006000	-0.002000	30041	30021	30000	25023	24997	24999
1026	18.020517	0.033871	0.020000	0.520000	-0.460000	0.046000	-0.006000	-0.002000	30002	30052	29954	25023	24997	24999
1027	18.047701	0.027184	-0.010000	-0.160000	-0.220000	0.046000	-0.006000	-0.002000	29999	29984	29978	25023	24997	24999
1028	18.079557	0.031856	0.350000	0.320000	0.080000	0.046000	-0.006000	-0.002000	30035	30032	30008	25023	24997	24999
1029	18.123624	0.044067	0.080000	-0.180000	0.020000	0.046000	-0.006000	-0.002000	30008	29982	30002	25023	24997	24999
1030	18.154178	0.030554	-0.630000	-0.360000	0.070000	0.046000	-0.006000	-0.002000	29937	29964	30007	25023	24997	24999
1031	18.180699	0.026521	-0.630000	-0.360000	0.070000	0.052000	-0.040000	0.012000	29937	29964	30007	25026	24980	25006
1032	18.180807	0.000108	-0.020000	0.740000	-0.240000	0.052000	-0.040000	0.012000	29998	30074	29976	25026	24980	25006
1033	18.216326	0.035520	-0.020000	0.740000	-0.240000	-0.040000	0.022000	-0.002000	29998	30074	29976	24980	25011	24999
1034	18.216410	0.000083	0.000000	0.360000	0.320000	-0.040000	0.022000	-0.002000	30000	30036	30032	24980	25011	24999
1035	18.250841	0.034431	-0.310000	-0.060000	-0.510000	-0.040000	0.022000	-0.002000	29969	29994	29949	24980	25011	24999
1036	18.284755	0.033914	-0.010000	0.210000	-0.200000	-0.040000	0.022000	-0.002000	29999	30021	29980	24980	25011	24999
1037	18.318900	0.034145	-0.010000	0.210000	-0.200000	0.006000	0.000000	-0.004000	29999	30021	29980	25003	25000	24998
1038	18.318980	0.000081	0.530000	0.110000	0.020000	0.006000	0.000000	-0.004000	30053	30011	30002	25003	25000	24998
1039	18.352623	0.033643	0.530000	0.110000	0.020000	-0.006000	0.058000	0.002000	30053	30011	30002	24997	25029	25001
1040	18.352700	0.000077	-0.230000	-0.150000	-0.220000	-0.006000	0.058000	0.002000	29977	29985	29978	24997	25029	25001
1041	18.386707	0.034007	-0.100000	-0.020000	0.090000	-0.006000	0.058000	0.002000	29990	29998	30009	24997	25029	25001
1042	18.416640	0.029933	0.240000	0.510000	0.280000	-0.006000	0.058000	0.002000	30024	30051	30028	24997	25029	25001
1043	18.446636	0.029996	0.240000	0.510000	0.280000	-0.030000	0.032000	-0.022000	30024	30051	30028	24985	25016	24989
1044	18.446715	0.000079	0.020000	-0.090000	0.330000	-0.030000	0.032000	-0.022000	30002	29991	30033	24985	25016	24989
1045	18.482323	0.035608	0.100000	0.050000	0.010000	-0.030000	0.032000	-0.022000	30010	30005	30001	24985	25016	24989
1046	18.517043	0.034720	0.130000	0.860000	-0.260000	-0.030000	0.032000	-0.022000	30013	30086	29974	24985	25016	24989
1047	18.551394	0.034351	0.060000	0.890000	-0.250000	-0.030000	0.032000	-0.022000	30006	30089	29975	24985	25016	24989
1048	18.584704	0.033310	0.020000	0.270000	0.280000	-0.030000	0.032000	-0.022000	30002	30027	30028	24985	25016	24989
1049	18.616184	0.031480	0.020000	0.270000	0.280000	-0.016000	0.016000	-0.010000	30002	30027	30028	24992	25008	24995
1050	18.616257	0.000073	-0.080000	0.160000	0.280000	-0.016000	0.016000	-0.010000	29992	30016	30028	24992	25008	24995
1051	18.647446	0.031189	-0.220000	-0.020000	0.290000	-0.016000	0.016000	-0.010000	29978	29998	30029	24992	25008	24995
1052	18.679730	0.032285	0.070000	0.070000	-0.220000	-0.016000	0.016000	-0.010000	30007	30007	29978	24992	25008	24995
1053	18.709256	0.029525	0.260000	0.660000	-0.530000	-0.016000	0.016000	-0.010000	30026	30066	29947	24992	25008	24995
1054	18.747026	0.037771	-0.050000	-0.270000	-0.250000	-0.016000	0.016000	-0.010000	29995	29973	29975	24992	25008	24995
1055	18.781781	0.034754	-0.220000	-0.240000	0.080000	-0.016000	0.016000	-0.010000	29978	29976	30008	24992	25008	24995
1056	18.816279	0.034498	-0.120000	-0.050000	0.890000	-0.016000	0.016000	-0.010000	29988	29995	30089	24992	25008	24995
1057	18.850532	0.034253	-0.250000	-0.190000	0.080000	-0.016000	0.016000	-0.010000	29975	29981	30008	24992	25008	24995
1058	18.879643	0.029111	-0.080000	-0.120000	-0.740000	-0.016000	0.016000	-0.010000	29992	29988	29926	24992	25008	24995
1059	18.907316	0.027673	-0.080000	-0.120000	-0.740000	0.024000	0.004000	0.002000	29992	29988	29926	25012	25002	25001
1060	18.907400	0.000084	-0.290000	0.180000	-0.230000	0.024000	0.004000	0.002000	29971	30018	29977	25012	25002	25001
1061	18.944453	0.037053	-0.290000	0.180000	-0.230000	0.004000	-0.008000	-0.006000	29971	30018	29977	25002	24996	24997
1062	18.944590	0.000136	-0.210000	-0.710000	0.070000	0.004000	-0.008000	-0.006000	29979	29929	30007	25002	24996	24997
1063	18.975003	0.030413	0.090000	0.570000	-0.030000	0.004000	-0.008000	-0.006000	30009	30057	29997	25002	24996	24997
1064	19.007129	0.032126	0.170000	0.140000	-0.470000	0.004000	-0.008000	-0.006000	30017	30014	29953	25002	24996	24997
1065	19.040555	0.033425	0.170000	0.140000	-0.470000	-0.006000	0.016000	0.016000	30017	30014	29953	24997	25008	25008
1066	19.040640	0.000085	-0.140000	0.370000	-0.520000	-0.006000	0.016000	0.016000	29986	30037	29948	24997	25008	25008
1067	19.074340	0.033700	-0.140000	0.370000	-0.520000	-0.042000	-0.010000	-0.010000	29986	30037	29948	24979	24995	24995
1068	19.074408	0.000068	-0.180000	0.090000	0.040000	-0.042000	-0.010000	-0.010000	29982	30009	30004	24979	24995	24995
1069	19.109806	0.035398	-0.180000	0.090000	0.040000	-0.002000	-0.008000	-0.004000	29982	30009	30004	24999	24996	24998
1070	19.109882	0.000076	-0.070000	-0.480000	-0.220000	-0.002000	-0.008000	-0.004000	29993	29952	29978	24999	24996	24998
1071	19.143016	0.033135	-0.070000	-0.480000	-0.220000	0.064000	0.004000	0.008000	29993	29952	29978	25032	25002	25004
1072	19.143070	0.000054	-0.150000	-0.050000	0.060000	0.064000	0.004000	0.008000	29985	29995	30006	25032	25002	25004
1073	19.173042	0.029972	-0.150000	-0.050000	0.060000	0.028000	-0.002000	-0.006000	29985	29995	30006	25014	24999	24997
1074	19.173102	0.000060	0.280000	-0.020000	-0.480000	0.028000	-0.002000	-0.006000	30028	29998	29952	25014	24999	24997
1075	19.200680	0.027578	0.280000	-0.020000	-0.480000	0.020000	0.042000	0.002000	30028	29998	29952	25010	25021	25001
1076	19.200740	0.000060	-0.360000	0.060000	0.030000	0.020000	0.042000	0.002000	29964	30006	30003	25010	25021	25001
1077	19.228338	0.027598	-0.360000	0.060000	0.030000	0.010000	-0.016000	-0.008000	29964	30006	30003	25005	24992	24996
1078	19.228405	0.000067	0.180000	0.400000	-0.530000	0.010000	-0.016000	-0.008000	30018	30040	29947	25005	24992	24996
1079	19.260085	0.031680	0.450000	-0.080000	0.560000	0.010000	-0.016000	-0.008000	30045	29992	30056	25005	24992	24996
1080	19.292771	0.032686	0.000000	-0.190000	0.000000	0.010000	-0.016000	-0.008000	30000	29981	30000	25005	24992	24996
1081	19.325672	0.032902	0.000000	-0.190000	0.000000	0.008000	0.006000	-0.006000	30000	29981	30000	25004	25003	24997
1082	19.325753	0.000081	0.000000	-0.290000	-0.250000	0.008000	0.006000	-0.006000	30000	29971	29975	25004	25003	24997
1083	19.356011	0.030258	0.000000	-0.290000	-0.250000	0.032000	0.008000	-0.008000	30000	29971	29975	25016	25004	24996
1084	19.356077	0.000066	0.020000	-0.150000	0.320000	0.032000	0.008000	-0.008000	30002	29985	30032	25016	25004	24996
1085	19.389725	0.033648	0.530000	0.420000	0.560000	0.032000	0.008000	-0.008000	30053	30042	30056	25016	25004	24996
1086	19.418292	0.028567	-0.020000	0.420000	-0.760000	0.032000	0.008000	-0.008000	29998	30042	29924	25016	25004	24996
1087	19.451949	0.033657	-0.020000	0.420000	-0.760000	-0.032000	-0.006000	-0.006000	29998	30042	29924	24984	24997	24997
1088	19.452096	0.000148	-0.410000	-0.200000	-0.750000	-0.032000	-0.006000	-0.006000	29959	29980	29925	24984	24997	24997
1089	19.483634	0.031538	-0.080000	-0.300000	-0.520000	-0.032000	-0.006000	-0.006000	29992	29970	29948	24984	24997	24997
1090	19.513053	0.029419	-0.730000	-0.270000	-0.440000	-0.032000	-0.006000	-0.006000	29927	29973	29956	24984	24997	24997
1091	19.542655	0.029602	-0.730000	-0.270000	-0.440000	0.062000	-0.038000	0.004000	29927	29973	29956	25031	24981	25002
1092	19.542765	0.000110	-0.260000	0.160000	0.320000	0.062000	-0.038000	0.004000	29974	30016	30032	25031	24981	25002
1093	19.575461	0.032696	-0.260000	0.160000	0.320000	-0.020000	-0.016000	0.000000	29974	30016	30032	24990	24992	25000
1094	19.575519	0.000058	-0.130000	-0.040000	0.310000	-0.020000	-0.016000	0.000000	29987	29996	30031	24990	24992	25000
1095	19.604559	0.029039	-0.130000	-0.040000	0.310000	-0.018000	-0.036000	-0.006000	29987	29996	30031	24991	24982	24997
1096	19.604620	0.000061	-0.300000	0.050000	0.030000	-0.018000	-0.036000	-0.006000	29970	30005	30003	24991	24982	24997
1097	19.635883	0.031264	-0.300000	-0.160000	0.390000	-0.018000	-0.036000	-0.006000	29970	29984	30039	24991	24982	24997
1098	19.668653	0.032769	0.090000	0.520000	0.020000	-0.018000	-0.036000	-0.006000	30009	30052	30002	24991	24982	24997
1099	19.698788	0.030136	0.090000	0.520000	0.020000	-0.026000	0.028000	0.002000	30009	30052	30002	24987	25014	25001
1100	19.698906	0.000117	-0.320000	-0.420000	0.630000	-0.026000	0.028000	0.002000	29968	29958	30063	24987	25014	25001
1101	19.732465	0.033559	-0.320000	-0.420000	0.630000	0.040000	-0.024000	-0.010000	29968	29958	30063	25020	24988	24995
1102	19.732559	0.000094	0.110000	0.080000	-1.020000	0.040000	-0.024000	-0.010000	30011	30008	29898	25020	24988	24995
1103	19.764423	0.031863	0.110000	0.080000	-1.020000	0.014000	0.020000	0.014000	30011	30008	29898	25007	25010	25007
1104	19.764494	0.000072	-0.340000	0.580000	-0.750000	0.014000	0.020000	0.014000	29966	30058	29925	25007	25010	25007
1105	19.796427	0.031933	-0.320000	0.140000	0.050000	0.014000	0.020000	0.014000	29968	30014	30005	25007	25010	25007
1106	19.835493	0.039066	-0.130000	0.120000	-0.450000	0.014000	0.020000	0.014000	29987	30012	29955	25007	25010	25007
1107	19.870163	0.034670	-0.130000	0.120000	-0.450000	0.018000	0.006000	0.004000	29987	30012	29955	25009	25003	25002
1108	19.870304	0.000141	-0.010000	-0.180000	-0.490000	0.018000	0.006000	0.004000	29999	29982	29951	25009	25003	25002
1109	19.907767	0.037463	-0.010000	-0.180000	-0.490000	0.032000	0.004000	0.004000	29999	29982	29951	25016	25002	25002
1110	19.907845	0.000078	0.180000	0.740000	0.020000	0.032000	0.004000	0.004000	30018	30074	30002	25016	25002	25002
1111	19.938691	0.030846	0.180000	0.740000	0.020000	-0.042000	0.038000	-0.010000	30018	30074	30002	24979	25019	24995
1112	19.938772	0.000081	-0.100000	0.510000	-0.250000	-0.042000	0.038000	-0.010000	29990	30051	29975	24979	25019	24995
1113	19.971324	0.032551	-0.100000	0.510000	-0.250000	-0.022000	0.012000	-0.010000	29990	30051	29975	24989	25006	24995
1114	19.971503	0.000180	-0.250000	-0.110000	0.050000	-0.022000	0.012000	-0.010000	29975	29989	30005	24989	25006	24995
1115	20.008279	0.036775	-0.250000	-0.110000	0.050000	0.018000	-0.008000	-0.010000	29975	29989	30005	25009	24996	24995
1116	20.008372	0.000093	-0.250000	-0.110000	0.050000	-0.018000	0.000000	0.000000	29975	29989	30005	24991	25000	25000
1117	20.008410	0.000038	-0.040000	0.210000	-0.250000	-0.018000	0.000000	0.000000	29996	30021	29975	24991	25000	25000
1118	20.047189	0.038779	-0.040000	0.210000	-0.250000	-0.002000	0.004000	-0.006000	29996	30021	29975	24999	25002	24997
1119	20.047268	0.000079	-0.140000	0.080000	0.040000	-0.002000	0.004000	-0.006000	29986	30008	30004	24999	25002	24997
1120	20.085629	0.038361	-0.140000	0.080000	0.040000	0.000000	0.008000	0.000000	29986	30008	30004	25000	25004	25000
1121	20.085698	0.000069	-0.070000	0.220000	0.060000	0.000000	0.008000	0.000000	29993	30022	30006	25000	25004	25000
1122	20.116987	0.031289	-0.070000	0.220000	0.060000	-0.006000	-0.042000	-0.008000	29993	30022	30006	24997	24979	24996
1123	20.117098	0.000111	-0.210000	0.500000	-0.790000	-0.006000	-0.042000	-0.008000	29979	30050	29921	24997	24979	24996
1124	20.146797	0.029699	-0.210000	0.500000	-0.790000	-0.020000	0.004000	-0.014000	29979	30050	29921	24990	25002	24993
1125	20.146876	0.000079	-0.090000	-0.230000	-0.530000	-0.020000	0.004000	-0.014000	29991	29977	29947	24990	25002	24993
1126	20.178012	0.031135	-0.200000	-0.070000	-0.490000	-0.020000	0.004000	-0.014000	29980	29993	29951	24990	25002	24993
1127	20.221026	0.043014	-0.300000	-0.220000	-0.210000	-0.020000	0.004000	-0.014000	29970	29978	29979	24990	25002	24993
1128	20.297630	0.076604	-0.300000	-0.220000	-0.210000	0.036000	-0.012000	-0.004000	29970	29978	29979	25018	24994	24998
1129	20.297738	0.000108	0.310000	0.580000	0.270000	0.036000	-0.012000	-0.004000	30031	30058	30027	25018	24994	24998
1130	20.337134	0.039396	-0.120000	0.150000	0.620000	0.036000	-0.012000	-0.004000	29988	30015	30062	25018	24994	24998
1131	20.377049	0.039915	-0.120000	0.150000	0.620000	-0.018000	0.018000	-0.004000	29988	30015	30062	24991	25009	24998
1132	20.377126	0.000077	-0.640000	0.160000	-0.200000	-0.018000	0.018000	-0.004000	29936	30016	29980	24991	25009	24998
1133	20.415993	0.038867	-0.140000	0.270000	0.630000	-0.018000	0.018000	-0.004000	29986	30027	30063	24991	25009	24998
1134	20.451171	0.035178	0.010000	0.400000	-0.480000	-0.018000	0.018000	-0.004000	30001	30040	29952	24991	25009	24998
1135	20.487980	0.036809	0.130000	0.280000	-0.470000	-0.018000	0.018000	-0.004000	30013	30028	29953	24991	25009	24998
1136	20.526283	0.038303	0.030000	0.030000	-0.770000	-0.018000	0.018000	-0.004000	30003	30003	29923	24991	25009	24998
1137	20.559670	0.033387	0.030000	0.030000	-0.770000	0.014000	0.020000	0.008000	30003	30003	29923	25007	25010	25004
1138	20.559778	0.000108	-0.340000	-0.130000	-0.450000	0.014000	0.020000	0.008000	29966	29987	29955	25007	25010	25004
1139	20.588853	0.029074	0.040000	0.060000	0.350000	0.014000	0.020000	0.008000	30004	30006	30035	25007	25010	25004
1140	20.619595	0.030743	0.040000	0.060000	0.350000	0.020000	0.026000	0.002000	30004	30006	30035	25010	25013	25001
1141	20.619688	0.000092	-0.090000	-0.410000	-0.230000	0.020000	0.026000	0.002000	29991	29959	29977	25010	25013	25001
1142	20.654613	0.034926	-0.090000	-0.410000	-0.230000	0.026000	-0.014000	-0.006000	29991	29959	29977	25013	24993	24997
1143	20.654691	0.000078	0.150000	0.080000	-0.250000	0.026000	-0.014000	-0.006000	30015	30008	29975	25013	24993	24997
1144	20.685768	0.031077	0.150000	0.080000	-0.250000	-0.004000	0.024000	-0.006000	30015	30008	29975	24998	25012	24997
1145	20.685854	0.000087	-0.400000	-0.140000	-1.020000	-0.004000	0.024000	-0.006000	29960	29986	29898	24998	25012	24997
1146	20.718761	0.032907	-0.400000	-0.140000	-1.020000	0.018000	-0.036000	0.004000	29960	29986	29898	25009	24982	25002
1147	20.718878	0.000116	-0.370000	-0.200000	-1.030000	0.018000	-0.036000	0.004000	29963	29980	29897	25009	24982	25002
1148	20.748630	0.029752	-0.300000	-0.120000	0.590000	0.018000	-0.036000	0.004000	29970	29988	30059	25009	24982	25002
1149	20.784178	0.035548	-0.140000	-0.260000	0.630000	0.018000	-0.036000	0.004000	29986	29974	30063	25009	24982	25002
1150	20.819892	0.035715	-0.140000	-0.260000	0.630000	0.026000	-0.010000	0.006000	29986	29974	30063	25013	24995	25003
1151	20.820081	0.000188	-0.200000	-0.110000	0.000000	0.026000	-0.010000	0.006000	29980	29989	30000	25013	24995	25003
1152	20.853167	0.033086	-0.200000	-0.110000	0.000000	0.018000	-0.004000	0.004000	29980	29989	30000	25009	24998	25002
1153	20.853309	0.000142	-0.500000	-0.030000	-0.500000	0.018000	-0.004000	0.004000	29950	29997	29950	25009	24998	25002
1154	20.898367	0.045058	-0.500000	-0.030000	-0.500000	0.018000	-0.004000	0.004000	29950	29997	29950	25009	24998	25002
1155	20.934291	0.035924	-0.500000	-0.030000	-0.500000	0.032000	-0.012000	0.000000	29950	29997	29950	25016	24994	25000
1156	20.934444	0.000153	-0.080000	0.480000	0.330000	0.032000	-0.012000	0.000000	29992	30048	30033	25016	24994	25000
1157	20.968456	0.034011	-0.080000	0.480000	0.330000	0.020000	0.002000	-0.004000	29992	30048	30033	25010	25001	24998
1158	20.968588	0.000132	0.280000	0.500000	-0.570000	0.020000	0.002000	-0.004000	30028	30050	29943	25010	25001	24998
1159	21.012209	0.043622	-0.180000	-0.520000	0.050000	0.020000	0.002000	-0.004000	29982	29948	30005	25010	25001	24998
1160	21.046504	0.034295	-0.180000	-0.520000	0.050000	0.068000	-0.006000	-0.012000	29982	29948	30005	25034	24997	24994
1161	21.046579	0.000075	0.440000	0.580000	-1.030000	0.068000	-0.006000	-0.012000	30044	30058	29897	25034	24997	24994
1162	21.082523	0.035944	0.440000	0.580000	-1.030000	-0.028000	0.050000	-0.008000	30044	30058	29897	24986	25025	24996
1163	21.082590	0.000067	-0.160000	0.200000	0.010000	-0.028000	0.050000	-0.008000	29984	30020	30001	24986	25025	24996
1164	21.111809	0.029219	-0.160000	0.200000	0.010000	-0.004000	0.004000	-0.002000	29984	30020	30001	24998	25002	24999
1165	21.111871	0.000063	-0.160000	0.200000	0.010000	-0.006000	-0.004000	-0.008000	29984	30020	30001	24997	24998	24996
1166	21.111888	0.000017	-0.080000	0.230000	-0.490000	-0.006000	-0.004000	-0.008000	29992	30023	29951	24997	24998	24996
1167	21.143741	0.031853	-0.150000	0.010000	-0.200000	-0.006000	-0.004000	-0.008000	29985	30001	29980	24997	24998	24996
1168	21.175764	0.032023	-0.150000	0.010000	-0.200000	0.020000	0.012000	-0.008000	29985	30001	29980	25010	25006	24996
1169	21.175845	0.000080	0.030000	0.120000	-0.230000	0.020000	0.012000	-0.008000	30003	30012	29977	25010	25006	24996
1170	21.210738	0.034893	-0.010000	-0.170000	-0.510000	0.020000	0.012000	-0.008000	29999	29983	29949	25010	25006	24996
1171	21.238376	0.027639	-0.650000	-0.040000	0.330000	0.020000	0.012000	-0.008000	29935	29996	30033	25010	25006	24996
1172	21.266495	0.028119	-0.650000	-0.040000	0.330000	0.024000	-0.040000	0.008000	29935	29996	30033	25012	24980	25004
1173	21.266555	0.000060	-0.220000	0.180000	-0.210000	0.024000	-0.040000	0.008000	29978	30018	29979	25012	24980	25004
1174	21.292745	0.026189	-0.220000	0.180000	-0.210000	0.004000	-0.004000	0.002000	29978	30018	29979	25002	24998	25001
1175	21.292798	0.000053	0.130000	-0.060000	-0.240000	0.004000	-0.004000	0.002000	30013	29994	29976	25002	24998	25001
1176	21.323745	0.030947	0.130000	-0.060000	-0.240000	-0.004000	-0.002000	0.000000	30013	29994	29976	24998	24999	25000
1177	21.323813	0.000068	-0.290000	0.180000	-0.230000	-0.004000	-0.002000	0.000000	29971	30018	29977	24998	24999	25000
1178	21.358640	0.034827	0.080000	0.080000	0.020000	-0.004000	-0.002000	0.000000	30008	30008	30002	24998	24999	25000
1179	21.390077	0.031437	0.080000	0.080000	0.020000	-0.026000	0.000000	-0.006000	30008	30008	30002	24987	25000	24997
1180	21.390149	0.000072	-0.510000	-0.170000	0.280000	-0.026000	0.000000	-0.006000	29949	29983	30028	24987	25000	24997
1181	21.422857	0.032708	-0.510000	-0.170000	0.280000	0.024000	-0.026000	-0.004000	29949	29983	30028	25012	24987	24998
1182	21.422918	0.000061	-0.480000	-0.090000	0.290000	0.024000	-0.026000	-0.004000	29952	29991	30029	25012	24987	24998
1183	21.458091	0.035172	-0.480000	-0.090000	0.290000	0.020000	-0.020000	-0.002000	29952	29991	30029	25010	24990	24999
1184	21.458158	0.000067	-0.020000	-0.530000	0.030000	0.020000	-0.020000	-0.002000	29998	29947	30003	25010	24990	24999
1185	21.490662	0.032504	-0.120000	-0.160000	0.040000	0.020000	-0.020000	-0.002000	29988	29984	30004	25010	24990	24999
1186	21.525224	0.034562	-0.420000	-0.220000	0.070000	0.020000	-0.020000	-0.002000	29958	29978	30007	25010	24990	24999
1187	21.556952	0.031728	0.140000	0.050000	0.040000	0.020000	-0.020000	-0.002000	30014	30005	30004	25010	24990	24999
1188	21.592027	0.035076	0.140000	0.050000	0.040000	0.004000	0.026000	0.012000	30014	30005	30004	25002	25013	25006
1189	21.592115	0.000088	-0.150000	-0.290000	0.050000	0.004000	0.026000	0.012000	29985	29971	30005	25002	25013	25006
1190	21.628422	0.036307	-0.510000	0.210000	-0.490000	0.004000	0.026000	0.012000	29949	30021	29951	25002	25013	25006
1191	21.659480	0.031057	-0.110000	0.290000	0.070000	0.004000	0.026000	0.012000	29989	30029	30007	25002	25013	25006
1192	21.695125	0.035646	-0.110000	0.290000	0.070000	-0.020000	0.002000	0.002000	29989	30029	30007	24990	25001	25001
1193	21.695202	0.000077	-0.300000	0.400000	-1.280000	-0.020000	0.002000	0.002000	29970	30040	29872	24990	25001	25001
1194	21.729491	0.034290	-0.100000	-0.180000	0.340000	-0.020000	0.002000	0.002000	29990	29982	30034	24990	25001	25001
1195	21.759266	0.029775	-0.540000	-0.120000	-0.470000	-0.020000	0.002000	0.002000	29946	29988	29953	24990	25001	25001
1196	21.796566	0.037300	-0.150000	-0.010000	-0.480000	-0.020000	0.002000	0.002000	29985	29999	29952	24990	25001	25001
1197	21.832460	0.035894	-0.150000	-0.010000	-0.480000	0.014000	-0.004000	0.006000	29985	29999	29952	25007	24998	25003
1198	21.832572	0.000112	0.280000	0.140000	0.070000	0.014000	-0.004000	0.006000	30028	30014	30007	25007	24998	25003
1199	21.865604	0.033032	-0.080000	0.350000	-0.210000	0.014000	-0.004000	0.006000	29992	30035	29979	25007	24998	25003
1200	21.898579	0.032975	-0.080000	0.350000	-0.210000	-0.030000	-0.008000	0.004000	29992	30035	29979	24985	24996	25002
1201	21.898674	0.000095	0.210000	0.050000	-0.760000	-0.030000	-0.008000	0.004000	30021	30005	29924	24985	24996	25002
1202	21.928222	0.029548	0.100000	0.380000	0.330000	-0.030000	-0.008000	0.004000	30010	30038	30033	24985	24996	25002
1203	21.962759	0.034537	-0.180000	-0.170000	0.330000	-0.030000	-0.008000	0.004000	29982	29983	30033	24985	24996	25002
1204	21.996393	0.033635	-0.180000	-0.170000	0.330000	0.028000	0.000000	-0.006000	29982	29983	30033	25014	25000	24997
1205	21.996483	0.000090	-0.640000	0.010000	0.040000	0.028000	0.000000	-0.006000	29936	30001	30004	25014	25000	24997
1206	22.026527	0.030044	-0.640000	0.010000	0.040000	0.002000	-0.030000	0.004000	29936	30001	30004	25001	24985	25002
1207	22.026599	0.000072	-0.030000	0.840000	0.030000	0.002000	-0.030000	0.004000	29997	30084	30003	25001	24985	25002
1208	22.059541	0.032942	-0.160000	-0.400000	-0.250000	0.002000	-0.030000	0.004000	29984	29960	29975	25001	24985	25002
1209	22.092031	0.032490	-0.400000	-0.130000	0.600000	0.002000	-0.030000	0.004000	29960	29987	30060	25001	24985	25002
1210	22.125733	0.033703	-0.400000	-0.130000	0.600000	0.016000	-0.018000	-0.012000	29960	29987	30060	25008	24991	24994
1211	22.125813	0.000080	-0.130000	-0.150000	-0.480000	0.016000	-0.018000	-0.012000	29987	29985	29952	25008	24991	24994
1212	22.158689	0.032877	-0.130000	-0.150000	-0.480000	0.022000	0.004000	-0.002000	29987	29985	29952	25011	25002	24999
1213	22.158761	0.000072	0.010000	-0.020000	0.050000	0.022000	0.004000	-0.002000	30001	29998	30005	25011	25002	24999
1214	22.210111	0.051349	0.010000	-0.020000	0.050000	-0.006000	0.002000	0.008000	30001	29998	30005	24997	25001	25004
1215	22.210222	0.000111	-0.080000	-0.090000	0.060000	-0.006000	0.002000	0.008000	29992	29991	30006	24997	25001	25004
1216	22.245307	0.035086	-0.210000	0.050000	0.320000	-0.006000	0.002000	0.008000	29979	30005	30032	24997	25001	25004
1217	22.283216	0.037909	-0.210000	0.050000	0.320000	-0.002000	-0.004000	-0.010000	29979	30005	30032	24999	24998	24995
1218	22.283431	0.000215	-0.140000	0.170000	0.020000	-0.002000	-0.004000	-0.010000	29986	30017	30002	24999	24998	24995
1219	22.318546	0.035115	-0.190000	-0.440000	-0.470000	-0.002000	-0.004000	-0.010000	29981	29956	29953	24999	24998	24995
1220	22.358657	0.040111	-0.190000	-0.440000	-0.470000	0.070000	-0.002000	0.010000	29981	29956	29953	25035	24999	25005
1221	22.358730	0.000073	-0.520000	-0.520000	-0.210000	0.070000	-0.002000	0.010000	29948	29948	29979	25035	24999	25005
1222	22.394105	0.035376	0.000000	0.330000	-1.290000	0.070000	-0.002000	0.010000	30000	30033	29871	25035	24999	25005
1223	22.423111	0.029006	-0.680000	-0.390000	-0.470000	0.070000	-0.002000	0.010000	29932	29961	29953	25035	24999	25005
1224	22.454533	0.031422	-0.680000	-0.390000	-0.470000	0.078000	-0.038000	-0.008000	29932	29961	29953	25039	24981	24996
1225	22.454605	0.000072	-0.080000	0.180000	0.300000	0.078000	-0.038000	-0.008000	29992	30018	30030	25039	24981	24996
1226	22.484336	0.029731	-0.080000	0.180000	0.300000	-0.002000	0.004000	-0.004000	29992	30018	30030	24999	25002	24998
1227	22.484440	0.000104	-0.200000	0.020000	0.310000	-0.002000	0.004000	-0.004000	29980	30002	30031	24999	25002	24998
1228	22.511384	0.026944	0.190000	-0.530000	0.060000	-0.002000	0.004000	-0.004000	30019	29947	30006	24999	25002	24998
1229	22.543408	0.032024	-0.140000	-0.660000	-0.760000	-0.002000	0.004000	-0.004000	29986	29934	29924	24999	25002	24998
1230	22.578441	0.035034	-0.140000	-0.660000	-0.760000	0.082000	-0.010000	-0.006000	29986	29934	29924	25041	24995	24997
1231	22.578522	0.000081	-0.540000	-0.100000	0.030000	0.082000	-0.010000	-0.006000	29946	29990	30003	25041	24995	24997
1232	22.611217	0.032694	-0.160000	-0.410000	-0.250000	0.082000	-0.010000	-0.006000	29984	29959	29975	25041	24995	24997
1233	22.644284	0.033068	-0.030000	0.100000	0.310000	0.082000	-0.010000	-0.006000	29997	30010	30031	25041	24995	24997
1234	22.673226	0.028942	-0.030000	0.100000	0.310000	0.004000	0.020000	-0.012000	29997	30010	30031	25002	25010	24994
1235	22.673350	0.000123	-0.210000	-0.180000	-0.500000	0.004000	0.020000	-0.012000	29979	29982	29950	25002	25010	24994
1236	22.705089	0.031740	-0.210000	-0.180000	-0.500000	0.000000	-0.018000	0.000000	29979	29982	29950	25000	24991	25000
1237	22.705164	0.000074	0.020000	0.150000	0.620000	0.000000	-0.018000	0.000000	30002	30015	30062	25000	24991	25000
1238	22.733817	0.028653	0.020000	0.150000	0.620000	0.004000	0.016000	0.000000	30002	30015	30062	25002	25008	25000
1239	22.733884	0.000067	-0.460000	-0.210000	-0.230000	0.004000	0.016000	0.000000	29954	29979	29977	25002	25008	25000
1240	22.760733	0.026849	-0.460000	-0.210000	-0.230000	0.044000	-0.030000	0.004000	29954	29979	29977	25022	24985	25002
1241	22.760819	0.000085	-0.090000	0.070000	-0.230000	0.044000	-0.030000	0.004000	29991	30007	29977	25022	24985	25002
1242	22.794891	0.034072	-0.090000	0.070000	-0.230000	0.020000	0.012000	-0.004000	29991	30007	29977	25010	25006	24998
1243	22.794964	0.000073	0.140000	0.330000	-0.270000	0.020000	0.012000	-0.004000	30014	30033	29973	25010	25006	24998
1244	22.828221	0.033257	0.140000	0.330000	-0.270000	-0.020000	0.028000	-0.006000	30014	30033	29973	24990	25014	24997
1245	22.828373	0.000153	-0.760000	-0.310000	-0.780000	-0.020000	0.028000	-0.006000	29924	29969	29922	24990	25014	24997
1246	22.868492	0.040119	-0.760000	-0.310000	-0.780000	0.034000	-0.052000	0.008000	29924	29969	29922	25017	24974	25004
1247	22.868613	0.000120	-0.590000	-0.430000	0.300000	0.034000	-0.052000	0.008000	29941	29957	30030	25017	24974	25004
1248	22.905254	0.036641	0.120000	-0.060000	0.920000	0.034000	-0.052000	0.008000	30012	29994	30092	25017	24974	25004
1249	22.936983	0.031729	-0.300000	0.080000	0.070000	0.034000	-0.052000	0.008000	29970	30008	30007	25017	24974	25004
1250	23.002970	0.065987	-0.300000	0.080000	0.070000	0.014000	-0.004000	0.010000	29970	30008	30007	25007	24998	25005
1251	23.003060	0.000090	-0.300000	0.080000	0.070000	-0.002000	0.008000	-0.002000	29970	30008	30007	24999	25004	24999
1252	23.003079	0.000019	-0.100000	-0.350000	0.660000	-0.002000	0.008000	-0.002000	29990	29965	30066	24999	25004	24999
1253	23.033226	0.030147	0.190000	0.080000	-0.200000	-0.002000	0.008000	-0.002000	30019	30008	29980	24999	25004	24999
1254	23.072077	0.038851	0.190000	0.080000	-0.200000	0.008000	0.030000	-0.002000	30019	30008	29980	25004	25015	24999
1255	23.072144	0.000066	-0.340000	0.010000	-0.490000	0.008000	0.030000	-0.002000	29966	30001	29951	25004	25015	24999
1256	23.105186	0.033042	-0.340000	0.010000	-0.490000	0.012000	-0.006000	-0.008000	29966	30001	29951	25006	24997	24996
1257	23.105260	0.000074	-0.510000	-0.190000	0.060000	0.012000	-0.006000	-0.008000	29949	29981	30006	25006	24997	24996
1258	23.141097	0.035837	-0.510000	-0.190000	0.060000	0.058000	-0.004000	0.000000	29949	29981	30006	25029	24998	25000
1259	23.141170	0.000074	0.080000	0.490000	-0.490000	0.058000	-0.004000	0.000000	30008	30049	29951	25029	24998	25000
1260	23.168047	0.026877	0.080000	0.490000	-0.490000	-0.020000	0.010000	-0.006000	30008	30049	29951	24990	25005	24997
1261	23.168130	0.000083	0.020000	0.100000	-0.480000	-0.020000	0.010000	-0.006000	30002	30010	29952	24990	25005	24997
1262	23.199817	0.031688	0.510000	0.660000	-0.460000	-0.020000	0.010000	-0.006000	30051	30066	29954	24990	25005	24997
1263	23.232162	0.032345	0.510000	0.660000	-0.460000	-0.064000	0.008000	0.012000	30051	30066	29954	24968	25004	25006
1264	23.232315	0.000153	0.020000	0.470000	-0.250000	-0.064000	0.008000	0.012000	30002	30047	29975	24968	25004	25006
1265	23.264210	0.031895	-0.090000	0.020000	0.570000	-0.064000	0.008000	0.012000	29991	30002	30057	24968	25004	25006
1266	23.296660	0.032450	-0.090000	0.020000	0.570000	-0.002000	-0.002000	-0.006000	29991	30002	30057	24999	24999	24997
1267	23.296777	0.000117	-0.020000	0.490000	0.010000	-0.002000	-0.002000	-0.006000	29998	30049	30001	24999	24999	24997
1268	23.328859	0.032083	-0.020000	0.490000	0.010000	-0.018000	0.022000	-0.010000	29998	30049	30001	24991	25011	24995
1269	23.328924	0.000065	-0.150000	0.060000	-0.300000	-0.018000	0.022000	-0.010000	29985	30006	29970	24991	25011	24995
1270	23.361759	0.032835	-0.150000	0.060000	-0.300000	0.014000	0.004000	-0.026000	29985	30006	29970	25007	25002	24987
1271	23.361904	0.000145	-0.290000	-0.440000	-0.230000	0.014000	0.004000	-0.026000	29971	29956	29977	25007	25002	24987
1272	23.401019	0.039115	-0.290000	-0.440000	-0.230000	0.028000	-0.040000	-0.008000	29971	29956	29977	25014	24980	24996
1273	23.401131	0.000112	-0.350000	-0.260000	0.080000	0.028000	-0.040000	-0.008000	29965	29974	30008	25014	24980	24996
1274	23.439007	0.037876	-0.220000	-0.060000	0.340000	0.028000	-0.040000	-0.008000	29978	29994	30034	25014	24980	24996
1275	23.472541	0.033534	0.130000	0.880000	-0.270000	0.028000	-0.040000	-0.008000	30013	30088	29973	25014	24980	24996
1276	23.500958	0.028417	0.130000	0.880000	-0.270000	-0.058000	0.046000	-0.014000	30013	30088	29973	24971	25023	24993
1277	23.501055	0.000098	-0.190000	0.030000	0.350000	-0.058000	0.046000	-0.014000	29981	30003	30035	24971	25023	24993
1278	23.534294	0.033239	-0.190000	0.030000	0.350000	0.024000	0.004000	-0.004000	29981	30003	30035	25012	25002	24998
1279	23.534369	0.000075	-0.260000	0.150000	-0.470000	0.024000	0.004000	-0.004000	29974	30015	29953	25012	25002	24998
1280	23.562894	0.028525	0.040000	0.090000	0.060000	0.024000	0.004000	-0.004000	30004	30009	30006	25012	25002	24998
1281	23.592434	0.029540	0.040000	0.090000	0.060000	0.006000	0.022000	-0.008000	30004	30009	30006	25003	25011	24996
1282	23.592508	0.000074	0.140000	0.020000	0.030000	0.006000	0.022000	-0.008000	30014	30002	30003	25003	25011	24996
1283	23.626332	0.033824	0.140000	0.020000	0.030000	0.002000	-0.018000	0.000000	30014	30002	30003	25001	24991	25000
1284	23.626450	0.000119	-0.430000	-0.320000	0.320000	0.002000	-0.018000	0.000000	29957	29968	30032	25001	24991	25000
1285	23.664372	0.037921	-0.430000	-0.320000	0.320000	0.022000	-0.032000	-0.010000	29957	29968	30032	25011	24984	24995
1286	23.664448	0.000077	-0.160000	0.050000	-0.510000	0.022000	-0.032000	-0.010000	29984	30005	29949	25011	24984	24995
1287	23.696501	0.032053	-0.310000	-0.090000	-0.200000	0.022000	-0.032000	-0.010000	29969	29991	29980	25011	24984	24995
1288	23.731358	0.034857	-0.310000	-0.090000	-0.200000	0.036000	-0.008000	0.004000	29969	29991	29980	25018	24996	25002
1289	23.731421	0.000063	-0.310000	-0.060000	-0.460000	0.036000	-0.008000	0.004000	29969	29994	29954	25018	24996	25002
1290	23.760772	0.029351	-0.310000	-0.060000	-0.460000	0.022000	-0.014000	-0.004000	29969	29994	29954	25011	24993	24998
1291	23.760853	0.000081	-0.090000	-0.050000	-0.510000	0.022000	-0.014000	-0.004000	29991	29995	29949	25011	24993	24998
1292	23.796927	0.036074	-0.090000	-0.050000	-0.510000	0.002000	-0.004000	-0.016000	29991	29995	29949	25001	24998	24992
1293	23.797004	0.000077	-0.280000	-0.100000	-0.230000	0.002000	-0.004000	-0.016000	29972	29990	29977	25001	24998	24992
1294	23.829221	0.032217	-0.280000	-0.100000	-0.230000	0.028000	-0.004000	0.002000	29972	29990	29977	25014	24998	25001
1295	23.829295	0.000074	-0.260000	0.350000	-0.740000	0.028000	-0.004000	0.002000	29974	30035	29926	25014	24998	25001
1296	23.859938	0.030643	-0.260000	0.350000	-0.740000	0.002000	-0.002000	-0.012000	29974	30035	29926	25001	24999	24994
1297	23.860039	0.000101	-0.030000	0.050000	0.320000	0.002000	-0.002000	-0.012000	29997	30005	30032	25001	24999	24994
1298	23.891286	0.031247	-0.320000	-0.400000	0.850000	0.002000	-0.002000	-0.012000	29968	29960	30085	25001	24999	24994
1299	23.924015	0.032729	0.010000	0.010000	0.300000	0.002000	-0.002000	-0.012000	30001	30001	30030	25001	24999	24994
1300	23.955411	0.031396	0.010000	0.010000	0.300000	0.006000	0.016000	-0.004000	30001	30001	30030	25003	25008	24998
1301	23.955512	0.000101	0.030000	0.590000	0.030000	0.006000	0.016000	-0.004000	30003	30059	30003	25003	25008	24998
1302	23.989788	0.034275	0.030000	0.590000	0.030000	-0.020000	0.026000	-0.016000	30003	30059	30003	24990	25013	24992
1303	23.989969	0.000181	0.100000	0.120000	-0.260000	-0.020000	0.026000	-0.016000	30010	30012	29974	24990	25013	24992
1304	24.018137	0.028168	-0.170000	-0.100000	-0.780000	-0.020000	0.026000	-0.016000	29983	29990	29922	24990	25013	24992
1305	24.047338	0.029200	-0.040000	0.160000	-0.500000	-0.020000	0.026000	-0.016000	29996	30016	29950	24990	25013	24992
1306	24.078115	0.030778	-0.190000	-0.140000	-0.770000	-0.020000	0.026000	-0.016000	29981	29986	29923	24990	25013	24992
1307	24.107769	0.029653	-0.360000	0.370000	0.020000	-0.020000	0.026000	-0.016000	29964	30037	30002	24990	25013	24992
1308	24.134992	0.027223	-0.590000	-0.590000	0.040000	-0.020000	0.026000	-0.016000	29941	29941	30004	24990	25013	24992
1309	24.165347	0.030355	-0.240000	0.760000	-0.260000	-0.020000	0.026000	-0.016000	29976	30076	29974	24990	25013	24992
1310	24.198076	0.032728	-0.240000	0.760000	-0.260000	-0.036000	0.014000	-0.010000	29976	30076	29974	24982	25007	24995
1311	24.198184	0.000108	-0.060000	-0.380000	-0.240000	-0.036000	0.014000	-0.010000	29994	29962	29976	24982	25007	24995
1312	24.231431	0.033247	-0.060000	-0.380000	-0.240000	0.042000	0.010000	0.004000	29994	29962	29976	25021	25005	25002
1313	24.231560	0.000129	-0.130000	0.360000	-0.500000	0.042000	0.010000	0.004000	29987	30036	29950	25021	25005	25002
1314	24.266047	0.034487	0.080000	0.140000	0.060000	0.042000	0.010000	0.004000	30008	30014	30006	25021	25005	25002
1315	24.300136	0.034089	0.080000	0.140000	0.060000	0.012000	-0.036000	-0.006000	30008	30014	30006	25006	24982	24997
1316	24.300211	0.000075	-0.400000	-0.460000	-0.780000	0.012000	-0.036000	-0.006000	29960	29954	29922	25006	24982	24997
1317	24.332175	0.031964	0.100000	0.370000	0.300000	0.012000	-0.036000	-0.006000	30010	30037	30030	25006	24982	24997
1318	24.365002	0.032826	0.100000	0.370000	0.300000	-0.022000	0.018000	0.004000	30010	30037	30030	24989	25009	25002
1319	24.365079	0.000077	-0.480000	-0.470000	0.030000	-0.022000	0.018000	0.004000	29952	29953	30003	24989	25009	25002
1320	24.396602	0.031523	-0.030000	0.190000	0.380000	-0.022000	0.018000	0.004000	29997	30019	30038	24989	25009	25002
1321	24.431154	0.034552	-0.060000	-0.500000	0.050000	-0.022000	0.018000	0.004000	29994	29950	30005	24989	25009	25002
1322	24.460612	0.029458	-0.060000	-0.500000	0.050000	0.042000	-0.026000	0.000000	29994	29950	30005	25021	24987	25000
1323	24.460680	0.000068	0.180000	0.010000	0.050000	0.042000	-0.026000	0.000000	30018	30001	30005	25021	24987	25000
1324	24.498967	0.038287	0.180000	0.010000	0.050000	0.018000	0.008000	0.014000	30018	30001	30005	25009	25004	25007
1325	24.499166	0.000199	-0.340000	-0.800000	0.030000	0.018000	0.008000	0.014000	29966	29920	30003	25009	25004	25007
1326	24.529442	0.030276	-0.150000	-0.090000	0.310000	0.018000	0.008000	0.014000	29985	29991	30031	25009	25004	25007
1327	24.559359	0.029917	0.080000	0.640000	0.100000	0.018000	0.008000	0.014000	30008	30064	30010	25009	25004	25007
1328	24.589269	0.029910	0.080000	0.640000	0.100000	-0.050000	-0.004000	0.002000	30008	30064	30010	24975	24998	25001
1329	24.589347	0.000078	-0.560000	0.140000	-0.500000	-0.050000	-0.004000	0.002000	29944	30014	29950	24975	24998	25001
1330	24.618897	0.029550	-0.110000	-0.150000	-0.500000	-0.050000	-0.004000	0.002000	29989	29985	29950	24975	24998	25001
1331	24.652188	0.033291	-0.320000	-0.530000	0.080000	-0.050000	-0.004000	0.002000	29968	29947	30008	24975	24998	25001
1332	24.687735	0.035547	-0.030000	-0.130000	-0.200000	-0.050000	-0.004000	0.002000	29997	29987	29980	24975	24998	25001
1333	24.721892	0.034156	-0.470000	-0.270000	-0.470000	-0.050000	-0.004000	0.002000	29953	29973	29953	24975	24998	25001
1334	24.756760	0.034869	-0.520000	-0.340000	-0.490000	-0.050000	-0.004000	0.002000	29948	29966	29951	24975	24998	25001
1335	24.789419	0.032659	0.090000	0.030000	0.040000	-0.050000	-0.004000	0.002000	30009	30003	30004	24975	24998	25001
1336	24.821214	0.031795	-0.170000	-0.090000	0.560000	-0.050000	-0.004000	0.002000	29983	29991	30056	24975	24998	25001
1337	24.851067	0.029853	0.200000	0.060000	-0.480000	-0.050000	-0.004000	0.002000	30020	30006	29952	24975	24998	25001
1338	24.882198	0.031131	0.200000	0.060000	-0.480000	0.010000	0.020000	0.012000	30020	30006	29952	25005	25010	25006
1339	24.882289	0.000090	-0.440000	0.620000	-0.490000	0.010000	0.020000	0.012000	29956	30062	29951	25005	25010	25006
1340	24.910400	0.028112	-0.440000	0.620000	-0.490000	-0.030000	-0.008000	-0.004000	29956	30062	29951	24985	24996	24998
1341	24.910546	0.000146	0.120000	0.200000	0.060000	-0.030000	-0.008000	-0.004000	30012	30020	30006	24985	24996	24998
1342	24.937378	0.026831	-0.500000	-0.770000	-0.200000	-0.030000	-0.008000	-0.004000	29950	29923	29980	24985	24996	24998
1343	24.964175	0.026797	0.120000	-0.330000	0.040000	-0.030000	-0.008000	-0.004000	30012	29967	30004	24985	24996	24998
1344	24.994477	0.030302	0.120000	-0.330000	0.040000	0.038000	0.018000	-0.016000	30012	29967	30004	25019	25009	24992
1345	24.994567	0.000090	-0.600000	-0.490000	-0.220000	0.038000	0.018000	-0.016000	29940	29951	29978	25019	25009	24992
1346	25.025730	0.031164	-0.600000	-0.490000	-0.220000	0.048000	-0.044000	0.006000	29940	29951	29978	25024	24978	25003
1347	25.025817	0.000087	-0.020000	0.620000	0.000000	0.048000	-0.044000	0.006000	29998	30062	30000	25024	24978	25003
1348	25.060648	0.034830	-0.020000	0.620000	0.000000	-0.026000	0.036000	-0.014000	29998	30062	30000	24987	25018	24993
1349	25.060776	0.000128	0.110000	0.100000	0.030000	-0.026000	0.036000	-0.014000	30011	30010	30003	24987	25018	24993
1350	25.101387	0.040611	0.110000	0.100000	0.030000	0.002000	0.030000	-0.006000	30011	30010	30003	25001	25015	24997
1351	25.101560	0.000172	0.240000	0.300000	-0.270000	0.002000	0.030000	-0.006000	30024	30030	29973	25001	25015	24997
1352	25.133501	0.031941	0.240000	0.300000	-0.270000	-0.016000	0.028000	-0.020000	30024	30030	29973	24992	25014	24990
1353	25.133624	0.000123	-0.330000	-0.180000	0.640000	-0.016000	0.028000	-0.020000	29967	29982	30064	24992	25014	24990
1354	25.168794	0.035170	-0.330000	-0.180000	0.640000	0.026000	-0.030000	-0.002000	29967	29982	30064	25013	24985	24999
1355	25.168958	0.000164	-0.220000	-0.250000	0.650000	0.026000	-0.030000	-0.002000	29978	29975	30065	25013	24985	24999
1356	25.198780	0.029822	-0.220000	-0.250000	0.650000	0.050000	0.000000	0.004000	29978	29975	30065	25025	25000	25002
1357	25.198859	0.000079	-0.150000	0.110000	-0.200000	0.050000	0.000000	0.004000	29985	30011	29980	25025	25000	25002
1358	25.230527	0.031668	-0.590000	-0.500000	-0.210000	0.050000	0.000000	0.004000	29941	29950	29979	25025	25000	25002
1359	25.262278	0.031752	-0.120000	-0.380000	0.050000	0.050000	0.000000	0.004000	29988	29962	30005	25025	25000	25002
1360	25.300458	0.038180	-0.120000	-0.380000	0.050000	0.048000	0.002000	0.012000	29988	29962	30005	25024	25001	25006
1361	25.300546	0.000088	-0.170000	0.250000	-0.470000	0.048000	0.002000	0.012000	29983	30025	29953	25024	25001	25006
1362	25.335666	0.035120	-0.170000	0.250000	-0.470000	-0.016000	-0.026000	-0.006000	29983	30025	29953	24992	24987	24997
1363	25.335944	0.000278	0.130000	-0.220000	0.320000	-0.016000	-0.026000	-0.006000	30013	29978	30032	24992	24987	24997
1364	25.372213	0.036269	-0.300000	-0.120000	0.370000	-0.016000	-0.026000	-0.006000	29970	29988	30037	24992	24987	24997
1365	25.406676	0.034463	0.800000	0.740000	0.870000	-0.016000	-0.026000	-0.006000	30080	30074	30087	24992	24987	24997
1366	25.441686	0.035011	0.300000	0.630000	-0.220000	-0.016000	-0.026000	-0.006000	30030	30063	29978	24992	24987	24997
1367	25.476288	0.034602	-0.080000	-0.070000	-0.010000	-0.016000	-0.026000	-0.006000	29992	29993	29999	24992	24987	24997
1368	25.511764	0.035476	-0.250000	-0.220000	-0.220000	-0.016000	-0.026000	-0.006000	29975	29978	29978	24992	24987	24997
1369	25.553010	0.041246	-0.290000	0.320000	-0.140000	-0.016000	-0.026000	-0.006000	29971	30032	29986	24992	24987	24997
1370	25.589472	0.036462	-0.290000	0.320000	-0.140000	-0.020000	-0.016000	-0.010000	29971	30032	29986	24990	24992	24995
1371	25.589549	0.000077	0.120000	0.130000	0.060000	-0.020000	-0.016000	-0.010000	30012	30013	30006	24990	24992	24995
1372	25.616197	0.026647	0.120000	0.130000	0.060000	0.000000	0.022000	0.010000	30012	30013	30006	25000	25011	25005
1373	25.616278	0.000081	0.320000	0.440000	0.570000	0.000000	0.022000	0.010000	30032	30044	30057	25000	25011	25005
1374	25.651017	0.034740	0.320000	0.440000	0.570000	-0.022000	0.038000	0.004000	30032	30044	30057	24989	25019	25002
1375	25.651087	0.000069	0.320000	0.440000	0.570000	0.018000	0.006000	0.000000	30032	30044	30057	25009	25003	25000
1376	25.651111	0.000024	-0.050000	0.440000	0.290000	0.018000	0.006000	0.000000	29995	30044	30029	25009	25003	25000
1377	25.681900	0.030789	0.290000	-0.110000	-0.240000	0.018000	0.006000	0.000000	30029	29989	29976	25009	25003	25000
1378	25.714805	0.032905	0.290000	-0.110000	-0.240000	0.004000	0.028000	-0.002000	30029	29989	29976	25002	25014	24999
1379	25.714958	0.000153	-0.130000	-0.360000	0.050000	0.004000	0.028000	-0.002000	29987	29964	30005	25002	25014	24999
1380	25.754121	0.039164	-0.130000	-0.360000	0.050000	0.030000	-0.008000	0.000000	29987	29964	30005	25015	24996	25000
1381	25.754204	0.000083	-0.040000	-0.230000	-0.220000	0.030000	-0.008000	0.000000	29996	29977	29978	25015	24996	25000
1382	25.790168	0.035963	-0.040000	-0.230000	-0.220000	0.040000	0.004000	-0.014000	29996	29977	29978	25020	25002	24993
1383	25.790266	0.000098	0.310000	0.220000	-0.240000	0.040000	0.004000	-0.014000	30031	30022	29976	25020	25002	24993
1384	25.823260	0.032994	-0.310000	-0.290000	-0.520000	0.040000	0.004000	-0.014000	29969	29971	29948	25020	25002	24993
1385	25.860441	0.037181	-0.240000	0.930000	-0.250000	0.040000	0.004000	-0.014000	29976	30093	29975	25020	25002	24993
1386	25.894718	0.034276	-0.240000	0.930000	-0.250000	-0.068000	-0.016000	-0.016000	29976	30093	29975	24966	24992	24992
1387	25.894809	0.000091	-0.080000	0.320000	0.350000	-0.068000	-0.016000	-0.016000	29992	30032	30035	24966	24992	24992
1388	25.926104	0.031295	-0.080000	0.320000	0.350000	-0.020000	0.002000	0.000000	29992	30032	30035	24990	25001	25000
1389	25.926166	0.000062	0.000000	0.280000	-0.260000	-0.020000	0.002000	0.000000	30000	30028	29974	24990	25001	25000
1390	25.956388	0.030222	0.000000	0.280000	-0.260000	-0.008000	0.010000	-0.014000	30000	30028	29974	24996	25005	24993
1391	25.956500	0.000112	0.160000	0.460000	0.030000	-0.008000	0.010000	-0.014000	30016	30046	30003	24996	25005	24993
1392	25.988218	0.031718	0.160000	0.460000	0.030000	-0.026000	0.020000	-0.002000	30016	30046	30003	24987	25010	24999
1393	25.988334	0.000116	-0.310000	-0.610000	-0.220000	-0.026000	0.020000	-0.002000	29969	29939	29978	24987	25010	24999
1394	26.020523	0.032189	-0.310000	-0.610000	-0.220000	0.074000	-0.026000	-0.002000	29969	29939	29978	25037	24987	24999
1395	26.020600	0.000077	-0.250000	-0.600000	-0.220000	0.074000	-0.026000	-0.002000	29975	29940	29978	25037	24987	24999
1396	26.056147	0.035547	-0.070000	0.030000	-0.740000	0.074000	-0.026000	-0.002000	29993	30003	29926	25037	24987	24999
1397	26.084696	0.028549	-0.070000	0.030000	-0.740000	0.016000	0.006000	-0.002000	29993	30003	29926	25008	25003	24999
1398	26.084796	0.000100	-0.340000	-0.020000	-0.200000	0.016000	0.006000	-0.002000	29966	29998	29980	25008	25003	24999
1399	26.116684	0.031888	-0.340000	-0.020000	-0.200000	0.022000	-0.006000	-0.004000	29966	29998	29980	25011	24997	24998
1400	26.116779	0.000095	0.010000	-0.200000	0.310000	0.022000	-0.006000	-0.004000	30001	29980	30031	25011	24997	24998
1401	26.148202	0.031423	0.010000	-0.200000	0.310000	0.016000	0.000000	0.000000	30001	29980	30031	25008	25000	25000
1402	26.148271	0.000069	-0.220000	-0.410000	0.340000	0.016000	0.000000	0.000000	29978	29959	30034	25008	25000	25000
1403	26.184681	0.036410	-0.220000	-0.410000	0.340000	0.052000	-0.002000	0.002000	29978	29959	30034	25026	24999	25001
1404	26.184784	0.000103	-0.440000	-0.170000	-0.200000	0.052000	-0.002000	0.002000	29956	29983	29980	25026	24999	25001
1405	26.215511	0.030727	-0.440000	-0.170000	-0.200000	0.050000	-0.044000	0.006000	29956	29983	29980	25025	24978	25003
1406	26.215760	0.000249	-0.340000	-0.260000	-0.480000	0.050000	-0.044000	0.006000	29966	29974	29952	25025	24978	25003
1407	26.246326	0.030566	-0.340000	-0.260000	-0.480000	0.038000	-0.020000	0.000000	29966	29974	29952	25019	24990	25000
1408	26.246401	0.000075	-0.360000	-0.280000	0.070000	0.038000	-0.020000	0.000000	29964	29972	30007	25019	24990	25000
1409	26.276732	0.030331	0.120000	0.360000	-0.540000	0.038000	-0.020000	0.000000	30012	30036	29946	25019	24990	25000
1410	26.308493	0.031761	0.120000	0.360000	-0.540000	-0.022000	0.020000	-0.020000	30012	30036	29946	24989	25010	24990
1411	26.308568	0.000075	-0.750000	-0.530000	-0.220000	-0.022000	0.020000	-0.020000	29925	29947	29978	24989	25010	24990
1412	26.341744	0.033176	0.230000	0.330000	-0.180000	-0.022000	0.020000	-0.020000	30023	30033	29982	24989	25010	24990
1413	26.376777	0.035033	0.460000	0.540000	-0.300000	-0.022000	0.020000	-0.020000	30046	30054	29970	24989	25010	24990
1414	26.410206	0.033429	-0.220000	0.510000	-0.210000	-0.022000	0.020000	-0.020000	29978	30051	29979	24989	25010	24990
1415	26.444036	0.033830	-0.490000	-0.220000	-0.160000	-0.022000	0.020000	-0.020000	29951	29978	29984	24989	25010	24990
1416	26.477870	0.033833	-0.490000	-0.220000	-0.160000	0.030000	-0.034000	0.016000	29951	29978	29984	25015	24983	25008
1417	26.477994	0.000124	-0.220000	0.390000	-0.260000	0.030000	-0.034000	0.016000	29978	30039	29974	25015	24983	25008
1418	26.512141	0.034147	-0.500000	0.170000	0.350000	0.030000	-0.034000	0.016000	29950	30017	30035	25015	24983	25008
1419	26.544639	0.032497	-0.500000	0.170000	0.350000	-0.012000	-0.024000	-0.010000	29950	30017	30035	24994	24988	24995
1420	26.544719	0.000080	-0.360000	0.150000	0.330000	-0.012000	-0.024000	-0.010000	29964	30015	30033	24994	24988	24995
1421	26.577799	0.033081	-0.360000	0.150000	0.330000	-0.008000	-0.014000	-0.004000	29964	30015	30033	24996	24993	24998
1422	26.577870	0.000071	0.080000	0.380000	0.880000	-0.008000	-0.014000	-0.004000	30008	30038	30088	24996	24993	24998
1423	26.608590	0.030720	0.080000	0.380000	0.880000	-0.012000	0.030000	-0.012000	30008	30038	30088	24994	25015	24994
1424	26.608662	0.000072	-0.180000	-0.290000	-0.200000	-0.012000	0.030000	-0.012000	29982	29971	29980	24994	25015	24994
1425	26.640386	0.031724	-0.180000	-0.290000	-0.200000	0.064000	0.002000	-0.002000	29982	29971	29980	25032	25001	24999
1426	26.640475	0.000089	-0.080000	0.230000	0.050000	0.064000	0.002000	-0.002000	29992	30023	30005	25032	25001	24999
1427	26.676162	0.035686	-0.210000	0.010000	-0.490000	0.064000	0.002000	-0.002000	29979	30001	29951	25032	25001	24999
1428	26.708545	0.032384	-0.240000	-0.330000	0.610000	0.064000	0.002000	-0.002000	29976	29967	30061	25032	25001	24999
1429	26.744304	0.035758	-0.260000	-0.570000	0.600000	0.064000	0.002000	-0.002000	29974	29943	30060	25032	25001	24999
1430	26.786215	0.041912	-0.230000	-0.290000	0.350000	0.064000	0.002000	-0.002000	29977	29971	30035	25032	25001	24999
1431	26.821980	0.035765	-0.230000	-0.290000	0.350000	0.042000	-0.012000	0.002000	29977	29971	30035	25021	24994	25001
1432	26.822050	0.000070	-0.550000	-0.560000	0.080000	0.042000	-0.012000	0.002000	29945	29944	30008	25021	24994	25001
1433	26.851793	0.029743	-0.060000	0.250000	0.050000	0.042000	-0.012000	0.002000	29994	30025	30005	25021	24994	25001
1434	26.884655	0.032863	-0.060000	0.250000	0.050000	-0.026000	-0.010000	-0.004000	29994	30025	30005	24987	24995	24998
1435	26.884723	0.000068	-0.180000	0.420000	-0.510000	-0.026000	-0.010000	-0.004000	29982	30042	29949	24987	24995	24998
1436	26.914803	0.030080	-0.180000	0.420000	-0.510000	-0.010000	0.016000	-0.006000	29982	30042	29949	24995	25008	24997
1437	26.914870	0.000067	-0.260000	-0.270000	0.030000	-0.010000	0.016000	-0.006000	29974	29973	30003	24995	25008	24997
1438	26.956442	0.041573	-0.370000	0.370000	-0.170000	-0.010000	0.016000	-0.006000	29963	30037	29983	24995	25008	24997
1439	26.991440	0.034997	-0.370000	0.370000	-0.170000	-0.002000	-0.026000	0.000000	29963	30037	29983	24999	24987	25000
1440	26.991519	0.000080	-0.220000	0.120000	-0.220000	-0.002000	-0.026000	0.000000	29978	30012	29978	24999	24987	25000
1441	27.022838	0.031319	-0.220000	0.120000	-0.220000	-0.002000	-0.010000	-0.006000	29978	30012	29978	24999	24995	24997
1442	27.022929	0.000091	-0.050000	0.120000	0.860000	-0.002000	-0.010000	-0.006000	29995	30012	30086	24999	24995	24997
1443	27.055645	0.032717	0.080000	0.040000	0.850000	-0.002000	-0.010000	-0.006000	30008	30004	30085	24999	24995	24997
1444	27.085564	0.029919	0.080000	0.040000	0.850000	-0.012000	0.014000	-0.006000	30008	30004	30085	24994	25007	24997
1445	27.085661	0.000096	-0.080000	-0.170000	0.310000	-0.012000	0.014000	-0.006000	29992	29983	30031	24994	25007	24997
1446	27.118439	0.032778	-0.140000	-0.230000	0.330000	-0.012000	0.014000	-0.006000	29986	29977	30033	24994	25007	24997
1447	27.148064	0.029626	-0.140000	-0.230000	0.330000	0.022000	-0.014000	0.000000	29986	29977	30033	25011	24993	25000
1448	27.148125	0.000061	-0.090000	0.320000	-0.230000	0.022000	-0.014000	0.000000	29991	30032	29977	25011	24993	25000
1449	27.178670	0.030544	-0.540000	-0.150000	0.030000	0.022000	-0.014000	0.000000	29946	29985	30003	25011	24993	25000
1450	27.210000	0.031330	-0.180000	-0.090000	0.330000	0.022000	-0.014000	0.000000	29982	29991	30033	25011	24993	25000
1451	27.242734	0.032734	-0.180000	-0.090000	0.330000	0.032000	0.000000	-0.006000	29982	29991	30033	25016	25000	24997
1452	27.242832	0.000099	-0.230000	-0.050000	-0.510000	0.032000	0.000000	-0.006000	29977	29995	29949	25016	25000	24997
1453	27.275522	0.032689	-0.230000	-0.050000	-0.510000	0.004000	-0.006000	-0.018000	29977	29995	29949	25002	24997	24991
1454	27.275603	0.000081	-0.600000	-0.120000	-0.770000	0.004000	-0.006000	-0.018000	29940	29988	29923	25002	24997	24991
1455	27.308438	0.032836	-0.600000	-0.120000	-0.770000	0.020000	-0.040000	-0.012000	29940	29988	29923	25010	24980	24994
1456	27.308616	0.000178	0.120000	0.360000	-0.780000	0.020000	-0.040000	-0.012000	30012	30036	29922	25010	24980	24994
1457	27.342465	0.033849	-0.430000	0.480000	0.590000	0.020000	-0.040000	-0.012000	29957	30048	30059	25010	24980	24994
1458	27.375629	0.033164	-0.430000	0.480000	0.590000	-0.002000	0.004000	0.000000	29957	30048	30059	24999	25002	25000
1459	27.375697	0.000068	-0.430000	0.480000	0.590000	0.002000	0.002000	-0.004000	29957	30048	30059	25001	25001	24998
1460	27.375716	0.000019	-0.060000	-0.090000	0.060000	0.002000	0.002000	-0.004000	29994	29991	30006	25001	25001	24998
1461	27.403466	0.027749	-0.020000	0.300000	-0.270000	0.002000	0.002000	-0.004000	29998	30030	29973	25001	25001	24998
1462	27.433396	0.029930	-0.020000	0.300000	-0.270000	-0.016000	0.014000	-0.010000	29998	30030	29973	24992	25007	24995
1463	27.433464	0.000068	-0.480000	-0.350000	-0.520000	-0.016000	0.014000	-0.010000	29952	29965	29948	24992	25007	24995
1464	27.465364	0.031901	0.290000	0.250000	0.350000	-0.016000	0.014000	-0.010000	30029	30025	30035	24992	25007	24995
1465	27.493462	0.028098	-0.200000	0.270000	-0.500000	-0.016000	0.014000	-0.010000	29980	30027	29950	24992	25007	24995
1466	27.530134	0.036672	-0.420000	-0.150000	0.030000	-0.016000	0.014000	-0.010000	29958	29985	30003	24992	25007	24995
1467	27.565302	0.035168	-0.420000	-0.150000	0.030000	0.050000	-0.010000	0.010000	29958	29985	30003	25025	24995	25005
1468	27.565385	0.000083	-0.910000	-0.940000	-0.200000	0.050000	-0.010000	0.010000	29909	29906	29980	25025	24995	25005
1469	27.608711	0.043325	0.060000	-0.370000	-0.180000	0.050000	-0.010000	0.010000	30006	29963	29982	25025	24995	25005
1470	27.644041	0.035330	0.160000	0.800000	-0.520000	0.050000	-0.010000	0.010000	30016	30080	29948	25025	24995	25005
1471	27.679006	0.034965	0.160000	0.800000	-0.520000	-0.064000	0.008000	-0.010000	30016	30080	29948	24968	25004	24995
1472	27.679095	0.000090	-0.060000	0.340000	-0.540000	-0.064000	0.008000	-0.010000	29994	30034	29946	24968	25004	24995
1473	27.713567	0.034472	-0.450000	0.110000	-0.810000	-0.064000	0.008000	-0.010000	29955	30011	29919	24968	25004	24995
1474	27.748439	0.034872	0.300000	-0.330000	-0.220000	-0.064000	0.008000	-0.010000	30030	29967	29978	24968	25004	24995
1475	27.780141	0.031701	-0.160000	-0.090000	0.020000	-0.064000	0.008000	-0.010000	29984	29991	30002	24968	25004	24995
1476	27.809790	0.029649	-0.160000	-0.090000	0.020000	0.026000	-0.002000	-0.010000	29984	29991	30002	25013	24999	24995
1477	27.809861	0.000071	0.120000	-0.310000	-0.210000	0.026000	-0.002000	-0.010000	30012	29969	29979	25013	24999	24995
1478	27.841336	0.031474	0.190000	0.380000	0.550000	0.026000	-0.002000	-0.010000	30019	30038	30055	25013	24999	24995
1479	27.872332	0.030996	0.190000	0.380000	0.550000	-0.028000	0.020000	-0.004000	30019	30038	30055	24986	25010	24998
1480	27.872401	0.000069	-0.250000	0.210000	-0.010000	-0.028000	0.020000	-0.004000	29975	30021	29999	24986	25010	24998
1481	27.905249	0.032849	0.170000	0.620000	-0.220000	-0.028000	0.020000	-0.004000	30017	30062	29978	24986	25010	24998
1482	27.938679	0.033430	-0.760000	-0.170000	-0.470000	-0.028000	0.020000	-0.004000	29924	29983	29953	24986	25010	24998
1483	27.971731	0.033052	-0.760000	-0.170000	-0.470000	0.038000	-0.040000	0.002000	29924	29983	29953	25019	24980	25001
1484	27.971830	0.000098	-0.200000	0.230000	-0.240000	0.038000	-0.040000	0.002000	29980	30023	29976	25019	24980	25001
1485	28.004067	0.032237	-0.200000	0.230000	-0.240000	0.004000	0.014000	-0.012000	29980	30023	29976	25002	25007	24994
1486	28.004144	0.000077	0.030000	0.390000	-0.200000	0.004000	0.014000	-0.012000	30003	30039	29980	25002	25007	24994
1487	28.035070	0.030926	-0.330000	0.740000	-0.200000	0.004000	0.014000	-0.012000	29967	30074	29980	25002	25007	24994
1488	28.070096	0.035026	-0.210000	0.200000	-1.020000	0.004000	0.014000	-0.012000	29979	30020	29898	25002	25007	24994
1489	28.104980	0.034884	-0.210000	0.200000	-1.020000	-0.008000	-0.004000	-0.006000	29979	30020	29898	24996	24998	24997
1490	28.105116	0.000137	0.460000	-0.050000	-0.250000	-0.008000	-0.004000	-0.006000	30046	29995	29975	24996	24998	24997
1491	28.139390	0.034273	0.460000	-0.050000	-0.250000	0.004000	0.030000	-0.006000	30046	29995	29975	25002	25015	24997
1492	28.139547	0.000158	-0.360000	0.030000	-0.210000	0.004000	0.030000	-0.006000	29964	30003	29979	25002	25015	24997
1493	28.175607	0.036060	-0.360000	0.030000	-0.210000	0.004000	-0.030000	-0.008000	29964	30003	29979	25002	24985	24996
1494	28.175692	0.000084	0.000000	0.060000	0.060000	0.004000	-0.030000	-0.008000	30000	30006	30006	25002	24985	24996
1495	28.206840	0.031149	0.370000	0.010000	-0.500000	0.004000	-0.030000	-0.008000	30037	30001	29950	25002	24985	24996
1496	28.239665	0.032825	0.370000	0.010000	-0.500000	-0.004000	0.024000	0.008000	30037	30001	29950	24998	25012	25004
1497	28.239750	0.000085	-0.040000	-0.220000	0.610000	-0.004000	0.024000	0.008000	29996	29978	30061	24998	25012	25004
1498	28.270805	0.031055	-0.320000	0.300000	-0.470000	-0.004000	0.024000	0.008000	29968	30030	29953	24998	25012	25004
1499	28.300551	0.029746	-0.320000	0.300000	-0.470000	0.016000	0.000000	-0.002000	29968	30030	29953	25008	25000	24999
1500	28.300623	0.000072	-0.190000	0.050000	-0.470000	0.016000	0.000000	-0.002000	29981	30005	29953	25008	25000	24999
1501	28.331801	0.031178	-0.190000	0.050000	-0.470000	0.012000	-0.002000	-0.016000	29981	30005	29953	25006	24999	24992
1502	28.331862	0.000061	-0.330000	-0.440000	-0.460000	0.012000	-0.002000	-0.016000	29967	29956	29954	25006	24999	24992
1503	28.371898	0.040036	-0.330000	-0.440000	-0.460000	0.050000	-0.028000	-0.014000	29967	29956	29954	25025	24986	24993
1504	28.372002	0.000104	-0.480000	-0.390000	-0.470000	0.050000	-0.028000	-0.014000	29952	29961	29953	25025	24986	24993
1505	28.404643	0.032641	-0.480000	-0.390000	-0.470000	0.032000	-0.038000	-0.012000	29952	29961	29953	25016	24981	24994
1506	28.404766	0.000123	-0.160000	-0.420000	0.340000	0.032000	-0.038000	-0.012000	29984	29958	30034	25016	24981	24994
1507	28.432997	0.028230	-0.160000	-0.420000	0.340000	0.022000	-0.018000	-0.002000	29984	29958	30034	25011	24991	24999
1508	28.433069	0.000073	0.040000	-0.080000	0.350000	0.022000	-0.018000	-0.002000	30004	29992	30035	25011	24991	24999
1509	28.464529	0.031460	0.040000	-0.080000	0.350000	-0.004000	0.002000	-0.004000	30004	29992	30035	24998	25001	24998
1510	28.464673	0.000144	0.070000	0.050000	0.360000	-0.004000	0.002000	-0.004000	30007	30005	30036	24998	25001	24998
1511	28.491842	0.027169	0.070000	0.050000	0.360000	-0.012000	0.000000	-0.002000	30007	30005	30036	24994	25000	24999
1512	28.491927	0.000085	-0.200000	0.000000	0.090000	-0.012000	0.000000	-0.002000	29980	30000	30009	24994	25000	24999
1513	28.525209	0.033281	-0.200000	0.000000	0.090000	0.002000	-0.014000	-0.010000	29980	30000	30009	25001	24993	24995
1514	28.525287	0.000079	-0.730000	-0.830000	0.130000	0.002000	-0.014000	-0.010000	29927	29917	30013	25001	24993	24995
1515	28.554649	0.029361	-0.730000	-0.830000	0.130000	0.082000	-0.066000	0.004000	29927	29917	30013	25041	24967	25002
1516	28.554867	0.000218	-0.670000	-1.060000	0.140000	0.082000	-0.066000	0.004000	29933	29894	30014	25041	24967	25002
1517	28.595931	0.041064	-0.670000	-1.060000	0.140000	0.108000	-0.052000	-0.002000	29933	29894	30014	25054	24974	24999
1518	28.596051	0.000121	-0.560000	-1.040000	-0.410000	0.108000	-0.052000	-0.002000	29944	29896	29959	25054	24974	24999
1519	28.636361	0.040310	-0.560000	-1.040000	-0.410000	0.104000	-0.046000	0.002000	29944	29896	29959	25052	24977	25001
1520	28.636489	0.000128	-0.250000	-0.640000	-0.410000	0.104000	-0.046000	0.002000	29975	29936	29959	25052	24977	25001
1521	28.673509	0.037020	-0.250000	-0.640000	-0.410000	0.066000	-0.018000	0.000000	29975	29936	29959	25033	24991	25000
1522	28.673582	0.000073	-0.280000	-0.640000	-0.420000	0.066000	-0.018000	0.000000	29972	29936	29958	25033	24991	25000
1523	28.713680	0.040098	-0.280000	-0.640000	-0.420000	0.060000	-0.020000	0.002000	29972	29936	29958	25030	24990	25001
1524	28.713805	0.000125	-0.270000	-0.550000	0.120000	0.060000	-0.020000	0.002000	29973	29945	30012	25030	24990	25001
1525	28.750603	0.036798	-0.270000	-0.550000	0.120000	0.050000	-0.024000	0.002000	29973	29945	30012	25025	24988	25001
1526	28.750667	0.000064	0.070000	-0.370000	0.080000	0.050000	-0.024000	0.002000	30007	29963	30008	25025	24988	25001
1527	28.779720	0.029052	0.070000	-0.370000	0.080000	0.014000	-0.008000	-0.012000	30007	29963	30008	25007	24996	24994
1528	28.779775	0.000055	-0.080000	-0.290000	0.110000	0.014000	-0.008000	-0.012000	29992	29971	30011	25007	24996	24994
1529	28.806884	0.027108	-0.080000	-0.290000	0.110000	0.004000	-0.020000	-0.016000	29992	29971	30011	25002	24990	24992
1530	28.806965	0.000081	-0.420000	-0.180000	0.130000	0.004000	-0.020000	-0.016000	29958	29982	30013	25002	24990	24992
1531	28.853691	0.046726	-0.420000	-0.180000	0.130000	0.006000	-0.044000	-0.026000	29958	29982	30013	25003	24978	24987
1532	28.853797	0.000106	-0.420000	0.190000	0.110000	0.006000	-0.044000	-0.026000	29958	30019	30011	25003	24978	24987
1533	28.891307	0.037510	-0.420000	0.190000	0.110000	-0.014000	-0.032000	-0.028000	29958	30019	30011	24993	24984	24986
1534	28.891384	0.000077	-0.160000	0.060000	0.070000	-0.014000	-0.032000	-0.028000	29984	30006	30007	24993	24984	24986
1535	28.920884	0.029500	-0.160000	0.060000	0.070000	0.004000	-0.010000	-0.024000	29984	30006	30007	25002	24995	24988
1536	28.920972	0.000089	0.220000	0.130000	0.340000	0.004000	-0.010000	-0.024000	30022	30013	30034	25002	24995	24988
1537	28.951904	0.030932	0.220000	0.130000	0.340000	-0.016000	0.010000	-0.012000	30022	30013	30034	24992	25005	24994
1538	28.951985	0.000081	-0.180000	-0.290000	0.400000	-0.016000	0.010000	-0.012000	29982	29971	30040	24992	25005	24994
1539	28.984393	0.032407	-0.180000	-0.290000	0.400000	0.038000	-0.018000	0.008000	29982	29971	30040	25019	24991	25004
1540	28.984483	0.000091	-0.510000	-0.430000	-0.150000	0.038000	-0.018000	0.008000	29949	29957	29985	25019	24991	25004
1541	29.017940	0.033456	-0.260000	-0.750000	-0.180000	0.038000	-0.018000	0.008000	29974	29925	29982	25019	24991	25004
1542	29.053105	0.035165	-0.300000	-0.700000	-0.170000	0.038000	-0.018000	0.008000	29970	29930	29983	25019	24991	25004
1543	29.085710	0.032605	-0.300000	-0.700000	-0.170000	0.002000	-0.024000	-0.026000	29970	29930	29983	25001	24988	24987
1544	29.085798	0.000088	-0.290000	-0.150000	0.390000	0.002000	-0.024000	-0.026000	29971	29985	30039	25001	24988	24987
1545	29.126810	0.041012	-0.290000	-0.150000	0.390000	0.028000	-0.008000	0.000000	29971	29985	30039	25014	24996	25000
1546	29.126894	0.000084	-0.430000	-0.250000	-0.150000	0.028000	-0.008000	0.000000	29957	29975	29985	25014	24996	25000
1547	29.161096	0.034202	-0.430000	-0.250000	-0.150000	0.010000	-0.044000	-0.006000	29957	29975	29985	25005	24978	24997
1548	29.161173	0.000077	-0.580000	-0.020000	0.410000	0.010000	-0.044000	-0.006000	29942	29998	30041	25005	24978	24997
1549	29.192977	0.031805	-0.580000	-0.020000	0.410000	0.022000	-0.040000	-0.010000	29942	29998	30041	25011	24980	24995
1550	29.193070	0.000093	-0.400000	0.090000	-0.950000	0.022000	-0.040000	-0.010000	29960	30009	29905	25011	24980	24995
1551	29.226954	0.033884	-0.400000	0.090000	-0.950000	0.008000	-0.028000	-0.006000	29960	30009	29905	25004	24986	24997
1552	29.227094	0.000139	-0.440000	-0.090000	-0.680000	0.008000	-0.028000	-0.006000	29956	29991	29932	25004	24986	24997
1553	29.264502	0.037408	0.460000	0.350000	-0.160000	0.008000	-0.028000	-0.006000	30046	30035	29984	25004	24986	24997
1554	29.299983	0.035481	-0.230000	-0.280000	0.120000	0.008000	-0.028000	-0.006000	29977	29972	30012	25004	24986	24997
1555	29.330592	0.030610	-0.230000	-0.280000	0.120000	0.030000	-0.014000	-0.010000	29977	29972	30012	25015	24993	24995
1556	29.330672	0.000080	-0.210000	-0.440000	0.680000	0.030000	-0.014000	-0.010000	29979	29956	30068	25015	24993	24995
1557	29.360624	0.029952	-0.210000	-0.440000	0.680000	0.044000	-0.020000	-0.004000	29979	29956	30068	25022	24990	24998
1558	29.360719	0.000095	0.040000	-0.090000	-0.720000	0.044000	-0.020000	-0.004000	30004	29991	29928	25022	24990	24998
1559	29.389428	0.028708	-0.480000	-0.580000	0.380000	0.044000	-0.020000	-0.004000	29952	29942	30038	25022	24990	24998
1560	29.418171	0.028743	-0.480000	-0.580000	0.380000	0.052000	-0.038000	0.000000	29952	29942	30038	25026	24981	25000
1561	29.418235	0.000064	-0.340000	-0.660000	-0.130000	0.052000	-0.038000	0.000000	29966	29934	29987	25026	24981	25000
1562	29.450259	0.032024	-0.340000	-0.660000	-0.130000	0.086000	-0.028000	0.004000	29966	29934	29987	25043	24986	25002
1563	29.450387	0.000128	-0.230000	0.100000	0.690000	0.086000	-0.028000	0.004000	29977	30010	30069	25043	24986	25002
1564	29.479073	0.028686	-0.230000	0.100000	0.690000	-0.008000	-0.014000	-0.014000	29977	30010	30069	24996	24993	24993
1565	29.479155	0.000082	-0.310000	-0.860000	0.370000	-0.008000	-0.014000	-0.014000	29969	29914	30037	24996	24993	24993
1566	29.510771	0.031616	0.100000	0.090000	-0.160000	-0.008000	-0.014000	-0.014000	30010	30009	29984	24996	24993	24993
1567	29.543458	0.032687	0.100000	0.090000	-0.160000	-0.018000	-0.012000	-0.008000	30010	30009	29984	24991	24994	24996
1568	29.543539	0.000082	-0.370000	-0.010000	0.410000	-0.018000	-0.012000	-0.008000	29963	29999	30041	24991	24994	24996
1569	29.575731	0.032191	-0.370000	-0.010000	0.410000	0.010000	-0.024000	-0.008000	29963	29999	30041	25005	24988	24996
1570	29.575838	0.000108	-0.100000	0.000000	0.680000	0.010000	-0.024000	-0.008000	29990	30000	30068	25005	24988	24996
1571	29.603808	0.027970	-0.100000	0.000000	0.680000	-0.018000	-0.012000	-0.002000	29990	30000	30068	24991	24994	24999
1572	29.603887	0.000079	-0.350000	0.210000	-0.180000	-0.018000	-0.012000	-0.002000	29965	30021	29982	24991	24994	24999
1573	29.637262	0.033376	-0.350000	0.210000	-0.180000	-0.008000	-0.022000	-0.026000	29965	30021	29982	24996	24989	24987
1574	29.637330	0.000067	0.140000	-0.120000	-0.190000	-0.008000	-0.022000	-0.026000	30014	29988	29981	24996	24989	24987
1575	29.670685	0.033356	0.140000	-0.120000	-0.190000	0.000000	0.006000	-0.004000	30014	29988	29981	25000	25003	24998
1576	29.670756	0.000071	-0.100000	0.010000	0.360000	0.000000	0.006000	-0.004000	29990	30001	30036	25000	25003	24998
1577	29.699747	0.028991	-0.610000	-0.080000	0.120000	0.000000	0.006000	-0.004000	29939	29992	30012	25000	25003	24998
1578	29.734283	0.034537	0.030000	-0.070000	-0.160000	0.000000	0.006000	-0.004000	30003	29993	29984	25000	25003	24998
1579	29.765278	0.030995	0.030000	-0.070000	-0.160000	0.004000	-0.002000	0.004000	30003	29993	29984	25002	24999	25002
1580	29.765361	0.000084	-0.320000	-0.280000	-0.420000	0.004000	-0.002000	0.004000	29968	29972	29958	25002	24999	25002
1581	29.801194	0.035833	-0.320000	-0.280000	-0.420000	0.034000	-0.024000	0.002000	29968	29972	29958	25017	24988	25001
1582	29.801276	0.000081	-0.320000	-0.280000	-0.420000	0.040000	-0.040000	-0.010000	29968	29972	29958	25020	24980	24995
1583	29.801302	0.000027	-0.260000	0.060000	-0.150000	0.040000	-0.040000	-0.010000	29974	30006	29985	25020	24980	24995
1584	29.841288	0.039986	-0.570000	0.290000	-0.440000	0.040000	-0.040000	-0.010000	29943	30029	29956	25020	24980	24995
1585	29.874707	0.033420	-0.100000	-0.210000	0.410000	0.040000	-0.040000	-0.010000	29990	29979	30041	25020	24980	24995
1586	29.904612	0.029904	-0.260000	-0.200000	-0.180000	0.040000	-0.040000	-0.010000	29974	29980	29982	25020	24980	24995
1587	29.939340	0.034728	-0.030000	-0.180000	-0.440000	0.040000	-0.040000	-0.010000	29997	29982	29956	25020	24980	24995
1588	29.980548	0.041208	-0.040000	0.220000	-0.160000	0.040000	-0.040000	-0.010000	29996	30022	29984	25020	24980	24995
1589	30.020483	0.039935	-0.210000	-0.060000	-0.180000	0.040000	-0.040000	-0.010000	29979	29994	29982	25020	24980	24995
1590	30.053274	0.032791	-0.100000	0.010000	-0.160000	0.040000	-0.040000	-0.010000	29990	30001	29984	25020	24980	24995
1591	30.082656	0.029381	-0.100000	0.010000	-0.160000	0.028000	0.002000	-0.012000	29990	30001	29984	25014	25001	24994
1592	30.082754	0.000098	0.100000	-0.420000	-0.470000	0.028000	0.002000	-0.012000	30010	29958	29953	25014	25001	24994
1593	30.112654	0.029901	0.100000	-0.420000	-0.470000	-0.036000	-0.014000	-0.020000	30010	29958	29953	24982	24993	24990
1594	30.112719	0.000064	-0.490000	0.080000	-0.450000	-0.036000	-0.014000	-0.020000	29951	30008	29955	24982	24993	24990
1595	30.144729	0.032010	-0.280000	0.180000	0.410000	-0.036000	-0.014000	-0.020000	29972	30018	30041	24982	24993	24990
1596	30.176428	0.031699	-0.370000	-0.180000	-0.450000	-0.036000	-0.014000	-0.020000	29963	29982	29955	24982	24993	24990
1597	30.210904	0.034476	-0.370000	-0.180000	-0.450000	0.036000	-0.016000	-0.008000	29963	29982	29955	25018	24992	24996
1598	30.210972	0.000068	-0.370000	-0.340000	-0.110000	0.036000	-0.016000	-0.008000	29963	29966	29989	25018	24992	24996
1599	30.242449	0.031478	-0.370000	-0.340000	-0.110000	0.000000	-0.012000	-0.012000	29963	29966	29989	25000	24994	24994
1600	30.245762	0.003313	-0.130000	-0.440000	-0.430000	0.000000	-0.012000	-0.012000	29987	29956	29957	25000	24994	24994
1601	30.281745	0.035983	-0.130000	-0.440000	-0.430000	0.040000	-0.016000	-0.004000	29987	29956	29957	25020	24992	24998
1602	30.281856	0.000111	-0.130000	0.130000	0.610000	0.040000	-0.016000	-0.004000	29987	30013	30061	25020	24992	24998
1603	30.321553	0.039697	-0.130000	0.130000	0.610000	-0.004000	0.018000	-0.006000	29987	30013	30061	24998	25009	24997
1604	30.321680	0.000127	-0.150000	-0.570000	0.360000	-0.004000	0.018000	-0.006000	29985	29943	30036	24998	25009	24997
1605	30.353756	0.032076	-0.460000	-0.430000	-0.200000	-0.004000	0.018000	-0.006000	29954	29957	29980	24998	25009	24997
1606	30.381720	0.027964	-0.260000	0.490000	-0.150000	-0.004000	0.018000	-0.006000	29974	30049	29985	24998	25009	24997
1607	30.411051	0.029331	-0.260000	0.490000	-0.150000	-0.030000	-0.022000	-0.002000	29974	30049	29985	24985	24989	24999
1608	30.411118	0.000067	-0.560000	-0.490000	0.140000	-0.030000	-0.022000	-0.002000	29944	29951	30014	24985	24989	24999
1609	30.438512	0.027394	-0.050000	0.350000	-0.150000	-0.030000	-0.022000	-0.002000	29995	30035	29985	24985	24989	24999
1610	30.474249	0.035737	-0.320000	-0.100000	-0.420000	-0.030000	-0.022000	-0.002000	29968	29990	29958	24985	24989	24999
1611	30.506728	0.032479	-0.130000	0.090000	-0.450000	-0.030000	-0.022000	-0.002000	29987	30009	29955	24985	24989	24999
1612	30.548735	0.042007	-0.170000	-0.350000	0.380000	-0.030000	-0.022000	-0.002000	29983	29965	30038	24985	24989	24999
1613	30.578540	0.029805	-0.560000	-0.050000	0.100000	-0.030000	-0.022000	-0.002000	29944	29995	30010	24985	24989	24999
1614	30.610284	0.031744	0.040000	-0.780000	0.100000	-0.030000	-0.022000	-0.002000	30004	29922	30010	24985	24989	24999
1615	30.638621	0.028337	0.030000	0.210000	-0.440000	-0.030000	-0.022000	-0.002000	30003	30021	29956	24985	24989	24999
1616	30.670839	0.032217	0.300000	-0.240000	-0.440000	-0.030000	-0.022000	-0.002000	30030	29976	29956	24985	24989	24999
1617	30.704251	0.033412	0.300000	-0.240000	-0.440000	0.020000	0.010000	0.002000	30030	29976	29956	25010	25005	25001
1618	30.704322	0.000071	-0.350000	-0.160000	0.350000	0.020000	0.010000	0.002000	29965	29984	30035	25010	25005	25001
1619	30.736179	0.031858	-0.350000	-0.160000	0.350000	0.006000	-0.032000	-0.010000	29965	29984	30035	25003	24984	24995
1620	30.736253	0.000073	-0.250000	-0.460000	0.110000	0.006000	-0.032000	-0.010000	29975	29954	30011	25003	24984	24995
1621	30.765700	0.029447	-0.280000	0.030000	0.440000	0.006000	-0.032000	-0.010000	29972	30003	30044	25003	24984	24995
1622	30.797464	0.031765	-0.060000	0.010000	0.670000	0.006000	-0.032000	-0.010000	29994	30001	30067	25003	24984	24995
1623	30.828658	0.031193	-0.060000	0.010000	0.670000	-0.016000	-0.010000	-0.002000	29994	30001	30067	24992	24995	24999
1624	30.828768	0.000110	-0.530000	-0.500000	-0.200000	-0.016000	-0.010000	-0.002000	29947	29950	29980	24992	24995	24999
1625	30.862316	0.033548	-0.530000	-0.500000	-0.200000	0.040000	-0.044000	-0.008000	29947	29950	29980	25020	24978	24996
1626	30.862391	0.000075	0.170000	-0.110000	0.140000	0.040000	-0.044000	-0.008000	30017	29989	30014	25020	24978	24996
1627	30.893509	0.031119	0.170000	-0.110000	0.140000	0.008000	0.000000	0.006000	30017	29989	30014	25004	25000	25003
1628	30.893599	0.000090	-0.600000	-0.120000	-0.130000	0.008000	0.000000	0.006000	29940	29988	29987	25004	25000	25003
1629	30.924174	0.030575	-0.600000	-0.120000	-0.130000	0.012000	-0.044000	-0.002000	29940	29988	29987	25006	24978	24999
1630	30.924246	0.000072	-0.450000	0.230000	-0.170000	0.012000	-0.044000	-0.002000	29955	30023	29983	25006	24978	24999
1631	30.955209	0.030963	-0.450000	0.230000	-0.170000	-0.016000	-0.026000	-0.010000	29955	30023	29983	24992	24987	24995
1632	30.955285	0.000076	-0.310000	0.240000	-0.150000	-0.016000	-0.026000	-0.010000	29969	30024	29985	24992	24987	24995
