sample	t_s	dt_s	Fx	Fy	Fz	Tx	Ty	Tz	raw_Fx	raw_Fy	raw_Fz	raw_Tx	raw_Ty	raw_Tz
1	0.000000	0.000000	-0.710000	2.520000	-5.510000	0.000000	0.000000	0.000000	29929	30252	29449	0	0	0
2	0.191156	0.191156	-0.710000	2.520000	-5.510000	-0.262000	-0.058000	-0.004000	29929	30252	29449	24869	24971	24998
3	0.191265	0.000109	-0.450000	2.520000	-5.510000	-0.262000	-0.058000	-0.004000	29955	30252	29449	24869	24971	24998
4	0.225116	0.033850	-0.450000	2.520000	-5.510000	-0.278000	-0.044000	0.004000	29955	30252	29449	24861	24978	25002
5	0.225192	0.000076	-0.950000	1.930000	-4.130000	-0.278000	-0.044000	0.004000	29905	30193	29587	24861	24978	25002
6	0.255756	0.030565	-0.950000	1.930000	-4.130000	-0.250000	-0.090000	0.022000	29905	30193	29587	24875	24955	25011
7	0.255846	0.000090	-1.030000	1.560000	-4.150000	-0.250000	-0.090000	0.022000	29897	30156	29585	24875	24955	25011
8	0.289332	0.033486	-1.030000	1.560000	-4.150000	-0.232000	-0.104000	0.016000	29897	30156	29585	24884	24948	25008
9	0.289462	0.000130	-0.880000	1.860000	-4.150000	-0.232000	-0.104000	0.016000	29912	30186	29585	24884	24948	25008
10	0.330859	0.041397	-0.880000	1.860000	-4.150000	-0.258000	-0.106000	0.024000	29912	30186	29585	24871	24947	25012
11	0.330971	0.000112	-0.560000	2.110000	-4.160000	-0.258000	-0.106000	0.024000	29944	30211	29584	24871	24947	25012
12	0.359804	0.028833	-0.560000	2.110000	-4.160000	-0.270000	-0.078000	0.016000	29944	30211	29584	24865	24961	25008
13	0.359882	0.000078	-0.630000	1.990000	-4.170000	-0.270000	-0.078000	0.016000	29937	30199	29583	24865	24961	25008
14	0.390651	0.030769	-0.630000	1.990000	-4.170000	-0.266000	-0.092000	0.012000	29937	30199	29583	24867	24954	25006
15	0.390733	0.000082	-0.620000	1.850000	-4.200000	-0.266000	-0.092000	0.012000	29938	30185	29580	24867	24954	25006
16	0.418445	0.027712	-0.620000	1.850000	-4.200000	-0.242000	-0.084000	0.008000	29938	30185	29580	24879	24958	25004
17	0.418526	0.000081	-0.490000	1.730000	-5.000000	-0.242000	-0.084000	0.008000	29951	30173	29500	24879	24958	25004
18	0.448401	0.029874	-0.490000	1.730000	-5.000000	-0.194000	-0.068000	0.004000	29951	30173	29500	24903	24966	25002
19	0.448478	0.000077	-0.580000	1.780000	-5.000000	-0.194000	-0.068000	0.004000	29942	30178	29500	24903	24966	25002
20	0.477751	0.029272	-0.580000	1.780000	-5.000000	-0.200000	-0.084000	-0.002000	29942	30178	29500	24900	24958	24999
21	0.477833	0.000082	-0.410000	1.890000	-5.000000	-0.200000	-0.084000	-0.002000	29959	30189	29500	24900	24958	24999
22	0.505300	0.027467	-0.410000	1.890000	-5.000000	-0.216000	-0.078000	0.006000	29959	30189	29500	24892	24961	25003
23	0.505392	0.000092	-0.890000	1.210000	-4.420000	-0.216000	-0.078000	0.006000	29911	30121	29558	24892	24961	25003
24	0.537423	0.032031	-0.890000	1.210000	-4.420000	-0.160000	-0.120000	0.020000	29911	30121	29558	24920	24940	25010
25	0.537502	0.000079	-0.860000	1.530000	-4.400000	-0.160000	-0.120000	0.020000	29914	30153	29560	24920	24940	25010
26	0.565673	0.028171	-0.860000	1.530000	-4.400000	-0.178000	-0.114000	0.024000	29914	30153	29560	24911	24943	25012
27	0.565816	0.000143	-1.170000	1.520000	-4.400000	-0.178000	-0.114000	0.024000	29883	30152	29560	24911	24943	25012
28	0.599909	0.034093	-1.170000	1.520000	-4.400000	-0.158000	-0.132000	0.014000	29883	30152	29560	24921	24934	25007
29	0.600011	0.000102	-1.100000	1.660000	-4.680000	-0.158000	-0.132000	0.014000	29890	30166	29532	24921	24934	25007
30	0.639454	0.039444	-1.100000	1.660000	-4.680000	-0.142000	-0.112000	0.008000	29890	30166	29532	24929	24944	25004
31	0.639557	0.000102	-1.270000	1.090000	-4.730000	-0.142000	-0.112000	0.008000	29873	30109	29527	24929	24944	25004
32	0.669024	0.029467	-1.270000	1.090000	-4.730000	-0.116000	-0.144000	-0.004000	29873	30109	29527	24942	24928	24998
33	0.669179	0.000154	-1.050000	0.850000	-4.760000	-0.116000	-0.144000	-0.004000	29895	30085	29524	24942	24928	24998
34	0.700264	0.031086	-1.050000	0.850000	-4.760000	-0.092000	-0.120000	-0.002000	29895	30085	29524	24954	24940	24999
35	0.700348	0.000083	-1.360000	1.070000	-5.330000	-0.092000	-0.120000	-0.002000	29864	30107	29467	24954	24940	24999
36	0.733974	0.033626	-1.360000	1.070000	-5.330000	-0.122000	-0.140000	-0.002000	29864	30107	29467	24939	24930	24999
37	0.734058	0.000084	-1.120000	1.510000	-5.290000	-0.122000	-0.140000	-0.002000	29888	30151	29471	24939	24930	24999
38	0.768258	0.034201	-1.120000	1.510000	-5.290000	-0.136000	-0.096000	0.014000	29888	30151	29471	24932	24952	25007
39	0.768371	0.000112	-1.250000	1.580000	-5.270000	-0.136000	-0.096000	0.014000	29875	30158	29473	24932	24952	25007
40	0.837505	0.069134	-1.250000	1.580000	-5.270000	-0.146000	-0.108000	0.010000	29875	30158	29473	24927	24946	25005
41	0.837611	0.000106	-0.670000	1.820000	-4.460000	-0.146000	-0.108000	0.010000	29933	30182	29554	24927	24946	25005
42	0.870490	0.032880	-0.670000	1.820000	-4.460000	-0.182000	-0.072000	0.004000	29933	30182	29554	24909	24964	25002
43	0.870590	0.000100	-0.690000	2.100000	-4.440000	-0.182000	-0.072000	0.004000	29931	30210	29556	24909	24964	25002
44	0.903328	0.032738	-0.690000	2.100000	-4.440000	-0.204000	-0.066000	0.012000	29931	30210	29556	24898	24967	25006
45	0.903430	0.000101	-0.780000	1.800000	-4.430000	-0.204000	-0.066000	0.012000	29922	30180	29557	24898	24967	25006
46	0.932644	0.029215	-0.780000	1.800000	-4.430000	-0.186000	-0.056000	0.008000	29922	30180	29557	24907	24972	25004
47	0.932710	0.000065	-0.490000	1.960000	-4.170000	-0.186000	-0.056000	0.008000	29951	30196	29583	24907	24972	25004
48	0.965505	0.032795	-0.490000	1.960000	-4.170000	-0.208000	-0.038000	0.016000	29951	30196	29583	24896	24981	25008
49	0.965611	0.000106	-0.420000	2.030000	-4.160000	-0.208000	-0.038000	0.016000	29958	30203	29584	24896	24981	25008
50	0.994806	0.029195	-0.420000	2.030000	-4.160000	-0.206000	-0.030000	0.016000	29958	30203	29584	24897	24985	25008
51	0.994934	0.000128	-0.480000	1.890000	-4.150000	-0.206000	-0.030000	0.016000	29952	30189	29585	24897	24985	25008
52	1.031046	0.036112	-0.480000	1.890000	-4.150000	-0.200000	-0.024000	0.016000	29952	30189	29585	24900	24988	25008
53	1.031136	0.000090	-1.030000	1.160000	-3.560000	-0.200000	-0.024000	0.016000	29897	30116	29644	24900	24988	25008
54	1.067869	0.036733	-1.030000	1.160000	-3.560000	-0.132000	-0.068000	0.026000	29897	30116	29644	24934	24966	25013
55	1.067973	0.000104	-1.420000	0.760000	-3.620000	-0.132000	-0.068000	0.026000	29858	30076	29638	24934	24966	25013
56	1.109122	0.041150	-1.420000	0.760000	-3.620000	-0.136000	-0.114000	0.020000	29858	30076	29638	24932	24943	25010
57	1.109247	0.000125	-1.470000	0.920000	-3.610000	-0.136000	-0.114000	0.020000	29853	30092	29639	24932	24943	25010
58	1.146824	0.037577	-1.470000	0.920000	-3.610000	-0.148000	-0.126000	0.020000	29853	30092	29639	24926	24937	25010
59	1.146956	0.000132	-0.640000	1.640000	-4.460000	-0.148000	-0.126000	0.020000	29936	30164	29554	24926	24937	25010
60	1.212411	0.065455	-0.640000	1.640000	-4.460000	-0.226000	-0.074000	0.006000	29936	30164	29554	24887	24963	25003
61	1.212512	0.000101	-0.500000	1.580000	-4.450000	-0.226000	-0.074000	0.006000	29950	30158	29555	24887	24963	25003
62	1.243213	0.030701	-0.500000	1.580000	-4.450000	-0.210000	-0.062000	0.004000	29950	30158	29555	24895	24969	25002
63	1.243299	0.000087	-0.260000	1.900000	-4.460000	-0.210000	-0.062000	0.004000	29974	30190	29554	24895	24969	25002
64	1.279927	0.036628	-0.260000	1.900000	-4.460000	-0.218000	-0.048000	0.008000	29974	30190	29554	24891	24976	25004
65	1.280061	0.000134	-0.960000	1.840000	-4.450000	-0.218000	-0.048000	0.008000	29904	30184	29555	24891	24976	25004
66	1.312311	0.032250	-0.960000	1.840000	-4.450000	-0.192000	-0.088000	0.008000	29904	30184	29555	24904	24956	25004
67	1.312408	0.000097	-0.580000	1.670000	-3.610000	-0.192000	-0.088000	0.008000	29942	30167	29639	24904	24956	25004
68	1.345874	0.033465	-0.580000	1.670000	-3.610000	-0.156000	-0.058000	0.002000	29942	30167	29639	24922	24971	25001
69	1.345966	0.000093	-0.670000	1.750000	-3.600000	-0.156000	-0.058000	0.002000	29933	30175	29640	24922	24971	25001
70	1.375454	0.029488	-0.670000	1.750000	-3.600000	-0.164000	-0.068000	0.000000	29933	30175	29640	24918	24966	25000
71	1.375524	0.000070	-0.890000	1.470000	-3.570000	-0.164000	-0.068000	0.000000	29911	30147	29643	24918	24966	25000
72	1.404291	0.028767	-0.890000	1.470000	-3.570000	-0.142000	-0.102000	0.022000	29911	30147	29643	24929	24949	25011
73	1.404357	0.000066	-0.920000	1.500000	-4.110000	-0.142000	-0.102000	0.022000	29908	30150	29589	24929	24949	25011
74	1.432848	0.028491	-0.920000	1.500000	-4.110000	-0.144000	-0.104000	0.022000	29908	30150	29589	24928	24948	25011
75	1.432930	0.000082	-0.860000	1.320000	-4.150000	-0.144000	-0.104000	0.022000	29914	30132	29585	24928	24948	25011
76	1.459699	0.026769	-0.860000	1.320000	-4.150000	-0.130000	-0.106000	0.020000	29914	30132	29585	24935	24947	25010
77	1.459766	0.000067	-0.660000	1.960000	-4.190000	-0.130000	-0.106000	0.020000	29934	30196	29581	24935	24947	25010
78	1.486220	0.026454	-0.660000	1.960000	-4.190000	-0.178000	-0.076000	0.008000	29934	30196	29581	24911	24962	25004
79	1.486282	0.000062	-1.040000	2.130000	-5.030000	-0.178000	-0.076000	0.008000	29896	30213	29497	24911	24962	25004
80	1.517047	0.030765	-1.040000	2.130000	-5.030000	-0.212000	-0.106000	0.014000	29896	30213	29497	24894	24947	25007
81	1.517128	0.000081	-1.190000	2.270000	-4.990000	-0.212000	-0.106000	0.014000	29881	30227	29501	24894	24947	25007
82	1.546272	0.029143	-1.190000	2.270000	-4.990000	-0.226000	-0.114000	0.014000	29881	30227	29501	24887	24943	25007
83	1.546345	0.000074	-0.390000	2.160000	-5.000000	-0.226000	-0.114000	0.014000	29961	30216	29500	24887	24943	25007
84	1.574317	0.027971	-0.390000	2.160000	-5.000000	-0.246000	-0.070000	0.018000	29961	30216	29500	24877	24965	25009
85	1.574389	0.000072	-0.430000	2.150000	-4.190000	-0.246000	-0.070000	0.018000	29957	30215	29581	24877	24965	25009
86	1.599325	0.024936	-0.430000	2.150000	-4.190000	-0.256000	-0.072000	0.020000	29957	30215	29581	24872	24964	25010
87	1.599381	0.000056	-0.690000	1.840000	-4.190000	-0.256000	-0.072000	0.020000	29931	30184	29581	24872	24964	25010
88	1.625592	0.026210	-0.690000	1.840000	-4.190000	-0.248000	-0.098000	0.012000	29931	30184	29581	24876	24951	25006
89	1.625659	0.000068	-0.780000	1.710000	-4.180000	-0.248000	-0.098000	0.012000	29922	30171	29582	24876	24951	25006
90	1.653515	0.027856	-0.780000	1.710000	-4.180000	-0.236000	-0.102000	-0.002000	29922	30171	29582	24882	24949	24999
91	1.653591	0.000076	-0.860000	1.760000	-4.730000	-0.236000	-0.102000	-0.002000	29914	30176	29527	24882	24949	24999
92	1.684498	0.030906	-0.860000	1.760000	-4.730000	-0.242000	-0.110000	-0.002000	29914	30176	29527	24879	24945	24999
93	1.684564	0.000067	-0.770000	2.120000	-4.680000	-0.242000	-0.110000	-0.002000	29923	30212	29532	24879	24945	24999
94	1.711016	0.026452	-0.770000	2.120000	-4.680000	-0.258000	-0.084000	0.008000	29923	30212	29532	24871	24958	25004
95	1.711082	0.000065	-0.810000	2.210000	-4.710000	-0.258000	-0.084000	0.008000	29919	30221	29529	24871	24958	25004
96	1.736480	0.025399	-0.810000	2.210000	-4.710000	-0.260000	-0.076000	0.006000	29919	30221	29529	24870	24962	25003
97	1.736538	0.000058	-0.730000	2.160000	-4.160000	-0.260000	-0.076000	0.006000	29927	30216	29584	24870	24962	25003
98	1.762056	0.025518	-0.730000	2.160000	-4.160000	-0.254000	-0.070000	0.004000	29927	30216	29584	24873	24965	25002
99	1.762145	0.000090	-0.650000	1.940000	-4.190000	-0.254000	-0.070000	0.004000	29935	30194	29581	24873	24965	25002
100	1.786883	0.024737	-0.650000	1.940000	-4.190000	-0.238000	-0.068000	0.004000	29935	30194	29581	24881	24966	25002
101	1.786964	0.000082	-1.070000	1.790000	-4.180000	-0.238000	-0.068000	0.004000	29893	30179	29582	24881	24966	25002
102	1.818784	0.031820	-1.070000	1.790000	-4.180000	-0.214000	-0.094000	0.010000	29893	30179	29582	24893	24953	25005
103	1.818891	0.000106	-0.970000	1.920000	-5.270000	-0.214000	-0.094000	0.010000	29903	30192	29473	24893	24953	25005
104	1.844830	0.025939	-0.970000	1.920000	-5.270000	-0.208000	-0.084000	0.004000	29903	30192	29473	24896	24958	25002
105	1.844915	0.000085	-1.060000	1.530000	-5.330000	-0.208000	-0.084000	0.004000	29894	30153	29467	24896	24958	25002
106	1.873199	0.028285	-1.060000	1.530000	-5.330000	-0.192000	-0.116000	-0.008000	29894	30153	29467	24904	24942	24996
107	1.873280	0.000081	-1.030000	1.740000	-5.320000	-0.192000	-0.116000	-0.008000	29897	30174	29468	24904	24942	24996
108	1.904065	0.030785	-1.030000	1.740000	-5.320000	-0.208000	-0.120000	-0.010000	29897	30174	29468	24896	24940	24995
109	1.904170	0.000104	-1.060000	0.940000	-4.440000	-0.208000	-0.120000	-0.010000	29894	30094	29556	24896	24940	24995
110	1.939176	0.035006	-1.060000	0.940000	-4.440000	-0.148000	-0.140000	0.000000	29894	30094	29556	24926	24930	25000
111	1.939273	0.000097	-0.880000	1.190000	-4.430000	-0.148000	-0.140000	0.000000	29912	30119	29557	24926	24930	25000
112	1.965567	0.026294	-0.880000	1.190000	-4.430000	-0.154000	-0.112000	0.008000	29912	30119	29557	24923	24944	25004
113	1.965665	0.000098	-1.340000	1.360000	-4.400000	-0.154000	-0.112000	0.008000	29866	30136	29560	24923	24944	25004
114	1.996802	0.031137	-1.340000	1.360000	-4.400000	-0.154000	-0.148000	0.004000	29866	30136	29560	24923	24926	25002
115	1.996872	0.000070	-1.390000	1.400000	-5.220000	-0.154000	-0.148000	0.004000	29861	30140	29478	24923	24926	25002
116	2.032251	0.035380	-1.390000	1.400000	-5.220000	-0.154000	-0.152000	0.004000	29861	30140	29478	24923	24924	25002
117	2.032335	0.000084	-1.380000	1.620000	-5.220000	-0.154000	-0.152000	0.004000	29862	30162	29478	24923	24924	25002
118	2.067037	0.034702	-1.380000	1.620000	-5.220000	-0.166000	-0.158000	0.002000	29862	30162	29478	24917	24921	25001
119	2.067120	0.000083	-0.700000	1.660000	-5.240000	-0.166000	-0.158000	0.002000	29930	30166	29476	24917	24921	25001
120	2.100461	0.033341	-0.700000	1.660000	-5.240000	-0.190000	-0.114000	0.004000	29930	30166	29476	24905	24943	25002
121	2.100562	0.000101	-0.580000	2.140000	-5.280000	-0.190000	-0.114000	0.004000	29942	30214	29472	24905	24943	25002
122	2.134198	0.033636	-0.580000	2.140000	-5.280000	-0.224000	-0.092000	-0.004000	29942	30214	29472	24888	24954	24998
123	2.134291	0.000093	-0.680000	2.110000	-5.290000	-0.224000	-0.092000	-0.004000	29932	30211	29471	24888	24954	24998
124	2.166552	0.032261	-0.680000	2.110000	-5.290000	-0.232000	-0.094000	0.002000	29932	30211	29471	24884	24953	25001
125	2.166642	0.000090	-0.690000	2.190000	-5.280000	-0.232000	-0.094000	0.002000	29931	30219	29472	24884	24953	25001
126	2.198952	0.032309	-0.690000	2.190000	-5.280000	-0.238000	-0.098000	0.002000	29931	30219	29472	24881	24951	25001
127	2.199034	0.000082	-1.080000	1.860000	-4.190000	-0.238000	-0.098000	0.002000	29892	30186	29581	24881	24951	25001
128	2.230847	0.031813	-1.080000	1.860000	-4.190000	-0.202000	-0.120000	0.010000	29892	30186	29581	24899	24940	25005
129	2.230935	0.000088	-1.170000	2.110000	-4.140000	-0.202000	-0.120000	0.010000	29883	30211	29586	24899	24940	25005
130	2.262901	0.031966	-1.170000	2.110000	-4.140000	-0.220000	-0.114000	0.014000	29883	30211	29586	24890	24943	25007
131	2.262983	0.000082	-1.150000	1.960000	-4.150000	-0.220000	-0.114000	0.014000	29885	30196	29585	24890	24943	25007
132	2.295245	0.032262	-1.150000	1.960000	-4.150000	-0.208000	-0.106000	0.012000	29885	30196	29585	24896	24947	25006
133	2.295332	0.000087	-0.780000	1.850000	-4.400000	-0.208000	-0.106000	0.012000	29922	30185	29560	24896	24947	25006
134	2.328166	0.032835	-0.780000	1.850000	-4.400000	-0.216000	-0.098000	0.016000	29922	30185	29560	24892	24951	25008
135	2.328231	0.000065	-0.810000	1.830000	-4.410000	-0.216000	-0.098000	0.016000	29919	30183	29559	24892	24951	25008
136	2.358676	0.030444	-0.810000	1.830000	-4.410000	-0.218000	-0.098000	0.018000	29919	30183	29559	24891	24951	25009
137	2.358756	0.000080	-0.830000	1.440000	-4.430000	-0.218000	-0.098000	0.018000	29917	30144	29557	24891	24951	25009
138	2.390686	0.031929	-0.830000	1.440000	-4.430000	-0.192000	-0.096000	0.012000	29917	30144	29557	24904	24952	25006
139	2.390763	0.000077	-0.430000	2.030000	-5.000000	-0.192000	-0.096000	0.012000	29957	30203	29500	24904	24952	25006
140	2.422478	0.031715	-0.430000	2.030000	-5.000000	-0.244000	-0.064000	0.000000	29957	30203	29500	24878	24968	25000
141	2.422567	0.000089	-0.290000	1.910000	-5.000000	-0.244000	-0.064000	0.000000	29971	30191	29500	24878	24968	25000
142	2.450010	0.027442	-0.290000	1.910000	-5.000000	-0.228000	-0.048000	0.000000	29971	30191	29500	24886	24976	25000
143	2.450094	0.000084	-0.180000	2.390000	-4.960000	-0.228000	-0.048000	0.000000	29982	30239	29504	24886	24976	25000
144	2.482877	0.032784	-0.180000	2.390000	-4.960000	-0.252000	-0.030000	0.008000	29982	30239	29504	24874	24985	25004
145	2.482968	0.000090	-1.000000	1.770000	-4.940000	-0.252000	-0.030000	0.008000	29900	30177	29506	24874	24985	25004
146	2.517269	0.034301	-1.000000	1.770000	-4.940000	-0.182000	-0.082000	0.016000	29900	30177	29506	24909	24959	25008
147	2.517342	0.000074	-1.050000	1.790000	-4.940000	-0.182000	-0.082000	0.016000	29895	30179	29506	24909	24959	25008
148	2.546923	0.029581	-1.050000	1.790000	-4.940000	-0.188000	-0.086000	0.018000	29895	30179	29506	24906	24957	25009
149	2.547004	0.000081	-1.110000	1.270000	-4.970000	-0.188000	-0.086000	0.018000	29889	30127	29503	24906	24957	25009
150	2.580852	0.033848	-1.110000	1.270000	-4.970000	-0.158000	-0.092000	0.010000	29889	30127	29503	24921	24954	25005
151	2.580970	0.000118	-1.050000	1.290000	-4.980000	-0.158000	-0.092000	0.010000	29895	30129	29502	24921	24954	25005
152	2.616338	0.035368	-1.050000	1.290000	-4.980000	-0.162000	-0.090000	0.012000	29895	30129	29502	24919	24955	25006
153	2.616420	0.000083	-0.980000	1.260000	-4.700000	-0.162000	-0.090000	0.012000	29902	30126	29530	24919	24955	25006
154	2.652019	0.035599	-0.980000	1.260000	-4.700000	-0.156000	-0.084000	0.012000	29902	30126	29530	24922	24958	25006
155	2.652128	0.000108	-0.800000	1.520000	-4.720000	-0.156000	-0.084000	0.012000	29920	30152	29528	24922	24958	25006
156	2.687004	0.034877	-0.800000	1.520000	-4.720000	-0.166000	-0.082000	0.016000	29920	30152	29528	24917	24959	25008
157	2.687091	0.000087	-0.800000	1.790000	-4.730000	-0.166000	-0.082000	0.016000	29920	30179	29527	24917	24959	25008
158	2.722486	0.035395	-0.800000	1.790000	-4.730000	-0.182000	-0.074000	0.004000	29920	30179	29527	24909	24963	25002
159	2.722557	0.000070	-0.770000	1.780000	-5.000000	-0.182000	-0.074000	0.004000	29923	30178	29500	24909	24963	25002
160	2.754693	0.032137	-0.770000	1.780000	-5.000000	-0.178000	-0.072000	0.002000	29923	30178	29500	24911	24964	25001
161	2.754782	0.000088	-0.870000	1.610000	-5.010000	-0.178000	-0.072000	0.002000	29913	30161	29499	24911	24964	25001
162	2.811487	0.056705	-0.870000	1.610000	-5.010000	-0.172000	-0.082000	0.000000	29913	30161	29499	24914	24959	25000
163	2.811549	0.000062	-0.620000	1.790000	-5.000000	-0.172000	-0.082000	0.000000	29938	30179	29500	24914	24959	25000
164	2.838394	0.026845	-0.620000	1.790000	-5.000000	-0.196000	-0.078000	0.000000	29938	30179	29500	24902	24961	25000
165	2.838496	0.000102	-0.730000	1.840000	-5.270000	-0.196000	-0.078000	0.000000	29927	30184	29473	24902	24961	25000
166	2.870596	0.032100	-0.730000	1.840000	-5.270000	-0.206000	-0.086000	0.002000	29927	30184	29473	24897	24957	25001
167	2.870685	0.000089	-0.790000	2.240000	-5.240000	-0.206000	-0.086000	0.002000	29921	30224	29476	24897	24957	25001
168	2.901758	0.031073	-0.790000	2.240000	-5.240000	-0.230000	-0.090000	0.004000	29921	30224	29476	24885	24955	25002
169	2.901891	0.000133	-0.800000	2.010000	-5.240000	-0.230000	-0.090000	0.004000	29920	30201	29476	24885	24955	25002
170	2.938344	0.036453	-0.800000	2.010000	-5.240000	-0.214000	-0.092000	0.010000	29920	30201	29476	24893	24954	25005
171	2.938482	0.000138	-0.720000	1.940000	-3.880000	-0.214000	-0.092000	0.010000	29928	30194	29612	24893	24954	25005
172	2.971487	0.033005	-0.720000	1.940000	-3.880000	-0.212000	-0.086000	0.010000	29928	30194	29612	24894	24957	25005
173	2.971579	0.000092	-0.960000	1.870000	-3.860000	-0.212000	-0.086000	0.010000	29904	30187	29614	24894	24957	25005
174	2.999076	0.027497	-0.960000	1.870000	-3.860000	-0.218000	-0.110000	0.004000	29904	30187	29614	24891	24945	25002
175	2.999169	0.000092	-0.410000	2.350000	-3.870000	-0.218000	-0.110000	0.004000	29959	30235	29613	24891	24945	25002
176	3.032770	0.033601	-0.410000	2.350000	-3.870000	-0.272000	-0.084000	0.010000	29959	30235	29613	24864	24958	25005
177	3.032862	0.000092	-0.540000	2.420000	-4.430000	-0.272000	-0.084000	0.010000	29946	30242	29557	24864	24958	25005
178	3.064936	0.032074	-0.540000	2.420000	-4.430000	-0.282000	-0.094000	0.012000	29946	30242	29557	24859	24953	25006
179	3.065014	0.000078	-0.510000	2.210000	-4.430000	-0.282000	-0.094000	0.012000	29949	30221	29557	24859	24953	25006
180	3.097919	0.032905	-0.510000	2.210000	-4.430000	-0.270000	-0.086000	0.012000	29949	30221	29557	24865	24957	25006
181	3.097994	0.000074	-0.840000	2.060000	-4.420000	-0.270000	-0.086000	0.012000	29916	30206	29558	24865	24957	25006
182	3.128468	0.030474	-0.840000	2.060000	-4.420000	-0.248000	-0.110000	0.012000	29916	30206	29558	24876	24945	25006
183	3.128551	0.000083	-0.830000	2.040000	-4.140000	-0.248000	-0.110000	0.012000	29917	30204	29586	24876	24945	25006
184	3.160812	0.032261	-0.830000	2.040000	-4.140000	-0.248000	-0.110000	0.012000	29917	30204	29586	24876	24945	25006
185	3.160896	0.000085	-0.740000	1.970000	-4.150000	-0.248000	-0.110000	0.012000	29926	30197	29585	24876	24945	25006
186	3.193176	0.032280	-0.740000	1.970000	-4.150000	-0.240000	-0.100000	0.014000	29926	30197	29585	24880	24950	25007
187	3.193264	0.000087	-0.970000	1.670000	-4.170000	-0.240000	-0.100000	0.014000	29903	30167	29583	24880	24950	25007
188	3.225835	0.032571	-0.970000	1.670000	-4.170000	-0.208000	-0.096000	0.004000	29903	30167	29583	24896	24952	25002
189	3.225933	0.000098	-0.830000	1.640000	-4.980000	-0.208000	-0.096000	0.004000	29917	30164	29502	24896	24952	25002
190	3.259606	0.033673	-0.830000	1.640000	-4.980000	-0.188000	-0.086000	0.000000	29917	30164	29502	24906	24957	25000
191	3.259747	0.000142	-0.820000	1.450000	-5.000000	-0.188000	-0.086000	0.000000	29918	30145	29500	24906	24957	25000
192	3.289394	0.029646	-0.820000	1.450000	-5.000000	-0.176000	-0.090000	-0.002000	29918	30145	29500	24912	24955	24999
193	3.289542	0.000148	-0.700000	1.740000	-5.020000	-0.176000	-0.090000	-0.002000	29930	30174	29498	24912	24955	24999
194	3.328285	0.038743	-0.700000	1.740000	-5.020000	-0.200000	-0.080000	0.004000	29930	30174	29498	24900	24960	25002
195	3.328379	0.000095	-0.550000	1.660000	-4.190000	-0.200000	-0.080000	0.004000	29945	30166	29581	24900	24960	25002
196	3.356474	0.028095	-0.550000	1.660000	-4.190000	-0.190000	-0.068000	0.002000	29945	30166	29581	24905	24966	25001
197	3.356540	0.000066	-0.570000	1.850000	-4.170000	-0.190000	-0.068000	0.002000	29943	30185	29583	24905	24966	25001
198	3.386547	0.030007	-0.570000	1.850000	-4.170000	-0.200000	-0.064000	0.004000	29943	30185	29583	24900	24968	25002
199	3.386646	0.000099	-0.810000	1.570000	-4.150000	-0.200000	-0.064000	0.004000	29919	30157	29585	24900	24968	25002
200	3.418620	0.031974	-0.810000	1.570000	-4.150000	-0.174000	-0.084000	0.002000	29919	30157	29585	24913	24958	25001
201	3.418713	0.000093	-0.930000	1.620000	-4.430000	-0.174000	-0.084000	0.002000	29907	30162	29557	24913	24958	25001
202	3.451090	0.032376	-0.930000	1.620000	-4.430000	-0.184000	-0.094000	0.004000	29907	30162	29557	24908	24953	25002
203	3.451166	0.000076	-0.880000	1.480000	-4.460000	-0.184000	-0.094000	0.004000	29912	30148	29554	24908	24953	25002
204	3.479761	0.028595	-0.880000	1.480000	-4.460000	-0.176000	-0.100000	0.000000	29912	30148	29554	24912	24950	25000
205	3.479838	0.000076	-0.930000	1.540000	-4.480000	-0.176000	-0.100000	0.000000	29907	30154	29552	24912	24950	25000
206	3.510634	0.030797	-0.930000	1.540000	-4.480000	-0.174000	-0.088000	-0.008000	29907	30154	29552	24913	24956	24996
207	3.510741	0.000106	-0.930000	1.540000	-4.480000	-0.174000	-0.088000	-0.008000	29907	30154	29552	24913	24956	24996
208	3.540325	0.029584	-0.930000	1.540000	-4.480000	-0.174000	-0.088000	-0.008000	29907	30154	29552	24913	24956	24996
209	3.540395	0.000071	-0.740000	1.910000	-4.450000	-0.174000	-0.088000	-0.008000	29926	30191	29555	24913	24956	24996
210	3.567851	0.027455	-0.740000	1.910000	-4.450000	-0.186000	-0.060000	0.000000	29926	30191	29555	24907	24970	25000
211	3.567936	0.000085	-0.920000	2.150000	-4.410000	-0.186000	-0.060000	0.000000	29908	30215	29559	24907	24970	25000
212	3.598038	0.030102	-0.920000	2.150000	-4.410000	-0.206000	-0.098000	0.014000	29908	30215	29559	24897	24951	25007
213	3.598115	0.000077	-0.960000	2.180000	-4.960000	-0.206000	-0.098000	0.014000	29904	30218	29504	24897	24951	25007
214	3.628414	0.030300	-0.960000	2.180000	-4.960000	-0.206000	-0.102000	0.014000	29904	30218	29504	24897	24949	25007
215	3.628495	0.000081	-1.070000	2.200000	-4.940000	-0.206000	-0.102000	0.014000	29893	30220	29506	24897	24949	25007
216	3.659530	0.031035	-1.070000	2.200000	-4.940000	-0.212000	-0.108000	0.014000	29893	30220	29506	24894	24946	25007
217	3.659610	0.000080	-0.510000	1.950000	-4.970000	-0.212000	-0.108000	0.014000	29949	30195	29503	24894	24946	25007
218	3.690273	0.030663	-0.510000	1.950000	-4.970000	-0.214000	-0.068000	0.014000	29949	30195	29503	24893	24966	25007
219	3.690472	0.000199	-0.450000	1.900000	-4.160000	-0.214000	-0.068000	0.014000	29955	30190	29584	24893	24966	25007
220	3.730871	0.040400	-0.450000	1.900000	-4.160000	-0.212000	-0.062000	0.014000	29955	30190	29584	24894	24969	25007
221	3.730994	0.000123	-0.500000	1.920000	-4.160000	-0.212000	-0.062000	0.014000	29950	30192	29584	24894	24969	25007
222	3.762534	0.031539	-0.500000	1.920000	-4.160000	-0.216000	-0.066000	0.014000	29950	30192	29584	24892	24967	25007
223	3.762605	0.000071	-0.430000	2.400000	-4.130000	-0.216000	-0.066000	0.014000	29957	30240	29587	24892	24967	25007
224	3.794917	0.032312	-0.430000	2.400000	-4.130000	-0.250000	-0.064000	0.010000	29957	30240	29587	24875	24968	25005
225	3.795001	0.000084	-0.450000	2.420000	-4.400000	-0.250000	-0.064000	0.010000	29955	30242	29560	24875	24968	25005
226	3.827476	0.032475	-0.450000	2.420000	-4.400000	-0.250000	-0.066000	0.010000	29955	30242	29560	24875	24967	25005
227	3.827555	0.000079	-0.420000	2.350000	-4.390000	-0.250000	-0.066000	0.010000	29958	30235	29561	24875	24967	25005
228	3.852971	0.025416	-0.420000	2.350000	-4.390000	-0.244000	-0.058000	0.010000	29958	30235	29561	24878	24971	25005
229	3.853088	0.000116	-0.630000	1.880000	-4.420000	-0.244000	-0.058000	0.010000	29937	30188	29558	24878	24971	25005
230	3.884402	0.031314	-0.630000	1.880000	-4.420000	-0.214000	-0.080000	0.004000	29937	30188	29558	24893	24960	25002
231	3.884517	0.000115	-0.470000	1.880000	-3.880000	-0.214000	-0.080000	0.004000	29953	30188	29612	24893	24960	25002
232	3.916314	0.031797	-0.470000	1.880000	-3.880000	-0.220000	-0.072000	0.008000	29953	30188	29612	24890	24964	25004
233	3.916403	0.000089	-0.310000	1.840000	-3.900000	-0.220000	-0.072000	0.008000	29969	30184	29610	24890	24964	25004
234	3.942658	0.026255	-0.310000	1.840000	-3.900000	-0.210000	-0.060000	0.008000	29969	30184	29610	24895	24970	25004
235	3.942724	0.000066	-0.410000	1.310000	-3.920000	-0.210000	-0.060000	0.008000	29959	30131	29608	24895	24970	25004
236	3.972793	0.030069	-0.410000	1.310000	-3.920000	-0.168000	-0.054000	0.004000	29959	30131	29608	24916	24973	25002
237	3.972874	0.000081	-0.650000	1.030000	-3.900000	-0.168000	-0.054000	0.004000	29935	30103	29610	24916	24973	25002
238	3.998256	0.025382	-0.650000	1.030000	-3.900000	-0.142000	-0.074000	0.002000	29935	30103	29610	24929	24963	25001
239	3.998325	0.000069	-0.540000	0.980000	-4.990000	-0.142000	-0.074000	0.002000	29946	30098	29501	24929	24963	25001
240	4.029442	0.031117	-0.540000	0.980000	-4.990000	-0.126000	-0.064000	0.002000	29946	30098	29501	24937	24968	25001
241	4.029530	0.000088	-0.530000	1.210000	-4.980000	-0.126000	-0.064000	0.002000	29947	30121	29502	24937	24968	25001
242	4.061328	0.031799	-0.530000	1.210000	-4.980000	-0.140000	-0.066000	0.006000	29947	30121	29502	24930	24967	25003
243	4.061417	0.000088	-0.470000	1.450000	-5.000000	-0.140000	-0.066000	0.006000	29953	30145	29500	24930	24967	25003
244	4.093783	0.032366	-0.470000	1.450000	-5.000000	-0.156000	-0.056000	0.002000	29953	30145	29500	24922	24972	25001
245	4.093872	0.000089	-0.520000	1.470000	-5.000000	-0.156000	-0.056000	0.002000	29948	30147	29500	24922	24972	25001
246	4.124536	0.030664	-0.520000	1.470000	-5.000000	-0.162000	-0.058000	0.002000	29948	30147	29500	24919	24971	25001
247	4.124623	0.000087	-0.210000	2.200000	-4.960000	-0.162000	-0.058000	0.002000	29979	30220	29504	24919	24971	25001
248	4.156480	0.031856	-0.210000	2.200000	-4.960000	-0.212000	-0.034000	0.008000	29979	30220	29504	24894	24983	25004
249	4.156603	0.000123	-0.200000	1.980000	-4.940000	-0.212000	-0.034000	0.008000	29980	30198	29506	24894	24983	25004
250	4.188644	0.032041	-0.200000	1.980000	-4.940000	-0.198000	-0.042000	0.014000	29980	30198	29506	24901	24979	25007
251	4.188734	0.000090	-0.440000	2.070000	-4.670000	-0.198000	-0.042000	0.014000	29956	30207	29533	24901	24979	25007
252	4.214735	0.026002	-0.440000	2.070000	-4.670000	-0.222000	-0.060000	0.016000	29956	30207	29533	24889	24970	25008
253	4.214793	0.000058	-1.650000	1.170000	-4.690000	-0.222000	-0.060000	0.016000	29835	30117	29531	24889	24970	25008
254	4.239779	0.024986	-1.650000	1.170000	-4.690000	-0.136000	-0.150000	0.028000	29835	30117	29531	24932	24925	25014
255	4.239854	0.000075	-1.460000	1.220000	-4.700000	-0.136000	-0.150000	0.028000	29854	30122	29530	24932	24925	25014
256	4.266955	0.027101	-1.460000	1.220000	-4.700000	-0.144000	-0.142000	0.034000	29854	30122	29530	24928	24929	25017
257	4.267020	0.000065	-1.320000	1.160000	-4.410000	-0.144000	-0.142000	0.034000	29868	30116	29559	24928	24929	25017
258	4.296124	0.029105	-1.320000	1.160000	-4.410000	-0.130000	-0.130000	0.028000	29868	30116	29559	24935	24935	25014
259	4.296209	0.000085	-0.310000	2.070000	-4.390000	-0.130000	-0.130000	0.028000	29969	30207	29561	24935	24935	25014
260	4.330024	0.033815	-0.310000	2.070000	-4.390000	-0.216000	-0.062000	0.016000	29969	30207	29561	24892	24969	25008
261	4.330155	0.000132	-0.370000	2.500000	-4.410000	-0.216000	-0.062000	0.016000	29963	30250	29559	24892	24969	25008
262	4.359777	0.029621	-0.370000	2.500000	-4.410000	-0.240000	-0.050000	0.004000	29963	30250	29559	24880	24975	25002
263	4.359855	0.000079	-0.710000	2.650000	-4.970000	-0.240000	-0.050000	0.004000	29929	30265	29503	24880	24975	25002
264	4.386940	0.027084	-0.710000	2.650000	-4.970000	-0.270000	-0.078000	0.006000	29929	30265	29503	24865	24961	25003
265	4.387008	0.000068	-1.040000	2.310000	-4.980000	-0.270000	-0.078000	0.006000	29896	30231	29502	24865	24961	25003
266	4.417343	0.030335	-1.040000	2.310000	-4.980000	-0.246000	-0.108000	0.006000	29896	30231	29502	24877	24946	25003
267	4.417510	0.000167	-1.060000	2.120000	-4.980000	-0.246000	-0.108000	0.006000	29894	30212	29502	24877	24946	25003
268	4.444547	0.027037	-1.060000	2.120000	-4.980000	-0.230000	-0.110000	0.006000	29894	30212	29502	24885	24945	25003
269	4.444614	0.000067	-1.350000	2.250000	-5.240000	-0.230000	-0.110000	0.006000	29865	30225	29476	24885	24945	25003
270	4.476250	0.031636	-1.350000	2.250000	-5.240000	-0.256000	-0.134000	0.006000	29865	30225	29476	24872	24933	25003
271	4.476328	0.000079	-1.350000	2.250000	-5.240000	-0.256000	-0.134000	0.006000	29865	30225	29476	24872	24933	25003
272	4.506898	0.030570	-1.350000	2.250000	-5.240000	-0.256000	-0.134000	0.006000	29865	30225	29476	24872	24933	25003
273	4.506986	0.000089	-1.480000	2.040000	-5.220000	-0.256000	-0.134000	0.006000	29852	30204	29478	24872	24933	25003
274	4.537862	0.030876	-1.480000	2.040000	-5.220000	-0.238000	-0.146000	0.002000	29852	30204	29478	24881	24927	25001
275	4.537984	0.000122	-1.510000	2.040000	-4.090000	-0.238000	-0.146000	0.002000	29849	30204	29591	24881	24927	25001
276	4.565606	0.027622	-1.510000	2.040000	-4.090000	-0.240000	-0.150000	-0.004000	29849	30204	29591	24880	24925	24998
277	4.565687	0.000081	-1.390000	2.330000	-4.070000	-0.240000	-0.150000	-0.004000	29861	30233	29593	24880	24925	24998
278	4.595076	0.029389	-1.390000	2.330000	-4.070000	-0.250000	-0.128000	0.004000	29861	30233	29593	24875	24936	25002
279	4.595156	0.000080	-1.390000	2.330000	-4.070000	-0.186000	-0.110000	-0.006000	29861	30233	29593	24907	24945	24997
280	4.595180	0.000024	-0.560000	2.500000	-5.270000	-0.186000	-0.110000	-0.006000	29944	30250	29473	24907	24945	24997
281	4.626601	0.031421	-0.560000	2.500000	-5.270000	-0.260000	-0.084000	0.000000	29944	30250	29473	24870	24958	25000
282	4.626693	0.000092	-0.520000	1.770000	-4.450000	-0.260000	-0.084000	0.000000	29948	30177	29555	24870	24958	25000
283	4.656946	0.030253	-0.520000	1.770000	-4.450000	-0.192000	-0.052000	0.006000	29948	30177	29555	24904	24974	25003
284	4.657040	0.000094	-1.000000	1.750000	-4.410000	-0.192000	-0.052000	0.006000	29900	30175	29559	24904	24974	25003
285	4.689402	0.032362	-1.000000	1.750000	-4.410000	-0.192000	-0.090000	0.018000	29900	30175	29559	24904	24955	25009
286	4.689553	0.000151	-0.830000	1.980000	-4.720000	-0.192000	-0.090000	0.018000	29917	30198	29528	24904	24955	25009
287	4.715778	0.026226	-0.830000	1.980000	-4.720000	-0.198000	-0.074000	0.008000	29917	30198	29528	24901	24963	25004
288	4.715853	0.000075	-0.510000	2.260000	-4.680000	-0.198000	-0.074000	0.008000	29949	30226	29532	24901	24963	25004
289	4.747087	0.031234	-0.510000	2.260000	-4.680000	-0.228000	-0.060000	0.010000	29949	30226	29532	24886	24970	25005
290	4.747171	0.000084	-0.440000	1.770000	-4.710000	-0.228000	-0.060000	0.010000	29956	30177	29529	24886	24970	25005
291	4.778639	0.031468	-0.440000	1.770000	-4.710000	-0.196000	-0.054000	0.002000	29956	30177	29529	24902	24973	25001
292	4.778724	0.000085	-0.620000	1.660000	-4.700000	-0.196000	-0.054000	0.002000	29938	30166	29530	24902	24973	25001
293	4.812149	0.033425	-0.620000	1.660000	-4.700000	-0.188000	-0.076000	0.002000	29938	30166	29530	24906	24962	25001
294	4.812235	0.000085	-0.760000	2.240000	-4.450000	-0.188000	-0.076000	0.002000	29924	30224	29555	24906	24962	25001
295	4.844624	0.032390	-0.760000	2.240000	-4.450000	-0.242000	-0.070000	0.002000	29924	30224	29555	24879	24965	25001
296	4.844722	0.000098	-1.050000	1.360000	-4.990000	-0.242000	-0.070000	0.002000	29895	30136	29501	24879	24965	25001
297	4.879105	0.034383	-1.050000	1.360000	-4.990000	-0.172000	-0.114000	0.002000	29895	30136	29501	24914	24943	25001
298	4.879182	0.000077	-0.300000	1.870000	-4.670000	-0.172000	-0.114000	0.002000	29970	30187	29533	24914	24943	25001
299	4.911252	0.032070	-0.300000	1.870000	-4.670000	-0.196000	-0.046000	0.018000	29970	30187	29533	24902	24977	25009
300	4.911345	0.000093	-0.740000	1.950000	-4.690000	-0.196000	-0.046000	0.018000	29926	30195	29531	24902	24977	25009
301	4.946806	0.035461	-0.740000	1.950000	-4.690000	-0.206000	-0.082000	0.006000	29926	30195	29531	24897	24959	25003
302	4.946888	0.000082	-0.810000	1.740000	-4.160000	-0.206000	-0.082000	0.006000	29919	30174	29584	24897	24959	25003
303	4.977742	0.030854	-0.810000	1.740000	-4.160000	-0.186000	-0.072000	0.024000	29919	30174	29584	24907	24964	25012
304	4.977825	0.000083	-0.690000	1.920000	-5.240000	-0.186000	-0.072000	0.024000	29931	30192	29476	24907	24964	25012
305	5.003801	0.025977	-0.690000	1.920000	-5.240000	-0.204000	-0.082000	0.010000	29931	30192	29476	24898	24959	25005
306	5.003870	0.000068	-0.840000	1.440000	-4.140000	-0.204000	-0.082000	0.010000	29916	30144	29586	24898	24959	25005
307	5.029626	0.025756	-0.730000	1.770000	-5.260000	-0.204000	-0.082000	0.010000	29927	30177	29474	24898	24959	25005
308	5.055335	0.025709	-0.760000	1.880000	-3.860000	-0.204000	-0.082000	0.010000	29924	30188	29614	24898	24959	25005
309	5.081705	0.026370	-0.760000	1.880000	-3.860000	-0.184000	-0.072000	0.014000	29924	30188	29614	24908	24964	25007
310	5.081780	0.000075	-0.450000	1.980000	-5.000000	-0.184000	-0.072000	0.014000	29955	30198	29500	24908	24964	25007
311	5.111630	0.029850	-0.450000	1.980000	-5.000000	-0.226000	-0.066000	0.006000	29955	30198	29500	24887	24967	25003
312	5.111707	0.000077	-0.050000	2.440000	-4.960000	-0.226000	-0.066000	0.006000	29995	30244	29504	24887	24967	25003
313	5.141235	0.029528	-0.050000	2.440000	-4.960000	-0.246000	-0.042000	0.008000	29995	30244	29504	24877	24979	25004
314	5.141310	0.000075	-0.050000	2.440000	-4.960000	-0.198000	-0.070000	0.012000	29995	30244	29504	24901	24965	25006
315	5.141335	0.000024	-0.410000	1.400000	-4.700000	-0.198000	-0.070000	0.012000	29959	30140	29530	24901	24965	25006
316	5.173494	0.032159	-1.140000	1.620000	-4.700000	-0.198000	-0.070000	0.012000	29886	30162	29530	24901	24965	25006
317	5.204988	0.031494	-1.140000	1.620000	-4.700000	-0.188000	-0.104000	0.008000	29886	30162	29530	24906	24948	25004
318	5.205078	0.000090	-0.370000	1.650000	-4.690000	-0.188000	-0.104000	0.008000	29963	30165	29531	24906	24948	25004
319	5.238128	0.033050	-0.370000	1.650000	-4.690000	-0.204000	-0.068000	0.022000	29963	30165	29531	24898	24966	25011
320	5.238205	0.000076	-1.140000	2.010000	-5.010000	-0.204000	-0.068000	0.022000	29886	30201	29499	24898	24966	25011
321	5.263742	0.025537	-1.140000	2.010000	-5.010000	-0.214000	-0.102000	0.008000	29886	30201	29499	24893	24949	25004
322	5.263810	0.000068	-0.910000	2.270000	-5.490000	-0.214000	-0.102000	0.008000	29909	30227	29451	24893	24949	25004
323	5.295166	0.031356	-0.910000	2.270000	-5.490000	-0.252000	-0.096000	0.008000	29909	30227	29451	24874	24952	25004
324	5.295257	0.000091	-1.240000	1.580000	-4.990000	-0.252000	-0.096000	0.008000	29876	30158	29501	24874	24952	25004
325	5.322725	0.027468	-1.240000	1.580000	-4.990000	-0.166000	-0.110000	0.008000	29876	30158	29501	24917	24945	25004
326	5.322806	0.000081	-0.550000	1.850000	-5.270000	-0.166000	-0.110000	0.008000	29945	30185	29473	24917	24945	25004
327	5.348891	0.026085	-0.550000	1.850000	-5.270000	-0.198000	-0.076000	0.000000	29945	30185	29473	24901	24962	25000
328	5.348953	0.000062	-0.380000	1.880000	-4.170000	-0.198000	-0.076000	0.000000	29962	30188	29583	24901	24962	25000
329	5.376303	0.027350	-0.470000	1.860000	-4.160000	-0.198000	-0.076000	0.000000	29953	30186	29584	24901	24962	25000
330	5.406362	0.030058	-0.130000	1.880000	-4.420000	-0.198000	-0.076000	0.000000	29987	30188	29558	24901	24962	25000
331	5.436791	0.030429	-0.130000	1.880000	-4.420000	-0.216000	-0.048000	0.026000	29987	30188	29558	24892	24976	25013
332	5.436869	0.000078	-0.760000	1.820000	-4.720000	-0.216000	-0.048000	0.026000	29924	30182	29528	24892	24976	25013
333	5.463666	0.026797	-0.520000	2.020000	-4.690000	-0.216000	-0.048000	0.026000	29948	30202	29531	24892	24976	25013
334	5.494099	0.030433	-0.640000	1.990000	-4.400000	-0.216000	-0.048000	0.026000	29936	30199	29560	24892	24976	25013
335	5.520697	0.026597	-0.640000	1.990000	-4.400000	-0.210000	-0.078000	0.006000	29936	30199	29560	24895	24961	25003
336	5.520807	0.000111	-0.480000	1.940000	-4.460000	-0.210000	-0.078000	0.006000	29952	30194	29554	24895	24961	25003
337	5.549907	0.029099	-0.470000	1.920000	-4.180000	-0.210000	-0.078000	0.006000	29953	30192	29582	24895	24961	25003
338	5.577369	0.027462	-0.730000	1.510000	-4.990000	-0.210000	-0.078000	0.006000	29927	30151	29501	24895	24961	25003
339	5.608132	0.030763	-0.730000	1.510000	-4.990000	-0.168000	-0.076000	-0.002000	29927	30151	29501	24916	24962	24999
340	5.608219	0.000087	-0.550000	1.530000	-4.990000	-0.168000	-0.076000	-0.002000	29945	30153	29501	24916	24962	24999
341	5.640503	0.032284	-0.550000	1.530000	-4.990000	-0.184000	-0.072000	0.016000	29945	30153	29501	24908	24964	25008
342	5.640605	0.000102	-0.930000	1.420000	-4.210000	-0.184000	-0.072000	0.016000	29907	30142	29579	24908	24964	25008
343	5.672581	0.031975	-0.860000	1.610000	-4.190000	-0.184000	-0.072000	0.016000	29914	30161	29581	24908	24964	25008
344	5.703027	0.030446	-0.530000	1.640000	-3.880000	-0.184000	-0.072000	0.016000	29947	30164	29612	24908	24964	25008
345	5.732953	0.029926	-0.530000	1.640000	-3.880000	-0.192000	-0.066000	-0.002000	29947	30164	29612	24904	24967	24999
346	5.733040	0.000087	-0.460000	2.320000	-4.690000	-0.192000	-0.066000	-0.002000	29954	30232	29531	24904	24967	24999
347	5.764403	0.031363	-0.580000	1.920000	-4.730000	-0.192000	-0.066000	-0.002000	29942	30192	29527	24904	24967	24999
348	5.796778	0.032375	-0.520000	1.540000	-4.720000	-0.192000	-0.066000	-0.002000	29948	30154	29528	24904	24967	24999
349	5.828693	0.031915	-0.520000	1.540000	-4.720000	-0.190000	-0.066000	0.006000	29948	30154	29528	24905	24967	25003
350	5.828819	0.000127	-0.410000	2.360000	-4.700000	-0.190000	-0.066000	0.006000	29959	30236	29530	24905	24967	25003
351	5.862484	0.033665	-0.410000	2.360000	-4.700000	-0.244000	-0.054000	0.012000	29959	30236	29530	24878	24973	25006
352	5.862568	0.000083	-0.780000	1.980000	-4.200000	-0.244000	-0.054000	0.012000	29922	30198	29580	24878	24973	25006
353	5.893809	0.031241	-0.890000	1.500000	-4.730000	-0.244000	-0.054000	0.012000	29911	30150	29527	24878	24973	25006
354	5.926488	0.032679	-1.060000	1.950000	-4.940000	-0.244000	-0.054000	0.012000	29894	30195	29506	24878	24973	25006
355	5.956595	0.030107	-1.060000	1.950000	-4.940000	-0.210000	-0.110000	0.012000	29894	30195	29506	24895	24945	25006
356	5.956678	0.000083	-0.610000	1.870000	-4.720000	-0.210000	-0.110000	0.012000	29939	30187	29528	24895	24945	25006
357	5.986586	0.029909	-0.610000	1.870000	-4.720000	-0.206000	-0.072000	0.010000	29939	30187	29528	24897	24964	25005
358	5.986667	0.000081	-0.510000	1.660000	-4.720000	-0.206000	-0.072000	0.010000	29949	30166	29528	24897	24964	25005
359	6.018226	0.031559	-0.510000	1.660000	-4.720000	-0.184000	-0.064000	0.014000	29949	30166	29528	24908	24968	25007
360	6.018312	0.000086	-0.810000	1.700000	-5.800000	-0.184000	-0.064000	0.014000	29919	30170	29420	24908	24968	25007
361	6.053846	0.035534	-0.810000	1.700000	-5.800000	-0.202000	-0.092000	-0.004000	29919	30170	29420	24899	24954	24998
362	6.053936	0.000090	-0.940000	1.820000	-4.960000	-0.202000	-0.092000	-0.004000	29906	30182	29504	24899	24954	24998
363	6.081035	0.027099	-0.940000	1.820000	-4.960000	-0.178000	-0.080000	0.010000	29906	30182	29504	24911	24960	25005
364	6.081112	0.000077	-0.710000	2.110000	-3.890000	-0.178000	-0.080000	0.010000	29929	30211	29611	24911	24960	25005
365	6.107075	0.025963	-0.710000	2.110000	-3.890000	-0.240000	-0.082000	0.004000	29929	30211	29611	24880	24959	25002
366	6.107144	0.000069	-0.790000	2.270000	-4.650000	-0.240000	-0.082000	0.004000	29921	30227	29535	24880	24959	25002
367	6.131514	0.024370	-0.790000	2.270000	-4.650000	-0.236000	-0.096000	0.008000	29921	30227	29535	24882	24952	25004
368	6.131669	0.000155	-1.190000	1.790000	-4.710000	-0.236000	-0.096000	0.008000	29881	30179	29529	24882	24952	25004
369	6.162402	0.030733	-1.190000	1.790000	-4.710000	-0.192000	-0.120000	0.020000	29881	30179	29529	24904	24940	25010
370	6.162511	0.000108	-1.070000	1.400000	-4.950000	-0.192000	-0.120000	0.020000	29893	30140	29505	24904	24940	25010
371	6.189579	0.027068	-1.070000	1.400000	-4.950000	-0.164000	-0.110000	0.016000	29893	30140	29505	24918	24945	25008
372	6.189677	0.000098	-0.600000	2.030000	-4.980000	-0.164000	-0.110000	0.016000	29940	30203	29502	24918	24945	25008
373	6.221697	0.032020	-0.600000	2.030000	-4.980000	-0.210000	-0.066000	0.000000	29940	30203	29502	24895	24967	25000
374	6.221947	0.000250	-1.110000	1.720000	-4.990000	-0.210000	-0.066000	0.000000	29889	30172	29501	24895	24967	25000
375	6.254603	0.032656	-1.110000	1.720000	-4.990000	-0.188000	-0.102000	0.018000	29889	30172	29501	24906	24949	25009
376	6.254680	0.000077	-0.720000	2.200000	-4.700000	-0.188000	-0.102000	0.018000	29928	30220	29530	24906	24949	25009
377	6.287047	0.032367	-0.720000	2.200000	-4.700000	-0.230000	-0.076000	0.010000	29928	30220	29530	24885	24962	25005
378	6.287138	0.000091	-0.720000	2.200000	-4.700000	-0.228000	-0.080000	0.002000	29928	30220	29530	24886	24960	25001
379	6.287172	0.000034	-0.570000	2.000000	-4.450000	-0.228000	-0.080000	0.002000	29943	30200	29555	24886	24960	25001
380	6.314375	0.027203	-0.390000	2.090000	-4.160000	-0.228000	-0.080000	0.002000	29961	30209	29584	24886	24960	25001
381	6.345286	0.030912	-0.390000	2.090000	-4.160000	-0.234000	-0.054000	0.010000	29961	30209	29584	24883	24973	25005
382	6.345373	0.000087	-0.960000	1.680000	-4.430000	-0.234000	-0.054000	0.010000	29904	30168	29557	24883	24973	25005
383	6.371083	0.025710	-0.960000	1.680000	-4.430000	-0.186000	-0.094000	0.010000	29904	30168	29557	24907	24953	25005
384	6.371149	0.000065	-0.300000	2.280000	-4.710000	-0.186000	-0.094000	0.010000	29970	30228	29529	24907	24953	25005
385	6.402152	0.031003	-0.300000	2.280000	-4.710000	-0.228000	-0.040000	-0.002000	29970	30228	29529	24886	24980	24999
386	6.402227	0.000075	-0.660000	1.860000	-4.690000	-0.228000	-0.040000	-0.002000	29934	30186	29531	24886	24980	24999
387	6.427869	0.025643	-0.660000	1.860000	-4.690000	-0.204000	-0.086000	0.018000	29934	30186	29531	24898	24957	25009
388	6.427940	0.000071	-1.030000	1.660000	-4.700000	-0.204000	-0.086000	0.018000	29897	30166	29530	24898	24957	25009
389	6.458917	0.030977	-1.030000	1.660000	-4.700000	-0.194000	-0.106000	0.018000	29897	30166	29530	24903	24947	25009
390	6.459022	0.000105	-1.630000	1.680000	-4.700000	-0.194000	-0.106000	0.018000	29837	30168	29530	24903	24947	25009
391	6.491911	0.032889	-1.630000	1.680000	-4.700000	-0.188000	-0.130000	0.022000	29837	30168	29530	24906	24935	25011
392	6.491996	0.000085	-0.880000	1.720000	-4.150000	-0.188000	-0.130000	0.022000	29912	30172	29585	24906	24935	25011
393	6.527184	0.035188	-0.880000	1.720000	-4.150000	-0.190000	-0.080000	0.014000	29912	30172	29585	24905	24960	25007
394	6.527291	0.000107	-0.970000	1.630000	-4.690000	-0.190000	-0.080000	0.014000	29903	30163	29531	24905	24960	25007
395	6.559685	0.032394	-0.970000	1.630000	-4.690000	-0.180000	-0.102000	0.012000	29903	30163	29531	24910	24949	25006
396	6.559748	0.000063	-0.610000	1.720000	-5.800000	-0.180000	-0.102000	0.012000	29939	30172	29420	24910	24949	25006
397	6.588898	0.029150	-0.610000	1.720000	-5.800000	-0.188000	-0.076000	0.004000	29939	30172	29420	24906	24962	25002
398	6.588971	0.000073	-0.530000	2.160000	-4.980000	-0.188000	-0.076000	0.004000	29947	30216	29502	24906	24962	25002
399	6.614476	0.025506	-0.530000	2.160000	-4.980000	-0.236000	-0.078000	0.012000	29947	30216	29502	24882	24961	25006
400	6.614604	0.000127	-0.340000	2.290000	-5.010000	-0.236000	-0.078000	0.012000	29966	30229	29499	24882	24961	25006
401	6.645893	0.031289	-0.340000	2.290000	-5.010000	-0.244000	-0.040000	0.014000	29966	30229	29499	24878	24980	25007
402	6.645982	0.000089	-0.730000	2.180000	-5.500000	-0.244000	-0.040000	0.014000	29927	30218	29450	24878	24980	25007
403	6.672704	0.026722	-0.730000	2.180000	-5.500000	-0.210000	-0.080000	0.014000	29927	30218	29450	24895	24960	25007
404	6.672777	0.000074	-1.430000	1.610000	-4.680000	-0.210000	-0.080000	0.014000	29857	30161	29532	24895	24960	25007
405	6.698720	0.025942	-1.430000	1.610000	-4.680000	-0.178000	-0.140000	0.016000	29857	30161	29532	24911	24930	25008
406	6.698787	0.000068	-1.110000	1.250000	-4.150000	-0.178000	-0.140000	0.016000	29889	30125	29585	24911	24930	25008
407	6.730712	0.031925	-1.050000	1.220000	-4.160000	-0.178000	-0.140000	0.016000	29895	30122	29584	24911	24930	25008
408	6.764320	0.033608	-1.050000	1.220000	-4.160000	-0.230000	-0.086000	0.016000	29895	30122	29584	24885	24957	25008
409	6.764402	0.000082	-0.580000	1.560000	-4.660000	-0.230000	-0.086000	0.016000	29942	30156	29534	24885	24957	25008
410	6.791160	0.026758	-1.350000	1.720000	-4.630000	-0.230000	-0.086000	0.016000	29865	30172	29537	24885	24957	25008
411	6.816621	0.025462	-1.350000	1.720000	-4.630000	-0.184000	-0.138000	0.012000	29865	30172	29537	24908	24931	25006
412	6.816686	0.000065	-0.670000	1.870000	-4.980000	-0.184000	-0.138000	0.012000	29933	30187	29502	24908	24931	25006
413	6.847209	0.030523	-0.670000	1.870000	-4.980000	-0.202000	-0.084000	0.012000	29933	30187	29502	24899	24958	25006
414	6.847298	0.000089	-0.860000	1.790000	-4.440000	-0.202000	-0.084000	0.012000	29914	30179	29556	24899	24958	25006
415	6.877045	0.029747	-0.860000	1.790000	-4.440000	-0.208000	-0.092000	0.020000	29914	30179	29556	24896	24954	25010
416	6.877126	0.000081	-0.550000	2.210000	-5.290000	-0.208000	-0.092000	0.020000	29945	30221	29471	24896	24954	25010
417	6.903988	0.026861	-0.550000	2.210000	-5.290000	-0.230000	-0.058000	0.000000	29945	30221	29471	24885	24971	25000
418	6.904063	0.000075	-0.630000	2.220000	-4.690000	-0.230000	-0.058000	0.000000	29937	30222	29531	24885	24971	25000
419	6.930351	0.026288	-0.630000	2.220000	-4.690000	-0.226000	-0.064000	0.012000	29937	30222	29531	24887	24968	25006
420	6.930437	0.000086	-0.690000	1.550000	-3.910000	-0.226000	-0.064000	0.012000	29931	30155	29609	24887	24968	25006
421	6.961705	0.031269	-0.690000	1.550000	-3.910000	-0.194000	-0.084000	-0.002000	29931	30155	29609	24903	24958	24999
422	6.961792	0.000086	-1.060000	1.870000	-4.730000	-0.194000	-0.084000	-0.002000	29894	30187	29527	24903	24958	24999
423	6.994938	0.033147	-0.740000	2.060000	-4.730000	-0.194000	-0.084000	-0.002000	29926	30206	29527	24903	24958	24999
424	7.025849	0.030910	-0.810000	1.260000	-3.610000	-0.194000	-0.084000	-0.002000	29919	30126	29639	24903	24958	24999
425	7.056689	0.030840	-0.810000	1.260000	-3.610000	-0.190000	-0.102000	0.016000	29919	30126	29639	24905	24949	25008
426	7.056769	0.000080	-0.810000	1.260000	-3.610000	-0.184000	-0.098000	0.000000	29919	30126	29639	24908	24951	25000
427	7.056793	0.000025	-0.690000	2.010000	-4.690000	-0.184000	-0.098000	0.000000	29931	30201	29531	24908	24951	25000
428	7.087385	0.030592	-0.730000	1.440000	-4.160000	-0.184000	-0.098000	0.000000	29927	30144	29584	24908	24951	25000
429	7.119338	0.031952	-0.710000	1.730000	-4.140000	-0.184000	-0.098000	0.000000	29929	30173	29586	24908	24951	25000
430	7.153913	0.034575	-0.660000	1.340000	-4.780000	-0.184000	-0.098000	0.000000	29934	30134	29522	24908	24951	25000
431	7.186368	0.032456	-0.660000	1.340000	-4.780000	-0.190000	-0.086000	-0.006000	29934	30134	29522	24905	24957	24997
432	7.186504	0.000136	-0.700000	1.700000	-5.250000	-0.190000	-0.086000	-0.006000	29930	30170	29475	24905	24957	24997
433	7.217522	0.031018	-0.700000	1.700000	-5.250000	-0.200000	-0.094000	0.002000	29930	30170	29475	24900	24953	25001
434	7.217623	0.000101	-0.940000	1.550000	-4.170000	-0.200000	-0.094000	0.002000	29906	30155	29583	24900	24953	25001
435	7.245331	0.027708	-0.940000	1.550000	-4.170000	-0.184000	-0.098000	0.004000	29906	30155	29583	24908	24951	25002
436	7.245397	0.000066	-0.860000	2.340000	-4.670000	-0.184000	-0.098000	0.004000	29914	30234	29533	24908	24951	25002
437	7.271409	0.026012	-0.860000	2.340000	-4.670000	-0.234000	-0.098000	0.010000	29914	30234	29533	24883	24951	25005
438	7.271483	0.000074	-0.390000	2.150000	-4.710000	-0.234000	-0.098000	0.010000	29961	30215	29529	24883	24951	25005
439	7.296760	0.025277	-0.390000	2.150000	-4.710000	-0.222000	-0.050000	0.000000	29961	30215	29529	24889	24975	25000
440	7.296827	0.000067	-0.970000	1.970000	-3.840000	-0.222000	-0.050000	0.000000	29903	30197	29616	24889	24975	25000
441	7.327435	0.030608	-0.970000	1.970000	-3.840000	-0.216000	-0.108000	0.012000	29903	30197	29616	24892	24946	25006
442	7.327506	0.000072	-0.590000	2.140000	-4.440000	-0.216000	-0.108000	0.012000	29941	30214	29556	24892	24946	25006
443	7.352605	0.025099	-0.590000	2.140000	-4.440000	-0.220000	-0.066000	0.010000	29941	30214	29556	24890	24967	25005
444	7.352670	0.000065	-0.860000	1.930000	-5.000000	-0.220000	-0.066000	0.010000	29914	30193	29500	24890	24967	25005
445	7.382178	0.029509	-0.860000	1.930000	-5.000000	-0.210000	-0.090000	0.008000	29914	30193	29500	24895	24955	25004
446	7.382251	0.000073	-0.730000	1.850000	-4.920000	-0.210000	-0.090000	0.008000	29927	30185	29508	24895	24955	25004
447	7.412688	0.030437	-0.730000	1.850000	-4.920000	-0.210000	-0.086000	0.008000	29927	30185	29508	24895	24957	25004
448	7.412760	0.000072	-0.970000	1.590000	-4.690000	-0.210000	-0.086000	0.008000	29903	30159	29531	24895	24957	25004
449	7.442399	0.029640	-0.970000	1.590000	-4.690000	-0.180000	-0.092000	0.006000	29903	30159	29531	24910	24954	25003
450	7.442505	0.000105	-1.240000	1.710000	-4.980000	-0.180000	-0.092000	0.006000	29876	30171	29502	24910	24954	25003
451	7.471915	0.029410	-1.240000	1.710000	-4.980000	-0.164000	-0.094000	0.016000	29876	30171	29502	24918	24953	25008
452	7.472006	0.000091	-0.520000	1.860000	-4.460000	-0.164000	-0.094000	0.016000	29948	30186	29554	24918	24953	25008
453	7.501914	0.029909	-0.520000	1.860000	-4.460000	-0.222000	-0.062000	0.012000	29948	30186	29554	24889	24969	25006
454	7.502136	0.000222	-0.480000	1.520000	-4.450000	-0.222000	-0.062000	0.012000	29952	30152	29555	24889	24969	25006
455	7.552545	0.050409	-0.480000	1.520000	-4.450000	-0.176000	-0.052000	0.014000	29952	30152	29555	24912	24974	25007
456	7.552606	0.000061	-0.350000	1.870000	-4.450000	-0.176000	-0.052000	0.014000	29965	30187	29555	24912	24974	25007
457	7.583297	0.030691	-0.350000	1.870000	-4.450000	-0.204000	-0.050000	0.002000	29965	30187	29555	24898	24975	25001
458	7.583385	0.000088	-0.350000	1.870000	-4.450000	-0.208000	-0.096000	-0.002000	29965	30187	29555	24896	24952	24999
459	7.583425	0.000040	-0.700000	1.800000	-4.440000	-0.208000	-0.096000	-0.002000	29930	30180	29556	24896	24952	24999
460	7.612377	0.028952	-0.960000	1.640000	-4.940000	-0.208000	-0.096000	-0.002000	29904	30164	29506	24896	24952	24999
461	7.643922	0.031545	-0.960000	1.640000	-4.940000	-0.174000	-0.100000	0.010000	29904	30164	29506	24913	24950	25005
462	7.644020	0.000097	-0.800000	1.560000	-4.980000	-0.174000	-0.100000	0.010000	29920	30156	29502	24913	24950	25005
463	7.676545	0.032526	-1.270000	1.630000	-5.000000	-0.174000	-0.100000	0.010000	29873	30163	29500	24913	24950	25005
464	7.710666	0.034120	-1.420000	1.310000	-4.370000	-0.174000	-0.100000	0.010000	29858	30131	29563	24913	24950	25005
465	7.742874	0.032208	-1.420000	1.310000	-4.370000	-0.154000	-0.132000	0.016000	29858	30131	29563	24923	24934	25008
466	7.742943	0.000069	-0.480000	1.850000	-4.990000	-0.154000	-0.132000	0.016000	29952	30185	29501	24923	24934	25008
467	7.774105	0.031162	-0.540000	1.620000	-4.970000	-0.154000	-0.132000	0.016000	29946	30162	29503	24923	24934	25008
468	7.805423	0.031319	-0.570000	2.310000	-5.030000	-0.154000	-0.132000	0.016000	29943	30231	29497	24923	24934	25008
469	7.832813	0.027389	-0.570000	2.310000	-5.030000	-0.274000	-0.078000	0.006000	29943	30231	29497	24863	24961	25003
470	7.832891	0.000078	-0.690000	1.790000	-4.970000	-0.274000	-0.078000	0.006000	29931	30179	29503	24863	24961	25003
471	7.858966	0.026075	-0.690000	1.790000	-4.970000	-0.216000	-0.098000	0.004000	29931	30179	29503	24892	24951	25002
472	7.859033	0.000067	-0.610000	2.060000	-5.240000	-0.216000	-0.098000	0.004000	29939	30206	29476	24892	24951	25002
473	7.890566	0.031532	-0.610000	2.060000	-5.240000	-0.230000	-0.082000	0.008000	29939	30206	29476	24885	24959	25004
474	7.890642	0.000076	-0.790000	2.090000	-4.460000	-0.230000	-0.082000	0.008000	29921	30209	29554	24885	24959	25004
475	7.922040	0.031398	-0.790000	2.090000	-4.460000	-0.230000	-0.082000	0.002000	29921	30209	29554	24885	24959	25001
476	7.922122	0.000082	-0.170000	2.210000	-5.260000	-0.230000	-0.082000	0.002000	29983	30221	29474	24885	24959	25001
477	7.955207	0.033085	-0.170000	2.210000	-5.260000	-0.244000	-0.060000	0.014000	29983	30221	29474	24878	24970	25007
478	7.955286	0.000079	-0.790000	1.900000	-4.990000	-0.244000	-0.060000	0.014000	29921	30190	29501	24878	24970	25007
479	7.988135	0.032849	-0.790000	1.900000	-4.990000	-0.214000	-0.094000	0.008000	29921	30190	29501	24893	24953	25004
480	7.988298	0.000163	-0.630000	1.700000	-3.900000	-0.214000	-0.094000	0.008000	29937	30170	29610	24893	24953	25004
481	8.020827	0.032529	-0.630000	1.700000	-3.900000	-0.192000	-0.074000	-0.010000	29937	30170	29610	24904	24963	24995
482	8.020905	0.000078	-0.210000	2.060000	-4.480000	-0.192000	-0.074000	-0.010000	29979	30206	29552	24904	24963	24995
483	8.057508	0.036603	-0.210000	2.060000	-4.480000	-0.226000	-0.030000	0.012000	29979	30206	29552	24887	24985	25006
484	8.057585	0.000077	-0.560000	2.120000	-4.690000	-0.226000	-0.030000	0.012000	29944	30212	29531	24887	24985	25006
485	8.091408	0.033823	-0.560000	2.120000	-4.690000	-0.224000	-0.060000	0.018000	29944	30212	29531	24888	24970	25009
486	8.091507	0.000099	-0.740000	1.770000	-3.910000	-0.224000	-0.060000	0.018000	29926	30177	29609	24888	24970	25009
487	8.124725	0.033218	-0.740000	1.770000	-3.910000	-0.206000	-0.090000	0.004000	29926	30177	29609	24897	24955	25002
488	8.124813	0.000088	-0.740000	1.770000	-3.910000	-0.196000	-0.080000	0.008000	29926	30177	29609	24902	24960	25004
489	8.124841	0.000028	-0.500000	1.670000	-3.890000	-0.196000	-0.080000	0.008000	29950	30167	29611	24902	24960	25004
490	8.159504	0.034663	-1.070000	1.720000	-4.760000	-0.196000	-0.080000	0.008000	29893	30172	29524	24902	24960	25004
491	8.191644	0.032140	-1.070000	1.720000	-4.760000	-0.186000	-0.078000	0.000000	29893	30172	29524	24907	24961	25000
492	8.191734	0.000090	-0.820000	1.700000	-4.730000	-0.186000	-0.078000	0.000000	29918	30170	29527	24907	24961	25000
493	8.224738	0.033004	-0.820000	1.700000	-4.730000	-0.212000	-0.092000	0.024000	29918	30170	29527	24894	24954	25012
494	8.224825	0.000088	-0.700000	1.580000	-4.670000	-0.212000	-0.092000	0.024000	29930	30158	29533	24894	24954	25012
495	8.259009	0.034184	-0.700000	1.580000	-4.670000	-0.182000	-0.092000	0.008000	29930	30158	29533	24909	24954	25004
496	8.259108	0.000099	-0.610000	1.610000	-5.260000	-0.182000	-0.092000	0.008000	29939	30161	29474	24909	24954	25004
497	8.285886	0.026778	-0.610000	1.610000	-5.260000	-0.176000	-0.078000	0.012000	29939	30161	29474	24912	24961	25006
498	8.285951	0.000064	-0.610000	1.610000	-5.260000	-0.226000	-0.084000	0.002000	29939	30161	29474	24887	24958	25001
499	8.285972	0.000021	-0.730000	2.050000	-4.670000	-0.226000	-0.084000	0.002000	29927	30205	29533	24887	24958	25001
500	8.319044	0.033073	-0.850000	2.250000	-4.440000	-0.226000	-0.084000	0.002000	29915	30225	29556	24887	24958	25001
501	8.353142	0.034098	-0.850000	2.250000	-4.440000	-0.234000	-0.082000	0.016000	29915	30225	29556	24883	24959	25008
502	8.353298	0.000156	-0.810000	2.020000	-4.180000	-0.234000	-0.082000	0.016000	29919	30202	29582	24883	24959	25008
503	8.386305	0.033007	-0.810000	2.020000	-4.180000	-0.220000	-0.070000	0.018000	29919	30202	29582	24890	24965	25009
504	8.386386	0.000081	-0.660000	2.250000	-5.250000	-0.220000	-0.070000	0.018000	29934	30225	29475	24890	24965	25009
505	8.418165	0.031780	-0.660000	2.250000	-5.250000	-0.244000	-0.070000	0.010000	29934	30225	29475	24878	24965	25005
506	8.418228	0.000062	-0.320000	1.840000	-3.900000	-0.244000	-0.070000	0.010000	29968	30184	29610	24878	24965	25005
507	8.446072	0.027844	-0.320000	1.840000	-3.900000	-0.206000	-0.048000	0.002000	29968	30184	29610	24897	24976	25001
508	8.446157	0.000086	-0.780000	1.650000	-5.480000	-0.206000	-0.048000	0.002000	29922	30165	29452	24897	24976	25001
509	8.473715	0.027558	-0.780000	1.650000	-5.480000	-0.190000	-0.088000	0.008000	29922	30165	29452	24905	24956	25004
510	8.473788	0.000074	-0.370000	2.090000	-4.990000	-0.190000	-0.088000	0.008000	29963	30209	29501	24905	24956	25004
511	8.504218	0.030429	-0.370000	2.090000	-4.990000	-0.230000	-0.060000	0.010000	29963	30209	29501	24885	24970	25005
512	8.504309	0.000092	-1.030000	1.800000	-4.420000	-0.230000	-0.060000	0.010000	29897	30180	29558	24885	24970	25005
513	8.533238	0.028928	-1.030000	1.800000	-4.420000	-0.204000	-0.096000	0.008000	29897	30180	29558	24898	24952	25004
514	8.533314	0.000076	-0.750000	1.410000	-4.660000	-0.204000	-0.096000	0.008000	29925	30141	29534	24898	24952	25004
515	8.562239	0.028925	-0.710000	1.610000	-4.380000	-0.204000	-0.096000	0.008000	29929	30161	29562	24898	24952	25004
516	8.620670	0.058431	-0.720000	1.400000	-4.700000	-0.204000	-0.096000	0.008000	29928	30140	29530	24898	24952	25004
517	8.652075	0.031406	-0.720000	1.400000	-4.700000	-0.182000	-0.096000	0.016000	29928	30140	29530	24909	24952	25008
518	8.652170	0.000095	-0.320000	2.500000	-4.970000	-0.182000	-0.096000	0.016000	29968	30250	29503	24909	24952	25008
519	8.682790	0.030619	-0.320000	2.500000	-4.970000	-0.246000	-0.048000	0.008000	29968	30250	29503	24877	24976	25004
520	8.682861	0.000071	-0.760000	1.990000	-4.690000	-0.246000	-0.048000	0.008000	29924	30199	29531	24877	24976	25004
521	8.714387	0.031526	-0.760000	1.990000	-4.690000	-0.232000	-0.090000	0.024000	29924	30199	29531	24884	24955	25012
522	8.714497	0.000110	-0.900000	1.630000	-5.000000	-0.232000	-0.090000	0.024000	29910	30163	29500	24884	24955	25012
523	8.747450	0.032952	-0.630000	1.540000	-5.010000	-0.232000	-0.090000	0.024000	29937	30154	29499	24884	24955	25012
524	8.780122	0.032673	-0.210000	2.140000	-4.710000	-0.232000	-0.090000	0.024000	29979	30214	29529	24884	24955	25012
525	8.813667	0.033545	-0.210000	2.140000	-4.710000	-0.222000	-0.032000	0.006000	29979	30214	29529	24889	24984	25003
526	8.813758	0.000091	-0.390000	2.050000	-5.000000	-0.222000	-0.032000	0.006000	29961	30205	29500	24889	24984	25003
527	8.847636	0.033878	-0.390000	2.050000	-5.000000	-0.240000	-0.060000	0.014000	29961	30205	29500	24880	24970	25007
528	8.847730	0.000095	-0.690000	2.230000	-4.960000	-0.240000	-0.060000	0.014000	29931	30223	29504	24880	24970	25007
529	8.881592	0.033862	-0.690000	2.230000	-4.960000	-0.232000	-0.074000	0.008000	29931	30223	29504	24884	24963	25004
530	8.881684	0.000092	-0.560000	1.790000	-4.440000	-0.232000	-0.074000	0.008000	29944	30179	29556	24884	24963	25004
531	8.914755	0.033070	-0.560000	1.790000	-4.440000	-0.198000	-0.066000	-0.004000	29944	30179	29556	24901	24967	24998
532	8.914877	0.000122	-0.590000	2.110000	-4.410000	-0.198000	-0.066000	-0.004000	29941	30211	29559	24901	24967	24998
533	8.951253	0.036376	-1.040000	1.800000	-4.410000	-0.198000	-0.066000	-0.004000	29896	30180	29559	24901	24967	24998
534	8.984765	0.033512	-0.820000	1.360000	-5.270000	-0.198000	-0.066000	-0.004000	29918	30136	29473	24901	24967	24998
535	9.018155	0.033390	-0.820000	1.360000	-5.270000	-0.170000	-0.094000	0.016000	29918	30136	29473	24915	24953	25008
536	9.018224	0.000069	-0.320000	1.810000	-5.280000	-0.170000	-0.094000	0.016000	29968	30181	29472	24915	24953	25008
537	9.051190	0.032966	-0.320000	1.810000	-5.280000	-0.212000	-0.064000	0.018000	29968	30181	29472	24894	24968	25009
538	9.051285	0.000095	-0.830000	1.870000	-4.720000	-0.212000	-0.064000	0.018000	29917	30187	29528	24894	24968	25009
539	9.083552	0.032267	-0.830000	1.870000	-4.720000	-0.184000	-0.070000	0.004000	29917	30187	29528	24908	24965	25002
540	9.083627	0.000075	-0.830000	1.870000	-4.720000	-0.228000	-0.066000	0.012000	29917	30187	29528	24886	24967	25006
541	9.083651	0.000024	-0.690000	2.020000	-5.250000	-0.228000	-0.066000	0.012000	29931	30202	29475	24886	24967	25006
542	9.111751	0.028100	-1.090000	2.190000	-4.980000	-0.228000	-0.066000	0.012000	29891	30219	29502	24886	24967	25006
543	9.138876	0.027125	-1.090000	2.190000	-4.980000	-0.242000	-0.110000	0.020000	29891	30219	29502	24879	24945	25010
544	9.138945	0.000069	-0.440000	1.410000	-4.420000	-0.242000	-0.110000	0.020000	29956	30141	29558	24879	24945	25010
545	9.170584	0.031639	-0.440000	1.410000	-4.420000	-0.168000	-0.078000	0.006000	29956	30141	29558	24916	24961	25003
546	9.170780	0.000196	-0.420000	1.950000	-4.720000	-0.168000	-0.078000	0.006000	29958	30195	29528	24916	24961	25003
547	9.202156	0.031376	-0.420000	1.950000	-4.720000	-0.206000	-0.054000	0.008000	29958	30195	29528	24897	24973	25004
548	9.202232	0.000077	-0.710000	2.220000	-4.990000	-0.206000	-0.054000	0.008000	29929	30222	29501	24897	24973	25004
549	9.235648	0.033415	-0.710000	2.220000	-4.990000	-0.242000	-0.084000	0.012000	29929	30222	29501	24879	24958	25006
550	9.235784	0.000136	-0.860000	1.620000	-4.740000	-0.242000	-0.084000	0.012000	29914	30162	29526	24879	24958	25006
551	9.264874	0.029090	-0.860000	1.620000	-4.740000	-0.196000	-0.108000	0.002000	29914	30162	29526	24902	24946	25001
552	9.264952	0.000078	-0.860000	1.620000	-4.740000	-0.238000	-0.058000	-0.004000	29914	30162	29526	24881	24971	24998
553	9.264971	0.000019	-0.720000	1.610000	-3.910000	-0.238000	-0.058000	-0.004000	29928	30161	29609	24881	24971	24998
554	9.294310	0.029339	-0.640000	1.890000	-4.970000	-0.238000	-0.058000	-0.004000	29936	30189	29503	24881	24971	24998
555	9.324127	0.029817	-0.640000	1.890000	-4.970000	-0.198000	-0.072000	0.006000	29936	30189	29503	24901	24964	25003
556	9.324210	0.000083	-0.780000	2.070000	-4.700000	-0.198000	-0.072000	0.006000	29922	30207	29530	24901	24964	25003
557	9.357224	0.033014	-0.780000	2.070000	-4.700000	-0.222000	-0.078000	0.012000	29922	30207	29530	24889	24961	25006
558	9.357309	0.000085	-0.810000	2.030000	-4.680000	-0.222000	-0.078000	0.012000	29919	30203	29532	24889	24961	25006
559	9.390615	0.033306	-0.940000	1.660000	-5.000000	-0.222000	-0.078000	0.012000	29906	30166	29500	24889	24961	25006
560	9.424484	0.033868	-0.940000	1.660000	-5.000000	-0.196000	-0.098000	0.008000	29906	30166	29500	24902	24951	25004
561	9.424570	0.000086	-0.500000	1.540000	-4.710000	-0.196000	-0.098000	0.008000	29950	30154	29529	24902	24951	25004
562	9.456760	0.032190	-0.500000	1.540000	-4.710000	-0.190000	-0.072000	0.010000	29950	30154	29529	24905	24964	25005
563	9.456909	0.000148	-0.830000	1.580000	-4.710000	-0.190000	-0.072000	0.010000	29917	30158	29529	24905	24964	25005
564	9.483184	0.026275	-0.830000	1.580000	-4.710000	-0.192000	-0.090000	0.002000	29917	30158	29529	24904	24955	25001
565	9.483277	0.000093	-0.830000	1.580000	-4.710000	-0.212000	-0.128000	0.020000	29917	30158	29529	24894	24936	25010
566	9.483333	0.000056	-1.220000	1.870000	-4.920000	-0.212000	-0.128000	0.020000	29878	30187	29508	24894	24936	25010
567	9.517408	0.034075	-0.570000	1.930000	-4.690000	-0.212000	-0.128000	0.020000	29943	30193	29531	24894	24936	25010
568	9.547008	0.029601	-0.570000	1.930000	-4.690000	-0.204000	-0.080000	0.012000	29943	30193	29531	24898	24960	25006
569	9.547085	0.000077	-0.870000	1.810000	-4.990000	-0.204000	-0.080000	0.012000	29913	30181	29501	24898	24960	25006
570	9.573624	0.026538	-0.870000	1.810000	-4.990000	-0.200000	-0.090000	0.004000	29913	30181	29501	24900	24955	25002
571	9.573709	0.000086	-0.240000	2.100000	-4.720000	-0.200000	-0.090000	0.004000	29976	30210	29528	24900	24955	25002
572	9.605908	0.032198	-0.240000	2.100000	-4.720000	-0.222000	-0.040000	0.012000	29976	30210	29528	24889	24980	25006
573	9.606022	0.000114	-0.990000	2.020000	-4.730000	-0.222000	-0.040000	0.012000	29901	30202	29527	24889	24980	25006
574	9.634730	0.028708	-0.990000	2.020000	-4.730000	-0.226000	-0.100000	0.012000	29901	30202	29527	24887	24950	25006
575	9.635032	0.000301	-0.640000	1.420000	-4.690000	-0.226000	-0.100000	0.012000	29936	30142	29531	24887	24950	25006
576	9.665551	0.030519	-0.640000	1.420000	-4.690000	-0.180000	-0.090000	0.008000	29936	30142	29531	24910	24955	25004
577	9.665622	0.000072	-1.150000	1.690000	-4.690000	-0.180000	-0.090000	0.008000	29885	30169	29531	24910	24955	25004
578	9.692112	0.026489	-1.150000	1.690000	-4.690000	-0.174000	-0.104000	0.016000	29885	30169	29531	24913	24948	25008
579	9.692178	0.000066	-1.150000	1.690000	-4.690000	-0.192000	-0.084000	0.012000	29885	30169	29531	24904	24958	25006
580	9.692197	0.000019	-0.610000	1.150000	-4.720000	-0.192000	-0.084000	0.012000	29939	30115	29528	24904	24958	25006
581	9.724352	0.032156	-0.910000	1.930000	-4.730000	-0.192000	-0.084000	0.012000	29909	30193	29527	24904	24958	25006
582	9.756557	0.032205	-0.970000	1.970000	-4.720000	-0.192000	-0.084000	0.012000	29903	30197	29528	24904	24958	25006
583	9.787893	0.031336	-0.970000	1.970000	-4.720000	-0.236000	-0.086000	0.016000	29903	30197	29528	24882	24957	25008
584	9.787974	0.000081	-0.570000	1.900000	-4.960000	-0.236000	-0.086000	0.016000	29943	30190	29504	24882	24957	25008
585	9.819154	0.031179	-1.050000	2.170000	-4.690000	-0.236000	-0.086000	0.016000	29895	30217	29531	24882	24957	25008
586	9.846991	0.027838	-0.540000	1.940000	-3.910000	-0.236000	-0.086000	0.016000	29946	30194	29609	24882	24957	25008
587	9.879949	0.032958	-0.320000	2.090000	-4.180000	-0.236000	-0.086000	0.016000	29968	30209	29582	24882	24957	25008
588	9.908015	0.028066	-0.320000	2.090000	-4.180000	-0.232000	-0.060000	0.002000	29968	30209	29582	24884	24970	25001
589	9.908101	0.000085	-1.010000	1.840000	-4.670000	-0.232000	-0.060000	0.002000	29899	30184	29533	24884	24970	25001
590	9.940388	0.032288	-1.010000	1.840000	-4.670000	-0.190000	-0.094000	0.014000	29899	30184	29533	24905	24953	25007
591	9.940467	0.000079	-0.670000	2.190000	-4.710000	-0.190000	-0.094000	0.014000	29933	30219	29529	24905	24953	25007
592	9.972118	0.031651	-0.670000	2.190000	-4.710000	-0.228000	-0.066000	0.012000	29933	30219	29529	24886	24967	25006
593	9.972198	0.000079	-0.810000	1.760000	-4.680000	-0.228000	-0.066000	0.012000	29919	30176	29532	24886	24967	25006
594	10.005318	0.033121	-0.740000	1.920000	-4.440000	-0.228000	-0.066000	0.012000	29926	30192	29556	24886	24967	25006
595	10.037136	0.031817	-0.890000	2.340000	-4.440000	-0.228000	-0.066000	0.012000	29911	30234	29556	24886	24967	25006
596	10.062690	0.025555	-0.890000	2.340000	-4.440000	-0.250000	-0.110000	0.008000	29911	30234	29556	24875	24945	25004
597	10.062760	0.000070	-1.000000	1.760000	-4.970000	-0.250000	-0.110000	0.008000	29900	30176	29503	24875	24945	25004
598	10.087983	0.025223	-1.000000	1.760000	-4.970000	-0.212000	-0.106000	0.008000	29900	30176	29503	24894	24947	25004
599	10.088057	0.000073	-1.070000	1.940000	-4.950000	-0.212000	-0.106000	0.008000	29893	30194	29505	24894	24947	25004
600	10.113883	0.025827	-1.110000	1.660000	-4.950000	-0.212000	-0.106000	0.008000	29889	30166	29505	24894	24947	25004
601	10.146868	0.032985	-0.490000	2.570000	-4.720000	-0.212000	-0.106000	0.008000	29951	30257	29528	24894	24947	25004
602	10.176565	0.029697	-0.490000	2.570000	-4.720000	-0.230000	-0.052000	-0.004000	29951	30257	29528	24885	24974	24998
603	10.176636	0.000071	-1.240000	1.620000	-4.740000	-0.230000	-0.052000	-0.004000	29876	30162	29526	24885	24974	24998
604	10.206134	0.029498	-0.850000	1.740000	-4.740000	-0.230000	-0.052000	-0.004000	29915	30174	29526	24885	24974	24998
605	10.235993	0.029859	-0.380000	1.900000	-5.000000	-0.230000	-0.052000	-0.004000	29962	30190	29500	24885	24974	24998
606	10.265729	0.029736	-0.380000	1.900000	-5.000000	-0.204000	-0.054000	0.002000	29962	30190	29500	24898	24973	25001
607	10.265810	0.000081	-0.750000	1.800000	-4.700000	-0.204000	-0.054000	0.002000	29925	30180	29530	24898	24973	25001
608	10.296897	0.031087	-1.120000	1.690000	-5.000000	-0.204000	-0.054000	0.002000	29888	30169	29500	24898	24973	25001
609	10.328903	0.032006	-1.120000	1.690000	-5.000000	-0.216000	-0.088000	0.010000	29888	30169	29500	24892	24956	25005
610	10.328990	0.000087	-1.090000	2.070000	-4.720000	-0.216000	-0.088000	0.010000	29891	30207	29528	24892	24956	25005
611	10.362270	0.033280	-1.060000	1.390000	-4.700000	-0.216000	-0.088000	0.010000	29894	30139	29530	24892	24956	25005
612	10.392660	0.030389	-0.410000	2.070000	-4.430000	-0.216000	-0.088000	0.010000	29959	30207	29557	24892	24956	25005
613	10.420664	0.028005	-0.740000	1.700000	-4.720000	-0.216000	-0.088000	0.010000	29926	30170	29528	24892	24956	25005
614	10.450738	0.030074	-0.740000	1.700000	-4.720000	-0.204000	-0.090000	0.020000	29926	30170	29528	24898	24955	25010
615	10.450815	0.000077	-0.990000	1.570000	-3.640000	-0.204000	-0.090000	0.020000	29901	30157	29636	24898	24955	25010
616	10.482357	0.031542	-0.350000	1.960000	-4.690000	-0.204000	-0.090000	0.020000	29965	30196	29531	24898	24955	25010
617	10.520017	0.037660	-0.530000	1.510000	-5.550000	-0.204000	-0.090000	0.020000	29947	30151	29445	24898	24955	25010
618	10.548843	0.028826	-0.530000	1.510000	-5.550000	-0.178000	-0.070000	0.012000	29947	30151	29445	24911	24965	25006
619	10.548906	0.000063	-0.750000	2.090000	-4.680000	-0.178000	-0.070000	0.012000	29925	30209	29532	24911	24965	25006
620	10.576524	0.027618	-0.750000	2.090000	-4.680000	-0.218000	-0.084000	0.006000	29925	30209	29532	24891	24958	25003
621	10.576600	0.000076	-0.590000	1.590000	-4.700000	-0.218000	-0.084000	0.006000	29941	30159	29530	24891	24958	25003
622	10.606525	0.029925	-1.260000	1.220000	-5.010000	-0.218000	-0.084000	0.006000	29874	30122	29499	24891	24958	25003
623	10.638049	0.031524	-0.180000	2.040000	-4.420000	-0.218000	-0.084000	0.006000	29982	30204	29558	24891	24958	25003
624	10.672272	0.034223	-0.180000	2.040000	-4.420000	-0.216000	-0.046000	0.018000	29982	30204	29558	24892	24977	25009
625	10.672359	0.000087	-0.710000	1.520000	-4.430000	-0.216000	-0.046000	0.018000	29929	30152	29557	24892	24977	25009
626	10.705282	0.032924	-0.710000	1.520000	-4.430000	-0.262000	-0.052000	0.002000	29929	30152	29557	24869	24974	25001
627	10.705375	0.000092	-0.890000	1.690000	-4.740000	-0.262000	-0.052000	0.002000	29911	30169	29526	24869	24974	25001
628	10.736552	0.031178	-1.150000	1.650000	-5.000000	-0.262000	-0.052000	0.002000	29885	30165	29500	24869	24974	25001
629	10.771328	0.034776	-0.270000	2.410000	-4.700000	-0.262000	-0.052000	0.002000	29973	30241	29530	24869	24974	25001
630	10.804252	0.032924	-0.270000	2.410000	-4.700000	-0.248000	-0.050000	-0.008000	29973	30241	29530	24876	24975	24996
631	10.804349	0.000097	-0.270000	2.410000	-4.700000	-0.182000	-0.082000	0.004000	29973	30241	29530	24909	24959	25002
632	10.804383	0.000034	-1.090000	1.880000	-5.230000	-0.182000	-0.082000	0.004000	29891	30188	29477	24909	24959	25002
633	10.836876	0.032493	-0.440000	1.730000	-4.170000	-0.182000	-0.082000	0.004000	29956	30173	29583	24909	24959	25002
634	10.863807	0.026930	-0.440000	1.730000	-4.170000	-0.210000	-0.068000	0.012000	29956	30173	29583	24895	24966	25006
635	10.863881	0.000074	-0.910000	1.720000	-4.430000	-0.210000	-0.068000	0.012000	29909	30172	29557	24895	24966	25006
636	10.894352	0.030471	-0.910000	1.720000	-4.430000	-0.202000	-0.098000	0.008000	29909	30172	29557	24899	24951	25004
637	10.894454	0.000103	-1.130000	1.890000	-5.800000	-0.202000	-0.098000	0.008000	29887	30189	29420	24899	24951	25004
638	10.927456	0.033002	-1.130000	1.890000	-5.800000	-0.194000	-0.110000	0.004000	29887	30189	29420	24903	24945	25002
639	10.927548	0.000091	-0.820000	1.760000	-4.440000	-0.194000	-0.110000	0.004000	29918	30176	29556	24903	24945	25002
640	10.960351	0.032803	-0.820000	1.760000	-4.440000	-0.182000	-0.064000	0.008000	29918	30176	29556	24909	24968	25004
641	10.960436	0.000086	-0.360000	2.120000	-5.010000	-0.182000	-0.064000	0.008000	29964	30212	29499	24909	24968	25004
642	10.994078	0.033642	-0.360000	2.120000	-5.010000	-0.236000	-0.054000	0.004000	29964	30212	29499	24882	24973	25002
643	10.994173	0.000095	-0.650000	2.100000	-4.680000	-0.236000	-0.054000	0.004000	29935	30210	29532	24882	24973	25002
644	11.027404	0.033232	-0.650000	2.100000	-4.680000	-0.216000	-0.082000	0.008000	29935	30210	29532	24892	24959	25004
645	11.027581	0.000177	-0.370000	1.710000	-4.990000	-0.216000	-0.082000	0.008000	29963	30171	29501	24892	24959	25004
646	11.060694	0.033112	-0.370000	1.710000	-4.990000	-0.200000	-0.062000	0.012000	29963	30171	29501	24900	24969	25006
647	11.060779	0.000085	-0.640000	2.040000	-4.740000	-0.200000	-0.062000	0.012000	29936	30204	29526	24900	24969	25006
648	11.093420	0.032641	-0.640000	2.040000	-4.740000	-0.208000	-0.070000	0.002000	29936	30204	29526	24896	24965	25001
649	11.093502	0.000082	-0.460000	1.540000	-5.280000	-0.208000	-0.070000	0.002000	29954	30154	29472	24896	24965	25001
650	11.126427	0.032925	-0.460000	1.540000	-5.280000	-0.194000	-0.072000	0.010000	29954	30154	29472	24903	24964	25005
651	11.126546	0.000119	-0.350000	2.310000	-5.000000	-0.194000	-0.072000	0.010000	29965	30231	29500	24903	24964	25005
652	11.160831	0.034285	-0.350000	2.290000	-4.690000	-0.194000	-0.072000	0.010000	29965	30229	29531	24903	24964	25005
653	11.189192	0.028362	-0.730000	2.190000	-5.230000	-0.194000	-0.072000	0.010000	29927	30219	29477	24903	24964	25005
654	11.219831	0.030639	-0.730000	2.190000	-5.230000	-0.216000	-0.070000	0.018000	29927	30219	29477	24892	24965	25009
655	11.219909	0.000078	-0.710000	1.640000	-4.690000	-0.216000	-0.070000	0.018000	29929	30164	29531	24892	24965	25009
656	11.251352	0.031442	-0.710000	1.640000	-4.690000	-0.186000	-0.084000	0.012000	29929	30164	29531	24907	24958	25006
657	11.251443	0.000092	-0.600000	1.710000	-4.690000	-0.186000	-0.084000	0.012000	29940	30171	29531	24907	24958	25006
658	11.284035	0.032591	-0.600000	1.850000	-3.650000	-0.186000	-0.084000	0.012000	29940	30185	29635	24907	24958	25006
659	11.317771	0.033736	-1.050000	1.570000	-5.000000	-0.186000	-0.084000	0.012000	29895	30157	29500	24907	24958	25006
660	11.350609	0.032838	-1.050000	1.570000	-5.000000	-0.172000	-0.092000	0.016000	29895	30157	29500	24914	24954	25008
661	11.350709	0.000100	-1.110000	1.670000	-4.400000	-0.172000	-0.092000	0.016000	29889	30167	29560	24914	24954	25008
662	11.383609	0.032900	-1.110000	1.670000	-4.400000	-0.180000	-0.094000	0.020000	29889	30167	29560	24910	24953	25010
663	11.383695	0.000086	-0.780000	1.640000	-4.700000	-0.180000	-0.094000	0.020000	29922	30164	29530	24910	24953	25010
664	11.416377	0.032682	-0.780000	1.640000	-4.700000	-0.186000	-0.088000	0.012000	29922	30164	29530	24907	24956	25006
665	11.416480	0.000103	-0.590000	2.190000	-4.390000	-0.186000	-0.088000	0.012000	29941	30219	29561	24907	24956	25006
666	11.451496	0.035016	-0.590000	2.190000	-4.390000	-0.222000	-0.082000	0.020000	29941	30219	29561	24889	24959	25010
667	11.451580	0.000084	-0.830000	1.680000	-4.160000	-0.222000	-0.082000	0.020000	29917	30168	29584	24889	24959	25010
668	11.477982	0.026402	-0.830000	1.680000	-4.160000	-0.202000	-0.094000	0.016000	29917	30168	29584	24899	24953	25008
669	11.478068	0.000086	-0.830000	2.210000	-4.400000	-0.202000	-0.094000	0.016000	29917	30221	29560	24899	24953	25008
670	11.504023	0.025956	-0.830000	2.210000	-4.400000	-0.226000	-0.094000	0.016000	29917	30221	29560	24887	24953	25008
671	11.504113	0.000089	-1.050000	1.630000	-4.710000	-0.226000	-0.094000	0.016000	29895	30163	29529	24887	24953	25008
672	11.535920	0.031807	-1.050000	1.630000	-4.710000	-0.188000	-0.104000	0.010000	29895	30163	29529	24906	24948	25005
673	11.536001	0.000081	-1.050000	1.630000	-4.710000	-0.176000	-0.070000	0.014000	29895	30163	29529	24912	24965	25007
674	11.536052	0.000051	-0.440000	1.970000	-5.270000	-0.176000	-0.070000	0.014000	29956	30197	29473	24912	24965	25007
675	11.566838	0.030786	-1.250000	1.720000	-5.490000	-0.176000	-0.070000	0.014000	29875	30172	29451	24912	24965	25007
676	11.595789	0.028951	-1.250000	1.720000	-5.490000	-0.156000	-0.110000	0.008000	29875	30172	29451	24922	24945	25004
677	11.595859	0.000071	-0.860000	1.860000	-4.150000	-0.156000	-0.110000	0.008000	29914	30186	29585	24922	24945	25004
678	11.626675	0.030815	-0.860000	1.860000	-4.150000	-0.190000	-0.078000	0.014000	29914	30186	29585	24905	24961	25007
679	11.626782	0.000107	-0.760000	1.230000	-4.960000	-0.190000	-0.078000	0.014000	29924	30123	29504	24905	24961	25007
680	11.659132	0.032350	-0.760000	1.230000	-4.960000	-0.160000	-0.094000	0.014000	29924	30123	29504	24920	24953	25007
681	11.659205	0.000074	-0.930000	1.590000	-4.700000	-0.160000	-0.094000	0.014000	29907	30159	29530	24920	24953	25007
682	11.692376	0.033171	-0.730000	2.100000	-4.720000	-0.160000	-0.094000	0.014000	29927	30210	29528	24920	24953	25007
683	11.720367	0.027992	-0.730000	2.100000	-4.720000	-0.192000	-0.086000	0.016000	29927	30210	29528	24904	24957	25008
684	11.720445	0.000077	-0.960000	1.490000	-4.460000	-0.192000	-0.086000	0.016000	29904	30149	29554	24904	24957	25008
685	11.747380	0.026936	-0.960000	1.490000	-4.460000	-0.228000	-0.102000	0.016000	29904	30149	29554	24886	24949	25008
686	11.747479	0.000098	-1.130000	1.740000	-4.420000	-0.228000	-0.102000	0.016000	29887	30174	29558	24886	24949	25008
687	11.777470	0.029991	-1.130000	1.740000	-4.420000	-0.184000	-0.094000	0.008000	29887	30174	29558	24908	24953	25004
688	11.777541	0.000071	-0.890000	1.770000	-4.700000	-0.184000	-0.094000	0.008000	29911	30177	29530	24908	24953	25004
689	11.808558	0.031017	-0.370000	1.740000	-5.040000	-0.184000	-0.094000	0.008000	29963	30174	29496	24908	24953	25004
690	11.840331	0.031773	-0.370000	1.740000	-5.040000	-0.222000	-0.054000	0.012000	29963	30174	29496	24889	24973	25006
691	11.840409	0.000078	-1.190000	2.040000	-4.970000	-0.222000	-0.054000	0.012000	29881	30204	29503	24889	24973	25006
692	11.873517	0.033108	-1.190000	2.040000	-4.970000	-0.216000	-0.108000	0.002000	29881	30204	29503	24892	24946	25001
693	11.873598	0.000081	-0.890000	1.960000	-4.940000	-0.216000	-0.108000	0.002000	29911	30196	29506	24892	24946	25001
694	11.906616	0.033018	-0.890000	1.960000	-4.940000	-0.200000	-0.084000	0.008000	29911	30196	29506	24900	24958	25004
695	11.906700	0.000084	-0.570000	1.450000	-4.460000	-0.200000	-0.084000	0.008000	29943	30145	29554	24900	24958	25004
696	11.940478	0.033778	-0.570000	1.450000	-4.460000	-0.200000	-0.076000	0.008000	29943	30145	29554	24900	24962	25004
697	11.940546	0.000068	-0.900000	1.980000	-4.990000	-0.200000	-0.076000	0.008000	29910	30198	29501	24900	24962	25004
698	11.971185	0.030639	-0.900000	1.980000	-4.990000	-0.220000	-0.094000	0.010000	29910	30198	29501	24890	24953	25005
699	11.971273	0.000087	-0.900000	1.980000	-4.990000	-0.156000	-0.058000	0.008000	29910	30198	29501	24922	24971	25004
700	11.971330	0.000058	-0.720000	1.450000	-4.490000	-0.156000	-0.058000	0.008000	29928	30145	29551	24922	24971	25004
701	12.006835	0.035505	-0.770000	1.760000	-4.750000	-0.156000	-0.058000	0.008000	29923	30176	29525	24922	24971	25004
702	12.040796	0.033961	-0.630000	1.970000	-4.440000	-0.156000	-0.058000	0.008000	29937	30197	29556	24922	24971	25004
703	12.070011	0.029215	-1.060000	2.030000	-4.750000	-0.156000	-0.058000	0.008000	29894	30203	29525	24922	24971	25004
704	12.102282	0.032271	-1.050000	2.060000	-4.760000	-0.156000	-0.058000	0.008000	29895	30206	29524	24922	24971	25004
705	12.136193	0.033911	-1.050000	2.060000	-4.760000	-0.228000	-0.106000	0.014000	29895	30206	29524	24886	24947	25007
706	12.136273	0.000080	-0.290000	1.840000	-5.000000	-0.228000	-0.106000	0.014000	29971	30184	29500	24886	24947	25007
707	12.167556	0.031283	-0.510000	1.990000	-4.150000	-0.228000	-0.106000	0.014000	29949	30199	29585	24886	24947	25007
708	12.199976	0.032420	-0.450000	2.090000	-4.990000	-0.228000	-0.106000	0.014000	29955	30209	29501	24886	24947	25007
709	12.232629	0.032653	-0.620000	2.030000	-4.740000	-0.228000	-0.106000	0.014000	29938	30203	29526	24886	24947	25007
710	12.265832	0.033204	-0.620000	2.030000	-4.740000	-0.228000	-0.070000	0.000000	29938	30203	29526	24886	24965	25000
711	12.265938	0.000105	-0.300000	1.870000	-5.560000	-0.228000	-0.070000	0.000000	29970	30187	29444	24886	24965	25000
712	12.299112	0.033175	-0.300000	1.870000	-5.560000	-0.214000	-0.052000	0.002000	29970	30187	29444	24893	24974	25001
713	12.299201	0.000089	-0.730000	2.360000	-4.960000	-0.214000	-0.052000	0.002000	29927	30236	29504	24893	24974	25001
714	12.332221	0.033020	-0.730000	2.360000	-4.960000	-0.240000	-0.068000	0.006000	29927	30236	29504	24880	24966	25003
715	12.332302	0.000081	-0.420000	2.040000	-4.170000	-0.240000	-0.068000	0.006000	29958	30204	29583	24880	24966	25003
716	12.365447	0.033145	-0.420000	2.040000	-4.170000	-0.228000	-0.050000	0.010000	29958	30204	29583	24886	24975	25005
717	12.365557	0.000109	-0.420000	2.040000	-4.170000	-0.174000	-0.086000	-0.014000	29958	30204	29583	24913	24957	24993
718	12.365580	0.000023	-0.880000	1.880000	-5.270000	-0.174000	-0.086000	-0.014000	29912	30188	29473	24913	24957	24993
719	12.396158	0.030579	-0.360000	2.240000	-4.700000	-0.174000	-0.086000	-0.014000	29964	30224	29530	24913	24957	24993
720	12.422713	0.026554	-0.360000	2.240000	-4.700000	-0.226000	-0.054000	0.006000	29964	30224	29530	24887	24973	25003
721	12.422777	0.000064	-0.430000	1.930000	-3.610000	-0.226000	-0.054000	0.006000	29957	30193	29639	24887	24973	25003
722	12.453022	0.030246	-0.430000	1.930000	-3.610000	-0.236000	-0.084000	0.008000	29957	30193	29639	24882	24958	25004
723	12.453098	0.000076	-0.770000	1.670000	-4.730000	-0.236000	-0.084000	0.008000	29923	30167	29527	24882	24958	25004
724	12.485825	0.032727	-0.770000	1.670000	-4.730000	-0.188000	-0.084000	0.004000	29923	30167	29527	24906	24958	25002
725	12.485912	0.000087	-1.180000	1.360000	-4.940000	-0.188000	-0.084000	0.004000	29882	30136	29506	24906	24958	25002
726	12.512029	0.026117	-1.240000	1.390000	-4.940000	-0.188000	-0.084000	0.004000	29876	30139	29506	24906	24958	25002
727	12.539074	0.027045	-1.140000	1.020000	-5.000000	-0.188000	-0.084000	0.004000	29886	30102	29500	24906	24958	25002
728	12.566287	0.027213	-1.140000	1.020000	-5.000000	-0.138000	-0.112000	0.008000	29886	30102	29500	24931	24944	25004
729	12.566375	0.000087	-1.190000	1.470000	-4.410000	-0.138000	-0.112000	0.008000	29881	30147	29559	24931	24944	25004
730	12.596506	0.030131	-1.190000	1.470000	-4.410000	-0.176000	-0.118000	0.012000	29881	30147	29559	24912	24941	25006
731	12.596595	0.000089	-0.660000	1.980000	-4.680000	-0.176000	-0.118000	0.012000	29934	30198	29532	24912	24941	25006
732	12.629734	0.033138	-0.660000	1.980000	-4.680000	-0.222000	-0.088000	0.014000	29934	30198	29532	24889	24956	25007
733	12.629821	0.000088	-0.410000	2.000000	-4.430000	-0.222000	-0.088000	0.014000	29959	30200	29557	24889	24956	25007
734	12.658254	0.028432	-0.410000	2.000000	-4.430000	-0.210000	-0.054000	0.022000	29959	30200	29557	24895	24973	25011
735	12.658334	0.000080	-0.530000	2.440000	-5.260000	-0.210000	-0.054000	0.022000	29947	30244	29474	24895	24973	25011
736	12.684693	0.026359	-0.530000	2.440000	-5.260000	-0.238000	-0.046000	0.006000	29947	30244	29474	24881	24977	25003
737	12.684774	0.000081	-0.460000	2.490000	-5.260000	-0.238000	-0.046000	0.006000	29954	30249	29474	24881	24977	25003
738	12.716251	0.031478	-0.200000	1.750000	-4.740000	-0.238000	-0.046000	0.006000	29980	30175	29526	24881	24977	25003
739	12.750168	0.033916	-0.200000	2.010000	-4.710000	-0.238000	-0.046000	0.006000	29980	30201	29529	24881	24977	25003
740	12.784156	0.033988	-0.200000	2.010000	-4.710000	-0.206000	-0.032000	0.000000	29980	30201	29529	24897	24984	25000
741	12.784249	0.000093	-0.910000	1.850000	-4.940000	-0.206000	-0.032000	0.000000	29909	30185	29506	24897	24984	25000
742	12.811609	0.027361	-0.850000	1.610000	-5.010000	-0.206000	-0.032000	0.000000	29915	30161	29499	24897	24984	25000
743	12.841099	0.029489	-0.920000	1.910000	-4.690000	-0.206000	-0.032000	0.000000	29908	30191	29531	24897	24984	25000
744	12.871290	0.030191	-0.920000	1.910000	-4.690000	-0.218000	-0.098000	0.004000	29908	30191	29531	24891	24951	25002
745	12.871442	0.000152	-1.120000	1.610000	-4.980000	-0.218000	-0.098000	0.004000	29888	30161	29502	24891	24951	25002
746	12.902778	0.031337	-0.340000	2.040000	-5.520000	-0.218000	-0.098000	0.004000	29966	30204	29448	24891	24951	25002
747	12.933851	0.031073	-0.530000	1.690000	-3.630000	-0.218000	-0.098000	0.004000	29947	30169	29637	24891	24951	25002
748	12.960308	0.026457	-0.530000	1.690000	-3.630000	-0.186000	-0.060000	0.008000	29947	30169	29637	24907	24970	25004
749	12.960390	0.000082	-0.350000	2.040000	-5.010000	-0.186000	-0.060000	0.008000	29965	30204	29499	24907	24970	25004
750	12.992478	0.032087	-0.350000	2.040000	-5.010000	-0.220000	-0.052000	0.008000	29965	30204	29499	24890	24974	25004
751	12.992630	0.000152	-0.580000	1.690000	-4.430000	-0.220000	-0.052000	0.008000	29942	30169	29557	24890	24974	25004
752	13.021900	0.029271	-0.580000	1.690000	-4.430000	-0.196000	-0.082000	0.010000	29942	30169	29557	24902	24959	25005
753	13.021974	0.000073	-0.960000	1.850000	-4.710000	-0.196000	-0.082000	0.010000	29904	30185	29529	24902	24959	25005
754	13.048333	0.026359	-0.960000	1.850000	-4.710000	-0.210000	-0.092000	0.014000	29904	30185	29529	24895	24954	25007
755	13.048441	0.000108	-0.910000	1.850000	-5.530000	-0.210000	-0.092000	0.014000	29909	30185	29447	24895	24954	25007
756	13.079287	0.030846	-0.910000	1.850000	-5.530000	-0.202000	-0.088000	0.006000	29909	30185	29447	24899	24956	25003
757	13.079401	0.000114	-1.200000	1.860000	-5.250000	-0.202000	-0.088000	0.006000	29880	30186	29475	24899	24956	25003
758	13.112034	0.032633	-1.200000	1.860000	-5.250000	-0.204000	-0.118000	0.010000	29880	30186	29475	24898	24941	25005
759	13.112128	0.000094	-0.450000	1.980000	-4.700000	-0.204000	-0.118000	0.010000	29955	30198	29530	24898	24941	25005
760	13.138089	0.025961	-0.450000	1.980000	-4.700000	-0.208000	-0.062000	0.006000	29955	30198	29530	24896	24969	25003
761	13.138158	0.000069	-0.430000	2.120000	-4.410000	-0.208000	-0.062000	0.006000	29957	30212	29559	24896	24969	25003
762	13.163797	0.025639	-0.430000	2.120000	-4.410000	-0.222000	-0.054000	0.010000	29957	30212	29559	24889	24973	25005
763	13.163863	0.000066	-1.140000	1.360000	-4.960000	-0.222000	-0.054000	0.010000	29886	30136	29504	24889	24973	25005
764	13.193280	0.029417	-1.140000	1.360000	-4.960000	-0.152000	-0.130000	0.012000	29886	30136	29504	24924	24935	25006
765	13.193368	0.000089	-0.850000	1.500000	-4.170000	-0.152000	-0.130000	0.012000	29915	30150	29583	24924	24935	25006
766	13.224848	0.031480	-0.580000	1.390000	-4.160000	-0.152000	-0.130000	0.012000	29942	30139	29584	24924	24935	25006
767	13.256445	0.031596	-0.580000	1.390000	-4.160000	-0.182000	-0.082000	0.004000	29942	30139	29584	24909	24959	25002
768	13.256530	0.000086	-1.070000	1.880000	-4.720000	-0.182000	-0.082000	0.004000	29893	30188	29528	24909	24959	25002
769	13.288633	0.032103	-0.320000	2.650000	-4.970000	-0.182000	-0.082000	0.004000	29968	30265	29503	24909	24959	25002
770	13.320789	0.032156	-0.320000	2.650000	-4.970000	-0.252000	-0.048000	0.008000	29968	30265	29503	24874	24976	25004
771	13.320877	0.000088	-0.320000	2.650000	-4.970000	-0.182000	-0.092000	0.004000	29968	30265	29503	24909	24954	25002
772	13.320906	0.000028	-0.980000	1.670000	-4.440000	-0.182000	-0.092000	0.004000	29902	30167	29556	24909	24954	25002
773	13.352304	0.031398	-0.810000	1.880000	-4.700000	-0.182000	-0.092000	0.004000	29919	30188	29530	24909	24954	25002
774	13.383717	0.031413	-0.810000	1.880000	-4.700000	-0.206000	-0.088000	0.004000	29919	30188	29530	24897	24956	25002
775	13.383793	0.000076	-1.000000	1.810000	-5.250000	-0.206000	-0.088000	0.004000	29900	30181	29475	24897	24956	25002
776	13.416887	0.033095	-1.000000	1.810000	-5.250000	-0.224000	-0.100000	-0.008000	29900	30181	29475	24888	24950	24996
777	13.417032	0.000145	-1.670000	1.380000	-5.220000	-0.224000	-0.100000	-0.008000	29833	30138	29478	24888	24950	24996
778	13.448549	0.031517	-0.720000	2.150000	-5.520000	-0.224000	-0.100000	-0.008000	29928	30215	29448	24888	24950	24996
779	13.475946	0.027397	-0.650000	1.750000	-4.680000	-0.224000	-0.100000	-0.008000	29935	30175	29532	24888	24950	24996
780	13.502206	0.026260	-0.650000	1.750000	-4.680000	-0.190000	-0.076000	0.008000	29935	30175	29532	24905	24962	25004
781	13.502271	0.000065	-1.190000	1.800000	-4.160000	-0.190000	-0.076000	0.008000	29881	30180	29584	24905	24962	25004
782	13.531344	0.029073	-1.190000	1.800000	-4.160000	-0.196000	-0.108000	0.012000	29881	30180	29584	24902	24946	25006
783	13.531442	0.000099	-0.590000	2.100000	-4.690000	-0.196000	-0.108000	0.012000	29941	30210	29531	24902	24946	25006
784	13.559021	0.027579	-0.590000	2.100000	-4.690000	-0.216000	-0.058000	0.006000	29941	30210	29531	24892	24971	25003
785	13.559171	0.000150	-0.400000	1.590000	-4.440000	-0.216000	-0.058000	0.006000	29960	30159	29556	24892	24971	25003
786	13.590596	0.031425	-0.400000	1.590000	-4.440000	-0.190000	-0.058000	0.000000	29960	30159	29556	24905	24971	25000
787	13.590684	0.000088	0.210000	0.550000	0.040000	-0.190000	-0.058000	0.000000	30021	30055	30004	24905	24971	25000
788	13.623250	0.032565	0.210000	0.550000	0.040000	-0.032000	0.022000	-0.002000	30021	30055	30004	24984	25011	24999
789	13.623326	0.000077	0.210000	0.510000	0.030000	-0.032000	0.022000	-0.002000	30021	30051	30003	24984	25011	24999
790	13.655488	0.032162	0.210000	0.510000	0.030000	-0.024000	0.024000	-0.004000	30021	30051	30003	24988	25012	24998
791	13.655570	0.000081	-0.170000	0.200000	0.040000	-0.024000	0.024000	-0.004000	29983	30020	30004	24988	25012	24998
792	13.681877	0.026308	-0.170000	0.200000	0.040000	0.024000	0.004000	0.002000	29983	30020	30004	25012	25002	25001
793	13.681943	0.000066	-0.290000	-0.200000	0.010000	0.024000	0.004000	0.002000	29971	29980	30001	25012	25002	25001
794	13.714200	0.032257	-0.290000	-0.200000	0.010000	0.044000	-0.018000	-0.006000	29971	29980	30001	25022	24991	24997
795	13.714286	0.000087	-0.050000	-0.310000	0.030000	0.044000	-0.018000	-0.006000	29995	29969	30003	25022	24991	24997
796	13.746522	0.032236	-0.050000	-0.310000	0.030000	0.036000	-0.016000	0.010000	29995	29969	30003	25018	24992	25005
797	13.746602	0.000080	-0.060000	-0.590000	0.010000	0.036000	-0.016000	0.010000	29994	29941	30001	25018	24992	25005
798	13.778468	0.031866	-0.060000	-0.590000	0.010000	0.056000	-0.006000	0.008000	29994	29941	30001	25028	24997	25004
799	13.778565	0.000097	-0.010000	-0.430000	0.020000	0.056000	-0.006000	0.008000	29999	29957	30002	25028	24997	25004
800	13.810998	0.032433	-0.010000	-0.430000	0.020000	0.048000	0.004000	0.010000	29999	29957	30002	25024	25002	25005
801	13.811105	0.000108	-0.180000	-0.180000	0.310000	0.048000	0.004000	0.010000	29982	29982	30031	25024	25002	25005
802	13.840470	0.029365	-0.180000	-0.180000	0.310000	0.026000	-0.002000	0.000000	29982	29982	30031	25013	24999	25000
803	13.840543	0.000073	0.030000	0.100000	0.320000	0.026000	-0.002000	0.000000	30003	30010	30032	25013	24999	25000
804	13.867851	0.027308	0.030000	0.100000	0.320000	-0.006000	0.004000	-0.002000	30003	30010	30032	24997	25002	24999
805	13.867924	0.000073	0.060000	0.180000	0.320000	-0.006000	0.004000	-0.002000	30006	30018	30032	24997	25002	24999
806	13.897893	0.029970	0.060000	0.180000	0.320000	-0.010000	0.010000	0.000000	30006	30018	30032	24995	25005	25000
807	13.897980	0.000087	0.360000	0.170000	0.270000	-0.010000	0.010000	0.000000	30036	30017	30027	24995	25005	25000
808	13.929152	0.031172	0.360000	0.170000	0.270000	0.000000	0.038000	0.002000	30036	30017	30027	25000	25019	25001
809	13.929237	0.000085	0.330000	0.410000	-0.280000	0.000000	0.038000	0.002000	30033	30041	29972	25000	25019	25001
810	13.957213	0.027976	0.330000	0.410000	-0.280000	-0.024000	0.024000	-0.002000	30033	30041	29972	24988	25012	24999
811	13.957284	0.000071	0.230000	0.080000	-0.310000	-0.024000	0.024000	-0.002000	30023	30008	29969	24988	25012	24999
812	13.989706	0.032422	0.230000	0.080000	-0.310000	-0.010000	0.006000	-0.008000	30023	30008	29969	24995	25003	24996
813	13.989805	0.000099	0.160000	0.340000	-0.310000	-0.010000	0.006000	-0.008000	30016	30034	29969	24995	25003	24996
814	14.020531	0.030726	0.160000	0.340000	-0.310000	-0.028000	0.008000	-0.016000	30016	30034	29969	24986	25004	24992
815	14.020636	0.000105	-0.310000	0.150000	-0.310000	-0.028000	0.008000	-0.016000	29969	30015	29969	24986	25004	24992
816	14.052591	0.031954	-0.310000	0.150000	-0.310000	-0.002000	-0.016000	0.000000	29969	30015	29969	24999	24992	25000
817	14.052682	0.000091	-0.230000	0.390000	-0.290000	-0.002000	-0.016000	0.000000	29977	30039	29971	24999	24992	25000
818	14.084333	0.031651	-0.230000	0.390000	-0.290000	-0.014000	-0.004000	0.006000	29977	30039	29971	24993	24998	25003
819	14.084409	0.000076	-0.420000	-0.050000	-0.240000	-0.014000	-0.004000	0.006000	29958	29995	29976	24993	24998	25003
820	14.116659	0.032250	-0.420000	-0.050000	-0.240000	0.018000	-0.030000	0.012000	29958	29995	29976	25009	24985	25006
821	14.116753	0.000094	0.170000	-0.130000	-0.780000	0.018000	-0.030000	0.012000	30017	29987	29922	25009	24985	25006
822	14.149057	0.032304	0.170000	-0.130000	-0.780000	0.036000	0.016000	-0.002000	30017	29987	29922	25018	25008	24999
823	14.149146	0.000089	0.120000	-0.290000	-0.790000	0.036000	0.016000	-0.002000	30012	29971	29921	25018	25008	24999
824	14.182401	0.033255	0.120000	-0.290000	-0.790000	0.044000	0.008000	-0.006000	30012	29971	29921	25022	25004	24997
825	14.182515	0.000114	0.180000	-0.320000	-0.800000	0.044000	0.008000	-0.006000	30018	29968	29920	25022	25004	24997
826	14.215323	0.032808	0.180000	-0.320000	-0.800000	0.048000	0.012000	-0.004000	30018	29968	29920	25024	25006	24998
827	14.215402	0.000079	-0.060000	-0.100000	-0.540000	0.048000	0.012000	-0.004000	29994	29990	29946	25024	25006	24998
828	14.248851	0.033449	-0.060000	-0.100000	-0.540000	0.008000	-0.012000	0.002000	29994	29990	29946	25004	24994	25001
829	14.248935	0.000084	-0.060000	-0.100000	-0.540000	0.008000	-0.012000	0.002000	29994	29990	29946	25004	24994	25001
830	14.281308	0.032373	-0.060000	-0.100000	-0.540000	0.008000	-0.012000	0.002000	29994	29990	29946	25004	24994	25001
831	14.281398	0.000090	0.100000	0.230000	-0.520000	0.008000	-0.012000	0.002000	30010	30023	29948	25004	24994	25001
832	14.315387	0.033989	0.160000	0.200000	0.310000	0.008000	-0.012000	0.002000	30016	30020	30031	25004	24994	25001
833	14.346440	0.031053	0.040000	-0.020000	0.010000	0.008000	-0.012000	0.002000	30004	29998	30001	25004	24994	25001
834	14.378441	0.032001	0.040000	-0.020000	0.010000	0.006000	-0.002000	-0.002000	30004	29998	30001	25003	24999	24999
835	14.378519	0.000079	-0.110000	0.240000	-0.020000	0.006000	-0.002000	-0.002000	29989	30024	29998	25003	24999	24999
836	14.408801	0.030282	-0.110000	0.240000	-0.020000	-0.020000	-0.008000	-0.016000	29989	30024	29998	24990	24996	24992
837	14.408876	0.000075	0.610000	0.030000	0.600000	-0.020000	-0.008000	-0.016000	30061	30003	30060	24990	24996	24992
838	14.440621	0.031745	0.090000	0.210000	0.620000	-0.020000	-0.008000	-0.016000	30009	30021	30062	24990	24996	24992
839	14.467254	0.026632	0.090000	0.210000	0.620000	-0.012000	-0.002000	-0.008000	30009	30021	30062	24994	24999	24996
840	14.467319	0.000065	0.090000	0.210000	0.620000	-0.082000	0.026000	-0.002000	30009	30021	30062	24959	25013	24999
841	14.467344	0.000026	0.310000	0.840000	0.000000	-0.082000	0.026000	-0.002000	30031	30084	30000	24959	25013	24999
842	14.497355	0.030011	0.200000	0.260000	-0.030000	-0.082000	0.026000	-0.002000	30020	30026	29997	24959	25013	24999
843	14.528654	0.031299	0.200000	0.260000	-0.030000	-0.032000	0.002000	-0.008000	30020	30026	29997	24984	25001	24996
844	14.528756	0.000101	0.370000	0.310000	0.540000	-0.032000	0.002000	-0.008000	30037	30031	30054	24984	25001	24996
845	14.556401	0.027646	0.080000	0.150000	0.280000	-0.032000	0.002000	-0.008000	30008	30015	30028	24984	25001	24996
846	14.584862	0.028461	0.090000	0.330000	-0.290000	-0.032000	0.002000	-0.008000	30009	30033	29971	24984	25001	24996
847	14.612183	0.027321	0.090000	0.330000	-0.290000	-0.020000	0.014000	0.004000	30009	30033	29971	24990	25007	25002
848	14.612282	0.000098	0.110000	0.400000	0.050000	-0.020000	0.014000	0.004000	30011	30040	30005	24990	25007	25002
849	14.643263	0.030982	0.180000	0.240000	0.070000	-0.020000	0.014000	0.004000	30018	30024	30007	24990	25007	25002
850	14.675137	0.031874	0.210000	0.680000	0.020000	-0.020000	0.014000	0.004000	30021	30068	30002	24990	25007	25002
851	14.704464	0.029327	0.210000	0.680000	0.020000	-0.026000	0.028000	-0.002000	30021	30068	30002	24987	25014	24999
852	14.704545	0.000080	0.210000	0.680000	0.020000	0.030000	-0.024000	0.002000	30021	30068	30002	25015	24988	25001
853	14.704568	0.000023	-0.260000	-0.030000	-0.020000	0.030000	-0.024000	0.002000	29974	29997	29998	25015	24988	25001
854	14.731708	0.027140	0.110000	-0.270000	0.820000	0.030000	-0.024000	0.002000	30011	29973	30082	25015	24988	25001
855	14.757997	0.026290	0.110000	-0.270000	0.820000	0.028000	0.018000	-0.004000	30011	29973	30082	25014	25009	24998
856	14.758073	0.000075	0.360000	-0.060000	-0.280000	0.028000	0.018000	-0.004000	30036	29994	29972	25014	25009	24998
857	14.783835	0.025763	0.360000	-0.060000	-0.280000	-0.010000	0.018000	-0.008000	30036	29994	29972	24995	25009	24996
858	14.783891	0.000055	0.540000	-0.200000	0.550000	-0.010000	0.018000	-0.008000	30054	29980	30055	24995	25009	24996
859	14.810133	0.026242	0.390000	0.310000	0.030000	-0.010000	0.018000	-0.008000	30039	30031	30003	24995	25009	24996
860	14.836513	0.026380	0.190000	0.240000	0.250000	-0.010000	0.018000	-0.008000	30019	30024	30025	24995	25009	24996
861	14.861894	0.025381	0.230000	0.190000	0.560000	-0.010000	0.018000	-0.008000	30023	30019	30056	24995	25009	24996
862	14.886966	0.025072	0.230000	0.190000	0.560000	-0.030000	0.020000	-0.008000	30023	30019	30056	24985	25010	24996
863	14.887041	0.000075	-0.420000	-0.110000	-0.190000	-0.030000	0.020000	-0.008000	29958	29989	29981	24985	25010	24996
864	14.915279	0.028238	0.380000	0.350000	-0.010000	-0.030000	0.020000	-0.008000	30038	30035	29999	24985	25010	24996
865	14.945198	0.029919	0.540000	0.200000	0.290000	-0.030000	0.020000	-0.008000	30054	30020	30029	24985	25010	24996
866	14.977839	0.032641	-0.210000	-0.130000	-0.260000	-0.030000	0.020000	-0.008000	29979	29987	29974	24985	25010	24996
867	15.007256	0.029417	-0.210000	-0.130000	-0.260000	0.000000	-0.030000	0.004000	29979	29987	29974	25000	24985	25002
868	15.007328	0.000073	0.270000	0.550000	0.010000	0.000000	-0.030000	0.004000	30027	30055	30001	25000	24985	25002
869	15.034822	0.027493	0.270000	0.550000	0.010000	-0.054000	0.018000	0.004000	30027	30055	30001	24973	25009	25002
870	15.034888	0.000066	0.110000	0.010000	-0.010000	-0.054000	0.018000	0.004000	30011	30001	29999	24973	25009	25002
871	15.060816	0.025928	0.110000	0.010000	-0.010000	-0.012000	0.008000	-0.002000	30011	30001	29999	24994	25004	24999
872	15.060885	0.000069	0.100000	0.480000	-0.550000	-0.012000	0.008000	-0.002000	30010	30048	29945	24994	25004	24999
873	15.087897	0.027012	0.410000	-0.330000	-0.260000	-0.012000	0.008000	-0.002000	30041	29967	29974	24994	25004	24999
874	15.121263	0.033366	0.410000	-0.330000	-0.260000	0.012000	0.006000	0.002000	30041	29967	29974	25006	25003	25001
875	15.121348	0.000085	0.000000	0.170000	0.020000	0.012000	0.006000	0.002000	30000	30017	30002	25006	25003	25001
876	15.147852	0.026504	0.040000	0.230000	-0.010000	0.012000	0.006000	0.002000	30004	30023	29999	25006	25003	25001
877	15.179130	0.031278	0.040000	0.230000	-0.010000	-0.006000	0.012000	0.006000	30004	30023	29999	24997	25006	25003
878	15.179213	0.000083	-0.100000	-0.030000	0.240000	-0.006000	0.012000	0.006000	29990	29997	30024	24997	25006	25003
879	15.212160	0.032947	-0.720000	-0.070000	-0.220000	-0.006000	0.012000	0.006000	29928	29993	29978	24997	25006	25003
880	15.238935	0.026775	-0.470000	-0.580000	0.000000	-0.006000	0.012000	0.006000	29953	29942	30000	24997	25006	25003
881	15.269860	0.030925	-0.470000	-0.580000	0.000000	0.046000	-0.054000	0.004000	29953	29942	30000	25023	24973	25002
882	15.269946	0.000086	-0.210000	-0.260000	0.020000	0.046000	-0.054000	0.004000	29979	29974	30002	25023	24973	25002
883	15.301753	0.031807	-0.030000	0.560000	0.010000	0.046000	-0.054000	0.004000	29997	30056	30001	25023	24973	25002
884	15.332123	0.030370	-0.030000	0.560000	0.010000	0.020000	0.014000	-0.006000	29997	30056	30001	25010	25007	24997
885	15.332197	0.000075	-0.080000	-0.190000	0.020000	0.020000	0.014000	-0.006000	29992	29981	30002	25010	25007	24997
886	15.372714	0.040517	0.500000	0.590000	0.310000	0.020000	0.014000	-0.006000	30050	30059	30031	25010	25007	24997
887	15.404639	0.031925	0.050000	0.690000	0.000000	0.020000	0.014000	-0.006000	30005	30069	30000	25010	25007	24997
888	15.430661	0.026022	0.050000	0.690000	0.000000	-0.060000	0.020000	0.004000	30005	30069	30000	24970	25010	25002
889	15.430723	0.000062	0.120000	0.180000	0.280000	-0.060000	0.020000	0.004000	30012	30018	30028	24970	25010	25002
890	15.459165	0.028442	0.060000	0.270000	-0.240000	-0.060000	0.020000	0.004000	30006	30027	29976	24970	25010	25002
891	15.485964	0.026799	0.060000	0.270000	-0.240000	-0.010000	0.004000	0.008000	30006	30027	29976	24995	25002	25004
892	15.486044	0.000080	0.060000	0.270000	-0.240000	0.004000	-0.014000	0.014000	30006	30027	29976	25002	24993	25007
893	15.486068	0.000024	-0.230000	-0.090000	0.280000	0.004000	-0.014000	0.014000	29977	29991	30028	25002	24993	25007
894	15.511439	0.025371	-0.900000	-0.390000	0.050000	0.004000	-0.014000	0.014000	29910	29961	30005	25002	24993	25007
895	15.538460	0.027021	0.020000	0.030000	0.870000	0.004000	-0.014000	0.014000	30002	30003	30087	25002	24993	25007
896	15.568412	0.029952	0.040000	0.900000	0.000000	0.004000	-0.014000	0.014000	30004	30090	30000	25002	24993	25007
897	15.599168	0.030756	0.040000	0.900000	0.000000	-0.044000	0.020000	0.014000	30004	30090	30000	24978	25010	25007
898	15.599279	0.000111	0.070000	0.240000	0.020000	-0.044000	0.020000	0.014000	30007	30024	30002	24978	25010	25007
899	15.631665	0.032385	0.070000	0.240000	0.020000	-0.016000	0.008000	0.004000	30007	30024	30002	24992	25004	25002
900	15.631747	0.000082	0.520000	0.340000	0.010000	-0.016000	0.008000	0.004000	30052	30034	30001	24992	25004	25002
901	15.667065	0.035318	0.150000	0.340000	-0.550000	-0.016000	0.008000	0.004000	30015	30034	29945	24992	25004	25002
902	15.697787	0.030722	0.340000	0.500000	-0.280000	-0.016000	0.008000	0.004000	30034	30050	29972	24992	25004	25002
903	15.727861	0.030074	0.340000	0.500000	-0.280000	-0.040000	0.018000	-0.006000	30034	30050	29972	24980	25009	24997
904	15.727946	0.000084	0.150000	0.030000	0.030000	-0.040000	0.018000	-0.006000	30015	30003	30003	24980	25009	24997
905	15.760594	0.032648	0.150000	0.030000	0.030000	-0.010000	0.000000	0.004000	30015	30003	30003	24995	25000	25002
906	15.760679	0.000085	-0.060000	-0.250000	0.050000	-0.010000	0.000000	0.004000	29994	29975	30005	24995	25000	25002
907	15.792706	0.032027	0.200000	0.220000	-0.010000	-0.010000	0.000000	0.004000	30020	30022	29999	24995	25000	25002
908	15.826051	0.033345	-0.150000	-0.250000	-1.090000	-0.010000	0.000000	0.004000	29985	29975	29891	24995	25000	25002
909	15.852193	0.026142	-0.150000	-0.250000	-1.090000	0.042000	-0.014000	0.012000	29985	29975	29891	25021	24993	25006
910	15.852254	0.000061	-0.050000	-0.130000	-0.260000	0.042000	-0.014000	0.012000	29995	29987	29974	25021	24993	25006
911	15.877653	0.025399	0.390000	-0.240000	0.270000	0.042000	-0.014000	0.012000	30039	29976	30027	25021	24993	25006
912	15.904647	0.026995	0.350000	-0.120000	0.000000	0.042000	-0.014000	0.012000	30035	29988	30000	25021	24993	25006
913	15.933765	0.029118	0.350000	-0.120000	0.000000	0.008000	0.028000	0.004000	30035	29988	30000	25004	25014	25002
914	15.933846	0.000081	0.070000	-0.070000	-0.050000	0.008000	0.028000	0.004000	30007	29993	29995	25004	25014	25002
915	15.965542	0.031696	0.070000	-0.070000	-0.050000	-0.016000	-0.004000	0.002000	30007	29993	29995	24992	24998	25001
916	15.965610	0.000068	0.130000	-0.270000	-0.510000	-0.016000	-0.004000	0.002000	30013	29973	29949	24992	24998	25001
917	15.995730	0.030120	0.130000	-0.270000	-0.510000	0.040000	0.016000	0.000000	30013	29973	29949	25020	25008	25000
918	15.995845	0.000115	-0.210000	-0.590000	0.010000	0.040000	0.016000	0.000000	29979	29941	30001	25020	25008	25000
919	16.027591	0.031746	-0.210000	-0.590000	0.010000	0.036000	-0.040000	-0.004000	29979	29941	30001	25018	24980	24998
920	16.027662	0.000071	-0.010000	-0.280000	0.300000	0.036000	-0.040000	-0.004000	29999	29972	30030	25018	24980	24998
921	16.059394	0.031732	-0.010000	-0.280000	0.300000	0.018000	-0.008000	0.010000	29999	29972	30030	25009	24996	25005
922	16.059475	0.000082	-0.060000	0.060000	0.010000	0.018000	-0.008000	0.010000	29994	30006	30001	25009	24996	25005
923	16.091448	0.031973	-0.060000	0.060000	0.010000	0.014000	0.008000	-0.004000	29994	30006	30001	25007	25004	24998
924	16.091543	0.000095	-0.060000	0.060000	0.010000	-0.038000	-0.016000	0.020000	29994	30006	30001	24981	24992	25010
925	16.091572	0.000029	-0.290000	0.260000	-0.510000	-0.038000	-0.016000	0.020000	29971	30026	29949	24981	24992	25010
926	16.123148	0.031576	-0.360000	-0.380000	-0.570000	-0.038000	-0.016000	0.020000	29964	29962	29943	24981	24992	25010
927	16.156029	0.032882	-0.360000	-0.380000	-0.570000	0.020000	-0.036000	-0.014000	29964	29962	29943	25010	24982	24993
928	16.156106	0.000076	-0.020000	0.020000	1.420000	0.020000	-0.036000	-0.014000	29998	30002	30142	25010	24982	24993
929	16.188547	0.032441	-0.020000	0.020000	1.420000	0.020000	0.014000	0.000000	29998	30002	30142	25010	25007	25000
930	16.188632	0.000085	0.280000	0.510000	-0.010000	0.020000	0.014000	0.000000	30028	30051	29999	25010	25007	25000
931	16.216057	0.027425	0.320000	0.360000	0.030000	0.020000	0.014000	0.000000	30032	30036	30003	25010	25007	25000
932	16.242101	0.026043	0.430000	0.230000	0.000000	0.020000	0.014000	0.000000	30043	30023	30000	25010	25007	25000
933	16.268748	0.026648	0.430000	0.230000	0.000000	-0.018000	0.026000	0.004000	30043	30023	30000	24991	25013	25002
934	16.268816	0.000068	0.110000	0.320000	-0.530000	-0.018000	0.026000	0.004000	30011	30032	29947	24991	25013	25002
935	16.300788	0.031971	0.110000	0.320000	-0.530000	-0.010000	0.010000	-0.004000	30011	30032	29947	24995	25005	24998
936	16.301023	0.000236	-0.020000	-0.230000	0.310000	-0.010000	0.010000	-0.004000	29998	29977	30031	24995	25005	24998
937	16.337694	0.036670	0.360000	0.260000	0.550000	-0.010000	0.010000	-0.004000	30036	30026	30055	24995	25005	24998
938	16.364859	0.027166	0.360000	0.260000	0.550000	0.032000	-0.018000	0.016000	30036	30026	30055	25016	24991	25008
939	16.364969	0.000109	0.270000	-0.030000	0.040000	0.032000	-0.018000	0.016000	30027	29997	30004	25016	24991	25008
940	16.391564	0.026595	0.270000	-0.030000	0.040000	0.036000	-0.006000	0.004000	30027	29997	30004	25018	24997	25002
941	16.391762	0.000197	-0.430000	0.010000	0.040000	0.036000	-0.006000	0.004000	29957	30001	30004	25018	24997	25002
942	16.423468	0.031706	-0.100000	-0.090000	-0.010000	0.036000	-0.006000	0.004000	29990	29991	29999	25018	24997	25002
943	16.454167	0.030700	-0.100000	-0.090000	-0.010000	0.000000	-0.014000	-0.004000	29990	29991	29999	25000	24993	24998
944	16.454242	0.000075	-0.230000	-0.160000	-0.260000	0.000000	-0.014000	-0.004000	29977	29984	29974	25000	24993	24998
945	16.484179	0.029937	-0.230000	-0.160000	-0.260000	0.024000	-0.014000	-0.006000	29977	29984	29974	25012	24993	24997
946	16.484239	0.000060	-0.130000	-0.200000	0.590000	0.024000	-0.014000	-0.006000	29987	29980	30059	25012	24993	24997
947	16.514190	0.029951	-0.130000	-0.200000	0.590000	0.036000	0.000000	0.004000	29987	29980	30059	25018	25000	25002
948	16.514265	0.000076	0.080000	0.080000	-0.540000	0.036000	0.000000	0.004000	30008	30008	29946	25018	25000	25002
949	16.558729	0.044464	0.080000	0.080000	-0.540000	-0.014000	0.000000	-0.004000	30008	30008	29946	24993	25000	24998
950	16.558785	0.000056	0.300000	-0.120000	0.300000	-0.014000	0.000000	-0.004000	30030	29988	30030	24993	25000	24998
951	16.587443	0.028658	0.300000	-0.120000	0.300000	0.004000	0.018000	0.000000	30030	29988	30030	25002	25009	25000
952	16.587529	0.000085	0.230000	-0.060000	0.300000	0.004000	0.018000	0.000000	30023	29994	30030	25002	25009	25000
953	16.613773	0.026244	-0.060000	0.110000	0.530000	0.004000	0.018000	0.000000	29994	30011	30053	25002	25009	25000
954	16.639645	0.025872	0.210000	0.250000	0.010000	0.004000	0.018000	0.000000	30021	30025	30001	25002	25009	25000
955	16.665926	0.026281	0.210000	0.250000	0.010000	-0.030000	0.010000	0.002000	30021	30025	30001	24985	25005	25001
956	16.665991	0.000064	0.210000	0.250000	0.010000	0.044000	-0.010000	-0.006000	30021	30025	30001	25022	24995	24997
957	16.666007	0.000017	-0.020000	-0.380000	1.150000	0.044000	-0.010000	-0.006000	29998	29962	30115	25022	24995	24997
958	16.691572	0.025565	0.320000	0.740000	-0.270000	0.044000	-0.010000	-0.006000	30032	30074	29973	25022	24995	24997
959	16.718592	0.027020	0.320000	0.740000	-0.270000	-0.072000	0.008000	0.004000	30032	30074	29973	24964	25004	25002
960	16.718673	0.000081	-0.260000	-0.320000	0.310000	-0.072000	0.008000	0.004000	29974	29968	30031	24964	25004	25002
961	16.747626	0.028952	0.340000	0.200000	-0.270000	-0.072000	0.008000	0.004000	30034	30020	29973	24964	25004	25002
962	16.776805	0.029180	0.340000	0.200000	-0.270000	-0.018000	0.012000	-0.006000	30034	30020	29973	24991	25006	24997
963	16.776889	0.000084	-0.250000	-0.160000	0.010000	-0.018000	0.012000	-0.006000	29975	29984	30001	24991	25006	24997
