sample	t_s	dt_s	Fx	Fy	Fz	Tx	Ty	Tz	raw_Fx	raw_Fy	raw_Fz	raw_Tx	raw_Ty	raw_Tz
1	0.000000	0.000000	-1.030000	0.150000	0.610000	0.000000	0.000000	0.000000	29897	30015	30061	0	0	0
2	0.200019	0.200019	-1.030000	0.150000	0.610000	0.012000	-0.006000	-0.030000	29897	30015	30061	25006	24997	24985
3	0.200146	0.000127	-0.860000	0.080000	0.510000	0.012000	-0.006000	-0.030000	29914	30008	30051	25006	24997	24985
4	0.231397	0.031251	-0.860000	0.080000	0.510000	0.010000	-0.014000	-0.020000	29914	30008	30051	25005	24993	24990
5	0.231513	0.000116	-0.870000	-0.030000	0.550000	0.010000	-0.014000	-0.020000	29913	29997	30055	25005	24993	24990
6	0.261799	0.030286	-0.870000	-0.030000	0.550000	0.012000	-0.014000	-0.024000	29913	29997	30055	25006	24993	24988
7	0.261872	0.000073	-0.760000	-0.130000	0.600000	0.012000	-0.014000	-0.024000	29924	29987	30060	25006	24993	24988
8	0.296439	0.034567	-0.760000	-0.130000	0.600000	0.016000	-0.018000	-0.016000	29924	29987	30060	25008	24991	24992
9	0.296567	0.000128	-0.830000	-0.060000	0.550000	0.016000	-0.018000	-0.016000	29917	29994	30055	25008	24991	24992
10	0.324646	0.028079	-0.830000	-0.060000	0.550000	0.018000	-0.012000	-0.018000	29917	29994	30055	25009	24994	24991
11	0.324721	0.000075	-0.910000	0.030000	0.550000	0.018000	-0.012000	-0.018000	29909	30003	30055	25009	24994	24991
12	0.355673	0.030951	-0.910000	0.030000	0.550000	0.018000	-0.014000	-0.024000	29909	30003	30055	25009	24993	24988
13	0.355789	0.000116	-1.220000	-0.010000	0.550000	0.018000	-0.014000	-0.024000	29878	29999	30055	25009	24993	24988
14	0.393897	0.038108	-1.220000	-0.010000	0.550000	0.012000	-0.010000	-0.016000	29878	29999	30055	25006	24995	24992
15	0.393972	0.000075	-1.050000	0.110000	0.550000	0.012000	-0.010000	-0.016000	29895	30011	30055	25006	24995	24992
16	0.426578	0.032606	-1.050000	0.110000	0.550000	0.018000	-0.008000	-0.030000	29895	30011	30055	25009	24996	24985
17	0.426646	0.000068	-0.760000	0.000000	0.550000	0.018000	-0.008000	-0.030000	29924	30000	30055	25009	24996	24985
18	0.461406	0.034760	-0.760000	0.000000	0.550000	0.018000	-0.008000	-0.032000	29924	30000	30055	25009	24996	24984
19	0.461473	0.000067	-0.740000	-0.050000	0.550000	0.018000	-0.008000	-0.032000	29926	29995	30055	25009	24996	24984
20	0.493949	0.032476	-0.740000	-0.050000	0.550000	0.016000	-0.012000	-0.022000	29926	29995	30055	25008	24994	24989
21	0.494019	0.000071	-0.830000	-0.130000	0.650000	0.016000	-0.012000	-0.022000	29917	29987	30065	25008	24994	24989
22	0.529027	0.035008	-0.830000	-0.130000	0.650000	0.008000	-0.014000	-0.014000	29917	29987	30065	25004	24993	24993
23	0.529102	0.000075	-1.070000	-0.060000	0.600000	0.008000	-0.014000	-0.014000	29893	29994	30060	25004	24993	24993
24	0.557098	0.027996	-1.070000	-0.060000	0.600000	0.010000	-0.012000	-0.024000	29893	29994	30060	25005	24994	24988
25	0.557178	0.000080	-1.100000	0.020000	0.550000	0.010000	-0.012000	-0.024000	29890	30002	30055	25005	24994	24988
26	0.601574	0.044396	-1.100000	0.020000	0.550000	0.014000	-0.008000	-0.026000	29890	30002	30055	25007	24996	24987
27	0.601683	0.000109	-1.070000	0.010000	0.600000	0.014000	-0.008000	-0.026000	29893	30001	30060	25007	24996	24987
28	0.634117	0.032434	-1.070000	0.010000	0.600000	0.016000	-0.010000	-0.024000	29893	30001	30060	25008	24995	24988
29	0.634268	0.000151	-0.960000	-0.090000	0.600000	0.016000	-0.010000	-0.024000	29904	29991	30060	25008	24995	24988
30	0.669065	0.034797	-0.960000	-0.090000	0.600000	0.018000	-0.008000	-0.020000	29904	29991	30060	25009	24996	24990
31	0.669156	0.000091	-1.020000	-0.090000	0.610000	0.018000	-0.008000	-0.020000	29898	29991	30061	25009	24996	24990
32	0.706557	0.037401	-1.020000	-0.090000	0.610000	0.018000	-0.006000	-0.026000	29898	29991	30061	25009	24997	24987
33	0.706637	0.000080	-1.000000	-0.120000	0.600000	0.018000	-0.006000	-0.026000	29900	29988	30060	25009	24997	24987
34	0.735424	0.028787	-1.000000	-0.120000	0.600000	0.008000	-0.010000	-0.024000	29900	29988	30060	25004	24995	24988
35	0.735510	0.000086	-0.950000	0.050000	0.650000	0.008000	-0.010000	-0.024000	29905	30005	30065	25004	24995	24988
36	0.764985	0.029475	-0.950000	0.050000	0.650000	0.014000	-0.012000	-0.028000	29905	30005	30065	25007	24994	24986
37	0.765079	0.000093	-0.860000	-0.050000	0.700000	0.014000	-0.012000	-0.028000	29914	29995	30070	25007	24994	24986
38	0.800404	0.035325	-0.860000	-0.050000	0.700000	0.018000	-0.012000	-0.028000	29914	29995	30070	25009	24994	24986
39	0.800474	0.000070	-0.740000	0.060000	0.600000	0.018000	-0.012000	-0.028000	29926	30006	30060	25009	24994	24986
40	0.833576	0.033102	-0.740000	0.060000	0.600000	0.026000	-0.006000	-0.036000	29926	30006	30060	25013	24997	24982
41	0.833736	0.000160	-0.870000	0.000000	0.600000	0.026000	-0.006000	-0.036000	29913	30000	30060	25013	24997	24982
42	0.898497	0.064761	-0.870000	0.000000	0.600000	0.020000	-0.008000	-0.022000	29913	30000	30060	25010	24996	24989
43	0.898567	0.000070	-0.850000	0.060000	0.600000	0.020000	-0.008000	-0.022000	29915	30006	30060	25010	24996	24989
44	0.931441	0.032873	-0.850000	0.060000	0.600000	0.016000	-0.012000	-0.024000	29915	30006	30060	25008	24994	24988
45	0.931646	0.000205	-1.090000	0.130000	0.600000	0.016000	-0.012000	-0.024000	29891	30013	30060	25008	24994	24988
46	0.959599	0.027954	-1.090000	0.130000	0.600000	0.018000	-0.006000	-0.030000	29891	30013	30060	25009	24997	24985
47	0.959667	0.000068	-0.870000	0.120000	0.600000	0.018000	-0.006000	-0.030000	29913	30012	30060	25009	24997	24985
48	0.992532	0.032865	-0.870000	0.120000	0.600000	0.018000	-0.008000	-0.030000	29913	30012	30060	25009	24996	24985
49	0.992644	0.000112	-0.740000	0.160000	0.600000	0.018000	-0.008000	-0.030000	29926	30016	30060	25009	24996	24985
50	1.022536	0.029892	-0.740000	0.160000	0.600000	0.020000	-0.016000	-0.026000	29926	30016	30060	25010	24992	24987
51	1.022730	0.000193	-0.700000	0.280000	0.500000	0.020000	-0.016000	-0.026000	29930	30028	30050	25010	24992	24987
52	1.059848	0.037118	-0.700000	0.280000	0.500000	0.024000	-0.018000	-0.024000	29930	30028	30050	25012	24991	24988
53	1.059953	0.000105	-0.980000	0.080000	0.530000	0.024000	-0.018000	-0.024000	29902	30008	30053	25012	24991	24988
54	1.090258	0.030305	-0.980000	0.080000	0.530000	0.018000	-0.010000	-0.026000	29902	30008	30053	25009	24995	24987
55	1.090321	0.000063	-1.050000	-0.100000	0.560000	0.018000	-0.010000	-0.026000	29895	29990	30056	25009	24995	24987
56	1.119400	0.029079	-1.050000	-0.100000	0.560000	0.014000	-0.006000	-0.024000	29895	29990	30056	25007	24997	24988
57	1.119479	0.000079	-0.960000	-0.060000	0.500000	0.014000	-0.006000	-0.024000	29904	29994	30050	25007	24997	24988
58	1.149599	0.030120	-0.960000	-0.060000	0.500000	0.008000	-0.008000	-0.026000	29904	29994	30050	25004	24996	24987
59	1.149771	0.000172	-0.740000	0.090000	0.550000	0.008000	-0.008000	-0.026000	29926	30009	30055	25004	24996	24987
60	1.180468	0.030697	-0.740000	0.090000	0.550000	0.022000	-0.016000	-0.028000	29926	30009	30055	25011	24992	24986
61	1.180529	0.000061	-0.900000	0.050000	0.600000	0.022000	-0.016000	-0.028000	29910	30005	30060	25011	24992	24986
62	1.209631	0.029101	-0.900000	0.050000	0.600000	0.022000	-0.012000	-0.030000	29910	30005	30060	25011	24994	24985
63	1.209696	0.000065	-0.940000	-0.030000	0.650000	0.022000	-0.012000	-0.030000	29906	29997	30065	25011	24994	24985
64	1.240369	0.030672	-0.940000	-0.030000	0.650000	0.018000	-0.010000	-0.028000	29906	29997	30065	25009	24995	24986
65	1.240519	0.000150	-0.840000	0.060000	0.620000	0.018000	-0.010000	-0.028000	29916	30006	30062	25009	24995	24986
66	1.270654	0.030135	-0.840000	0.060000	0.620000	0.018000	-0.012000	-0.030000	29916	30006	30062	25009	24994	24985
67	1.270721	0.000067	-0.830000	0.090000	0.600000	0.018000	-0.012000	-0.030000	29917	30009	30060	25009	24994	24985
68	1.300520	0.029799	-0.830000	0.090000	0.600000	0.018000	-0.012000	-0.026000	29917	30009	30060	25009	24994	24987
69	1.300613	0.000093	-0.920000	0.060000	0.550000	0.018000	-0.012000	-0.026000	29908	30006	30055	25009	24994	24987
70	1.331307	0.030694	-0.920000	0.060000	0.550000	0.018000	-0.014000	-0.020000	29908	30006	30055	25009	24993	24990
71	1.331385	0.000078	-0.970000	0.080000	0.530000	0.018000	-0.014000	-0.020000	29903	30008	30053	25009	24993	24990
72	1.364825	0.033441	-0.970000	0.080000	0.530000	0.022000	-0.012000	-0.024000	29903	30008	30053	25011	24994	24988
73	1.364989	0.000163	-0.830000	0.220000	0.500000	0.022000	-0.012000	-0.024000	29917	30022	30050	25011	24994	24988
74	1.399647	0.034658	-0.830000	0.220000	0.500000	0.020000	-0.016000	-0.026000	29917	30022	30050	25010	24992	24987
75	1.399711	0.000064	-0.780000	0.120000	0.550000	0.020000	-0.016000	-0.026000	29922	30012	30055	25010	24992	24987
76	1.427170	0.027459	-0.780000	0.120000	0.550000	0.018000	-0.012000	-0.028000	29922	30012	30055	25009	24994	24986
77	1.427234	0.000064	-0.920000	0.090000	0.580000	0.018000	-0.012000	-0.028000	29908	30009	30058	25009	24994	24986
78	1.454130	0.026896	-0.920000	0.090000	0.580000	0.014000	-0.008000	-0.032000	29908	30009	30058	25007	24996	24984
79	1.454194	0.000064	-0.860000	0.110000	0.600000	0.014000	-0.008000	-0.032000	29914	30011	30060	25007	24996	24984
80	1.481469	0.027274	-0.860000	0.110000	0.600000	0.016000	-0.010000	-0.032000	29914	30011	30060	25008	24995	24984
81	1.481544	0.000075	-0.900000	0.150000	0.550000	0.016000	-0.010000	-0.032000	29910	30015	30055	25008	24995	24984
82	1.508405	0.026862	-0.900000	0.150000	0.550000	0.022000	-0.010000	-0.036000	29910	30015	30055	25011	24995	24982
83	1.508480	0.000074	-1.020000	0.080000	0.560000	0.022000	-0.010000	-0.036000	29898	30008	30056	25011	24995	24982
84	1.539303	0.030824	-1.020000	0.080000	0.560000	0.022000	-0.004000	-0.030000	29898	30008	30056	25011	24998	24985
85	1.539378	0.000075	-1.020000	-0.030000	0.580000	0.022000	-0.004000	-0.030000	29898	29997	30058	25011	24998	24985
86	1.571596	0.032218	-1.020000	-0.030000	0.580000	0.018000	-0.004000	-0.026000	29898	29997	30058	25009	24998	24987
87	1.571670	0.000074	-0.990000	0.130000	0.600000	0.018000	-0.004000	-0.026000	29901	30013	30060	25009	24998	24987
88	1.604467	0.032797	-0.990000	0.130000	0.600000	0.022000	-0.008000	-0.040000	29901	30013	30060	25011	24996	24980
89	1.604539	0.000071	-0.850000	0.100000	0.600000	0.022000	-0.008000	-0.040000	29915	30010	30060	25011	24996	24980
90	1.637040	0.032501	-0.850000	0.100000	0.600000	0.024000	-0.012000	-0.032000	29915	30010	30060	25012	24994	24984
91	1.637117	0.000077	-0.800000	0.000000	0.570000	0.024000	-0.012000	-0.032000	29920	30000	30057	25012	24994	24984
92	1.667385	0.030268	-0.800000	0.000000	0.570000	0.020000	-0.014000	-0.030000	29920	30000	30057	25010	24993	24985
93	1.667492	0.000107	-0.990000	-0.080000	0.550000	0.020000	-0.014000	-0.030000	29901	29992	30055	25010	24993	24985
94	1.699233	0.031741	-0.990000	-0.080000	0.550000	0.018000	-0.010000	-0.022000	29901	29992	30055	25009	24995	24989
95	1.699333	0.000100	-1.070000	0.050000	0.560000	0.018000	-0.010000	-0.022000	29893	30005	30056	25009	24995	24989
96	1.740765	0.041432	-1.070000	0.050000	0.560000	0.018000	-0.006000	-0.020000	29893	30005	30056	25009	24997	24990
97	1.740890	0.000124	-1.020000	0.120000	0.630000	0.018000	-0.006000	-0.020000	29898	30012	30063	25009	24997	24990
98	1.775005	0.034115	-1.020000	0.120000	0.630000	0.016000	-0.004000	-0.026000	29898	30012	30063	25008	24998	24987
99	1.775143	0.000138	-0.910000	0.010000	0.700000	0.016000	-0.004000	-0.026000	29909	30001	30070	25008	24998	24987
100	1.805994	0.030851	-0.910000	0.010000	0.700000	0.016000	-0.010000	-0.026000	29909	30001	30070	25008	24995	24987
101	1.806112	0.000118	-0.860000	0.080000	0.600000	0.016000	-0.010000	-0.026000	29914	30008	30060	25008	24995	24987
102	1.837983	0.031871	-0.860000	0.080000	0.600000	0.018000	-0.010000	-0.028000	29914	30008	30060	25009	24995	24986
103	1.838150	0.000167	-0.780000	0.060000	0.620000	0.018000	-0.010000	-0.028000	29922	30006	30062	25009	24995	24986
104	1.868615	0.030465	-0.780000	0.060000	0.620000	0.016000	-0.014000	-0.028000	29922	30006	30062	25008	24993	24986
105	1.868695	0.000080	-0.850000	0.000000	0.650000	0.016000	-0.014000	-0.028000	29915	30000	30065	25008	24993	24986
106	1.898686	0.029991	-0.850000	0.000000	0.650000	0.018000	-0.014000	-0.028000	29915	30000	30065	25009	24993	24986
107	1.898760	0.000075	-1.100000	-0.140000	0.600000	0.018000	-0.014000	-0.028000	29890	29986	30060	25009	24993	24986
108	1.929615	0.030855	-1.100000	-0.140000	0.600000	0.012000	-0.010000	-0.032000	29890	29986	30060	25006	24995	24984
109	1.929694	0.000079	-1.150000	-0.030000	0.630000	0.012000	-0.010000	-0.032000	29885	29997	30063	25006	24995	24984
110	1.962976	0.033281	-1.150000	-0.030000	0.630000	0.012000	-0.002000	-0.038000	29885	29997	30063	25006	24999	24981
111	1.963071	0.000096	-0.950000	0.050000	0.650000	0.012000	-0.002000	-0.038000	29905	30005	30065	25006	24999	24981
112	1.996607	0.033536	-0.950000	0.050000	0.650000	0.016000	-0.008000	-0.036000	29905	30005	30065	25008	24996	24982
113	1.996693	0.000086	-0.830000	0.010000	0.600000	0.016000	-0.008000	-0.036000	29917	30001	30060	25008	24996	24982
114	2.030273	0.033580	-0.830000	0.010000	0.600000	0.020000	-0.012000	-0.028000	29917	30001	30060	25010	24994	24986
115	2.030402	0.000130	-1.160000	-0.020000	0.630000	0.020000	-0.012000	-0.028000	29884	29998	30063	25010	24994	24986
116	2.064261	0.033859	-1.160000	-0.020000	0.630000	0.022000	-0.008000	-0.022000	29884	29998	30063	25011	24996	24989
117	2.064338	0.000077	-1.010000	0.100000	0.650000	0.022000	-0.008000	-0.022000	29899	30010	30065	25011	24996	24989
118	2.096648	0.032310	-1.010000	0.100000	0.650000	0.020000	-0.008000	-0.030000	29899	30010	30065	25010	24996	24985
119	2.096718	0.000070	-0.820000	0.260000	0.510000	0.020000	-0.008000	-0.030000	29918	30026	30051	25010	24996	24985
120	2.127280	0.030561	-0.820000	0.260000	0.510000	0.022000	-0.010000	-0.032000	29918	30026	30051	25011	24995	24984
121	2.127364	0.000085	-0.850000	0.130000	0.550000	0.022000	-0.010000	-0.032000	29915	30013	30055	25011	24995	24984
122	2.159442	0.032078	-0.850000	0.130000	0.550000	0.022000	-0.014000	-0.026000	29915	30013	30055	25011	24993	24987
123	2.159525	0.000083	-0.880000	0.070000	0.600000	0.022000	-0.014000	-0.026000	29912	30007	30060	25011	24993	24987
124	2.187281	0.027756	-0.880000	0.070000	0.600000	0.022000	-0.010000	-0.030000	29912	30007	30060	25011	24995	24985
125	2.187442	0.000161	-0.810000	0.190000	0.510000	0.022000	-0.010000	-0.030000	29919	30019	30051	25011	24995	24985
126	2.219256	0.031814	-0.810000	0.190000	0.510000	0.018000	-0.006000	-0.026000	29919	30019	30051	25009	24997	24987
127	2.219335	0.000079	-0.790000	0.240000	0.550000	0.018000	-0.006000	-0.026000	29921	30024	30055	25009	24997	24987
128	2.251573	0.032238	-0.790000	0.240000	0.550000	0.018000	-0.016000	-0.032000	29921	30024	30055	25009	24992	24984
129	2.251666	0.000093	-1.090000	0.010000	0.600000	0.018000	-0.016000	-0.032000	29891	30001	30060	25009	24992	24984
130	2.286239	0.034573	-1.090000	0.010000	0.600000	0.008000	-0.012000	-0.016000	29891	30001	30060	25004	24994	24992
131	2.286326	0.000087	-0.950000	-0.070000	0.600000	0.008000	-0.012000	-0.016000	29905	29993	30060	25004	24994	24992
132	2.320199	0.033873	-0.950000	-0.070000	0.600000	0.010000	-0.016000	-0.014000	29905	29993	30060	25005	24992	24993
133	2.320285	0.000086	-0.910000	0.130000	0.580000	0.010000	-0.016000	-0.014000	29909	30013	30058	25005	24992	24993
134	2.353228	0.032943	-0.910000	0.130000	0.580000	0.020000	-0.012000	-0.024000	29909	30013	30058	25010	24994	24988
135	2.353347	0.000119	-0.890000	0.060000	0.550000	0.020000	-0.012000	-0.024000	29911	30006	30055	25010	24994	24988
136	2.383049	0.029702	-0.890000	0.060000	0.550000	0.022000	-0.010000	-0.026000	29911	30006	30055	25011	24995	24987
137	2.383118	0.000069	-0.750000	-0.020000	0.600000	0.022000	-0.010000	-0.026000	29925	29998	30060	25011	24995	24987
138	2.412335	0.029216	-0.750000	-0.020000	0.600000	0.020000	-0.014000	-0.024000	29925	29998	30060	25010	24993	24988
139	2.412413	0.000079	-0.910000	0.020000	0.600000	0.020000	-0.014000	-0.024000	29909	30002	30060	25010	24993	24988
140	2.444559	0.032146	-0.910000	0.020000	0.600000	0.018000	-0.010000	-0.026000	29909	30002	30060	25009	24995	24987
141	2.444645	0.000086	-0.950000	0.040000	0.600000	0.018000	-0.010000	-0.026000	29905	30004	30060	25009	24995	24987
142	2.477645	0.033000	-0.950000	0.040000	0.600000	0.020000	-0.010000	-0.026000	29905	30004	30060	25010	24995	24987
143	2.477727	0.000082	-0.940000	0.050000	0.600000	0.020000	-0.010000	-0.026000	29906	30005	30060	25010	24995	24987
144	2.510404	0.032677	-0.940000	0.050000	0.600000	0.016000	-0.012000	-0.032000	29906	30005	30060	25008	24994	24984
145	2.510501	0.000097	-0.710000	0.040000	0.600000	0.016000	-0.012000	-0.032000	29929	30004	30060	25008	24994	24984
146	2.538618	0.028117	-0.710000	0.040000	0.600000	0.024000	-0.012000	-0.028000	29929	30004	30060	25012	24994	24986
147	2.538682	0.000064	-0.640000	0.090000	0.600000	0.024000	-0.012000	-0.028000	29936	30009	30060	25012	24994	24986
148	2.567726	0.029044	-0.640000	0.090000	0.600000	0.024000	-0.018000	-0.024000	29936	30009	30060	25012	24991	24988
149	2.567801	0.000075	-0.680000	0.150000	0.550000	0.024000	-0.018000	-0.024000	29932	30015	30055	25012	24991	24988
150	2.594599	0.026798	-0.680000	0.150000	0.550000	0.018000	-0.018000	-0.032000	29932	30015	30055	25009	24991	24984
151	2.594694	0.000094	-0.930000	0.130000	0.560000	0.018000	-0.018000	-0.032000	29907	30013	30056	25009	24991	24984
152	2.626949	0.032256	-0.930000	0.130000	0.560000	0.014000	-0.010000	-0.028000	29907	30013	30056	25007	24995	24986
153	2.627050	0.000101	-0.880000	0.110000	0.550000	0.014000	-0.010000	-0.028000	29912	30011	30055	25007	24995	24986
154	2.663179	0.036129	-0.880000	0.110000	0.550000	0.018000	-0.008000	-0.030000	29912	30011	30055	25009	24996	24985
155	2.663264	0.000085	-0.640000	0.050000	0.600000	0.018000	-0.008000	-0.030000	29936	30005	30060	25009	24996	24985
156	2.689848	0.026584	-0.640000	0.050000	0.600000	0.022000	-0.014000	-0.026000	29936	30005	30060	25011	24993	24987
157	2.689914	0.000066	-0.920000	0.090000	0.630000	0.022000	-0.014000	-0.026000	29908	30009	30063	25011	24993	24987
158	2.718675	0.028761	-0.920000	0.090000	0.630000	0.022000	-0.010000	-0.024000	29908	30009	30063	25011	24995	24988
159	2.718745	0.000071	-1.070000	0.140000	0.650000	0.022000	-0.010000	-0.024000	29893	30014	30065	25011	24995	24988
160	2.750338	0.031593	-1.070000	0.140000	0.650000	0.022000	-0.010000	-0.026000	29893	30014	30065	25011	24995	24987
161	2.750452	0.000114	-1.020000	0.150000	0.600000	0.022000	-0.010000	-0.026000	29898	30015	30060	25011	24995	24987
162	2.782867	0.032415	-1.020000	0.150000	0.600000	0.016000	-0.012000	-0.024000	29898	30015	30060	25008	24994	24988
163	2.782943	0.000076	-0.990000	0.120000	0.610000	0.016000	-0.012000	-0.024000	29901	30012	30061	25008	24994	24988
164	2.814633	0.031690	-0.990000	0.120000	0.610000	0.016000	-0.006000	-0.028000	29901	30012	30061	25008	24997	24986
165	2.814749	0.000116	-0.970000	-0.060000	0.600000	0.016000	-0.006000	-0.028000	29903	29994	30060	25008	24997	24986
166	2.853815	0.039066	-0.970000	-0.060000	0.600000	0.016000	-0.006000	-0.024000	29903	29994	30060	25008	24997	24988
167	2.853888	0.000073	-0.970000	-0.110000	0.500000	0.016000	-0.006000	-0.024000	29903	29989	30050	25008	24997	24988
168	2.880410	0.026522	-0.970000	-0.110000	0.500000	0.014000	-0.004000	-0.028000	29903	29989	30050	25007	24998	24986
169	2.880484	0.000074	-0.790000	0.020000	0.530000	0.014000	-0.004000	-0.028000	29921	30002	30053	25007	24998	24986
170	2.911945	0.031461	-0.790000	0.020000	0.530000	0.020000	-0.010000	-0.032000	29921	30002	30053	25010	24995	24984
171	2.912014	0.000069	-0.890000	-0.030000	0.550000	0.020000	-0.010000	-0.032000	29911	29997	30055	25010	24995	24984
172	2.943850	0.031836	-0.890000	-0.030000	0.550000	0.016000	-0.014000	-0.020000	29911	29997	30055	25008	24993	24990
173	2.943935	0.000085	-0.930000	-0.060000	0.600000	0.016000	-0.014000	-0.020000	29907	29994	30060	25008	24993	24990
174	2.970412	0.026476	-0.930000	-0.060000	0.600000	0.012000	-0.018000	-0.010000	29907	29994	30060	25006	24991	24995
175	2.970482	0.000071	-0.990000	0.010000	0.630000	0.012000	-0.018000	-0.010000	29901	30001	30063	25006	24991	24995
176	2.996468	0.025986	-0.990000	0.010000	0.630000	0.012000	-0.012000	-0.016000	29901	30001	30063	25006	24994	24992
177	2.996543	0.000075	-1.050000	-0.060000	0.650000	0.012000	-0.012000	-0.016000	29895	29994	30065	25006	24994	24992
178	3.026766	0.030222	-1.050000	-0.060000	0.650000	0.012000	-0.008000	-0.018000	29895	29994	30065	25006	24996	24991
179	3.026846	0.000081	-0.970000	-0.080000	0.600000	0.012000	-0.008000	-0.018000	29903	29992	30060	25006	24996	24991
180	3.061086	0.034240	-0.970000	-0.080000	0.600000	0.014000	-0.012000	-0.020000	29903	29992	30060	25007	24994	24990
181	3.061167	0.000081	-0.770000	-0.030000	0.600000	0.014000	-0.012000	-0.020000	29923	29997	30060	25007	24994	24990
182	3.091490	0.030322	-0.770000	-0.030000	0.600000	0.016000	-0.016000	-0.026000	29923	29997	30060	25008	24992	24987
183	3.091575	0.000085	-0.940000	-0.020000	0.600000	0.016000	-0.016000	-0.026000	29906	29998	30060	25008	24992	24987
184	3.118521	0.026947	-0.940000	-0.020000	0.600000	0.014000	-0.010000	-0.032000	29906	29998	30060	25007	24995	24984
185	3.118628	0.000107	-0.950000	0.220000	0.650000	0.014000	-0.010000	-0.032000	29905	30022	30065	25007	24995	24984
186	3.146166	0.027538	-0.950000	0.220000	0.650000	0.022000	-0.016000	-0.030000	29905	30022	30065	25011	24992	24985
187	3.146235	0.000069	-0.930000	0.020000	0.620000	0.022000	-0.016000	-0.030000	29907	30002	30062	25011	24992	24985
188	3.177310	0.031075	-0.930000	0.020000	0.620000	0.018000	-0.016000	-0.022000	29907	30002	30062	25009	24992	24989
189	3.177402	0.000091	-0.870000	-0.030000	0.600000	0.018000	-0.016000	-0.022000	29913	29997	30060	25009	24992	24989
190	3.205005	0.027604	-0.870000	-0.030000	0.600000	0.012000	-0.014000	-0.022000	29913	29997	30060	25006	24993	24989
191	3.205077	0.000071	-0.870000	0.070000	0.600000	0.012000	-0.014000	-0.022000	29913	30007	30060	25006	24993	24989
192	3.231946	0.026870	-0.870000	0.070000	0.600000	0.018000	-0.016000	-0.018000	29913	30007	30060	25009	24992	24991
193	3.232019	0.000072	-1.040000	0.140000	0.630000	0.018000	-0.016000	-0.018000	29896	30014	30063	25009	24992	24991
194	3.262037	0.030019	-1.040000	0.140000	0.630000	0.020000	-0.012000	-0.024000	29896	30014	30063	25010	24994	24988
195	3.262118	0.000081	-1.060000	0.050000	0.650000	0.020000	-0.012000	-0.024000	29894	30005	30065	25010	24994	24988
196	3.296960	0.034842	-1.060000	0.050000	0.650000	0.020000	-0.016000	-0.020000	29894	30005	30065	25010	24992	24990
197	3.297040	0.000079	-0.980000	-0.040000	0.500000	0.020000	-0.016000	-0.020000	29902	29996	30050	25010	24992	24990
198	3.330266	0.033227	-0.980000	-0.040000	0.500000	0.014000	-0.016000	-0.014000	29902	29996	30050	25007	24992	24993
199	3.330369	0.000103	-0.950000	0.080000	0.550000	0.014000	-0.016000	-0.014000	29905	30008	30055	25007	24992	24993
200	3.362955	0.032586	-0.950000	0.080000	0.550000	0.016000	-0.012000	-0.026000	29905	30008	30055	25008	24994	24987
201	3.363073	0.000118	-0.870000	0.070000	0.600000	0.016000	-0.012000	-0.026000	29913	30007	30060	25008	24994	24987
202	3.392400	0.029327	-0.870000	0.070000	0.600000	0.018000	-0.010000	-0.030000	29913	30007	30060	25009	24995	24985
203	3.392470	0.000069	-0.920000	0.070000	0.600000	0.018000	-0.010000	-0.030000	29908	30007	30060	25009	24995	24985
204	3.422564	0.030095	-0.920000	0.070000	0.600000	0.018000	-0.006000	-0.036000	29908	30007	30060	25009	24997	24982
205	3.422643	0.000078	-1.010000	-0.010000	0.580000	0.018000	-0.006000	-0.036000	29899	29999	30058	25009	24997	24982
206	3.458015	0.035372	-1.010000	-0.010000	0.580000	0.016000	-0.002000	-0.034000	29899	29999	30058	25008	24999	24983
207	3.458101	0.000086	-1.020000	0.170000	0.550000	0.016000	-0.002000	-0.034000	29898	30017	30055	25008	24999	24983
208	3.490754	0.032654	-1.020000	0.170000	0.550000	0.020000	-0.010000	-0.036000	29898	30017	30055	25010	24995	24982
209	3.490962	0.000207	-1.130000	0.070000	0.650000	0.020000	-0.010000	-0.036000	29887	30007	30065	25010	24995	24982
210	3.530060	0.039099	-1.130000	0.070000	0.650000	0.016000	-0.008000	-0.028000	29887	30007	30065	25008	24996	24986
211	3.530214	0.000153	-1.040000	0.100000	0.620000	0.016000	-0.008000	-0.028000	29896	30010	30062	25008	24996	24986
212	3.564311	0.034098	-1.040000	0.100000	0.620000	0.018000	-0.008000	-0.032000	29896	30010	30062	25009	24996	24984
213	3.564387	0.000075	-0.880000	0.230000	0.600000	0.018000	-0.008000	-0.032000	29912	30023	30060	25009	24996	24984
214	3.591825	0.027439	-0.880000	0.230000	0.600000	0.028000	-0.012000	-0.034000	29912	30023	30060	25014	24994	24983
215	3.591897	0.000072	-1.090000	0.090000	0.600000	0.028000	-0.012000	-0.034000	29891	30009	30060	25014	24994	24983
216	3.620730	0.028833	-1.090000	0.090000	0.600000	0.012000	-0.008000	-0.024000	29891	30009	30060	25006	24996	24988
217	3.620821	0.000091	-1.020000	0.000000	0.600000	0.012000	-0.008000	-0.024000	29898	30000	30060	25006	24996	24988
218	3.654053	0.033232	-1.020000	0.000000	0.600000	0.006000	-0.008000	-0.026000	29898	30000	30060	25003	24996	24987
219	3.654183	0.000130	-1.200000	-0.010000	0.610000	0.006000	-0.008000	-0.026000	29880	29999	30061	25003	24996	24987
220	3.682414	0.028230	-1.200000	-0.010000	0.610000	0.012000	-0.002000	-0.026000	29880	29999	30061	25006	24999	24987
221	3.682476	0.000062	-1.080000	0.010000	0.610000	0.012000	-0.002000	-0.026000	29892	30001	30061	25006	24999	24987
222	3.710777	0.028301	-1.080000	0.010000	0.610000	0.014000	-0.002000	-0.024000	29892	30001	30061	25007	24999	24988
223	3.710850	0.000074	-1.040000	-0.050000	0.680000	0.014000	-0.002000	-0.024000	29896	29995	30068	25007	24999	24988
224	3.742399	0.031548	-1.040000	-0.050000	0.680000	0.012000	0.000000	-0.022000	29896	29995	30068	25006	25000	24989
225	3.742487	0.000088	-1.150000	0.050000	0.750000	0.012000	0.000000	-0.022000	29885	30005	30075	25006	25000	24989
226	3.776316	0.033830	-1.150000	0.050000	0.750000	0.020000	-0.006000	-0.026000	29885	30005	30075	25010	24997	24987
227	3.776385	0.000068	-1.060000	0.050000	0.700000	0.020000	-0.006000	-0.026000	29894	30005	30070	25010	24997	24987
228	3.807187	0.030802	-1.060000	0.050000	0.700000	0.020000	-0.006000	-0.032000	29894	30005	30070	25010	24997	24984
229	3.807264	0.000077	-1.050000	-0.030000	0.670000	0.020000	-0.006000	-0.032000	29895	29997	30067	25010	24997	24984
230	3.837025	0.029761	-1.050000	-0.030000	0.670000	0.018000	-0.006000	-0.034000	29895	29997	30067	25009	24997	24983
231	3.837117	0.000092	-0.840000	0.060000	0.640000	0.018000	-0.006000	-0.034000	29916	30006	30064	25009	24997	24983
232	3.871007	0.033890	-0.840000	0.060000	0.640000	0.020000	-0.016000	-0.030000	29916	30006	30064	25010	24992	24985
233	3.871151	0.000144	-0.800000	0.060000	0.600000	0.020000	-0.016000	-0.030000	29920	30006	30060	25010	24992	24985
234	3.907952	0.036801	-0.800000	0.060000	0.600000	0.016000	-0.020000	-0.024000	29920	30006	30060	25008	24990	24988
235	3.908034	0.000082	-0.760000	0.100000	0.590000	0.016000	-0.020000	-0.024000	29924	30010	30059	25008	24990	24988
236	3.942024	0.033989	-0.760000	0.100000	0.590000	0.016000	-0.022000	-0.028000	29924	30010	30059	25008	24989	24986
237	3.942101	0.000077	-0.810000	-0.090000	0.600000	0.016000	-0.022000	-0.028000	29919	29991	30060	25008	24989	24986
238	3.976191	0.034090	-0.810000	-0.090000	0.600000	0.014000	-0.010000	-0.026000	29919	29991	30060	25007	24995	24987
239	3.976274	0.000082	-0.900000	0.040000	0.550000	0.014000	-0.010000	-0.026000	29910	30004	30055	25007	24995	24987
240	4.004544	0.028271	-0.900000	0.040000	0.550000	0.018000	-0.008000	-0.030000	29910	30004	30055	25009	24996	24985
241	4.004615	0.000070	-0.770000	0.070000	0.550000	0.018000	-0.008000	-0.030000	29923	30007	30055	25009	24996	24985
242	4.036925	0.032310	-0.770000	0.070000	0.550000	0.014000	-0.018000	-0.026000	29923	30007	30055	25007	24991	24987
243	4.037004	0.000079	-0.930000	0.050000	0.550000	0.014000	-0.018000	-0.026000	29907	30005	30055	25007	24991	24987
244	4.069284	0.032281	-0.930000	0.050000	0.550000	0.012000	-0.014000	-0.024000	29907	30005	30055	25006	24993	24988
245	4.069425	0.000141	-0.870000	0.090000	0.550000	0.012000	-0.014000	-0.024000	29913	30009	30055	25006	24993	24988
246	4.103617	0.034192	-0.870000	0.090000	0.550000	0.018000	-0.014000	-0.028000	29913	30009	30055	25009	24993	24986
247	4.103735	0.000118	-0.780000	-0.030000	0.580000	0.018000	-0.014000	-0.028000	29922	29997	30058	25009	24993	24986
248	4.137903	0.034167	-0.780000	-0.030000	0.580000	0.022000	-0.012000	-0.024000	29922	29997	30058	25011	24994	24988
249	4.137989	0.000086	-0.890000	-0.040000	0.600000	0.022000	-0.012000	-0.024000	29911	29996	30060	25011	24994	24988
250	4.166223	0.028234	-0.890000	-0.040000	0.600000	0.016000	-0.012000	-0.024000	29911	29996	30060	25008	24994	24988
251	4.166413	0.000190	-0.890000	-0.090000	0.690000	0.016000	-0.012000	-0.024000	29911	29991	30069	25008	24994	24988
252	4.195180	0.028766	-0.890000	-0.090000	0.690000	0.012000	-0.014000	-0.022000	29911	29991	30069	25006	24993	24989
253	4.195245	0.000065	-1.020000	-0.040000	0.650000	0.012000	-0.014000	-0.022000	29898	29996	30065	25006	24993	24989
254	4.226759	0.031514	-1.020000	-0.040000	0.650000	0.016000	-0.012000	-0.020000	29898	29996	30065	25008	24994	24990
255	4.226827	0.000068	-0.930000	-0.030000	0.600000	0.016000	-0.012000	-0.020000	29907	29997	30060	25008	24994	24990
256	4.256477	0.029649	-0.930000	-0.030000	0.600000	0.016000	-0.012000	-0.026000	29907	29997	30060	25008	24994	24987
257	4.256552	0.000075	-0.790000	-0.120000	0.600000	0.016000	-0.012000	-0.026000	29921	29988	30060	25008	24994	24987
258	4.288092	0.031541	-0.790000	-0.120000	0.600000	0.014000	-0.014000	-0.022000	29921	29988	30060	25007	24993	24989
259	4.288170	0.000078	-0.790000	-0.010000	0.570000	0.014000	-0.014000	-0.022000	29921	29999	30057	25007	24993	24989
260	4.315557	0.027387	-0.790000	-0.010000	0.570000	0.022000	-0.014000	-0.026000	29921	29999	30057	25011	24993	24987
261	4.315657	0.000100	-0.990000	-0.040000	0.550000	0.022000	-0.014000	-0.026000	29901	29996	30055	25011	24993	24987
262	4.348147	0.032490	-0.990000	-0.040000	0.550000	0.016000	-0.010000	-0.024000	29901	29996	30055	25008	24995	24988
263	4.348244	0.000097	-1.020000	-0.110000	0.600000	0.016000	-0.010000	-0.024000	29898	29989	30060	25008	24995	24988
264	4.382942	0.034698	-1.020000	-0.110000	0.600000	0.012000	-0.010000	-0.022000	29898	29989	30060	25006	24995	24989
265	4.383012	0.000070	-0.930000	-0.090000	0.580000	0.012000	-0.010000	-0.022000	29907	29991	30058	25006	24995	24989
266	4.412522	0.029511	-0.930000	-0.090000	0.580000	0.006000	-0.010000	-0.018000	29907	29991	30058	25003	24995	24991
267	4.412594	0.000072	-0.800000	0.050000	0.550000	0.006000	-0.010000	-0.018000	29920	30005	30055	25003	24995	24991
268	4.444177	0.031583	-0.800000	0.050000	0.550000	0.018000	-0.012000	-0.030000	29920	30005	30055	25009	24994	24985
269	4.444255	0.000077	-1.000000	0.120000	0.550000	0.018000	-0.012000	-0.030000	29900	30012	30055	25009	24994	24985
270	4.481616	0.037361	-1.000000	0.120000	0.550000	0.020000	-0.008000	-0.036000	29900	30012	30055	25010	24996	24982
271	4.481693	0.000077	-1.110000	-0.050000	0.600000	0.020000	-0.008000	-0.036000	29889	29995	30060	25010	24996	24982
272	4.511106	0.029413	-1.110000	-0.050000	0.600000	0.012000	-0.006000	-0.026000	29889	29995	30060	25006	24997	24987
273	4.511191	0.000085	-1.080000	-0.110000	0.650000	0.012000	-0.006000	-0.026000	29892	29989	30065	25006	24997	24987
274	4.541137	0.029946	-1.080000	-0.110000	0.650000	0.012000	-0.010000	-0.016000	29892	29989	30065	25006	24995	24992
275	4.541222	0.000085	-1.050000	0.060000	0.600000	0.012000	-0.010000	-0.016000	29895	30006	30060	25006	24995	24992
276	4.569271	0.028049	-1.050000	0.060000	0.600000	0.014000	-0.010000	-0.024000	29895	30006	30060	25007	24995	24988
277	4.569350	0.000080	-1.000000	-0.080000	0.600000	0.014000	-0.010000	-0.024000	29900	29992	30060	25007	24995	24988
278	4.599568	0.030218	-1.000000	-0.080000	0.600000	0.010000	-0.008000	-0.022000	29900	29992	30060	25005	24996	24989
279	4.599643	0.000075	-0.960000	-0.030000	0.600000	0.010000	-0.008000	-0.022000	29904	29997	30060	25005	24996	24989
280	4.628376	0.028732	-0.960000	-0.030000	0.600000	0.014000	-0.008000	-0.028000	29904	29997	30060	25007	24996	24986
281	4.628452	0.000076	-1.270000	0.060000	0.610000	0.014000	-0.008000	-0.028000	29873	30006	30061	25007	24996	24986
282	4.660213	0.031761	-0.760000	-0.030000	0.600000	0.014000	-0.008000	-0.028000	29924	29997	30060	25007	24996	24986
283	4.691105	0.030892	-0.760000	-0.030000	0.600000	0.010000	-0.014000	-0.016000	29924	29997	30060	25005	24993	24992
284	4.691182	0.000077	-0.690000	0.170000	0.550000	0.010000	-0.014000	-0.016000	29931	30017	30055	25005	24993	24992
285	4.723844	0.032662	-0.690000	0.170000	0.550000	0.022000	-0.012000	-0.036000	29931	30017	30055	25011	24994	24982
286	4.723919	0.000075	-0.760000	-0.100000	0.600000	0.022000	-0.012000	-0.036000	29924	29990	30060	25011	24994	24982
287	4.750613	0.026693	-0.760000	-0.100000	0.600000	0.014000	-0.014000	-0.022000	29924	29990	30060	25007	24993	24989
288	4.750670	0.000058	-1.150000	-0.090000	0.560000	0.014000	-0.014000	-0.022000	29885	29991	30056	25007	24993	24989
289	4.780238	0.029568	-1.150000	-0.090000	0.560000	0.014000	-0.002000	-0.026000	29885	29991	30056	25007	24999	24987
290	4.780319	0.000081	-0.950000	0.060000	0.650000	0.014000	-0.002000	-0.026000	29905	30006	30065	25007	24999	24987
291	4.811264	0.030945	-0.950000	0.060000	0.650000	0.022000	-0.012000	-0.028000	29905	30006	30065	25011	24994	24986
292	4.811324	0.000060	-1.000000	0.090000	0.600000	0.022000	-0.012000	-0.028000	29900	30009	30060	25011	24994	24986
293	4.838878	0.027554	-1.030000	-0.020000	0.600000	0.022000	-0.012000	-0.028000	29897	29998	30060	25011	24994	24986
294	4.870375	0.031497	-0.860000	0.040000	0.630000	0.022000	-0.012000	-0.028000	29914	30004	30063	25011	24994	24986
295	4.901997	0.031622	-0.860000	0.040000	0.630000	0.014000	-0.006000	-0.018000	29914	30004	30063	25007	24997	24991
296	4.902077	0.000080	-0.950000	0.040000	0.550000	0.014000	-0.006000	-0.018000	29905	30004	30055	25007	24997	24991
297	4.933984	0.031907	-0.950000	0.040000	0.550000	0.018000	-0.012000	-0.022000	29905	30004	30055	25009	24994	24989
298	4.934064	0.000080	-0.950000	0.040000	0.550000	0.016000	-0.008000	-0.022000	29905	30004	30055	25008	24996	24989
299	4.934089	0.000025	-1.160000	0.050000	0.600000	0.016000	-0.008000	-0.022000	29884	30005	30060	25008	24996	24989
300	4.966681	0.032592	-0.860000	0.210000	0.570000	0.016000	-0.008000	-0.022000	29914	30021	30057	25008	24996	24989
301	5.017352	0.050671	-0.860000	0.210000	0.570000	0.020000	-0.012000	-0.030000	29914	30021	30057	25010	24994	24985
302	5.017538	0.000186	-1.020000	0.100000	0.600000	0.020000	-0.012000	-0.030000	29898	30010	30060	25010	24994	24985
303	5.054098	0.036559	-1.020000	0.100000	0.600000	0.014000	-0.010000	-0.026000	29898	30010	30060	25007	24995	24987
304	5.054204	0.000107	-0.880000	0.200000	0.510000	0.014000	-0.010000	-0.026000	29912	30020	30051	25007	24995	24987
305	5.084680	0.030475	-0.880000	0.200000	0.510000	0.024000	-0.014000	-0.028000	29912	30020	30051	25012	24993	24986
306	5.084754	0.000075	-0.620000	0.140000	0.600000	0.024000	-0.014000	-0.028000	29938	30014	30060	25012	24993	24986
307	5.116433	0.031679	-0.620000	0.140000	0.600000	0.020000	-0.018000	-0.026000	29938	30014	30060	25010	24991	24987
308	5.116512	0.000079	-0.970000	0.060000	0.580000	0.020000	-0.018000	-0.026000	29903	30006	30058	25010	24991	24987
309	5.149389	0.032878	-0.970000	0.060000	0.580000	0.022000	-0.006000	-0.032000	29903	30006	30058	25011	24997	24984
310	5.149470	0.000081	-0.810000	-0.080000	0.650000	0.022000	-0.006000	-0.032000	29919	29992	30065	25011	24997	24984
311	5.179624	0.030154	-0.810000	-0.080000	0.650000	0.012000	-0.016000	-0.018000	29919	29992	30065	25006	24992	24991
312	5.179710	0.000086	-0.720000	-0.050000	0.590000	0.012000	-0.016000	-0.018000	29928	29995	30059	25006	24992	24991
313	5.212570	0.032860	-0.720000	-0.050000	0.590000	0.022000	-0.018000	-0.040000	29928	29995	30059	25011	24991	24980
314	5.212629	0.000060	-0.900000	0.150000	0.650000	0.022000	-0.018000	-0.040000	29910	30015	30065	25011	24991	24980
315	5.241540	0.028910	-0.900000	0.150000	0.650000	0.018000	-0.012000	-0.030000	29910	30015	30065	25009	24994	24985
316	5.241622	0.000082	-0.940000	0.080000	0.610000	0.018000	-0.012000	-0.030000	29906	30008	30061	25009	24994	24985
317	5.273669	0.032047	-0.940000	0.080000	0.610000	0.016000	-0.004000	-0.028000	29906	30008	30061	25008	24998	24986
318	5.273743	0.000074	-0.660000	0.010000	0.640000	0.016000	-0.004000	-0.028000	29934	30001	30064	25008	24998	24986
319	5.302246	0.028503	-0.660000	0.010000	0.640000	0.024000	-0.022000	-0.030000	29934	30001	30064	25012	24989	24985
320	5.302335	0.000089	-0.940000	0.000000	0.650000	0.024000	-0.022000	-0.030000	29906	30000	30065	25012	24989	24985
321	5.331540	0.029205	-0.940000	0.000000	0.650000	0.016000	-0.014000	-0.018000	29906	30000	30065	25008	24993	24991
322	5.331619	0.000079	-1.100000	-0.100000	0.610000	0.016000	-0.014000	-0.018000	29890	29990	30061	25008	24993	24991
323	5.364346	0.032727	-1.100000	-0.100000	0.610000	0.014000	-0.006000	-0.022000	29890	29990	30061	25007	24997	24989
324	5.364448	0.000102	-0.870000	0.040000	0.600000	0.014000	-0.006000	-0.022000	29913	30004	30060	25007	24997	24989
325	5.399448	0.035000	-0.870000	0.040000	0.600000	0.022000	-0.012000	-0.028000	29913	30004	30060	25011	24994	24986
326	5.399551	0.000103	-0.910000	0.030000	0.500000	0.022000	-0.012000	-0.028000	29909	30003	30050	25011	24994	24986
327	5.432111	0.032560	-0.910000	0.030000	0.500000	0.018000	-0.012000	-0.022000	29909	30003	30050	25009	24994	24989
328	5.432187	0.000076	-0.730000	-0.060000	0.600000	0.018000	-0.012000	-0.022000	29927	29994	30060	25009	24994	24989
329	5.460657	0.028470	-0.730000	-0.060000	0.600000	0.018000	-0.014000	-0.022000	29927	29994	30060	25009	24993	24989
330	5.460725	0.000069	-0.990000	-0.050000	0.550000	0.018000	-0.014000	-0.022000	29901	29995	30055	25009	24993	24989
331	5.489822	0.029097	-0.870000	-0.070000	0.570000	0.018000	-0.014000	-0.022000	29913	29993	30057	25009	24993	24989
332	5.520369	0.030547	-1.100000	0.000000	0.600000	0.018000	-0.014000	-0.022000	29890	30000	30060	25009	24993	24989
333	5.549591	0.029221	-1.100000	0.000000	0.600000	0.008000	-0.010000	-0.024000	29890	30000	30060	25004	24995	24988
334	5.549703	0.000112	-0.930000	-0.090000	0.600000	0.008000	-0.010000	-0.024000	29907	29991	30060	25004	24995	24988
335	5.581014	0.031311	-0.930000	-0.090000	0.600000	0.018000	-0.006000	-0.028000	29907	29991	30060	25009	24997	24986
336	5.581083	0.000069	-0.930000	0.170000	0.650000	0.018000	-0.006000	-0.028000	29907	30017	30065	25009	24997	24986
337	5.610210	0.029126	-0.930000	0.170000	0.650000	0.030000	-0.010000	-0.034000	29907	30017	30065	25015	24995	24983
338	5.610281	0.000071	-1.000000	-0.040000	0.600000	0.030000	-0.010000	-0.034000	29900	29996	30060	25015	24995	24983
339	5.641842	0.031562	-1.000000	-0.040000	0.600000	0.008000	-0.010000	-0.022000	29900	29996	30060	25004	24995	24989
340	5.641915	0.000073	-1.020000	-0.050000	0.550000	0.008000	-0.010000	-0.022000	29898	29995	30055	25004	24995	24989
341	5.670748	0.028833	-1.020000	-0.050000	0.550000	0.016000	-0.008000	-0.024000	29898	29995	30055	25008	24996	24988
342	5.670831	0.000083	-0.920000	0.130000	0.600000	0.016000	-0.008000	-0.024000	29908	30013	30060	25008	24996	24988
343	5.700115	0.029284	-0.920000	0.130000	0.600000	0.024000	-0.008000	-0.032000	29908	30013	30060	25012	24996	24984
344	5.700189	0.000074	-0.590000	0.040000	0.460000	0.024000	-0.008000	-0.032000	29941	30004	30046	25012	24996	24984
345	5.729486	0.029297	-0.590000	0.040000	0.460000	0.022000	-0.012000	-0.036000	29941	30004	30046	25011	24994	24982
346	5.729555	0.000069	-1.020000	0.200000	0.550000	0.022000	-0.012000	-0.036000	29898	30020	30055	25011	24994	24982
347	5.758634	0.029080	-1.020000	0.200000	0.550000	0.020000	-0.006000	-0.032000	29898	30020	30055	25010	24997	24984
348	5.758721	0.000086	-1.170000	0.020000	0.560000	0.020000	-0.006000	-0.032000	29883	30002	30056	25010	24997	24984
349	5.788366	0.029645	-1.170000	0.020000	0.560000	0.020000	-0.008000	-0.014000	29883	30002	30056	25010	24996	24993
350	5.788444	0.000078	-0.960000	0.090000	0.600000	0.020000	-0.008000	-0.014000	29904	30009	30060	25010	24996	24993
351	5.818975	0.030531	-0.960000	0.090000	0.600000	0.024000	-0.010000	-0.036000	29904	30009	30060	25012	24995	24982
352	5.819039	0.000064	0.030000	-0.160000	0.050000	0.024000	-0.010000	-0.036000	30003	29984	30005	25012	24995	24982
353	5.850019	0.030980	0.030000	-0.160000	0.050000	-0.006000	-0.004000	0.012000	30003	29984	30005	24997	24998	25006
354	5.850079	0.000059	-0.130000	0.000000	0.000000	-0.006000	-0.004000	0.012000	29987	30000	30000	24997	24998	25006
355	5.880512	0.030434	-0.130000	0.000000	0.000000	-0.008000	-0.002000	0.002000	29987	30000	30000	24996	24999	25001
356	5.880588	0.000076	-0.100000	-0.050000	0.030000	-0.008000	-0.002000	0.002000	29990	29995	30003	24996	24999	25001
357	5.912323	0.031734	-0.100000	-0.050000	0.030000	-0.010000	-0.002000	0.002000	29990	29995	30003	24995	24999	25001
358	5.912406	0.000083	-0.200000	-0.190000	0.050000	-0.010000	-0.002000	0.002000	29980	29981	30005	24995	24999	25001
359	5.944641	0.032235	-0.200000	-0.190000	0.050000	-0.014000	-0.004000	0.008000	29980	29981	30005	24993	24998	25004
360	5.944718	0.000078	-0.240000	-0.040000	0.050000	-0.014000	-0.004000	0.008000	29976	29996	30005	24993	24998	25004
361	5.977882	0.033164	-0.240000	-0.040000	0.050000	-0.008000	-0.008000	0.014000	29976	29996	30005	24996	24996	25007
362	5.977965	0.000082	-0.250000	-0.140000	0.060000	-0.008000	-0.008000	0.014000	29975	29986	30006	24996	24996	25007
363	6.021041	0.043076	-0.250000	-0.140000	0.060000	-0.010000	-0.002000	0.016000	29975	29986	30006	24995	24999	25008
364	6.021163	0.000123	-0.250000	-0.130000	0.060000	-0.010000	-0.002000	0.016000	29975	29987	30006	24995	24999	25008
365	6.061477	0.040314	-0.250000	-0.130000	0.060000	-0.012000	-0.002000	0.018000	29975	29987	30006	24994	24999	25009
366	6.061577	0.000100	-0.340000	-0.120000	0.050000	-0.012000	-0.002000	0.018000	29966	29988	30005	24994	24999	25009
367	6.091524	0.029947	-0.340000	-0.120000	0.050000	-0.014000	0.000000	0.012000	29966	29988	30005	24993	25000	25006
368	6.091591	0.000067	-0.170000	-0.040000	0.020000	-0.014000	0.000000	0.012000	29983	29996	30002	24993	25000	25006
369	6.119723	0.028132	-0.170000	-0.040000	0.020000	-0.014000	-0.008000	0.006000	29983	29996	30002	24993	24996	25003
370	6.119790	0.000067	-0.120000	-0.080000	0.000000	-0.014000	-0.008000	0.006000	29988	29992	30000	24993	24996	25003
371	6.147071	0.027281	-0.120000	-0.080000	0.000000	-0.012000	-0.008000	0.020000	29988	29992	30000	24994	24996	25010
372	6.147171	0.000100	-0.330000	-0.100000	-0.040000	-0.012000	-0.008000	0.020000	29967	29990	29996	24994	24996	25010
373	6.183296	0.036125	-0.330000	-0.100000	-0.040000	-0.018000	0.000000	0.022000	29967	29990	29996	24991	25000	25011
374	6.183388	0.000093	-0.290000	-0.040000	-0.040000	-0.018000	0.000000	0.022000	29971	29996	29996	24991	25000	25011
375	6.218130	0.034742	-0.290000	-0.040000	-0.040000	-0.014000	-0.002000	0.020000	29971	29996	29996	24993	24999	25010
376	6.218203	0.000072	-0.020000	0.000000	-0.050000	-0.014000	-0.002000	0.020000	29998	30000	29995	24993	24999	25010
377	6.251643	0.033441	-0.020000	0.000000	-0.050000	-0.008000	-0.006000	0.004000	29998	30000	29995	24996	24997	25002
378	6.251900	0.000257	-0.210000	0.070000	0.000000	-0.008000	-0.006000	0.004000	29979	30007	30000	24996	24997	25002
379	6.280003	0.028103	-0.210000	0.070000	0.000000	-0.008000	-0.002000	0.006000	29979	30007	30000	24996	24999	25003
380	6.280102	0.000099	-0.350000	0.060000	-0.010000	-0.008000	-0.002000	0.006000	29965	30006	29999	24996	24999	25003
381	6.315632	0.035530	-0.350000	0.060000	-0.010000	-0.008000	0.004000	0.012000	29965	30006	29999	24996	25002	25006
382	6.315717	0.000084	-0.190000	0.050000	-0.040000	-0.008000	0.004000	0.012000	29981	30005	29996	24996	25002	25006
383	6.345476	0.029760	-0.190000	0.050000	-0.040000	-0.008000	0.008000	0.000000	29981	30005	29996	24996	25004	25000
384	6.345571	0.000095	-0.200000	-0.030000	0.010000	-0.008000	0.008000	0.000000	29980	29997	30001	24996	25004	25000
385	6.377354	0.031783	-0.200000	-0.030000	0.010000	-0.012000	0.002000	0.000000	29980	29997	30001	24994	25001	25000
386	6.377419	0.000064	-0.150000	-0.100000	0.000000	-0.012000	0.002000	0.000000	29985	29990	30000	24994	25001	25000
387	6.404187	0.026768	-0.150000	-0.100000	0.000000	-0.012000	0.000000	-0.002000	29985	29990	30000	24994	25000	24999
388	6.404250	0.000063	-0.140000	-0.110000	0.000000	-0.012000	0.000000	-0.002000	29986	29989	30000	24994	25000	24999
389	6.431576	0.027326	-0.140000	-0.110000	0.000000	-0.010000	-0.006000	0.016000	29986	29989	30000	24995	24997	25008
390	6.431655	0.000080	-0.160000	-0.090000	0.050000	-0.010000	-0.006000	0.016000	29984	29991	30005	24995	24997	25008
391	6.459487	0.027832	-0.160000	-0.090000	0.050000	-0.010000	0.002000	0.004000	29984	29991	30005	24995	25001	25002
392	6.459653	0.000166	-0.050000	-0.120000	0.020000	-0.010000	0.002000	0.004000	29995	29988	30002	24995	25001	25002
393	6.490262	0.030609	-0.050000	-0.120000	0.020000	-0.008000	-0.002000	-0.002000	29995	29988	30002	24996	24999	24999
394	6.490336	0.000074	-0.280000	-0.090000	0.010000	-0.008000	-0.002000	-0.002000	29972	29991	30001	24996	24999	24999
395	6.523475	0.033138	-0.280000	-0.090000	0.010000	-0.008000	0.000000	0.014000	29972	29991	30001	24996	25000	25007
396	6.523546	0.000071	-0.360000	-0.020000	-0.090000	-0.008000	0.000000	0.014000	29964	29998	29991	24996	25000	25007
397	6.556116	0.032570	-0.360000	-0.020000	-0.090000	-0.008000	0.002000	-0.002000	29964	29998	29991	24996	25001	24999
398	6.556227	0.000110	-0.220000	-0.030000	-0.050000	-0.008000	0.002000	-0.002000	29978	29997	29995	24996	25001	24999
399	6.589711	0.033485	-0.220000	-0.030000	-0.050000	-0.006000	0.002000	-0.008000	29978	29997	29995	24997	25001	24996
400	6.589797	0.000086	-0.250000	-0.040000	0.000000	-0.006000	0.002000	-0.008000	29975	29996	30000	24997	25001	24996
401	6.630836	0.041038	-0.250000	-0.040000	0.000000	-0.004000	-0.002000	0.000000	29975	29996	30000	24998	24999	25000
402	6.630937	0.000101	-0.360000	-0.070000	0.000000	-0.004000	-0.002000	0.000000	29964	29993	30000	24998	24999	25000
403	6.658891	0.027954	-0.360000	-0.070000	0.000000	-0.010000	0.004000	-0.002000	29964	29993	30000	24995	25002	24999
404	6.658964	0.000073	-0.260000	-0.080000	0.000000	-0.010000	0.004000	-0.002000	29974	29992	30000	24995	25002	24999
405	6.687223	0.028259	-0.260000	-0.080000	0.000000	-0.010000	0.000000	0.000000	29974	29992	30000	24995	25000	25000
406	6.687292	0.000069	0.000000	-0.070000	0.000000	-0.010000	0.000000	0.000000	30000	29993	30000	24995	25000	25000
407	6.714810	0.027518	0.000000	-0.070000	0.000000	-0.006000	-0.008000	0.004000	30000	29993	30000	24997	24996	25002
408	6.714875	0.000064	-0.100000	0.050000	-0.050000	-0.006000	-0.008000	0.004000	29990	30005	29995	24997	24996	25002
409	6.746652	0.031777	-0.100000	0.050000	-0.050000	-0.006000	-0.002000	0.000000	29990	30005	29995	24997	24999	25000
410	6.746727	0.000075	-0.100000	-0.080000	-0.020000	-0.006000	-0.002000	0.000000	29990	29992	29998	24997	24999	25000
411	6.784267	0.037540	-0.100000	-0.080000	-0.020000	-0.010000	-0.004000	0.006000	29990	29992	29998	24995	24998	25003
412	6.784336	0.000070	-0.140000	-0.320000	0.000000	-0.010000	-0.004000	0.006000	29986	29968	30000	24995	24998	25003
413	6.816548	0.032211	-0.140000	-0.320000	0.000000	-0.020000	-0.004000	0.016000	29986	29968	30000	24990	24998	25008
414	6.816615	0.000068	-0.200000	-0.250000	0.000000	-0.020000	-0.004000	0.016000	29980	29975	30000	24990	24998	25008
415	6.844531	0.027915	-0.200000	-0.250000	0.000000	-0.016000	-0.004000	0.012000	29980	29975	30000	24992	24998	25006
416	6.844594	0.000063	-0.030000	0.030000	-0.040000	-0.016000	-0.004000	0.012000	29997	30003	29996	24992	24998	25006
417	6.873817	0.029223	-0.030000	0.030000	-0.040000	-0.010000	-0.002000	0.002000	29997	30003	29996	24995	24999	25001
418	6.873875	0.000058	-0.190000	-0.120000	-0.010000	-0.010000	-0.002000	0.002000	29981	29988	29999	24995	24999	25001
419	6.900738	0.026863	-0.190000	-0.120000	-0.010000	-0.012000	-0.010000	0.008000	29981	29988	29999	24994	24995	25004
420	6.900793	0.000055	-0.150000	-0.110000	-0.050000	-0.012000	-0.010000	0.008000	29985	29989	29995	24994	24995	25004
421	6.927710	0.026917	-0.150000	-0.110000	-0.050000	-0.012000	-0.004000	0.010000	29985	29989	29995	24994	24998	25005
422	6.927797	0.000086	-0.330000	-0.070000	0.000000	-0.012000	-0.004000	0.010000	29967	29993	30000	24994	24998	25005
423	6.958899	0.031102	-0.330000	-0.070000	0.000000	-0.014000	0.002000	0.002000	29967	29993	30000	24993	25001	25001
424	6.958981	0.000082	-0.280000	-0.200000	0.000000	-0.014000	0.002000	0.002000	29972	29980	30000	24993	25001	25001
425	6.992570	0.033589	-0.280000	-0.200000	0.000000	-0.018000	0.000000	0.010000	29972	29980	30000	24991	25000	25005
426	6.992646	0.000076	-0.300000	-0.070000	-0.020000	-0.018000	0.000000	0.010000	29970	29993	29998	24991	25000	25005
427	7.019667	0.027021	-0.300000	-0.070000	-0.020000	-0.016000	0.000000	0.016000	29970	29993	29998	24992	25000	25008
428	7.019740	0.000073	-0.140000	-0.220000	0.050000	-0.016000	0.000000	0.016000	29986	29978	30005	24992	25000	25008
429	7.050441	0.030701	-0.140000	-0.220000	0.050000	-0.016000	-0.006000	0.018000	29986	29978	30005	24992	24997	25009
430	7.050532	0.000091	-0.340000	-0.100000	0.100000	-0.016000	-0.006000	0.018000	29966	29990	30010	24992	24997	25009
431	7.084727	0.034195	-0.340000	-0.100000	0.100000	-0.010000	0.002000	0.004000	29966	29990	30010	24995	25001	25002
432	7.084791	0.000065	-0.020000	0.160000	0.000000	-0.010000	0.002000	0.004000	29998	30016	30000	24995	25001	25002
433	7.115594	0.030803	-0.020000	0.160000	0.000000	-0.004000	-0.006000	0.002000	29998	30016	30000	24998	24997	25001
434	7.115672	0.000078	-0.170000	-0.110000	0.030000	-0.004000	-0.006000	0.002000	29983	29989	30003	24998	24997	25001
435	7.147281	0.031608	-0.170000	-0.110000	0.030000	-0.014000	-0.004000	0.014000	29983	29989	30003	24993	24998	25007
436	7.147348	0.000067	-0.190000	0.080000	0.010000	-0.014000	-0.004000	0.014000	29981	30008	30001	24993	24998	25007
437	7.175882	0.028534	-0.100000	0.000000	0.030000	-0.014000	-0.004000	0.014000	29990	30000	30003	24993	24998	25007
438	7.212234	0.036353	-0.190000	-0.070000	0.000000	-0.014000	-0.004000	0.014000	29981	29993	30000	24993	24998	25007
439	7.245289	0.033055	-0.190000	-0.070000	0.000000	-0.010000	-0.006000	0.008000	29981	29993	30000	24995	24997	25004
440	7.245353	0.000064	-0.200000	-0.130000	-0.100000	-0.010000	-0.006000	0.008000	29980	29987	29990	24995	24997	25004
441	7.275898	0.030545	-0.200000	-0.130000	-0.100000	-0.012000	-0.004000	0.008000	29980	29987	29990	24994	24998	25004
442	7.275972	0.000075	-0.020000	-0.120000	0.000000	-0.012000	-0.004000	0.008000	29998	29988	30000	24994	24998	25004
443	7.303235	0.027262	-0.020000	-0.120000	0.000000	-0.016000	-0.010000	0.012000	29998	29988	30000	24992	24995	25006
444	7.303411	0.000176	-0.200000	-0.100000	0.000000	-0.016000	-0.010000	0.012000	29980	29990	30000	24992	24995	25006
445	7.333924	0.030513	-0.200000	-0.100000	0.000000	-0.008000	-0.008000	0.012000	29980	29990	30000	24996	24996	25006
446	7.333998	0.000074	-0.270000	-0.090000	0.010000	-0.008000	-0.008000	0.012000	29973	29991	30001	24996	24996	25006
447	7.369945	0.035947	-0.270000	-0.090000	0.010000	-0.010000	0.006000	0.002000	29973	29991	30001	24995	25003	25001
448	7.370024	0.000079	-0.160000	-0.240000	0.000000	-0.010000	0.006000	0.002000	29984	29976	30000	24995	25003	25001
449	7.398464	0.028441	-0.160000	-0.240000	0.000000	-0.012000	-0.002000	0.012000	29984	29976	30000	24994	24999	25006
450	7.398564	0.000100	-0.130000	-0.100000	-0.070000	-0.012000	-0.002000	0.012000	29987	29990	29993	24994	24999	25006
451	7.427637	0.029073	-0.130000	-0.100000	-0.070000	-0.012000	0.002000	0.004000	29987	29990	29993	24994	25001	25002
452	7.427707	0.000070	-0.270000	-0.020000	0.060000	-0.012000	0.002000	0.004000	29973	29998	30006	24994	25001	25002
453	7.453877	0.026169	-0.270000	-0.020000	0.060000	-0.014000	0.004000	0.010000	29973	29998	30006	24993	25002	25005
454	7.453941	0.000065	-0.320000	-0.270000	0.000000	-0.014000	0.004000	0.010000	29968	29973	30000	24993	25002	25005
455	7.483824	0.029883	-0.320000	-0.270000	0.000000	-0.014000	-0.004000	0.010000	29968	29973	30000	24993	24998	25005
456	7.483934	0.000110	-0.320000	-0.270000	0.000000	-0.012000	-0.002000	0.008000	29968	29973	30000	24994	24999	25004
457	7.483952	0.000018	-0.160000	-0.050000	-0.020000	-0.012000	-0.002000	0.008000	29984	29995	29998	24994	24999	25004
458	7.511669	0.027717	-0.220000	-0.190000	0.000000	-0.012000	-0.002000	0.008000	29978	29981	30000	24994	24999	25004
459	7.549858	0.038190	-0.220000	-0.190000	0.000000	-0.016000	-0.004000	0.016000	29978	29981	30000	24992	24998	25008
460	7.549950	0.000092	-0.200000	-0.100000	0.010000	-0.016000	-0.004000	0.016000	29980	29990	30001	24992	24998	25008
461	7.578584	0.028634	-0.200000	-0.100000	0.010000	-0.010000	0.002000	0.012000	29980	29990	30001	24995	25001	25006
462	7.578647	0.000063	-0.280000	-0.010000	0.030000	-0.010000	0.002000	0.012000	29972	29999	30003	24995	25001	25006
463	7.604119	0.025472	-0.280000	-0.010000	0.030000	-0.008000	0.002000	0.008000	29972	29999	30003	24996	25001	25004
464	7.604177	0.000058	-0.280000	-0.160000	0.050000	-0.008000	0.002000	0.008000	29972	29984	30005	24996	25001	25004
465	7.634767	0.030590	-0.280000	-0.160000	0.050000	-0.016000	-0.002000	0.006000	29972	29984	30005	24992	24999	25003
466	7.634849	0.000082	-0.410000	-0.160000	0.150000	-0.016000	-0.002000	0.006000	29959	29984	30015	24992	24999	25003
467	7.667103	0.032254	-0.410000	-0.160000	0.150000	-0.012000	0.002000	0.004000	29959	29984	30015	24994	25001	25002
468	7.667163	0.000060	-0.130000	-0.060000	-0.040000	-0.012000	0.002000	0.004000	29987	29994	29996	24994	25001	25002
469	7.694950	0.027787	-0.130000	-0.060000	-0.040000	-0.006000	-0.004000	0.012000	29987	29994	29996	24997	24998	25006
470	7.695016	0.000066	-0.310000	0.040000	0.010000	-0.006000	-0.004000	0.012000	29969	30004	30001	24997	24998	25006
471	7.723642	0.028626	-0.310000	0.040000	0.010000	-0.010000	0.002000	0.008000	29969	30004	30001	24995	25001	25004
472	7.723724	0.000082	-0.350000	-0.050000	0.010000	-0.010000	0.002000	0.008000	29965	29995	30001	24995	25001	25004
473	7.754730	0.031006	-0.350000	-0.050000	0.010000	-0.008000	0.004000	0.006000	29965	29995	30001	24996	25002	25003
474	7.754806	0.000076	-0.260000	-0.120000	0.050000	-0.008000	0.004000	0.006000	29974	29988	30005	24996	25002	25003
475	7.786692	0.031886	-0.260000	-0.120000	0.050000	-0.014000	0.000000	0.004000	29974	29988	30005	24993	25000	25002
476	7.786765	0.000073	-0.250000	-0.180000	-0.020000	-0.014000	0.000000	0.004000	29975	29982	29998	24993	25000	25002
477	7.817093	0.030328	-0.250000	-0.180000	-0.020000	-0.010000	-0.004000	0.020000	29975	29982	29998	24995	24998	25010
478	7.817188	0.000095	-0.190000	-0.110000	-0.040000	-0.010000	-0.004000	0.020000	29981	29989	29996	24995	24998	25010
479	7.859038	0.041850	-0.190000	-0.110000	-0.040000	-0.012000	0.000000	0.016000	29981	29989	29996	24994	25000	25008
480	7.859179	0.000141	-0.100000	-0.100000	-0.040000	-0.012000	0.000000	0.016000	29990	29990	29996	24994	25000	25008
481	7.892702	0.033523	-0.100000	-0.100000	-0.040000	-0.018000	-0.004000	0.012000	29990	29990	29996	24991	24998	25006
482	7.892773	0.000071	-0.140000	0.070000	0.010000	-0.018000	-0.004000	0.012000	29986	30007	30001	24991	24998	25006
483	7.921551	0.028778	-0.140000	0.070000	0.010000	-0.012000	-0.002000	0.006000	29986	30007	30001	24994	24999	25003
484	7.921617	0.000066	-0.280000	-0.170000	0.000000	-0.012000	-0.002000	0.006000	29972	29983	30000	24994	24999	25003
485	7.952077	0.030461	-0.280000	-0.170000	0.000000	-0.014000	-0.004000	0.014000	29972	29983	30000	24993	24998	25007
486	7.952150	0.000073	-0.320000	-0.080000	-0.090000	-0.014000	-0.004000	0.014000	29968	29992	29991	24993	24998	25007
487	7.983002	0.030852	-0.400000	0.010000	0.010000	-0.014000	-0.004000	0.014000	29960	30001	30001	24993	24998	25007
488	8.014575	0.031573	-0.200000	0.110000	0.010000	-0.014000	-0.004000	0.014000	29980	30011	30001	24993	24998	25007
489	8.045977	0.031402	-0.200000	0.110000	0.010000	-0.002000	0.002000	-0.004000	29980	30011	30001	24999	25001	24998
490	8.046047	0.000070	-0.030000	0.160000	-0.090000	-0.002000	0.002000	-0.004000	29997	30016	29991	24999	25001	24998
491	8.079950	0.033903	-0.030000	0.160000	-0.090000	-0.002000	-0.002000	0.000000	29997	30016	29991	24999	24999	25000
492	8.080020	0.000070	-0.180000	0.020000	-0.040000	-0.002000	-0.002000	0.000000	29982	30002	29996	24999	24999	25000
493	8.111719	0.031700	-0.180000	0.020000	-0.040000	-0.014000	-0.002000	0.016000	29982	30002	29996	24993	24999	25008
494	8.111797	0.000077	-0.180000	0.020000	-0.040000	-0.014000	-0.008000	0.006000	29982	30002	29996	24993	24996	25003
495	8.111819	0.000022	0.000000	-0.220000	0.000000	-0.014000	-0.008000	0.006000	30000	29978	30000	24993	24996	25003
496	8.142557	0.030738	-0.150000	-0.110000	0.000000	-0.014000	-0.008000	0.006000	29985	29989	30000	24993	24996	25003
497	8.175746	0.033189	-0.150000	-0.110000	0.000000	-0.010000	0.002000	0.004000	29985	29989	30000	24995	25001	25002
498	8.175850	0.000104	0.000000	0.000000	-0.070000	-0.010000	0.002000	0.004000	30000	30000	29993	24995	25001	25002
499	8.207716	0.031866	0.000000	0.000000	-0.070000	-0.006000	-0.008000	0.004000	30000	30000	29993	24997	24996	25002
500	8.207797	0.000081	0.000000	0.000000	-0.070000	-0.004000	0.002000	-0.004000	30000	30000	29993	24998	25001	24998
501	8.207849	0.000052	0.070000	-0.070000	0.000000	-0.004000	0.002000	-0.004000	30007	29993	30000	24998	25001	24998
502	8.246183	0.038335	-0.200000	-0.060000	-0.020000	-0.004000	0.002000	-0.004000	29980	29994	29998	24998	25001	24998
503	8.278283	0.032099	-0.200000	-0.060000	-0.020000	-0.008000	-0.002000	0.004000	29980	29994	29998	24996	24999	25002
504	8.278374	0.000091	-0.230000	-0.130000	0.050000	-0.008000	-0.002000	0.004000	29977	29987	30005	24996	24999	25002
505	8.307000	0.028627	-0.230000	-0.130000	0.050000	-0.016000	-0.006000	0.018000	29977	29987	30005	24992	24997	25009
506	8.307086	0.000086	-0.100000	-0.140000	0.000000	-0.016000	-0.006000	0.018000	29990	29986	30000	24992	24997	25009
507	8.340058	0.032971	-0.100000	-0.140000	0.000000	-0.012000	-0.004000	0.014000	29990	29986	30000	24994	24998	25007
508	8.340122	0.000064	-0.200000	-0.130000	-0.020000	-0.012000	-0.004000	0.014000	29980	29987	29998	24994	24998	25007
509	8.368591	0.028469	-0.200000	-0.130000	-0.020000	-0.016000	-0.006000	0.008000	29980	29987	29998	24992	24997	25004
510	8.368679	0.000088	-0.140000	0.170000	-0.040000	-0.016000	-0.006000	0.008000	29986	30017	29996	24992	24997	25004
511	8.395618	0.026939	-0.140000	0.170000	-0.040000	0.000000	-0.002000	-0.004000	29986	30017	29996	25000	24999	24998
512	8.395746	0.000128	-0.140000	-0.040000	-0.050000	0.000000	-0.002000	-0.004000	29986	29996	29995	25000	24999	24998
513	8.425239	0.029493	-0.140000	-0.040000	-0.050000	-0.010000	-0.004000	0.004000	29986	29996	29995	24995	24998	25002
514	8.425322	0.000083	-0.310000	-0.150000	0.010000	-0.010000	-0.004000	0.004000	29969	29985	30001	24995	24998	25002
515	8.456611	0.031290	-0.310000	-0.150000	0.010000	-0.010000	-0.002000	0.016000	29969	29985	30001	24995	24999	25008
516	8.456710	0.000099	-0.260000	-0.050000	-0.050000	-0.010000	-0.002000	0.016000	29974	29995	29995	24995	24999	25008
517	8.489847	0.033136	-0.260000	-0.050000	-0.050000	-0.008000	0.000000	0.000000	29974	29995	29995	24996	25000	25000
518	8.489977	0.000130	-0.220000	-0.130000	0.050000	-0.008000	0.000000	0.000000	29978	29987	30005	24996	25000	25000
519	8.524458	0.034481	-0.220000	-0.130000	0.050000	-0.012000	0.000000	0.012000	29978	29987	30005	24994	25000	25006
520	8.524603	0.000145	-0.160000	-0.030000	0.000000	-0.012000	0.000000	0.012000	29984	29997	30000	24994	25000	25006
521	8.558273	0.033670	-0.160000	-0.030000	0.000000	-0.002000	-0.006000	0.002000	29984	29997	30000	24999	24997	25001
522	8.558357	0.000084	-0.140000	0.020000	-0.050000	-0.002000	-0.006000	0.002000	29986	30002	29995	24999	24997	25001
523	8.590419	0.032062	-0.140000	0.020000	-0.050000	-0.004000	0.000000	-0.002000	29986	30002	29995	24998	25000	24999
524	8.590531	0.000112	0.240000	-0.040000	-0.030000	-0.004000	0.000000	-0.002000	30024	29996	29997	24998	25000	24999
525	8.617526	0.026995	0.240000	-0.040000	-0.030000	-0.010000	-0.012000	0.006000	30024	29996	29997	24995	24994	25003
526	8.617600	0.000074	-0.060000	0.140000	0.000000	-0.010000	-0.012000	0.006000	29994	30014	30000	24995	24994	25003
527	8.647765	0.030165	-0.060000	0.140000	0.000000	-0.004000	0.002000	0.000000	29994	30014	30000	24998	25001	25000
528	8.647843	0.000078	-0.210000	-0.090000	-0.050000	-0.004000	0.002000	0.000000	29979	29991	29995	24998	25001	25000
529	8.677772	0.029929	-0.210000	-0.090000	-0.050000	-0.010000	-0.004000	0.012000	29979	29991	29995	24995	24998	25006
530	8.677864	0.000092	-0.120000	-0.040000	0.000000	-0.010000	-0.004000	0.012000	29988	29996	30000	24995	24998	25006
531	8.704602	0.026738	-0.120000	-0.040000	0.000000	-0.006000	0.000000	0.002000	29988	29996	30000	24997	25000	25001
532	8.704690	0.000088	-0.120000	-0.040000	0.000000	-0.008000	-0.008000	0.006000	29988	29996	30000	24996	24996	25003
533	8.704709	0.000019	-0.210000	0.130000	0.000000	-0.008000	-0.008000	0.006000	29979	30013	30000	24996	24996	25003
534	8.735525	0.030816	-0.060000	0.050000	0.020000	-0.008000	-0.008000	0.006000	29994	30005	30002	24996	24996	25003
535	8.765603	0.030077	-0.060000	0.050000	0.020000	-0.002000	-0.002000	-0.006000	29994	30005	30002	24999	24999	24997
536	8.765672	0.000070	-0.080000	0.030000	-0.050000	-0.002000	-0.002000	-0.006000	29992	30003	29995	24999	24999	24997
537	8.792721	0.027049	-0.080000	0.030000	-0.050000	-0.004000	0.002000	-0.006000	29992	30003	29995	24998	25001	24997
538	8.792798	0.000076	-0.160000	-0.190000	-0.070000	-0.004000	0.002000	-0.006000	29984	29981	29993	24998	25001	24997
539	8.823564	0.030767	-0.160000	-0.190000	-0.070000	-0.014000	-0.002000	0.018000	29984	29981	29993	24993	24999	25009
540	8.823650	0.000085	-0.370000	-0.160000	0.000000	-0.014000	-0.002000	0.018000	29963	29984	30000	24993	24999	25009
541	8.854822	0.031173	-0.370000	-0.160000	0.000000	-0.006000	0.002000	0.004000	29963	29984	30000	24997	25001	25002
542	8.854899	0.000077	-0.340000	0.060000	0.000000	-0.006000	0.002000	0.004000	29966	30006	30000	24997	25001	25002
543	8.887010	0.032111	-0.340000	0.060000	0.000000	-0.008000	0.004000	-0.002000	29966	30006	30000	24996	25002	24999
544	8.887090	0.000080	-0.040000	-0.010000	-0.070000	-0.008000	0.004000	-0.002000	29996	29999	29993	24996	25002	24999
545	8.921567	0.034477	-0.040000	-0.010000	-0.070000	-0.008000	-0.002000	0.002000	29996	29999	29993	24996	24999	25001
546	8.921650	0.000083	-0.160000	-0.180000	0.010000	-0.008000	-0.002000	0.002000	29984	29982	30001	24996	24999	25001
547	8.958028	0.036379	-0.160000	-0.180000	0.010000	-0.008000	-0.002000	0.012000	29984	29982	30001	24996	24999	25006
548	8.958095	0.000066	-0.100000	0.040000	0.100000	-0.008000	-0.002000	0.012000	29990	30004	30010	24996	24999	25006
549	8.988431	0.030336	-0.100000	0.040000	0.100000	-0.004000	0.000000	-0.004000	29990	30004	30010	24998	25000	24998
550	8.988514	0.000083	-0.330000	-0.130000	0.000000	-0.004000	0.000000	-0.004000	29967	29987	30000	24998	25000	24998
551	9.021747	0.033233	-0.330000	-0.130000	0.000000	-0.010000	-0.006000	0.018000	29967	29987	30000	24995	24997	25009
552	9.021948	0.000202	0.250000	0.000000	0.050000	-0.010000	-0.006000	0.018000	30025	30000	30005	24995	24997	25009
553	9.052940	0.030992	0.250000	0.000000	0.050000	-0.006000	-0.014000	0.014000	30025	30000	30005	24997	24993	25007
554	9.053003	0.000063	0.090000	-0.190000	-0.050000	-0.006000	-0.014000	0.014000	30009	29981	29995	24997	24993	25007
555	9.078896	0.025893	0.090000	-0.190000	-0.050000	-0.006000	-0.012000	0.004000	30009	29981	29995	24997	24994	25002
556	9.078988	0.000092	0.090000	-0.010000	-0.030000	-0.006000	-0.012000	0.004000	30009	29999	29997	24997	24994	25002
557	9.110022	0.031035	0.090000	-0.010000	-0.030000	-0.006000	-0.008000	0.002000	30009	29999	29997	24997	24996	25001
558	9.110098	0.000076	-0.290000	0.000000	-0.040000	-0.006000	-0.008000	0.002000	29971	30000	29996	24997	24996	25001
559	9.140261	0.030163	-0.290000	0.000000	-0.040000	-0.002000	0.008000	-0.008000	29971	30000	29996	24999	25004	24996
560	9.140339	0.000078	-0.180000	-0.260000	0.020000	-0.002000	0.008000	-0.008000	29982	29974	30002	24999	25004	24996
561	9.172088	0.031749	-0.240000	-0.150000	0.050000	-0.002000	0.008000	-0.008000	29976	29985	30005	24999	25004	24996
562	9.199634	0.027546	-0.240000	-0.150000	0.050000	-0.012000	0.002000	0.006000	29976	29985	30005	24994	25001	25003
563	9.199749	0.000114	-0.190000	-0.050000	0.000000	-0.012000	0.002000	0.006000	29981	29995	30000	24994	25001	25003
564	9.231446	0.031698	-0.190000	-0.050000	0.000000	-0.002000	0.002000	-0.004000	29981	29995	30000	24999	25001	24998
565	9.231528	0.000081	-0.130000	0.100000	0.010000	-0.002000	0.002000	-0.004000	29987	30010	30001	24999	25001	24998
566	9.264612	0.033084	-0.130000	0.100000	0.010000	0.000000	0.002000	-0.006000	29987	30010	30001	25000	25001	24997
567	9.264763	0.000151	-0.340000	0.030000	-0.040000	0.000000	0.002000	-0.006000	29966	30003	29996	25000	25001	24997
568	9.297838	0.033075	-0.340000	0.030000	-0.040000	-0.008000	0.008000	0.000000	29966	30003	29996	24996	25004	25000
569	9.297929	0.000091	-0.110000	0.060000	0.000000	-0.008000	0.008000	0.000000	29989	30006	30000	24996	25004	25000
570	9.329562	0.031633	-0.110000	0.060000	0.000000	-0.006000	-0.002000	0.004000	29989	30006	30000	24997	24999	25002
571	9.329780	0.000218	-0.050000	-0.020000	-0.050000	-0.006000	-0.002000	0.004000	29995	29998	29995	24997	24999	25002
572	9.370313	0.040532	-0.440000	-0.040000	0.050000	-0.006000	-0.002000	0.004000	29956	29996	30005	24997	24999	25002
573	9.397450	0.027137	0.040000	-0.150000	0.000000	-0.006000	-0.002000	0.004000	30004	29985	30000	24997	24999	25002
574	9.432543	0.035093	0.040000	-0.150000	0.000000	-0.012000	-0.006000	0.008000	30004	29985	30000	24994	24997	25004
575	9.432630	0.000087	-0.150000	-0.180000	0.000000	-0.012000	-0.006000	0.008000	29985	29982	30000	24994	24997	25004
576	9.467575	0.034945	-0.150000	-0.180000	0.000000	-0.004000	0.002000	0.010000	29985	29982	30000	24998	25001	25005
577	9.467660	0.000085	-0.130000	-0.080000	0.000000	-0.004000	0.002000	0.010000	29987	29992	30000	24998	25001	25005
578	9.494634	0.026974	0.070000	-0.090000	0.000000	-0.004000	0.002000	0.010000	30007	29991	30000	24998	25001	25005
579	9.528355	0.033722	0.020000	-0.050000	-0.020000	-0.004000	0.002000	0.010000	30002	29995	29998	24998	25001	25005
580	9.560180	0.031825	0.020000	-0.050000	-0.020000	-0.006000	-0.002000	0.000000	30002	29995	29998	24997	24999	25000
581	9.560268	0.000088	-0.140000	0.010000	0.030000	-0.006000	-0.002000	0.000000	29986	30001	30003	24997	24999	25000
582	9.588583	0.028316	-0.140000	0.010000	0.030000	-0.008000	0.006000	0.000000	29986	30001	30003	24996	25003	25000
583	9.588759	0.000175	-0.070000	0.000000	0.000000	-0.008000	0.006000	0.000000	29993	30000	30000	24996	25003	25000
584	9.622242	0.033484	-0.070000	0.000000	0.000000	-0.002000	-0.006000	-0.002000	29993	30000	30000	24999	24997	24999
585	9.622329	0.000087	-0.130000	-0.030000	0.000000	-0.002000	-0.006000	-0.002000	29987	29997	30000	24999	24997	24999
586	9.655053	0.032724	-0.130000	-0.030000	0.000000	-0.002000	0.000000	0.000000	29987	29997	30000	24999	25000	25000
587	9.655131	0.000079	-0.010000	0.080000	-0.020000	-0.002000	0.000000	0.000000	29999	30008	29998	24999	25000	25000
588	9.688823	0.033692	-0.010000	0.080000	-0.020000	0.002000	-0.004000	-0.004000	29999	30008	29998	25001	24998	24998
589	9.688890	0.000067	-0.150000	-0.010000	-0.090000	0.002000	-0.004000	-0.004000	29985	29999	29991	25001	24998	24998
590	9.720650	0.031760	-0.150000	-0.010000	-0.090000	-0.006000	0.004000	0.006000	29985	29999	29991	24997	25002	25003
591	9.720738	0.000087	-0.120000	-0.140000	0.000000	-0.006000	0.004000	0.006000	29988	29986	30000	24997	25002	25003
592	9.753888	0.033150	-0.120000	-0.140000	0.000000	-0.010000	0.002000	-0.002000	29988	29986	30000	24995	25001	24999
593	9.753979	0.000091	-0.010000	-0.100000	-0.030000	-0.010000	0.002000	-0.002000	29999	29990	29997	24995	25001	24999
594	9.788502	0.034523	-0.010000	-0.100000	-0.030000	-0.010000	-0.006000	0.004000	29999	29990	29997	24995	24997	25002
595	9.788573	0.000071	-0.110000	-0.030000	0.000000	-0.010000	-0.006000	0.004000	29989	29997	30000	24995	24997	25002
596	9.819823	0.031250	-0.110000	-0.030000	0.000000	0.000000	0.002000	-0.002000	29989	29997	30000	25000	25001	24999
597	9.819901	0.000078	-0.130000	-0.150000	0.000000	0.000000	0.002000	-0.002000	29987	29985	30000	25000	25001	24999
598	9.851692	0.031792	-0.130000	-0.150000	0.000000	-0.006000	0.000000	0.006000	29987	29985	30000	24997	25000	25003
599	9.851770	0.000078	0.020000	-0.040000	-0.050000	-0.006000	0.000000	0.006000	30002	29996	29995	24997	25000	25003
600	9.882805	0.031035	0.020000	-0.040000	-0.050000	-0.006000	0.000000	-0.002000	30002	29996	29995	24997	25000	24999
601	9.882908	0.000103	-0.160000	-0.120000	0.000000	-0.006000	0.000000	-0.002000	29984	29988	30000	24997	25000	24999
602	9.916455	0.033547	-0.160000	-0.120000	0.000000	-0.006000	0.000000	0.006000	29984	29988	30000	24997	25000	25003
603	9.916645	0.000190	-0.020000	0.120000	0.000000	-0.006000	0.000000	0.006000	29998	30012	30000	24997	25000	25003
604	9.947790	0.031144	-0.020000	0.120000	0.000000	-0.002000	0.002000	-0.008000	29998	30012	30000	24999	25001	24996
605	9.947866	0.000077	-0.100000	-0.140000	0.050000	-0.002000	0.002000	-0.008000	29990	29986	30005	24999	25001	24996
606	9.975063	0.027197	-0.100000	-0.140000	0.050000	-0.010000	-0.004000	0.014000	29990	29986	30005	24995	24998	25007
607	9.975130	0.000068	-0.230000	0.070000	0.010000	-0.010000	-0.004000	0.014000	29977	30007	30001	24995	24998	25007
608	10.003415	0.028284	-0.230000	0.070000	0.010000	-0.002000	-0.002000	0.010000	29977	30007	30001	24999	24999	25005
609	10.003490	0.000075	0.120000	0.110000	-0.040000	-0.002000	-0.002000	0.010000	30012	30011	29996	24999	24999	25005
610	10.029989	0.026499	-0.020000	0.090000	-0.030000	-0.002000	-0.002000	0.010000	29998	30009	29997	24999	24999	25005
611	10.056581	0.026592	-0.080000	0.090000	-0.020000	-0.002000	-0.002000	0.010000	29992	30009	29998	24999	24999	25005
612	10.088530	0.031949	-0.080000	0.090000	-0.020000	-0.006000	-0.002000	0.000000	29992	30009	29998	24997	24999	25000
613	10.088690	0.000160	0.020000	-0.190000	-0.050000	-0.006000	-0.002000	0.000000	30002	29981	29995	24997	24999	25000
614	10.115941	0.027251	0.020000	-0.190000	-0.050000	-0.006000	-0.002000	0.010000	30002	29981	29995	24997	24999	25005
615	10.116010	0.000069	-0.020000	-0.070000	0.020000	-0.006000	-0.002000	0.010000	29998	29993	30002	24997	24999	25005
616	10.142122	0.026112	-0.020000	-0.070000	0.020000	-0.006000	-0.004000	-0.006000	29998	29993	30002	24997	24998	24997
617	10.142187	0.000064	-0.190000	-0.100000	-0.050000	-0.006000	-0.004000	-0.006000	29981	29990	29995	24997	24998	24997
618	10.173961	0.031774	-0.190000	-0.100000	-0.050000	-0.004000	-0.004000	0.008000	29981	29990	29995	24998	24998	25004
619	10.174025	0.000065	-0.160000	0.030000	0.060000	-0.004000	-0.004000	0.008000	29984	30003	30006	24998	24998	25004
620	10.202159	0.028134	-0.230000	-0.120000	0.050000	-0.004000	-0.004000	0.008000	29977	29988	30005	24998	24998	25004
621	10.230586	0.028426	-0.210000	-0.140000	-0.050000	-0.004000	-0.004000	0.008000	29979	29986	29995	24998	24998	25004
622	10.258218	0.027632	-0.210000	-0.140000	-0.050000	-0.004000	0.002000	0.004000	29979	29986	29995	24998	25001	25002
623	10.258279	0.000061	-0.100000	0.060000	0.050000	-0.004000	0.002000	0.004000	29990	30006	30005	24998	25001	25002
624	10.287215	0.028936	-0.100000	0.060000	0.050000	-0.006000	0.004000	-0.004000	29990	30006	30005	24997	25002	24998
625	10.287271	0.000056	-0.010000	-0.010000	0.000000	-0.006000	0.004000	-0.004000	29999	29999	30000	24997	25002	24998
626	10.316195	0.028923	-0.010000	-0.010000	0.000000	-0.010000	-0.006000	0.008000	29999	29999	30000	24995	24997	25004
627	10.316260	0.000065	-0.060000	-0.140000	0.000000	-0.010000	-0.006000	0.008000	29994	29986	30000	24995	24997	25004
628	10.344804	0.028544	-0.060000	-0.140000	0.000000	-0.010000	-0.006000	0.006000	29994	29986	30000	24995	24997	25003
629	10.344877	0.000073	-0.080000	-0.080000	0.000000	-0.010000	-0.006000	0.006000	29992	29992	30000	24995	24997	25003
630	10.376202	0.031325	-0.080000	-0.080000	0.000000	-0.012000	0.000000	0.010000	29992	29992	30000	24994	25000	25005
631	10.376271	0.000068	-0.070000	-0.180000	-0.100000	-0.012000	0.000000	0.010000	29993	29982	29990	24994	25000	25005
632	10.406727	0.030456	-0.070000	-0.180000	-0.100000	-0.006000	-0.002000	0.014000	29993	29982	29990	24997	24999	25007
633	10.406804	0.000077	-0.160000	-0.150000	0.000000	-0.006000	-0.002000	0.014000	29984	29985	30000	24997	24999	25007
634	10.436397	0.029593	-0.160000	-0.150000	0.000000	-0.010000	0.000000	0.006000	29984	29985	30000	24995	25000	25003
635	10.436458	0.000061	-0.250000	-0.010000	-0.040000	-0.010000	0.000000	0.006000	29975	29999	29996	24995	25000	25003
636	10.464389	0.027931	-0.250000	-0.010000	-0.040000	0.000000	0.002000	0.006000	29975	29999	29996	25000	25001	25003
637	10.464455	0.000066	-0.140000	-0.310000	0.100000	0.000000	0.002000	0.006000	29986	29969	30010	25000	25001	25003
638	10.492644	0.028189	-0.140000	-0.310000	0.100000	-0.016000	-0.004000	0.010000	29986	29969	30010	24992	24998	25005
639	10.492707	0.000063	-0.250000	-0.080000	0.030000	-0.016000	-0.004000	0.010000	29975	29992	30003	24992	24998	25005
640	10.522608	0.029901	-0.250000	-0.080000	0.030000	-0.012000	0.004000	0.004000	29975	29992	30003	24994	25002	25002
641	10.522666	0.000058	-0.250000	-0.080000	0.030000	-0.016000	0.000000	0.016000	29975	29992	30003	24992	25000	25008
642	10.522684	0.000018	-0.030000	-0.120000	0.050000	-0.016000	0.000000	0.016000	29997	29988	30005	24992	25000	25008
643	10.550036	0.027352	-0.340000	-0.090000	-0.040000	-0.016000	0.000000	0.016000	29966	29991	29996	24992	25000	25008
644	10.578383	0.028348	-0.340000	-0.090000	-0.040000	-0.002000	0.004000	0.000000	29966	29991	29996	24999	25002	25000
645	10.578490	0.000106	-0.140000	-0.160000	0.050000	-0.002000	0.004000	0.000000	29986	29984	30005	24999	25002	25000
646	10.608701	0.030211	-0.140000	-0.160000	0.050000	-0.018000	0.000000	0.014000	29986	29984	30005	24991	25000	25007
647	10.608783	0.000082	-0.040000	-0.190000	-0.040000	-0.018000	0.000000	0.014000	29996	29981	29996	24991	25000	25007
648	10.635649	0.026866	-0.040000	-0.190000	-0.040000	-0.010000	0.000000	0.006000	29996	29981	29996	24995	25000	25003
649	10.635732	0.000083	-0.100000	-0.190000	-0.020000	-0.010000	0.000000	0.006000	29990	29981	29998	24995	25000	25003
650	10.666529	0.030797	-0.100000	-0.190000	-0.020000	-0.006000	-0.006000	0.016000	29990	29981	29998	24997	24997	25008
651	10.666635	0.000105	-0.140000	0.040000	-0.040000	-0.006000	-0.006000	0.016000	29986	30004	29996	24997	24997	25008
652	10.699045	0.032410	-0.140000	0.040000	-0.040000	-0.004000	-0.004000	0.006000	29986	30004	29996	24998	24998	25003
653	10.699128	0.000083	-0.130000	-0.170000	0.050000	-0.004000	-0.004000	0.006000	29987	29983	30005	24998	24998	25003
654	10.726856	0.027729	-0.130000	-0.170000	0.050000	-0.010000	0.004000	0.004000	29987	29983	30005	24995	25002	25002
655	10.726916	0.000059	-0.100000	-0.020000	-0.040000	-0.010000	0.004000	0.004000	29990	29998	29996	24995	25002	25002
656	10.756077	0.029162	-0.100000	-0.020000	-0.040000	-0.002000	0.004000	0.000000	29990	29998	29996	24999	25002	25000
657	10.756158	0.000081	-0.090000	-0.070000	-0.020000	-0.002000	0.004000	0.000000	29991	29993	29998	24999	25002	25000
658	10.784102	0.027944	-0.090000	-0.070000	-0.020000	-0.010000	0.002000	0.006000	29991	29993	29998	24995	25001	25003
659	10.784167	0.000065	-0.040000	-0.030000	-0.050000	-0.010000	0.002000	0.006000	29996	29997	29995	24995	25001	25003
660	10.814269	0.030102	-0.040000	-0.030000	-0.050000	-0.012000	-0.004000	0.002000	29996	29997	29995	24994	24998	25001
661	10.814332	0.000063	-0.210000	0.020000	0.010000	-0.012000	-0.004000	0.002000	29979	30002	30001	24994	24998	25001
662	10.842336	0.028005	-0.210000	0.020000	0.010000	-0.004000	0.008000	0.000000	29979	30002	30001	24998	25004	25000
663	10.842408	0.000072	-0.310000	0.080000	-0.020000	-0.004000	0.008000	0.000000	29969	30008	29998	24998	25004	25000
664	10.870203	0.027795	-0.310000	0.080000	-0.020000	-0.006000	0.004000	0.002000	29969	30008	29998	24997	25002	25001
665	10.870268	0.000065	0.010000	0.070000	0.000000	-0.006000	0.004000	0.002000	30001	30007	30000	24997	25002	25001
666	10.901329	0.031062	0.010000	0.070000	0.000000	-0.002000	-0.006000	0.004000	30001	30007	30000	24999	24997	25002
667	10.901430	0.000101	-0.100000	0.050000	-0.020000	-0.002000	-0.006000	0.004000	29990	30005	29998	24999	24997	25002
668	10.936101	0.034671	-0.100000	0.050000	-0.020000	-0.002000	-0.002000	0.002000	29990	30005	29998	24999	24999	25001
669	10.936182	0.000081	-0.100000	-0.210000	0.000000	-0.002000	-0.002000	0.002000	29990	29979	30000	24999	24999	25001
670	10.968648	0.032466	-0.100000	-0.210000	0.000000	-0.008000	-0.006000	0.008000	29990	29979	30000	24996	24997	25004
671	10.968720	0.000072	-0.080000	0.000000	0.000000	-0.008000	-0.006000	0.008000	29992	30000	30000	24996	24997	25004
672	11.001422	0.032702	-0.080000	0.000000	0.000000	-0.008000	0.002000	0.000000	29992	30000	30000	24996	25001	25000
673	11.001490	0.000068	-0.020000	0.080000	0.000000	-0.008000	0.002000	0.000000	29998	30008	30000	24996	25001	25000
674	11.031980	0.030489	-0.020000	0.080000	0.000000	-0.002000	-0.002000	0.002000	29998	30008	30000	24999	24999	25001
675	11.032086	0.000107	-0.180000	-0.150000	0.050000	-0.002000	-0.002000	0.002000	29982	29985	30005	24999	24999	25001
676	11.060919	0.028833	-0.180000	-0.150000	0.050000	-0.014000	0.006000	0.008000	29982	29985	30005	24993	25003	25004
677	11.060988	0.000069	0.060000	0.010000	-0.050000	-0.014000	0.006000	0.008000	30006	30001	29995	24993	25003	25004
678	11.090112	0.029124	0.060000	0.010000	-0.050000	0.002000	0.002000	0.004000	30006	30001	29995	25001	25001	25002
679	11.090187	0.000075	0.060000	0.010000	-0.050000	0.000000	0.006000	-0.008000	30006	30001	29995	25000	25003	24996
680	11.090211	0.000024	0.000000	-0.030000	-0.050000	0.000000	0.006000	-0.008000	30000	29997	29995	25000	25003	24996
681	11.118040	0.027828	0.000000	-0.030000	-0.050000	-0.002000	0.002000	0.000000	30000	29997	29995	24999	25001	25000
682	11.118102	0.000062	-0.330000	-0.250000	0.050000	-0.002000	0.002000	0.000000	29967	29975	30005	24999	25001	25000
683	11.149510	0.031408	-0.220000	-0.060000	0.000000	-0.002000	0.002000	0.000000	29978	29994	30000	24999	25001	25000
684	11.181954	0.032444	-0.220000	-0.060000	0.000000	-0.002000	0.002000	0.002000	29978	29994	30000	24999	25001	25001
685	11.182062	0.000109	-0.220000	-0.060000	0.000000	-0.004000	-0.010000	0.002000	29978	29994	30000	24998	24995	25001
686	11.182089	0.000027	0.170000	0.030000	-0.030000	-0.004000	-0.010000	0.002000	30017	30003	29997	24998	24995	25001
687	11.216292	0.034203	-0.130000	-0.080000	0.020000	-0.004000	-0.010000	0.002000	29987	29992	30002	24998	24995	25001
688	11.248764	0.032472	-0.130000	-0.080000	0.020000	-0.006000	-0.006000	0.010000	29987	29992	30002	24997	24997	25005
689	11.248876	0.000111	-0.100000	-0.080000	0.000000	-0.006000	-0.006000	0.010000	29990	29992	30000	24997	24997	25005
690	11.276667	0.027791	-0.100000	-0.080000	0.000000	-0.004000	-0.002000	0.002000	29990	29992	30000	24998	24999	25001
691	11.276730	0.000064	-0.260000	0.000000	0.010000	-0.004000	-0.002000	0.002000	29974	30000	30001	24998	24999	25001
692	11.308070	0.031339	-0.260000	0.000000	0.010000	-0.008000	0.008000	0.004000	29974	30000	30001	24996	25004	25002
693	11.308140	0.000070	-0.050000	0.060000	-0.050000	-0.008000	0.008000	0.004000	29995	30006	29995	24996	25004	25002
694	11.335687	0.027547	-0.050000	0.060000	-0.050000	-0.006000	-0.008000	0.004000	29995	30006	29995	24997	24996	25002
695	11.335750	0.000063	-0.090000	-0.170000	0.020000	-0.006000	-0.008000	0.004000	29991	29983	30002	24997	24996	25002
696	11.370690	0.034940	-0.090000	-0.170000	0.020000	-0.008000	0.000000	0.002000	29991	29983	30002	24996	25000	25001
697	11.370765	0.000075	0.040000	-0.010000	0.000000	-0.008000	0.000000	0.002000	30004	29999	30000	24996	25000	25001
698	11.398586	0.027821	0.040000	-0.010000	0.000000	-0.008000	-0.006000	0.000000	30004	29999	30000	24996	24997	25000
699	11.398654	0.000068	-0.180000	-0.010000	0.050000	-0.008000	-0.006000	0.000000	29982	29999	30005	24996	24997	25000
700	11.425827	0.027173	-0.180000	-0.010000	0.050000	-0.006000	0.000000	0.004000	29982	29999	30005	24997	25000	25002
701	11.425945	0.000118	-0.180000	-0.010000	0.050000	-0.002000	0.000000	-0.006000	29982	29999	30005	24999	25000	24997
702	11.425963	0.000018	-0.140000	0.110000	-0.050000	-0.002000	0.000000	-0.006000	29986	30011	29995	24999	25000	24997
703	11.458817	0.032854	0.060000	0.100000	-0.050000	-0.002000	0.000000	-0.006000	30006	30010	29995	24999	25000	24997
704	11.491281	0.032464	0.060000	0.100000	-0.050000	0.002000	-0.002000	-0.006000	30006	30010	29995	25001	24999	24997
705	11.491391	0.000110	-0.050000	-0.050000	0.000000	0.002000	-0.002000	-0.006000	29995	29995	30000	25001	24999	24997
706	11.529001	0.037610	-0.050000	-0.050000	0.000000	-0.002000	0.000000	0.006000	29995	29995	30000	24999	25000	25003
707	11.529070	0.000069	0.050000	-0.010000	0.000000	-0.002000	0.000000	0.006000	30005	29999	30000	24999	25000	25003
708	11.556609	0.027539	0.050000	-0.010000	0.000000	-0.004000	-0.006000	0.008000	30005	29999	30000	24998	24997	25004
709	11.556674	0.000065	-0.170000	0.040000	0.000000	-0.004000	-0.006000	0.008000	29983	30004	30000	24998	24997	25004
710	11.588315	0.031641	-0.170000	0.040000	0.000000	-0.006000	0.000000	0.002000	29983	30004	30000	24997	25000	25001
711	11.588391	0.000076	-0.030000	-0.170000	-0.050000	-0.006000	0.000000	0.002000	29997	29983	29995	24997	25000	25001
712	11.621615	0.033224	-0.030000	-0.170000	-0.050000	-0.014000	-0.012000	0.010000	29997	29983	29995	24993	24994	25005
713	11.621686	0.000071	0.130000	0.050000	-0.050000	-0.014000	-0.012000	0.010000	30013	30005	29995	24993	24994	25005
714	11.656120	0.034434	0.130000	0.050000	-0.050000	-0.002000	-0.004000	0.004000	30013	30005	29995	24999	24998	25002
715	11.656187	0.000067	-0.030000	-0.170000	-0.020000	-0.002000	-0.004000	0.004000	29997	29983	29998	24999	24998	25002
716	11.694005	0.037818	-0.110000	-0.090000	-0.020000	-0.002000	-0.004000	0.004000	29989	29991	29998	24999	24998	25002
717	11.727122	0.033117	-0.110000	-0.230000	0.000000	-0.002000	-0.004000	0.004000	29989	29977	30000	24999	24998	25002
718	11.760100	0.032978	-0.110000	-0.230000	0.000000	-0.014000	-0.002000	0.008000	29989	29977	30000	24993	24999	25004
719	11.760176	0.000076	-0.070000	-0.170000	0.050000	-0.014000	-0.002000	0.008000	29993	29983	30005	24993	24999	25004
720	11.791840	0.031664	-0.070000	-0.170000	0.050000	-0.008000	-0.006000	0.010000	29993	29983	30005	24996	24997	25005
721	11.791919	0.000079	-0.100000	0.000000	-0.050000	-0.008000	-0.006000	0.010000	29990	30000	29995	24996	24997	25005
722	11.824113	0.032194	-0.100000	0.000000	-0.050000	-0.012000	-0.002000	0.008000	29990	30000	29995	24994	24999	25004
723	11.824189	0.000076	0.020000	-0.090000	-0.050000	-0.012000	-0.002000	0.008000	30002	29991	29995	24994	24999	25004
724	11.856115	0.031926	0.020000	-0.090000	-0.050000	-0.010000	-0.006000	-0.002000	30002	29991	29995	24995	24997	24999
725	11.856195	0.000080	0.060000	-0.120000	0.000000	-0.010000	-0.006000	-0.002000	30006	29988	30000	24995	24997	24999
726	11.884899	0.028704	0.060000	-0.120000	0.000000	-0.006000	-0.006000	0.010000	30006	29988	30000	24997	24997	25005
727	11.884977	0.000077	-0.160000	-0.240000	0.010000	-0.006000	-0.006000	0.010000	29984	29976	30001	24997	24997	25005
728	11.915984	0.031007	-0.160000	-0.240000	0.010000	-0.010000	0.002000	0.014000	29984	29976	30001	24995	25001	25007
729	11.916054	0.000070	-0.080000	0.000000	0.000000	-0.010000	0.002000	0.014000	29992	30000	30000	24995	25001	25007
730	11.946236	0.030182	-0.080000	0.000000	0.000000	-0.010000	-0.004000	0.006000	29992	30000	30000	24995	24998	25003
731	11.946313	0.000077	0.110000	-0.120000	-0.010000	-0.010000	-0.004000	0.006000	30011	29988	29999	24995	24998	25003
732	11.978130	0.031818	0.110000	-0.120000	-0.010000	-0.008000	-0.010000	0.004000	30011	29988	29999	24996	24995	25002
733	11.978256	0.000126	0.140000	-0.010000	0.000000	-0.008000	-0.010000	0.004000	30014	29999	30000	24996	24995	25002
734	12.007725	0.029469	0.140000	-0.010000	0.000000	0.004000	-0.008000	-0.004000	30014	29999	30000	25002	24996	24998
735	12.007808	0.000083	-0.170000	-0.100000	0.000000	0.004000	-0.008000	-0.004000	29983	29990	30000	25002	24996	24998
736	12.038509	0.030701	-0.020000	-0.010000	0.000000	0.004000	-0.008000	-0.004000	29998	29999	30000	25002	24996	24998
737	12.072854	0.034345	-0.040000	-0.130000	0.000000	0.004000	-0.008000	-0.004000	29996	29987	30000	25002	24996	24998
738	12.104643	0.031789	-0.040000	-0.130000	0.000000	-0.006000	-0.008000	0.008000	29996	29987	30000	24997	24996	25004
739	12.104718	0.000075	0.090000	-0.120000	-0.050000	-0.006000	-0.008000	0.008000	30009	29988	29995	24997	24996	25004
740	12.137773	0.033055	0.090000	-0.120000	-0.050000	-0.004000	-0.008000	0.002000	30009	29988	29995	24998	24996	25001
741	12.137843	0.000070	0.020000	0.060000	-0.030000	-0.004000	-0.008000	0.002000	30002	30006	29997	24998	24996	25001
742	12.164457	0.026614	0.020000	0.060000	-0.030000	-0.006000	-0.006000	-0.008000	30002	30006	29997	24997	24997	24996
743	12.164515	0.000058	-0.220000	0.000000	0.000000	-0.006000	-0.006000	-0.008000	29978	30000	30000	24997	24997	24996
744	12.194859	0.030344	-0.220000	0.000000	0.000000	-0.002000	0.000000	0.002000	29978	30000	30000	24999	25000	25001
745	12.194970	0.000111	-0.250000	0.000000	0.000000	-0.002000	0.000000	0.002000	29975	30000	30000	24999	25000	25001
746	12.222972	0.028002	-0.250000	0.000000	0.000000	0.000000	0.004000	-0.002000	29975	30000	30000	25000	25002	24999
747	12.223042	0.000070	-0.200000	-0.050000	-0.050000	0.000000	0.004000	-0.002000	29980	29995	29995	25000	25002	24999
748	12.255310	0.032268	-0.200000	-0.050000	-0.050000	-0.006000	0.002000	0.006000	29980	29995	29995	24997	25001	25003
749	12.255384	0.000074	-0.050000	-0.180000	-0.100000	-0.006000	0.002000	0.006000	29995	29982	29990	24997	25001	25003
750	12.296170	0.040787	-0.050000	-0.180000	-0.100000	-0.008000	0.002000	0.000000	29995	29982	29990	24996	25001	25000
751	12.296333	0.000163	-0.030000	0.080000	-0.100000	-0.008000	0.002000	0.000000	29997	30008	29990	24996	25001	25000
752	12.331645	0.035312	-0.030000	0.080000	-0.100000	0.000000	-0.004000	-0.008000	29997	30008	29990	25000	24998	24996
753	12.331778	0.000133	0.080000	-0.080000	-0.020000	0.000000	-0.004000	-0.008000	30008	29992	29998	25000	24998	24996
754	12.373665	0.041887	0.080000	-0.080000	-0.020000	0.002000	-0.004000	0.002000	30008	29992	29998	25001	24998	25001
755	12.373800	0.000134	-0.020000	0.010000	-0.050000	0.002000	-0.004000	0.002000	29998	30001	29995	25001	24998	25001
756	12.401503	0.027703	-0.020000	0.010000	-0.050000	-0.002000	0.002000	-0.002000	29998	30001	29995	24999	25001	24999
757	12.401568	0.000066	-0.100000	-0.080000	0.000000	-0.002000	0.002000	-0.002000	29990	29992	30000	24999	25001	24999
758	12.427668	0.026100	-0.100000	-0.080000	0.000000	-0.012000	-0.002000	0.014000	29990	29992	30000	24994	24999	25007
759	12.427764	0.000095	-0.040000	-0.090000	0.050000	-0.012000	-0.002000	0.014000	29996	29991	30005	24994	24999	25007
760	12.468549	0.040786	-0.040000	-0.090000	0.050000	-0.012000	0.002000	0.006000	29996	29991	30005	24994	25001	25003
761	12.468620	0.000071	-0.220000	-0.220000	0.100000	-0.012000	0.002000	0.006000	29978	29978	30010	24994	25001	25003
762	12.500028	0.031408	-0.220000	-0.220000	0.100000	-0.012000	0.000000	0.016000	29978	29978	30010	24994	25000	25008
763	12.500114	0.000087	0.070000	0.070000	0.050000	-0.012000	0.000000	0.016000	30007	30007	30005	24994	25000	25008
764	12.528733	0.028618	0.070000	0.070000	0.050000	0.004000	-0.006000	-0.002000	30007	30007	30005	25002	24997	24999
765	12.528810	0.000078	0.070000	0.070000	0.050000	0.002000	-0.002000	-0.006000	30007	30007	30005	25001	24999	24997
766	12.528828	0.000018	-0.090000	-0.070000	0.000000	0.002000	-0.002000	-0.006000	29991	29993	30000	25001	24999	24997
767	12.559776	0.030948	-0.160000	-0.100000	0.000000	0.002000	-0.002000	-0.006000	29984	29990	30000	25001	24999	24997
768	12.591787	0.032011	-0.160000	-0.100000	0.000000	-0.006000	0.004000	0.002000	29984	29990	30000	24997	25002	25001
769	12.591865	0.000078	0.010000	-0.010000	0.000000	-0.006000	0.004000	0.002000	30001	29999	30000	24997	25002	25001
770	12.625781	0.033916	0.010000	-0.010000	0.000000	-0.012000	-0.008000	0.004000	30001	29999	30000	24994	24996	25002
771	12.625862	0.000080	-0.120000	-0.060000	0.000000	-0.012000	-0.008000	0.004000	29988	29994	30000	24994	24996	25002
772	12.658687	0.032826	-0.120000	-0.060000	0.000000	-0.002000	0.000000	0.006000	29988	29994	30000	24999	25000	25003
773	12.658810	0.000123	0.010000	-0.110000	0.000000	-0.002000	0.000000	0.006000	30001	29989	30000	24999	25000	25003
774	12.690977	0.032167	0.000000	0.020000	0.020000	-0.002000	0.000000	0.006000	30000	30002	30002	24999	25000	25003
775	12.718259	0.027282	-0.120000	-0.200000	0.000000	-0.002000	0.000000	0.006000	29988	29980	30000	24999	25000	25003
776	12.750710	0.032451	-0.120000	-0.200000	0.000000	-0.004000	0.000000	0.010000	29988	29980	30000	24998	25000	25005
777	12.750809	0.000099	-0.270000	0.020000	-0.040000	-0.004000	0.000000	0.010000	29973	30002	29996	24998	25000	25005
778	12.782689	0.031881	-0.270000	0.020000	-0.040000	-0.006000	0.010000	0.000000	29973	30002	29996	24997	25005	25000
779	12.782774	0.000085	-0.350000	-0.050000	-0.040000	-0.006000	0.010000	0.000000	29965	29995	29996	24997	25005	25000
780	12.815364	0.032589	-0.050000	0.110000	-0.020000	-0.006000	0.010000	0.000000	29995	30011	29998	24997	25005	25000
781	12.846665	0.031301	0.170000	0.120000	-0.050000	-0.006000	0.010000	0.000000	30017	30012	29995	24997	25005	25000
782	12.880304	0.033640	0.170000	0.120000	-0.050000	0.000000	-0.006000	-0.008000	30017	30012	29995	25000	24997	24996
783	12.880383	0.000079	-0.280000	-0.180000	0.050000	0.000000	-0.006000	-0.008000	29972	29982	30005	25000	24997	24996
784	12.913729	0.033347	-0.280000	-0.180000	0.050000	-0.010000	0.004000	0.008000	29972	29982	30005	24995	25002	25004
785	12.913845	0.000115	-0.080000	-0.100000	-0.050000	-0.010000	0.004000	0.008000	29992	29990	29995	24995	25002	25004
786	12.955228	0.041383	-0.080000	-0.100000	-0.050000	0.000000	0.002000	-0.002000	29992	29990	29995	25000	25001	24999
787	12.955319	0.000091	0.060000	-0.220000	-0.050000	0.000000	0.002000	-0.002000	30006	29978	29995	25000	25001	24999
788	12.982971	0.027652	0.060000	-0.220000	-0.050000	-0.002000	-0.002000	0.004000	30006	29978	29995	24999	24999	25002
789	12.983042	0.000071	-0.140000	0.050000	0.030000	-0.002000	-0.002000	0.004000	29986	30005	30003	24999	24999	25002
790	13.010233	0.027191	-0.140000	0.050000	0.030000	0.000000	0.004000	-0.006000	29986	30005	30003	25000	25002	24997
791	13.010301	0.000068	0.030000	-0.100000	0.000000	0.000000	0.004000	-0.006000	30003	29990	30000	25000	25002	24997
792	13.036470	0.026169	0.030000	-0.100000	0.000000	-0.004000	-0.006000	0.004000	30003	29990	30000	24998	24997	25002
793	13.036526	0.000056	-0.300000	-0.180000	0.010000	-0.004000	-0.006000	0.004000	29970	29982	30001	24998	24997	25002
794	13.064538	0.028012	-0.300000	-0.180000	0.010000	-0.006000	0.008000	0.000000	29970	29982	30001	24997	25004	25000
795	13.064600	0.000062	-0.160000	-0.240000	0.100000	-0.006000	0.008000	0.000000	29984	29976	30010	24997	25004	25000
796	13.095136	0.030535	-0.160000	-0.240000	0.100000	-0.008000	0.002000	0.014000	29984	29976	30010	24996	25001	25007
797	13.095263	0.000127	-0.130000	0.050000	-0.020000	-0.008000	0.002000	0.014000	29987	30005	29998	24996	25001	25007
798	13.123626	0.028363	-0.130000	0.050000	-0.020000	0.004000	0.000000	0.002000	29987	30005	29998	25002	25000	25001
799	13.123709	0.000083	-0.290000	-0.060000	0.010000	0.004000	0.000000	0.002000	29971	29994	30001	25002	25000	25001
800	13.150510	0.026802	-0.290000	-0.060000	0.010000	-0.002000	0.008000	-0.004000	29971	29994	30001	24999	25004	24998
801	13.150593	0.000083	-0.050000	0.030000	0.020000	-0.002000	0.008000	-0.004000	29995	30003	30002	24999	25004	24998
802	13.183855	0.033262	-0.050000	0.030000	0.020000	0.000000	0.004000	-0.016000	29995	30003	30002	25000	25002	24992
803	13.183936	0.000081	-0.270000	-0.060000	0.010000	0.000000	0.004000	-0.016000	29973	29994	30001	25000	25002	24992
804	13.216499	0.032562	-0.270000	-0.060000	0.010000	-0.004000	0.006000	0.014000	29973	29994	30001	24998	25003	25007
805	13.216561	0.000062	0.070000	0.080000	0.050000	-0.004000	0.006000	0.014000	30007	30008	30005	24998	25003	25007
806	13.247095	0.030534	0.070000	0.080000	0.050000	0.004000	-0.006000	-0.002000	30007	30008	30005	25002	24997	24999
807	13.247169	0.000074	0.050000	-0.030000	0.040000	0.004000	-0.006000	-0.002000	30005	29997	30004	25002	24997	24999
808	13.278499	0.031331	0.050000	-0.030000	0.040000	-0.006000	-0.006000	0.000000	30005	29997	30004	24997	24997	25000
809	13.278568	0.000068	-0.050000	-0.070000	0.020000	-0.006000	-0.006000	0.000000	29995	29993	30002	24997	24997	25000
810	13.311524	0.032956	-0.050000	-0.070000	0.020000	-0.002000	-0.002000	0.002000	29995	29993	30002	24999	24999	25001
811	13.311593	0.000070	0.190000	-0.070000	0.000000	-0.002000	-0.002000	0.002000	30019	29993	30000	24999	24999	25001
812	13.341497	0.029903	0.040000	-0.030000	-0.030000	-0.002000	-0.002000	0.002000	30004	29997	29997	24999	24999	25001
813	13.374563	0.033067	-0.270000	0.030000	-0.020000	-0.002000	-0.002000	0.002000	29973	30003	29998	24999	24999	25001
814	13.401278	0.026714	-0.270000	0.030000	-0.020000	-0.002000	0.008000	-0.006000	29973	30003	29998	24999	25004	24997
815	13.401357	0.000079	-0.150000	-0.210000	-0.050000	-0.002000	0.008000	-0.006000	29985	29979	29995	24999	25004	24997
816	13.432598	0.031241	-0.150000	-0.210000	-0.050000	-0.008000	-0.004000	0.004000	29985	29979	29995	24996	24998	25002
817	13.432677	0.000079	-0.200000	-0.160000	0.000000	-0.008000	-0.004000	0.004000	29980	29984	30000	24996	24998	25002
818	13.466317	0.033640	-0.200000	-0.160000	0.000000	-0.006000	0.002000	0.006000	29980	29984	30000	24997	25001	25003
819	13.466426	0.000108	-0.110000	-0.010000	-0.050000	-0.006000	0.002000	0.006000	29989	29999	29995	24997	25001	25003
820	13.503021	0.036595	-0.090000	-0.140000	0.030000	-0.006000	0.002000	0.006000	29991	29986	30003	24997	25001	25003
821	13.534027	0.031006	-0.030000	0.000000	0.000000	-0.006000	0.002000	0.006000	29997	30000	30000	24997	25001	25003
822	13.566081	0.032054	-0.030000	0.000000	0.000000	-0.004000	0.002000	-0.002000	29997	30000	30000	24998	25001	24999
823	13.566156	0.000075	0.000000	-0.150000	0.000000	-0.004000	0.002000	-0.002000	30000	29985	30000	24998	25001	24999
824	13.593665	0.027509	0.000000	-0.150000	0.000000	-0.004000	0.000000	0.000000	30000	29985	30000	24998	25000	25000
825	13.593737	0.000071	0.050000	-0.030000	0.070000	-0.004000	0.000000	0.000000	30005	29997	30007	24998	25000	25000
826	13.626323	0.032587	0.050000	-0.030000	0.070000	-0.004000	-0.002000	0.002000	30005	29997	30007	24998	24999	25001
827	13.626403	0.000079	-0.040000	-0.030000	0.000000	-0.004000	-0.002000	0.002000	29996	29997	30000	24998	24999	25001
828	13.653689	0.027286	-0.040000	-0.030000	0.000000	-0.008000	0.000000	0.004000	29996	29997	30000	24996	25000	25002
829	13.653863	0.000174	-0.260000	-0.030000	0.000000	-0.008000	0.000000	0.004000	29974	29997	30000	24996	25000	25002
830	13.686305	0.032442	-0.260000	-0.030000	0.000000	-0.008000	0.004000	0.000000	29974	29997	30000	24996	25002	25000
831	13.686388	0.000083	-0.010000	-0.050000	0.000000	-0.008000	0.004000	0.000000	29999	29995	30000	24996	25002	25000
832	13.713356	0.026968	-0.110000	0.130000	0.000000	-0.008000	0.004000	0.000000	29989	30013	30000	24996	25002	25000
833	13.744385	0.031030	-0.210000	-0.120000	0.050000	-0.008000	0.004000	0.000000	29979	29988	30005	24996	25002	25000
834	13.772060	0.027674	0.010000	0.020000	0.000000	-0.008000	0.004000	0.000000	30001	30002	30000	24996	25002	25000
835	13.798790	0.026731	0.100000	-0.010000	-0.030000	-0.008000	0.004000	0.000000	30010	29999	29997	24996	25002	25000
836	13.826782	0.027992	0.100000	-0.010000	-0.030000	-0.010000	-0.004000	-0.002000	30010	29999	29997	24995	24998	24999
837	13.826883	0.000101	0.120000	-0.140000	-0.030000	-0.010000	-0.004000	-0.002000	30012	29986	29997	24995	24998	24999
838	13.861725	0.034842	0.120000	-0.140000	-0.030000	0.000000	-0.008000	0.000000	30012	29986	29997	25000	24996	25000
839	13.861809	0.000084	0.020000	-0.130000	0.000000	0.000000	-0.008000	0.000000	30002	29987	30000	25000	24996	25000
840	13.895145	0.033337	-0.010000	-0.010000	-0.040000	0.000000	-0.008000	0.000000	29999	29999	29996	25000	24996	25000
841	13.927127	0.031982	-0.010000	-0.010000	-0.040000	-0.002000	0.004000	0.006000	29999	29999	29996	24999	25002	25003
842	13.927250	0.000123	0.090000	-0.030000	0.050000	-0.002000	0.004000	0.006000	30009	29997	30005	24999	25002	25003
843	13.957118	0.029868	0.090000	-0.030000	0.050000	-0.006000	0.000000	-0.004000	30009	29997	30005	24997	25000	24998
844	13.957194	0.000076	0.220000	-0.120000	0.050000	-0.006000	0.000000	-0.004000	30022	29988	30005	24997	25000	24998
845	13.988837	0.031642	0.220000	-0.120000	0.050000	-0.008000	-0.006000	0.006000	30022	29988	30005	24996	24997	25003
846	13.988915	0.000078	-0.040000	-0.220000	-0.040000	-0.008000	-0.006000	0.006000	29996	29978	29996	24996	24997	25003
847	14.016489	0.027574	-0.040000	-0.220000	-0.040000	-0.010000	0.002000	0.014000	29996	29978	29996	24995	25001	25007
848	14.016601	0.000112	0.000000	0.050000	-0.050000	-0.010000	0.002000	0.014000	30000	30005	29995	24995	25001	25007
849	14.051217	0.034616	0.000000	0.050000	-0.050000	0.006000	0.004000	-0.014000	30000	30005	29995	25003	25002	24993
850	14.051300	0.000083	-0.180000	-0.110000	0.010000	0.006000	0.004000	-0.014000	29982	29989	30001	25003	25002	24993
851	14.087169	0.035868	-0.170000	0.060000	0.000000	0.006000	0.004000	-0.014000	29983	30006	30000	25003	25002	24993
852	14.120800	0.033631	0.130000	-0.010000	0.040000	0.006000	0.004000	-0.014000	30013	29999	30004	25003	25002	24993
853	14.152984	0.032184	0.130000	-0.010000	0.040000	-0.002000	-0.008000	0.004000	30013	29999	30004	24999	24996	25002
854	14.153048	0.000064	-0.110000	-0.260000	0.000000	-0.002000	-0.008000	0.004000	29989	29974	30000	24999	24996	25002
855	14.184367	0.031319	-0.110000	-0.260000	0.000000	-0.010000	-0.002000	0.008000	29989	29974	30000	24995	24999	25004
856	14.184450	0.000083	-0.250000	-0.090000	0.000000	-0.010000	-0.002000	0.008000	29975	29991	30000	24995	24999	25004
857	14.217699	0.033249	-0.150000	-0.150000	0.020000	-0.010000	-0.002000	0.008000	29985	29985	30002	24995	24999	25004
858	14.251142	0.033443	-0.170000	0.060000	0.000000	-0.010000	-0.002000	0.008000	29983	30006	30000	24995	24999	25004
859	14.286667	0.035525	-0.170000	0.060000	0.000000	-0.004000	0.004000	-0.006000	29983	30006	30000	24998	25002	24997
860	14.286759	0.000092	-0.120000	-0.090000	0.020000	-0.004000	0.004000	-0.006000	29988	29991	30002	24998	25002	24997
861	14.320646	0.033888	-0.120000	-0.090000	0.020000	-0.006000	0.000000	-0.004000	29988	29991	30002	24997	25000	24998
862	14.320729	0.000082	-0.080000	-0.030000	-0.050000	-0.006000	0.000000	-0.004000	29992	29997	29995	24997	25000	24998
863	14.355830	0.035101	-0.080000	-0.030000	-0.050000	-0.006000	0.000000	0.006000	29992	29997	29995	24997	25000	25003
864	14.355917	0.000088	-0.050000	-0.170000	0.090000	-0.006000	0.000000	0.006000	29995	29983	30009	24997	25000	25003
865	14.387193	0.031276	-0.050000	-0.170000	0.090000	-0.008000	-0.008000	0.010000	29995	29983	30009	24996	24996	25005
866	14.387280	0.000087	0.120000	-0.080000	0.050000	-0.008000	-0.008000	0.010000	30012	29992	30005	24996	24996	25005
867	14.420777	0.033496	0.120000	-0.080000	0.050000	-0.006000	-0.008000	0.002000	30012	29992	30005	24997	24996	25001
868	14.420916	0.000140	-0.220000	-0.010000	0.000000	-0.006000	-0.008000	0.002000	29978	29999	30000	24997	24996	25001
869	14.454034	0.033117	-0.220000	-0.010000	0.000000	-0.004000	-0.004000	0.000000	29978	29999	30000	24998	24998	25000
870	14.454111	0.000078	0.050000	-0.100000	0.000000	-0.004000	-0.004000	0.000000	30005	29990	30000	24998	24998	25000
871	14.486018	0.031907	0.050000	-0.100000	0.000000	-0.006000	-0.002000	0.004000	30005	29990	30000	24997	24999	25002
872	14.486090	0.000072	-0.080000	0.000000	-0.050000	-0.006000	-0.002000	0.004000	29992	30000	29995	24997	24999	25002
873	14.518596	0.032506	-0.080000	0.000000	-0.050000	-0.006000	-0.002000	0.008000	29992	30000	29995	24997	24999	25004
874	14.518681	0.000085	-0.080000	0.030000	0.000000	-0.006000	-0.002000	0.008000	29992	30003	30000	24997	24999	25004
875	14.548128	0.029447	-0.080000	0.030000	0.000000	-0.012000	-0.002000	0.006000	29992	30003	30000	24994	24999	25003
876	14.548202	0.000074	-0.100000	-0.040000	0.000000	-0.012000	-0.002000	0.006000	29990	29996	30000	24994	24999	25003
877	14.580329	0.032128	-0.100000	-0.040000	0.000000	-0.006000	-0.002000	0.004000	29990	29996	30000	24997	24999	25002
878	14.580418	0.000089	0.140000	-0.130000	0.040000	-0.006000	-0.002000	0.004000	30014	29987	30004	24997	24999	25002
879	14.613315	0.032897	0.140000	-0.130000	0.040000	0.000000	-0.010000	0.002000	30014	29987	30004	25000	24995	25001
880	14.613392	0.000078	-0.240000	0.100000	0.000000	0.000000	-0.010000	0.002000	29976	30010	30000	25000	24995	25001
881	14.647244	0.033852	-0.240000	0.100000	0.000000	0.004000	0.006000	-0.014000	29976	30010	30000	25002	25003	24993
882	14.647339	0.000094	0.020000	-0.040000	-0.050000	0.004000	0.006000	-0.014000	30002	29996	29995	25002	25003	24993
883	14.679511	0.032173	0.020000	-0.040000	-0.050000	-0.008000	0.002000	-0.002000	30002	29996	29995	24996	25001	24999
884	14.679591	0.000080	0.000000	0.020000	-0.050000	-0.008000	0.002000	-0.002000	30000	30002	29995	24996	25001	24999
885	14.712337	0.032746	0.000000	0.020000	-0.050000	0.004000	0.000000	-0.008000	30000	30002	29995	25002	25000	24996
886	14.712430	0.000092	-0.100000	-0.170000	0.050000	0.004000	0.000000	-0.008000	29990	29983	30005	25002	25000	24996
887	14.746029	0.033599	-0.100000	-0.170000	0.050000	-0.006000	-0.002000	0.006000	29990	29983	30005	24997	24999	25003
888	14.746114	0.000086	0.120000	0.150000	0.000000	-0.006000	-0.002000	0.006000	30012	30015	30000	24997	24999	25003
889	14.781126	0.035011	-0.020000	-0.310000	0.000000	-0.006000	-0.002000	0.006000	29998	29969	30000	24997	24999	25003
890	14.820123	0.038997	0.040000	-0.130000	0.040000	-0.006000	-0.002000	0.006000	30004	29987	30004	24997	24999	25003
891	14.846664	0.026541	0.040000	-0.130000	0.040000	-0.006000	0.000000	-0.002000	30004	29987	30004	24997	25000	24999
892	14.846760	0.000097	-0.080000	0.050000	0.000000	-0.006000	0.000000	-0.002000	29992	30005	30000	24997	25000	24999
893	14.888557	0.041796	-0.080000	0.050000	0.000000	0.006000	0.000000	-0.012000	29992	30005	30000	25003	25000	24994
894	14.888681	0.000124	-0.080000	0.190000	-0.050000	0.006000	0.000000	-0.012000	29992	30019	29995	25003	25000	24994
895	14.918495	0.029814	-0.080000	0.190000	-0.050000	0.004000	0.002000	-0.010000	29992	30019	29995	25002	25001	24995
896	14.918566	0.000071	0.060000	-0.140000	0.020000	0.004000	0.002000	-0.010000	30006	29986	30002	25002	25001	24995
897	14.946833	0.028267	0.060000	-0.140000	0.020000	-0.004000	-0.010000	0.006000	30006	29986	30002	24998	24995	25003
898	14.946899	0.000066	-0.160000	-0.090000	0.050000	-0.004000	-0.010000	0.006000	29984	29991	30005	24998	24995	25003
899	14.979256	0.032357	0.080000	0.040000	0.000000	-0.004000	-0.010000	0.006000	30008	30004	30000	24998	24995	25003
900	15.011991	0.032736	-0.090000	0.020000	0.000000	-0.004000	-0.010000	0.006000	29991	30002	30000	24998	24995	25003
901	15.046369	0.034378	-0.090000	0.020000	0.000000	-0.006000	0.002000	-0.006000	29991	30002	30000	24997	25001	24997
902	15.046507	0.000138	-0.130000	-0.130000	0.010000	-0.006000	0.002000	-0.006000	29987	29987	30001	24997	25001	24997
903	15.081656	0.035148	-0.130000	-0.130000	0.010000	-0.006000	0.002000	0.012000	29987	29987	30001	24997	25001	25006
904	15.081732	0.000077	-0.270000	-0.070000	0.010000	-0.006000	0.002000	0.012000	29973	29993	30001	24997	25001	25006
905	15.112762	0.031030	-0.270000	-0.070000	0.010000	-0.004000	0.008000	0.002000	29973	29993	30001	24998	25004	25001
906	15.112885	0.000123	-0.060000	-0.090000	0.000000	-0.004000	0.008000	0.002000	29994	29991	30000	24998	25004	25001
907	15.150552	0.037667	-0.060000	-0.090000	0.000000	-0.006000	0.004000	0.006000	29994	29991	30000	24997	25002	25003
908	15.150624	0.000072	-0.050000	-0.140000	0.000000	-0.006000	0.004000	0.006000	29995	29986	30000	24997	25002	25003
909	15.185310	0.034686	-0.050000	-0.140000	0.000000	-0.004000	-0.002000	0.002000	29995	29986	30000	24998	24999	25001
910	15.185397	0.000088	-0.090000	-0.140000	0.000000	-0.004000	-0.002000	0.002000	29991	29986	30000	24998	24999	25001
911	15.216032	0.030635	-0.090000	-0.140000	0.000000	-0.006000	0.000000	0.010000	29991	29986	30000	24997	25000	25005
912	15.216107	0.000074	-0.310000	-0.140000	0.010000	-0.006000	0.000000	0.010000	29969	29986	30001	24997	25000	25005
913	15.243459	0.027353	-0.310000	-0.140000	0.010000	-0.008000	0.008000	0.006000	29969	29986	30001	24996	25004	25003
914	15.243530	0.000071	-0.140000	0.180000	-0.070000	-0.008000	0.008000	0.006000	29986	30018	29993	24996	25004	25003
915	15.271058	0.027529	-0.140000	0.180000	-0.070000	0.002000	0.006000	-0.006000	29986	30018	29993	25001	25003	24997
916	15.271115	0.000056	0.110000	0.150000	0.050000	0.002000	0.006000	-0.006000	30011	30015	30005	25001	25003	24997
917	15.297496	0.026381	0.110000	0.150000	0.050000	-0.004000	-0.008000	-0.002000	30011	30015	30005	24998	24996	24999
918	15.297566	0.000070	0.000000	-0.170000	0.000000	-0.004000	-0.008000	-0.002000	30000	29983	30000	24998	24996	24999
919	15.328812	0.031246	0.000000	-0.170000	0.000000	-0.008000	0.002000	0.006000	30000	29983	30000	24996	25001	25003
920	15.328909	0.000097	-0.220000	-0.170000	0.010000	-0.008000	0.002000	0.006000	29978	29983	30001	24996	25001	25003
921	15.366021	0.037112	-0.070000	-0.060000	0.150000	-0.008000	0.002000	0.006000	29993	29994	30015	24996	25001	25003
922	15.398541	0.032520	-0.010000	-0.170000	0.010000	-0.008000	0.002000	0.006000	29999	29983	30001	24996	25001	25003
923	15.426061	0.027520	-0.010000	-0.170000	0.010000	-0.010000	0.004000	0.008000	29999	29983	30001	24995	25002	25004
924	15.426152	0.000092	0.020000	0.050000	0.000000	-0.010000	0.004000	0.008000	30002	30005	30000	24995	25002	25004
925	15.454240	0.028088	0.020000	0.050000	0.000000	-0.004000	-0.002000	-0.006000	30002	30005	30000	24998	24999	24997
926	15.454322	0.000082	-0.020000	-0.070000	0.000000	-0.004000	-0.002000	-0.006000	29998	29993	30000	24998	24999	24997
927	15.486413	0.032091	-0.020000	-0.070000	0.000000	-0.008000	-0.006000	0.006000	29998	29993	30000	24996	24997	25003
928	15.486504	0.000091	-0.040000	0.030000	0.000000	-0.008000	-0.006000	0.006000	29996	30003	30000	24996	24997	25003
929	15.514804	0.028300	-0.040000	0.030000	0.000000	-0.002000	-0.006000	0.004000	29996	30003	30000	24999	24997	25002
930	15.514916	0.000112	0.150000	-0.080000	0.000000	-0.002000	-0.006000	0.004000	30015	29992	30000	24999	24997	25002
931	15.553981	0.039064	0.150000	-0.080000	0.000000	-0.004000	-0.002000	-0.006000	30015	29992	30000	24998	24999	24997
932	15.554063	0.000082	-0.050000	-0.110000	0.090000	-0.004000	-0.002000	-0.006000	29995	29989	30009	24998	24999	24997
933	15.582228	0.028165	-0.250000	-0.110000	-0.050000	-0.004000	-0.002000	-0.006000	29975	29989	29995	24998	24999	24997
934	15.610627	0.028399	-0.090000	-0.170000	-0.050000	-0.004000	-0.002000	-0.006000	29991	29983	29995	24998	24999	24997
935	15.637350	0.026723	-0.090000	-0.170000	-0.050000	-0.008000	0.002000	0.004000	29991	29983	29995	24996	25001	25002
936	15.637435	0.000085	-0.050000	0.180000	-0.020000	-0.008000	0.002000	0.004000	29995	30018	29998	24996	25001	25002
937	15.666948	0.029513	-0.050000	0.180000	-0.020000	0.000000	0.002000	-0.006000	29995	30018	29998	25000	25001	24997
938	15.667140	0.000193	0.120000	0.050000	-0.050000	0.000000	0.002000	-0.006000	30012	30005	29995	25000	25001	24997
939	15.705680	0.038540	0.120000	0.050000	-0.050000	0.002000	-0.006000	0.002000	30012	30005	29995	25001	24997	25001
940	15.705795	0.000115	0.020000	0.190000	-0.050000	0.002000	-0.006000	0.002000	30002	30019	29995	25001	24997	25001
941	15.739351	0.033556	0.020000	0.190000	-0.050000	-0.002000	-0.002000	-0.010000	30002	30019	29995	24999	24999	24995
942	15.739420	0.000070	-0.510000	0.000000	0.010000	-0.002000	-0.002000	-0.010000	29949	30000	30001	24999	24999	24995
943	15.765439	0.026019	-0.510000	0.000000	0.010000	-0.004000	0.006000	0.006000	29949	30000	30001	24998	25003	25003
944	15.765496	0.000057	-0.040000	-0.110000	-0.100000	-0.004000	0.006000	0.006000	29996	29989	29990	24998	25003	25003
945	15.792762	0.027266	-0.040000	-0.110000	-0.100000	-0.008000	0.000000	-0.006000	29996	29989	29990	24996	25000	24997
946	15.792828	0.000066	0.150000	-0.020000	0.000000	-0.008000	0.000000	-0.006000	30015	29998	30000	24996	25000	24997
947	15.821402	0.028573	0.150000	-0.020000	0.000000	-0.002000	-0.002000	-0.002000	30015	29998	30000	24999	24999	24999
948	15.821475	0.000074	0.070000	0.180000	0.000000	-0.002000	-0.002000	-0.002000	30007	30018	30000	24999	24999	24999
949	15.848467	0.026992	0.070000	0.180000	0.000000	0.002000	-0.006000	0.006000	30007	30018	30000	25001	24997	25003
950	15.848533	0.000066	-0.010000	-0.020000	0.070000	0.002000	-0.006000	0.006000	29999	29998	30007	25001	24997	25003
951	15.877711	0.029178	-0.010000	-0.020000	0.070000	-0.006000	0.000000	-0.008000	29999	29998	30007	24997	25000	24996
952	15.877871	0.000159	-0.130000	0.050000	0.010000	-0.006000	0.000000	-0.008000	29987	30005	30001	24997	25000	24996
953	15.910137	0.032266	-0.130000	0.050000	0.010000	0.004000	0.000000	0.000000	29987	30005	30001	25002	25000	25000
954	15.910216	0.000080	-0.130000	0.050000	0.010000	-0.006000	-0.002000	0.014000	29987	30005	30001	24997	24999	25007
955	15.910239	0.000023	-0.020000	-0.120000	-0.020000	-0.006000	-0.002000	0.014000	29998	29988	29998	24997	24999	25007
956	15.942718	0.032479	-0.200000	-0.030000	-0.090000	-0.006000	-0.002000	0.014000	29980	29997	29991	24997	24999	25007
957	15.974396	0.031678	-0.200000	-0.030000	-0.090000	-0.008000	0.008000	0.004000	29980	29997	29991	24996	25004	25002
958	15.974483	0.000087	-0.120000	-0.060000	-0.020000	-0.008000	0.008000	0.004000	29988	29994	29998	24996	25004	25002
959	16.006725	0.032241	-0.040000	-0.230000	0.040000	-0.008000	0.008000	0.004000	29996	29977	30004	24996	25004	25002
960	16.034004	0.027279	-0.040000	-0.230000	0.040000	-0.012000	-0.004000	0.004000	29996	29977	30004	24994	24998	25002
961	16.034085	0.000081	-0.130000	-0.080000	0.000000	-0.012000	-0.004000	0.004000	29987	29992	30000	24994	24998	25002
962	16.066254	0.032169	-0.230000	-0.010000	-0.040000	-0.012000	-0.004000	0.004000	29977	29999	29996	24994	24998	25002
963	16.092543	0.026289	-0.230000	-0.010000	-0.040000	-0.008000	0.004000	-0.002000	29977	29999	29996	24996	25002	24999
964	16.092602	0.000059	-0.060000	-0.110000	-0.030000	-0.008000	0.004000	-0.002000	29994	29989	29997	24996	25002	24999
965	16.119082	0.026480	-0.180000	0.040000	-0.050000	-0.008000	0.004000	-0.002000	29982	30004	29995	24996	25002	24999
966	16.149936	0.030853	0.040000	-0.040000	-0.050000	-0.008000	0.004000	-0.002000	30004	29996	29995	24996	25002	24999
967	16.182731	0.032795	0.040000	-0.040000	-0.050000	-0.004000	0.000000	0.004000	30004	29996	29995	24998	25000	25002
968	16.182822	0.000091	0.240000	-0.130000	-0.100000	-0.004000	0.000000	0.004000	30024	29987	29990	24998	25000	25002
969	16.215440	0.032618	0.240000	-0.130000	-0.100000	0.004000	-0.004000	-0.002000	30024	29987	29990	25002	24998	24999
970	16.215506	0.000066	0.110000	-0.140000	0.000000	0.004000	-0.004000	-0.002000	30011	29986	30000	25002	24998	24999
971	16.241050	0.025544	0.110000	-0.140000	0.000000	-0.002000	-0.002000	-0.004000	30011	29986	30000	24999	24999	24998
972	16.241132	0.000082	-0.080000	-0.040000	-0.050000	-0.002000	-0.002000	-0.004000	29992	29996	29995	24999	24999	24998
973	16.266704	0.025573	-0.080000	-0.040000	-0.050000	-0.010000	0.000000	-0.004000	29992	29996	29995	24995	25000	24998
974	16.266789	0.000084	0.240000	0.140000	0.000000	-0.010000	0.000000	-0.004000	30024	30014	30000	24995	25000	24998
975	16.302026	0.035237	0.240000	0.140000	0.000000	0.002000	-0.002000	-0.010000	30024	30014	30000	25001	24999	24995
976	16.302128	0.000102	0.020000	-0.100000	0.000000	0.002000	-0.002000	-0.010000	30002	29990	30000	25001	24999	24995
977	16.330744	0.028616	0.020000	-0.100000	0.000000	-0.004000	0.002000	-0.004000	30002	29990	30000	24998	25001	24998
978	16.330819	0.000075	-0.160000	0.060000	-0.020000	-0.004000	0.002000	-0.004000	29984	30006	29998	24998	25001	24998
979	16.364036	0.033217	-0.160000	0.060000	-0.020000	-0.004000	0.000000	0.004000	29984	30006	29998	24998	25000	25002
980	16.364108	0.000073	-0.220000	0.070000	-0.040000	-0.004000	0.000000	0.004000	29978	30007	29996	24998	25000	25002
981	16.395901	0.031793	-0.200000	0.120000	-0.050000	-0.004000	0.000000	0.004000	29980	30012	29995	24998	25000	25002
982	16.424884	0.028983	-0.100000	0.070000	0.000000	-0.004000	0.000000	0.004000	29990	30007	30000	24998	25000	25002
983	16.452348	0.027464	-0.100000	0.070000	0.000000	0.000000	-0.002000	-0.006000	29990	30007	30000	25000	24999	24997
984	16.452423	0.000075	-0.020000	0.090000	0.050000	0.000000	-0.002000	-0.006000	29998	30009	30005	25000	24999	24997
985	16.484020	0.031597	-0.020000	0.090000	0.050000	0.000000	0.004000	0.000000	29998	30009	30005	25000	25002	25000
986	16.484108	0.000088	-0.080000	-0.160000	0.000000	0.000000	0.004000	0.000000	29992	29984	30000	25000	25002	25000
987	16.518312	0.034204	-0.080000	-0.160000	0.000000	-0.004000	-0.004000	0.006000	29992	29984	30000	24998	24998	25003
988	16.518422	0.000110	-0.040000	0.070000	0.000000	-0.004000	-0.004000	0.006000	29996	30007	30000	24998	24998	25003
989	16.546658	0.028236	-0.040000	0.070000	0.000000	-0.004000	0.000000	-0.010000	29996	30007	30000	24998	25000	24995
990	16.546730	0.000072	-0.200000	0.150000	0.010000	-0.004000	0.000000	-0.010000	29980	30015	30001	24998	25000	24995
991	16.572405	0.025675	-0.200000	0.150000	0.010000	-0.006000	0.002000	0.000000	29980	30015	30001	24997	25001	25000
992	16.572480	0.000075	-0.150000	0.080000	0.000000	-0.006000	0.002000	0.000000	29985	30008	30000	24997	25001	25000
993	16.603271	0.030791	-0.150000	0.080000	0.000000	0.002000	-0.002000	-0.004000	29985	30008	30000	25001	24999	24998
994	16.603370	0.000100	-0.060000	0.010000	0.050000	0.002000	-0.002000	-0.004000	29994	30001	30005	25001	24999	24998
995	16.640502	0.037131	0.000000	-0.100000	0.000000	0.002000	-0.002000	-0.004000	30000	29990	30000	25001	24999	24998
996	16.672727	0.032225	0.060000	-0.280000	-0.050000	0.002000	-0.002000	-0.004000	30006	29972	29995	25001	24999	24998
997	16.708436	0.035709	0.060000	-0.280000	-0.050000	-0.008000	-0.006000	0.010000	30006	29972	29995	24996	24997	25005
998	16.708563	0.000127	-0.080000	-0.070000	0.050000	-0.008000	-0.006000	0.010000	29992	29993	30005	24996	24997	25005
999	16.747818	0.039255	-0.080000	-0.070000	0.050000	-0.002000	0.006000	-0.004000	29992	29993	30005	24999	25003	24998
1000	16.747912	0.000095	0.090000	-0.060000	0.070000	-0.002000	0.006000	-0.004000	30009	29994	30007	24999	25003	24998
1001	16.781840	0.033927	0.090000	-0.060000	0.070000	0.000000	-0.008000	0.004000	30009	29994	30007	25000	24996	25002
1002	16.781943	0.000103	-0.170000	0.060000	0.000000	0.000000	-0.008000	0.004000	29983	30006	30000	25000	24996	25002
1003	16.816465	0.034522	-0.170000	0.060000	0.000000	-0.004000	0.004000	0.000000	29983	30006	30000	24998	25002	25000
1004	16.816537	0.000072	0.230000	0.140000	-0.030000	-0.004000	0.004000	0.000000	30023	30014	29997	24998	25002	25000
1005	16.845599	0.029062	0.130000	0.160000	-0.100000	-0.004000	0.004000	0.000000	30013	30016	29990	24998	25002	25000
1006	16.885685	0.040086	-0.050000	-0.090000	0.000000	-0.004000	0.004000	0.000000	29995	29991	30000	24998	25002	25000
1007	16.912937	0.027252	-0.050000	-0.090000	0.000000	-0.008000	-0.004000	0.002000	29995	29991	30000	24996	24998	25001
1008	16.913052	0.000115	0.040000	-0.020000	0.100000	-0.008000	-0.004000	0.002000	30004	29998	30010	24996	24998	25001
1009	16.952713	0.039660	0.040000	-0.020000	0.100000	-0.006000	-0.004000	0.004000	30004	29998	30010	24997	24998	25002
1010	16.952782	0.000070	-0.150000	0.000000	0.000000	-0.006000	-0.004000	0.004000	29985	30000	30000	24997	24998	25002
1011	16.979738	0.026956	-0.150000	0.000000	0.000000	-0.004000	0.000000	0.000000	29985	30000	30000	24998	25000	25000
1012	16.979799	0.000061	-0.130000	-0.100000	-0.040000	-0.004000	0.000000	0.000000	29987	29990	29996	24998	25000	25000
1013	17.011319	0.031520	-0.130000	-0.100000	-0.040000	-0.008000	0.004000	0.004000	29987	29990	29996	24996	25002	25002
1014	17.011409	0.000090	0.130000	-0.070000	0.040000	-0.008000	0.004000	0.004000	30013	29993	30004	24996	25002	25002
1015	17.045339	0.033930	-0.030000	-0.070000	0.000000	-0.008000	0.004000	0.004000	29997	29993	30000	24996	25002	25002
1016	17.077678	0.032339	-0.030000	0.100000	0.050000	-0.008000	0.004000	0.004000	29997	30010	30005	24996	25002	25002
1017	17.108894	0.031216	-0.030000	0.100000	0.050000	-0.002000	-0.002000	-0.008000	29997	30010	30005	24999	24999	24996
1018	17.108981	0.000088	0.180000	0.230000	0.020000	-0.002000	-0.002000	-0.008000	30018	30023	30002	24999	24999	24996
1019	17.141526	0.032544	0.180000	0.230000	0.020000	0.000000	-0.006000	-0.010000	30018	30023	30002	25000	24997	24995
1020	17.141614	0.000088	-0.050000	0.080000	0.000000	0.000000	-0.006000	-0.010000	29995	30008	30000	25000	24997	24995
1021	17.170153	0.028540	-0.050000	0.080000	0.000000	-0.002000	-0.004000	0.000000	29995	30008	30000	24999	24998	25000
1022	17.170224	0.000071	-0.220000	-0.130000	0.100000	-0.002000	-0.004000	0.000000	29978	29987	30010	24999	24998	25000
1023	17.198517	0.028293	-0.220000	-0.130000	0.100000	-0.004000	0.008000	0.008000	29978	29987	30010	24998	25004	25004
1024	17.198583	0.000066	-0.220000	-0.130000	0.100000	-0.010000	-0.004000	0.018000	29978	29987	30010	24995	24998	25009
1025	17.198606	0.000023	0.010000	-0.050000	-0.020000	-0.010000	-0.004000	0.018000	30001	29995	29998	24995	24998	25009
1026	17.226656	0.028050	-0.140000	-0.130000	0.000000	-0.010000	-0.004000	0.018000	29986	29987	30000	24995	24998	25009
1027	17.262617	0.035961	-0.140000	-0.130000	0.000000	0.000000	0.004000	-0.008000	29986	29987	30000	25000	25002	24996
1028	17.262712	0.000094	-0.030000	-0.090000	-0.020000	0.000000	0.004000	-0.008000	29997	29991	29998	25000	25002	24996
1029	17.294254	0.031542	-0.030000	-0.090000	-0.020000	-0.008000	0.002000	0.004000	29997	29991	29998	24996	25001	25002
1030	17.294323	0.000069	-0.090000	-0.130000	0.000000	-0.008000	0.002000	0.004000	29991	29987	30000	24996	25001	25002
1031	17.326251	0.031928	-0.090000	-0.130000	0.000000	-0.010000	0.006000	0.002000	29991	29987	30000	24995	25003	25001
1032	17.326333	0.000082	-0.160000	0.010000	0.020000	-0.010000	0.006000	0.002000	29984	30001	30002	24995	25003	25001
1033	17.355456	0.029123	-0.160000	0.010000	0.020000	-0.008000	0.000000	0.004000	29984	30001	30002	24996	25000	25002
1034	17.355577	0.000120	-0.100000	-0.020000	0.000000	-0.008000	0.000000	0.004000	29990	29998	30000	24996	25000	25002
1035	17.385628	0.030051	-0.100000	-0.020000	0.000000	0.002000	0.002000	0.004000	29990	29998	30000	25001	25001	25002
1036	17.385714	0.000086	0.020000	-0.180000	0.000000	0.002000	0.002000	0.004000	30002	29982	30000	25001	25001	25002
1037	17.416222	0.030508	0.020000	-0.180000	0.000000	-0.008000	-0.006000	0.008000	30002	29982	30000	24996	24997	25004
1038	17.416297	0.000075	0.110000	0.030000	-0.050000	-0.008000	-0.006000	0.008000	30011	30003	29995	24996	24997	25004
1039	17.448480	0.032183	0.110000	0.030000	-0.050000	0.002000	-0.010000	-0.004000	30011	30003	29995	25001	24995	24998
1040	17.448547	0.000067	-0.090000	-0.120000	-0.100000	0.002000	-0.010000	-0.004000	29991	29988	29990	25001	24995	24998
1041	17.477598	0.029051	-0.090000	-0.120000	-0.100000	-0.004000	0.002000	0.010000	29991	29988	29990	24998	25001	25005
1042	17.477663	0.000065	0.020000	0.080000	0.050000	-0.004000	0.002000	0.010000	30002	30008	30005	24998	25001	25005
1043	17.507392	0.029729	0.020000	0.080000	0.050000	-0.002000	0.004000	-0.016000	30002	30008	30005	24999	25002	24992
1044	17.507462	0.000070	-0.030000	0.000000	0.000000	-0.002000	0.004000	-0.016000	29997	30000	30000	24999	25002	24992
1045	17.536049	0.028587	-0.220000	-0.290000	0.050000	-0.002000	0.004000	-0.016000	29978	29971	30005	24999	25002	24992
1046	17.568338	0.032290	0.200000	0.110000	-0.030000	-0.002000	0.004000	-0.016000	30020	30011	29997	24999	25002	24992
1047	17.595096	0.026758	0.200000	0.110000	-0.030000	-0.002000	-0.006000	-0.008000	30020	30011	29997	24999	24997	24996
1048	17.595154	0.000058	-0.120000	-0.140000	0.000000	-0.002000	-0.006000	-0.008000	29988	29986	30000	24999	24997	24996
1049	17.624880	0.029725	-0.120000	-0.140000	0.000000	-0.006000	-0.002000	0.008000	29988	29986	30000	24997	24999	25004
1050	17.624954	0.000075	0.000000	-0.140000	-0.020000	-0.006000	-0.002000	0.008000	30000	29986	29998	24997	24999	25004
1051	17.661170	0.036215	0.000000	-0.140000	-0.020000	-0.006000	-0.004000	0.016000	30000	29986	29998	24997	24998	25008
1052	17.661302	0.000132	0.000000	-0.140000	-0.020000	-0.002000	-0.006000	0.002000	30000	29986	29998	24999	24997	25001
1053	17.661359	0.000058	-0.180000	-0.090000	0.050000	-0.002000	-0.006000	0.002000	29982	29991	30005	24999	24997	25001
1054	17.691513	0.030153	0.040000	-0.160000	-0.010000	-0.002000	-0.006000	0.002000	30004	29984	29999	24999	24997	25001
1055	17.720326	0.028813	0.040000	-0.160000	-0.010000	-0.010000	-0.006000	0.006000	30004	29984	29999	24995	24997	25003
1056	17.720389	0.000063	0.060000	0.120000	-0.040000	-0.010000	-0.006000	0.006000	30006	30012	29996	24995	24997	25003
1057	17.748399	0.028011	0.060000	0.120000	-0.040000	0.000000	0.000000	-0.004000	30006	30012	29996	25000	25000	24998
1058	17.748463	0.000064	-0.010000	-0.170000	0.030000	0.000000	0.000000	-0.004000	29999	29983	30003	25000	25000	24998
1059	17.777429	0.028965	-0.250000	0.080000	0.030000	0.000000	0.000000	-0.004000	29975	30008	30003	25000	25000	24998
1060	17.804699	0.027270	0.040000	0.040000	0.050000	0.000000	0.000000	-0.004000	30004	30004	30005	25000	25000	24998
1061	17.830928	0.026228	0.040000	0.040000	0.050000	-0.002000	-0.006000	0.006000	30004	30004	30005	24999	24997	25003
1062	17.831011	0.000083	-0.200000	0.110000	0.100000	-0.002000	-0.006000	0.006000	29980	30011	30010	24999	24997	25003
1063	17.858634	0.027623	-0.200000	0.110000	0.100000	-0.002000	0.002000	-0.002000	29980	30011	30010	24999	25001	24999
1064	17.858705	0.000072	-0.090000	0.180000	-0.050000	-0.002000	0.002000	-0.002000	29991	30018	29995	24999	25001	24999
1065	17.887150	0.028445	-0.090000	0.180000	-0.050000	0.004000	0.002000	-0.012000	29991	30018	29995	25002	25001	24994
1066	17.887225	0.000075	-0.090000	0.180000	-0.050000	0.000000	0.002000	0.002000	29991	30018	29995	25000	25001	25001
1067	17.887246	0.000021	0.090000	0.180000	-0.070000	0.000000	0.002000	0.002000	30009	30018	29993	25000	25001	25001
1068	17.920684	0.033438	-0.130000	-0.010000	0.050000	0.000000	0.002000	0.002000	29987	29999	30005	25000	25001	25001
1069	17.954631	0.033947	-0.130000	-0.010000	0.050000	-0.008000	0.004000	0.004000	29987	29999	30005	24996	25002	25002
1070	17.954720	0.000089	-0.150000	0.080000	0.000000	-0.008000	0.004000	0.004000	29985	30008	30000	24996	25002	25002
1071	17.989048	0.034328	-0.150000	0.080000	0.000000	0.000000	-0.002000	0.000000	29985	30008	30000	25000	24999	25000
1072	17.989140	0.000092	-0.090000	-0.040000	0.020000	0.000000	-0.002000	0.000000	29991	29996	30002	25000	24999	25000
1073	18.022620	0.033479	-0.090000	-0.040000	0.020000	-0.004000	0.002000	0.008000	29991	29996	30002	24998	25001	25004
1074	18.022700	0.000080	0.010000	-0.060000	0.000000	-0.004000	0.002000	0.008000	30001	29994	30000	24998	25001	25004
1075	18.056203	0.033503	0.010000	-0.060000	0.000000	-0.002000	-0.002000	0.004000	30001	29994	30000	24999	24999	25002
1076	18.056290	0.000087	-0.200000	-0.250000	-0.030000	-0.002000	-0.002000	0.004000	29980	29975	29997	24999	24999	25002
1077	18.089191	0.032901	-0.200000	-0.250000	-0.030000	-0.010000	0.000000	0.010000	29980	29975	29997	24995	25000	25005
1078	18.089297	0.000106	-0.010000	0.030000	0.040000	-0.010000	0.000000	0.010000	29999	30003	30004	24995	25000	25005
1079	18.117793	0.028496	-0.010000	0.030000	0.040000	0.002000	-0.002000	-0.006000	29999	30003	30004	25001	24999	24997
1080	18.117867	0.000074	-0.140000	-0.040000	0.030000	0.002000	-0.002000	-0.006000	29986	29996	30003	25001	24999	24997
1081	18.149446	0.031579	-0.140000	-0.040000	0.030000	-0.006000	-0.002000	0.000000	29986	29996	30003	24997	24999	25000
1082	18.149529	0.000083	0.040000	0.020000	0.100000	-0.006000	-0.002000	0.000000	30004	30002	30010	24997	24999	25000
1083	18.183094	0.033565	0.040000	0.020000	0.100000	-0.008000	-0.008000	0.004000	30004	30002	30010	24996	24996	25002
1084	18.183167	0.000073	0.040000	0.020000	0.000000	-0.008000	-0.008000	0.004000	30004	30002	30000	24996	24996	25002
1085	18.216374	0.033207	0.040000	0.020000	0.000000	0.000000	0.002000	0.002000	30004	30002	30000	25000	25001	25001
1086	18.216474	0.000100	-0.130000	0.060000	0.000000	0.000000	0.002000	0.002000	29987	30006	30000	25000	25001	25001
1087	18.248243	0.031769	-0.130000	0.060000	0.000000	0.002000	-0.004000	-0.002000	29987	30006	30000	25001	24998	24999
1088	18.248325	0.000082	0.060000	0.150000	0.050000	0.002000	-0.004000	-0.002000	30006	30015	30005	25001	24998	24999
1089	18.275460	0.027134	0.060000	0.150000	0.050000	0.002000	-0.010000	0.002000	30006	30015	30005	25001	24995	25001
1090	18.275526	0.000066	0.310000	0.080000	-0.030000	0.002000	-0.010000	0.002000	30031	30008	29997	25001	24995	25001
1091	18.307863	0.032337	-0.070000	0.060000	0.000000	0.002000	-0.010000	0.002000	29993	30006	30000	25001	24995	25001
1092	18.340326	0.032463	-0.090000	0.250000	-0.020000	0.002000	-0.010000	0.002000	29991	30025	29998	25001	24995	25001
1093	18.372858	0.032532	-0.090000	0.250000	-0.020000	0.004000	0.000000	-0.008000	29991	30025	29998	25002	25000	24996
1094	18.373060	0.000202	0.070000	0.030000	-0.010000	0.004000	0.000000	-0.008000	30007	30003	29999	25002	25000	24996
1095	18.402025	0.028965	0.070000	0.030000	-0.010000	0.000000	-0.004000	-0.004000	30007	30003	29999	25000	24998	24998
1096	18.402100	0.000075	-0.010000	0.000000	-0.050000	0.000000	-0.004000	-0.004000	29999	30000	29995	25000	24998	24998
1097	18.428876	0.026776	-0.010000	0.000000	-0.050000	-0.004000	-0.006000	0.006000	29999	30000	29995	24998	24997	25003
1098	18.428943	0.000067	-0.010000	0.000000	-0.050000	-0.004000	-0.004000	0.002000	29999	30000	29995	24998	24998	25001
1099	18.428959	0.000016	0.110000	0.040000	-0.010000	-0.004000	-0.004000	0.002000	30011	30004	29999	24998	24998	25001
1100	18.458847	0.029888	0.030000	0.130000	-0.020000	-0.004000	-0.004000	0.002000	30003	30013	29998	24998	24998	25001
1101	18.497036	0.038189	0.030000	0.130000	-0.020000	0.004000	0.006000	-0.012000	30003	30013	29998	25002	25003	24994
1102	18.497138	0.000102	0.120000	-0.050000	0.000000	0.004000	0.006000	-0.012000	30012	29995	30000	25002	25003	24994
1103	18.530459	0.033321	0.120000	-0.050000	0.000000	0.000000	-0.006000	0.004000	30012	29995	30000	25000	24997	25002
1104	18.530546	0.000087	0.030000	-0.050000	-0.070000	0.000000	-0.006000	0.004000	30003	29995	29993	25000	24997	25002
1105	18.558562	0.028016	0.030000	-0.050000	-0.070000	0.004000	-0.002000	-0.002000	30003	29995	29993	25002	24999	24999
1106	18.558629	0.000067	0.040000	0.000000	0.050000	0.004000	-0.002000	-0.002000	30004	30000	30005	25002	24999	24999
1107	18.585891	0.027262	0.040000	0.000000	0.050000	0.004000	0.002000	0.000000	30004	30000	30005	25002	25001	25000
1108	18.585990	0.000099	-0.030000	0.120000	-0.020000	0.004000	0.002000	0.000000	29997	30012	29998	25002	25001	25000
1109	18.613442	0.027452	-0.030000	0.120000	-0.020000	0.002000	-0.002000	0.000000	29997	30012	29998	25001	24999	25000
1110	18.613509	0.000068	-0.180000	0.030000	0.000000	0.002000	-0.002000	0.000000	29982	30003	30000	25001	24999	25000
1111	18.645411	0.031901	0.030000	-0.120000	0.000000	0.002000	-0.002000	0.000000	30003	29988	30000	25001	24999	25000
1112	18.678416	0.033005	0.090000	0.050000	0.000000	0.002000	-0.002000	0.000000	30009	30005	30000	25001	24999	25000
1113	18.706827	0.028411	0.030000	-0.010000	0.040000	0.002000	-0.002000	0.000000	30003	29999	30004	25001	24999	25000
1114	18.734043	0.027217	0.060000	0.030000	-0.020000	0.002000	-0.002000	0.000000	30006	30003	29998	25001	24999	25000
1115	18.763069	0.029026	0.060000	0.030000	-0.020000	0.004000	-0.004000	-0.002000	30006	30003	29998	25002	24998	24999
1116	18.763153	0.000084	0.030000	-0.170000	-0.030000	0.004000	-0.004000	-0.002000	30003	29983	29997	25002	24998	24999
1117	18.796133	0.032980	0.030000	-0.170000	-0.030000	-0.008000	-0.006000	0.004000	30003	29983	29997	24996	24997	25002
1118	18.796197	0.000064	-0.020000	-0.090000	-0.010000	-0.008000	-0.006000	0.004000	29998	29991	29999	24996	24997	25002
1119	18.824697	0.028500	-0.280000	-0.140000	0.010000	-0.008000	-0.006000	0.004000	29972	29986	30001	24996	24997	25002
1120	18.854575	0.029878	-0.280000	-0.140000	0.010000	-0.010000	0.006000	0.006000	29972	29986	30001	24995	25003	25003
1121	18.854661	0.000086	-0.070000	0.190000	0.000000	-0.010000	0.006000	0.006000	29993	30019	30000	24995	25003	25003
1122	18.886640	0.031980	-0.070000	0.190000	0.000000	0.002000	0.000000	-0.014000	29993	30019	30000	25001	25000	24993
1123	18.886709	0.000069	-0.130000	0.060000	0.010000	0.002000	0.000000	-0.014000	29987	30006	30001	25001	25000	24993
1124	18.919520	0.032811	-0.130000	0.060000	0.010000	-0.002000	0.006000	0.000000	29987	30006	30001	24999	25003	25000
1125	18.919596	0.000076	-0.260000	-0.190000	0.050000	-0.002000	0.006000	0.000000	29974	29981	30005	24999	25003	25000
1126	18.950611	0.031015	-0.260000	-0.190000	0.050000	-0.010000	0.004000	0.010000	29974	29981	30005	24995	25002	25005
1127	18.950689	0.000078	0.000000	-0.130000	0.000000	-0.010000	0.004000	0.010000	30000	29987	30000	24995	25002	25005
1128	18.982587	0.031898	0.000000	-0.130000	0.000000	-0.004000	0.000000	0.002000	30000	29987	30000	24998	25000	25001
1129	18.982671	0.000084	-0.140000	-0.070000	0.000000	-0.004000	0.000000	0.002000	29986	29993	30000	24998	25000	25001
1130	19.016535	0.033864	-0.160000	0.050000	0.000000	-0.004000	0.000000	0.002000	29984	30005	30000	24998	25000	25001
1131	19.044357	0.027822	-0.160000	0.050000	0.000000	-0.012000	0.000000	0.014000	29984	30005	30000	24994	25000	25007
1132	19.044444	0.000087	-0.110000	-0.100000	0.010000	-0.012000	0.000000	0.014000	29989	29990	30001	24994	25000	25007
1133	19.076328	0.031884	0.170000	-0.020000	-0.060000	-0.012000	0.000000	0.014000	30017	29998	29994	24994	25000	25007
1134	19.109649	0.033320	0.170000	-0.020000	-0.060000	0.002000	-0.004000	-0.014000	30017	29998	29994	25001	24998	24993
1135	19.109724	0.000075	0.110000	-0.010000	0.030000	0.002000	-0.004000	-0.014000	30011	29999	30003	25001	24998	24993
1136	19.143149	0.033425	0.020000	-0.230000	-0.050000	0.002000	-0.004000	-0.014000	30002	29977	29995	25001	24998	24993
1137	19.175816	0.032667	-0.330000	-0.060000	-0.040000	0.002000	-0.004000	-0.014000	29967	29994	29996	25001	24998	24993
1138	19.209416	0.033600	-0.330000	-0.060000	-0.040000	-0.006000	0.006000	0.006000	29967	29994	29996	24997	25003	25003
1139	19.209506	0.000090	-0.320000	-0.260000	0.010000	-0.006000	0.006000	0.006000	29968	29974	30001	24997	25003	25003
1140	19.244532	0.035026	-0.320000	-0.260000	0.010000	-0.008000	0.004000	0.016000	29968	29974	30001	24996	25002	25008
1141	19.244673	0.000141	-0.200000	0.040000	0.000000	-0.008000	0.004000	0.016000	29980	30004	30000	24996	25002	25008
1142	19.286581	0.041907	-0.200000	0.040000	0.000000	-0.002000	-0.004000	0.000000	29980	30004	30000	24999	24998	25000
1143	19.286659	0.000078	-0.050000	0.150000	0.000000	-0.002000	-0.004000	0.000000	29995	30015	30000	24999	24998	25000
1144	19.319921	0.033262	-0.050000	0.150000	0.000000	-0.008000	-0.002000	0.000000	29995	30015	30000	24996	24999	25000
1145	19.320003	0.000082	-0.130000	-0.130000	0.050000	-0.008000	-0.002000	0.000000	29987	29987	30005	24996	24999	25000
1146	19.353630	0.033627	-0.130000	-0.130000	0.050000	-0.008000	0.000000	0.016000	29987	29987	30005	24996	25000	25008
1147	19.353701	0.000071	-0.100000	-0.110000	0.020000	-0.008000	0.000000	0.016000	29990	29989	30002	24996	25000	25008
1148	19.384555	0.030854	-0.100000	-0.110000	0.020000	-0.002000	-0.002000	0.006000	29990	29989	30002	24999	24999	25003
1149	19.384632	0.000077	-0.060000	0.040000	0.010000	-0.002000	-0.002000	0.006000	29994	30004	30001	24999	24999	25003
1150	19.413374	0.028742	-0.060000	0.040000	0.010000	-0.004000	0.004000	-0.002000	29994	30004	30001	24998	25002	24999
1151	19.413469	0.000095	-0.130000	-0.040000	-0.010000	-0.004000	0.004000	-0.002000	29987	29996	29999	24998	25002	24999
1152	19.442404	0.028935	-0.130000	-0.040000	-0.010000	-0.004000	-0.004000	0.000000	29987	29996	29999	24998	24998	25000
1153	19.442482	0.000078	-0.250000	-0.020000	-0.040000	-0.004000	-0.004000	0.000000	29975	29998	29996	24998	24998	25000
1154	19.472893	0.030411	-0.250000	-0.020000	-0.040000	-0.002000	0.004000	0.002000	29975	29998	29996	24999	25002	25001
1155	19.472973	0.000080	0.020000	-0.060000	-0.050000	-0.002000	0.004000	0.002000	30002	29994	29995	24999	25002	25001
1156	19.504391	0.031418	0.020000	-0.060000	-0.050000	0.000000	-0.004000	0.002000	30002	29994	29995	25000	24998	25001
1157	19.504473	0.000083	-0.020000	0.040000	0.000000	0.000000	-0.004000	0.002000	29998	30004	30000	25000	24998	25001
1158	19.538207	0.033734	-0.020000	0.040000	0.000000	-0.006000	0.000000	0.008000	29998	30004	30000	24997	25000	25004
1159	19.538287	0.000080	-0.160000	-0.120000	0.010000	-0.006000	0.000000	0.008000	29984	29988	30001	24997	25000	25004
1160	19.566242	0.027955	-0.160000	-0.120000	0.010000	-0.008000	0.004000	0.008000	29984	29988	30001	24996	25002	25004
1161	19.566303	0.000061	0.180000	0.010000	0.000000	-0.008000	0.004000	0.008000	30018	30001	30000	24996	25002	25004
1162	19.595343	0.029039	0.180000	0.010000	0.000000	-0.002000	-0.010000	0.002000	30018	30001	30000	24999	24995	25001
1163	19.595442	0.000100	-0.100000	0.010000	0.000000	-0.002000	-0.010000	0.002000	29990	30001	30000	24999	24995	25001
1164	19.632425	0.036983	-0.100000	0.010000	0.000000	-0.010000	-0.004000	0.002000	29990	30001	30000	24995	24998	25001
1165	19.632549	0.000123	-0.140000	0.070000	0.000000	-0.010000	-0.004000	0.002000	29986	30007	30000	24995	24998	25001
1166	19.668559	0.036011	-0.140000	0.070000	0.000000	-0.002000	0.000000	-0.006000	29986	30007	30000	24999	25000	24997
1167	19.668663	0.000104	0.240000	0.000000	-0.050000	-0.002000	0.000000	-0.006000	30024	30000	29995	24999	25000	24997
1168	19.700404	0.031741	0.000000	0.000000	0.000000	-0.002000	0.000000	-0.006000	30000	30000	30000	24999	25000	24997
1169	19.733561	0.033157	-0.080000	-0.230000	0.000000	-0.002000	0.000000	-0.006000	29992	29977	30000	24999	25000	24997
1170	19.762411	0.028850	-0.080000	-0.230000	0.000000	-0.002000	0.000000	0.004000	29992	29977	30000	24999	25000	25002
1171	19.762472	0.000061	-0.110000	0.100000	-0.050000	-0.002000	0.000000	0.004000	29989	30010	29995	24999	25000	25002
1172	19.790562	0.028090	-0.110000	0.100000	-0.050000	-0.004000	-0.006000	0.008000	29989	30010	29995	24998	24997	25004
1173	19.790627	0.000065	-0.250000	-0.110000	-0.040000	-0.004000	-0.006000	0.008000	29975	29989	29996	24998	24997	25004
1174	19.816740	0.026113	-0.250000	-0.110000	-0.040000	-0.006000	0.000000	0.006000	29975	29989	29996	24997	25000	25003
1175	19.816808	0.000068	-0.020000	0.020000	0.090000	-0.006000	0.000000	0.006000	29998	30002	30009	24997	25000	25003
1176	19.845203	0.028395	-0.020000	0.020000	0.090000	0.000000	-0.002000	-0.004000	29998	30002	30009	25000	24999	24998
1177	19.845293	0.000090	0.090000	-0.100000	0.000000	0.000000	-0.002000	-0.004000	30009	29990	30000	25000	24999	24998
1178	19.881895	0.036603	-0.080000	-0.090000	0.050000	0.000000	-0.002000	-0.004000	29992	29991	30005	25000	24999	24998
1179	19.913841	0.031945	0.120000	0.160000	0.000000	0.000000	-0.002000	-0.004000	30012	30016	30000	25000	24999	24998
1180	19.941345	0.027504	0.120000	0.160000	0.000000	0.002000	-0.004000	-0.004000	30012	30016	30000	25001	24998	24998
1181	19.941425	0.000080	-0.150000	0.090000	0.000000	0.002000	-0.004000	-0.004000	29985	30009	30000	25001	24998	24998
1182	19.968357	0.026932	-0.150000	0.090000	0.000000	0.000000	0.000000	-0.002000	29985	30009	30000	25000	25000	24999
1183	19.968418	0.000062	-0.150000	0.060000	-0.040000	0.000000	0.000000	-0.002000	29985	30006	29996	25000	25000	24999
1184	19.995089	0.026671	-0.150000	0.060000	-0.040000	0.004000	0.000000	0.004000	29985	30006	29996	25002	25000	25002
1185	19.995148	0.000058	0.040000	0.110000	0.050000	0.004000	0.000000	0.004000	30004	30011	30005	25002	25000	25002
1186	20.022086	0.026938	0.040000	0.110000	0.050000	0.002000	-0.002000	-0.006000	30004	30011	30005	25001	24999	24997
1187	20.022162	0.000076	-0.200000	-0.110000	-0.050000	0.002000	-0.002000	-0.006000	29980	29989	29995	25001	24999	24997
1188	20.052127	0.029965	-0.200000	-0.110000	-0.050000	-0.006000	0.008000	-0.006000	29980	29989	29995	24997	25004	24997
1189	20.052191	0.000064	-0.150000	0.050000	0.000000	-0.006000	0.008000	-0.006000	29985	30005	30000	24997	25004	24997
1190	20.083541	0.031350	-0.150000	0.050000	0.000000	-0.008000	0.002000	0.000000	29985	30005	30000	24996	25001	25000
1191	20.083612	0.000071	0.090000	-0.110000	0.000000	-0.008000	0.002000	0.000000	30009	29989	30000	24996	25001	25000
1192	20.113889	0.030277	0.090000	-0.110000	0.000000	-0.006000	-0.002000	0.006000	30009	29989	30000	24997	24999	25003
1193	20.113961	0.000072	0.090000	-0.110000	0.000000	-0.008000	-0.006000	0.010000	30009	29989	30000	24996	24997	25005
1194	20.113983	0.000022	-0.120000	-0.050000	-0.050000	-0.008000	-0.006000	0.010000	29988	29995	29995	24996	24997	25005
1195	20.143630	0.029648	0.060000	0.020000	-0.010000	-0.008000	-0.006000	0.010000	30006	30002	29999	24996	24997	25005
1196	20.175987	0.032357	0.060000	0.020000	-0.010000	0.000000	-0.008000	0.000000	30006	30002	29999	25000	24996	25000
1197	20.176067	0.000079	-0.320000	-0.030000	0.050000	0.000000	-0.008000	0.000000	29968	29997	30005	25000	24996	25000
1198	20.205302	0.029236	-0.320000	-0.030000	0.050000	-0.004000	0.006000	-0.002000	29968	29997	30005	24998	25003	24999
1199	20.205374	0.000072	0.120000	0.100000	-0.020000	-0.004000	0.006000	-0.002000	30012	30010	29998	24998	25003	24999
1200	20.235546	0.030171	0.060000	0.290000	0.050000	-0.004000	0.006000	-0.002000	30006	30029	30005	24998	25003	24999
1201	20.268243	0.032697	-0.170000	0.030000	0.000000	-0.004000	0.006000	-0.002000	29983	30003	30000	24998	25003	24999
1202	20.300323	0.032080	-0.170000	0.030000	0.000000	-0.004000	0.004000	-0.008000	29983	30003	30000	24998	25002	24996
1203	20.300385	0.000062	-0.140000	-0.260000	0.000000	-0.004000	0.004000	-0.008000	29986	29974	30000	24998	25002	24996
1204	20.326290	0.025904	-0.140000	-0.260000	0.000000	-0.006000	-0.002000	0.008000	29986	29974	30000	24997	24999	25004
1205	20.326361	0.000072	0.020000	-0.040000	0.100000	-0.006000	-0.002000	0.008000	30002	29996	30010	24997	24999	25004
1206	20.358003	0.031641	0.020000	-0.040000	0.100000	-0.002000	0.002000	0.000000	30002	29996	30010	24999	25001	25000
1207	20.358070	0.000067	-0.100000	0.070000	0.100000	-0.002000	0.002000	0.000000	29990	30007	30010	24999	25001	25000
1208	20.388073	0.030004	-0.100000	0.070000	0.100000	-0.006000	-0.002000	0.004000	29990	30007	30010	24997	24999	25002
1209	20.388132	0.000058	-0.250000	-0.170000	-0.020000	-0.006000	-0.002000	0.004000	29975	29983	29998	24997	24999	25002
1210	20.416474	0.028342	-0.250000	-0.170000	-0.020000	-0.012000	0.004000	0.006000	29975	29983	29998	24994	25002	25003
1211	20.416539	0.000065	-0.140000	-0.150000	0.090000	-0.012000	0.004000	0.006000	29986	29985	30009	24994	25002	25003
1212	20.446179	0.029640	0.100000	-0.200000	0.100000	-0.012000	0.004000	0.006000	30010	29980	30010	24994	25002	25003
1213	20.476287	0.030108	0.040000	0.000000	0.070000	-0.012000	0.004000	0.006000	30004	30000	30007	24994	25002	25003
1214	20.505666	0.029378	0.040000	0.000000	0.070000	0.000000	0.000000	-0.008000	30004	30000	30007	25000	25000	24996
1215	20.505749	0.000084	-0.080000	0.100000	0.000000	0.000000	0.000000	-0.008000	29992	30010	30000	25000	25000	24996
1216	20.546321	0.040571	-0.180000	-0.180000	0.020000	0.000000	0.000000	-0.008000	29982	29982	30002	25000	25000	24996
1217	20.583028	0.036708	-0.030000	-0.050000	0.080000	0.000000	0.000000	-0.008000	29997	29995	30008	25000	25000	24996
1218	20.615235	0.032207	-0.030000	-0.050000	0.080000	0.002000	0.002000	-0.002000	29997	29995	30008	25001	25001	24999
1219	20.615396	0.000160	-0.030000	0.040000	0.000000	0.002000	0.002000	-0.002000	29997	30004	30000	25001	25001	24999
1220	20.642063	0.026667	-0.030000	0.040000	0.000000	0.008000	0.000000	-0.012000	29997	30004	30000	25004	25000	24994
1221	20.642148	0.000085	0.100000	0.030000	-0.020000	0.008000	0.000000	-0.012000	30010	30003	29998	25004	25000	24994
1222	20.673398	0.031251	0.100000	0.030000	-0.020000	0.008000	0.002000	-0.010000	30010	30003	29998	25004	25001	24995
1223	20.673491	0.000093	-0.190000	0.000000	-0.050000	0.008000	0.002000	-0.010000	29981	30000	29995	25004	25001	24995
1224	20.701919	0.028428	-0.190000	0.000000	-0.050000	-0.002000	0.000000	-0.008000	29981	30000	29995	24999	25000	24996
1225	20.702016	0.000097	0.010000	-0.240000	0.000000	-0.002000	0.000000	-0.008000	30001	29976	30000	24999	25000	24996
1226	20.735608	0.033591	0.010000	-0.240000	0.000000	-0.004000	-0.002000	0.006000	30001	29976	30000	24998	24999	25003
1227	20.735708	0.000101	-0.020000	-0.120000	0.040000	-0.004000	-0.002000	0.006000	29998	29988	30004	24998	24999	25003
1228	20.769650	0.033942	-0.020000	-0.120000	0.040000	-0.008000	-0.010000	0.008000	29998	29988	30004	24996	24995	25004
1229	20.769719	0.000069	0.050000	0.200000	0.050000	-0.008000	-0.010000	0.008000	30005	30020	30005	24996	24995	25004
1230	20.797774	0.028055	0.050000	0.200000	0.050000	0.006000	0.002000	-0.018000	30005	30020	30005	25003	25001	24991
1231	20.797869	0.000095	-0.080000	0.120000	-0.050000	0.006000	0.002000	-0.018000	29992	30012	29995	25003	25001	24991
1232	20.829942	0.032073	-0.080000	0.120000	-0.050000	0.000000	0.000000	-0.008000	29992	30012	29995	25000	25000	24996
1233	20.830022	0.000080	0.060000	0.190000	-0.010000	0.000000	0.000000	-0.008000	30006	30019	29999	25000	25000	24996
1234	20.861454	0.031432	0.180000	0.190000	0.000000	0.000000	0.000000	-0.008000	30018	30019	30000	25000	25000	24996
1235	20.892480	0.031026	-0.340000	-0.200000	-0.040000	0.000000	0.000000	-0.008000	29966	29980	29996	25000	25000	24996
1236	20.936528	0.044048	-0.340000	-0.200000	-0.040000	-0.008000	0.006000	0.004000	29966	29980	29996	24996	25003	25002
1237	20.936608	0.000079	-0.100000	0.010000	0.000000	-0.008000	0.006000	0.004000	29990	30001	30000	24996	25003	25002
1238	20.967454	0.030846	-0.200000	-0.060000	-0.050000	-0.008000	0.006000	0.004000	29980	29994	29995	24996	25003	25002
1239	20.999373	0.031919	-0.200000	-0.060000	-0.050000	-0.002000	0.002000	0.002000	29980	29994	29995	24999	25001	25001
1240	20.999436	0.000064	-0.010000	-0.140000	0.000000	-0.002000	0.002000	0.002000	29999	29986	30000	24999	25001	25001
1241	21.028773	0.029336	-0.080000	-0.060000	0.030000	-0.002000	0.002000	0.002000	29992	29994	30003	24999	25001	25001
1242	21.059772	0.030999	-0.080000	-0.060000	0.030000	-0.004000	0.002000	0.000000	29992	29994	30003	24998	25001	25000
1243	21.059848	0.000076	-0.080000	-0.060000	0.030000	0.000000	0.000000	0.002000	29992	29994	30003	25000	25000	25001
1244	21.059871	0.000023	0.040000	-0.050000	0.090000	0.000000	0.000000	0.002000	30004	29995	30009	25000	25000	25001
1245	21.091521	0.031650	-0.110000	-0.090000	0.050000	0.000000	0.000000	0.002000	29989	29991	30005	25000	25000	25001
1246	21.123069	0.031548	-0.110000	-0.090000	0.050000	-0.004000	0.004000	0.002000	29989	29991	30005	24998	25002	25001
1247	21.123172	0.000103	-0.230000	0.060000	0.010000	-0.004000	0.004000	0.002000	29977	30006	30001	24998	25002	25001
1248	21.156205	0.033032	-0.230000	0.060000	0.010000	-0.006000	0.004000	0.000000	29977	30006	30001	24997	25002	25000
1249	21.156275	0.000071	-0.230000	0.060000	0.010000	-0.008000	-0.004000	0.008000	29977	30006	30001	24996	24998	25004
1250	21.156297	0.000022	-0.150000	-0.150000	0.000000	-0.008000	-0.004000	0.008000	29985	29985	30000	24996	24998	25004
1251	21.190443	0.034146	0.070000	0.080000	-0.050000	-0.008000	-0.004000	0.008000	30007	30008	29995	24996	24998	25004
1252	21.224440	0.033997	0.070000	0.080000	-0.050000	0.004000	-0.002000	-0.006000	30007	30008	29995	25002	24999	24997
1253	21.224524	0.000084	-0.010000	-0.160000	-0.050000	0.004000	-0.002000	-0.006000	29999	29984	29995	25002	24999	24997
1254	21.255164	0.030640	-0.010000	-0.160000	-0.050000	-0.006000	-0.006000	0.010000	29999	29984	29995	24997	24997	25005
1255	21.255296	0.000132	0.020000	0.030000	0.000000	-0.006000	-0.006000	0.010000	30002	30003	30000	24997	24997	25005
1256	21.283419	0.028123	0.020000	0.030000	0.000000	-0.004000	-0.004000	0.004000	30002	30003	30000	24998	24998	25002
1257	21.283502	0.000082	0.020000	0.070000	0.010000	-0.004000	-0.004000	0.004000	30002	30007	30001	24998	24998	25002
1258	21.311071	0.027569	0.020000	0.070000	0.010000	0.000000	0.006000	-0.006000	30002	30007	30001	25000	25003	24997
1259	21.311142	0.000072	0.110000	0.070000	0.040000	0.000000	0.006000	-0.006000	30011	30007	30004	25000	25003	24997
1260	21.342656	0.031514	0.030000	0.090000	-0.020000	0.000000	0.006000	-0.006000	30003	30009	29998	25000	25003	24997
1261	21.377294	0.034638	0.100000	-0.020000	0.050000	0.000000	0.006000	-0.006000	30010	29998	30005	25000	25003	24997
1262	21.405970	0.028676	0.100000	-0.020000	0.050000	-0.002000	-0.008000	0.012000	30010	29998	30005	24999	24996	25006
1263	21.406077	0.000107	-0.160000	-0.090000	-0.040000	-0.002000	-0.008000	0.012000	29984	29991	29996	24999	24996	25006
1264	21.436334	0.030257	-0.160000	-0.090000	-0.040000	-0.010000	0.006000	0.002000	29984	29991	29996	24995	25003	25001
1265	21.436402	0.000067	0.230000	-0.020000	0.040000	-0.010000	0.006000	0.002000	30023	29998	30004	24995	25003	25001
1266	21.467575	0.031174	0.230000	-0.020000	0.040000	-0.010000	-0.008000	0.000000	30023	29998	30004	24995	24996	25000
1267	21.467675	0.000099	-0.260000	-0.040000	0.030000	-0.010000	-0.008000	0.000000	29974	29996	30003	24995	24996	25000
1268	21.495277	0.027602	-0.260000	-0.040000	0.030000	-0.002000	0.004000	0.008000	29974	29996	30003	24999	25002	25004
1269	21.495352	0.000075	0.020000	0.120000	0.000000	-0.002000	0.004000	0.008000	30002	30012	30000	24999	25002	25004
1270	21.534660	0.039308	0.020000	0.120000	0.000000	0.004000	0.004000	-0.012000	30002	30012	30000	25002	25002	24994
1271	21.534755	0.000095	0.000000	0.080000	0.000000	0.004000	0.004000	-0.012000	30000	30008	30000	25002	25002	24994
1272	21.565132	0.030377	0.000000	0.080000	0.000000	0.000000	0.000000	0.000000	30000	30008	30000	25000	25000	25000
1273	21.565213	0.000081	-0.300000	-0.090000	0.000000	0.000000	0.000000	0.000000	29970	29991	30000	25000	25000	25000
1274	21.596381	0.031167	-0.160000	-0.030000	-0.020000	0.000000	0.000000	0.000000	29984	29997	29998	25000	25000	25000
1275	21.631317	0.034936	-0.290000	-0.070000	-0.040000	0.000000	0.000000	0.000000	29971	29993	29996	25000	25000	25000
1276	21.664665	0.033348	-0.290000	-0.070000	-0.040000	-0.012000	0.002000	0.016000	29971	29993	29996	24994	25001	25008
1277	21.664759	0.000095	-0.070000	-0.060000	0.000000	-0.012000	0.002000	0.016000	29993	29994	30000	24994	25001	25008
1278	21.693029	0.028269	-0.070000	-0.060000	0.000000	-0.006000	0.002000	-0.002000	29993	29994	30000	24997	25001	24999
1279	21.693136	0.000107	-0.120000	-0.070000	0.020000	-0.006000	0.002000	-0.002000	29988	29993	30002	24997	25001	24999
1280	21.727763	0.034626	-0.120000	-0.070000	0.020000	-0.008000	0.000000	0.000000	29988	29993	30002	24996	25000	25000
1281	21.727846	0.000084	-0.140000	0.050000	0.000000	-0.008000	0.000000	0.000000	29986	30005	30000	24996	25000	25000
1282	21.760634	0.032788	-0.140000	0.050000	0.000000	-0.002000	0.002000	-0.004000	29986	30005	30000	24999	25001	24998
1283	21.760743	0.000108	0.200000	0.190000	0.000000	-0.002000	0.002000	-0.004000	30020	30019	30000	24999	25001	24998
1284	21.791844	0.031102	-0.110000	-0.130000	0.000000	-0.002000	0.002000	-0.004000	29989	29987	30000	24999	25001	24998
1285	21.824391	0.032546	-0.170000	0.070000	-0.050000	-0.002000	0.002000	-0.004000	29983	30007	29995	24999	25001	24998
1286	21.853978	0.029587	-0.170000	0.070000	-0.050000	-0.004000	0.004000	-0.012000	29983	30007	29995	24998	25002	24994
1287	21.854044	0.000066	-0.070000	0.060000	0.050000	-0.004000	0.004000	-0.012000	29993	30006	30005	24998	25002	24994
1288	21.884537	0.030492	-0.070000	0.060000	0.050000	-0.006000	-0.004000	0.006000	29993	30006	30005	24997	24998	25003
1289	21.884612	0.000076	0.030000	-0.050000	0.000000	-0.006000	-0.004000	0.006000	30003	29995	30000	24997	24998	25003
1290	21.912648	0.028036	0.030000	-0.050000	0.000000	-0.008000	-0.002000	0.004000	30003	29995	30000	24996	24999	25002
1291	21.912713	0.000065	0.050000	0.010000	0.020000	-0.008000	-0.002000	0.004000	30005	30001	30002	24996	24999	25002
1292	21.945815	0.033101	0.050000	0.010000	0.020000	-0.004000	-0.002000	0.000000	30005	30001	30002	24998	24999	25000
1293	21.945921	0.000106	0.000000	-0.040000	0.000000	-0.004000	-0.002000	0.000000	30000	29996	30000	24998	24999	25000
1294	21.979091	0.033170	-0.160000	-0.060000	0.000000	-0.004000	-0.002000	0.000000	29984	29994	30000	24998	24999	25000
1295	22.013804	0.034713	-0.120000	-0.180000	-0.020000	-0.004000	-0.002000	0.000000	29988	29982	29998	24998	24999	25000
1296	22.048341	0.034537	-0.120000	-0.180000	-0.020000	-0.002000	0.000000	0.006000	29988	29982	29998	24999	25000	25003
1297	22.048423	0.000082	-0.180000	0.000000	0.010000	-0.002000	0.000000	0.006000	29982	30000	30001	24999	25000	25003
1298	22.080776	0.032353	-0.180000	0.000000	0.010000	-0.006000	0.004000	0.008000	29982	30000	30001	24997	25002	25004
1299	22.080851	0.000075	-0.150000	-0.160000	0.000000	-0.006000	0.004000	0.008000	29985	29984	30000	24997	25002	25004
1300	22.110824	0.029973	-0.150000	-0.160000	0.000000	-0.008000	-0.002000	0.004000	29985	29984	30000	24996	24999	25002
1301	22.110928	0.000104	0.220000	-0.020000	-0.100000	-0.008000	-0.002000	0.004000	30022	29998	29990	24996	24999	25002
1302	22.144360	0.033432	0.220000	-0.020000	-0.100000	0.000000	-0.004000	-0.006000	30022	29998	29990	25000	24998	24997
1303	22.144444	0.000084	0.070000	-0.150000	-0.100000	0.000000	-0.004000	-0.006000	30007	29985	29990	25000	24998	24997
1304	22.173175	0.028730	-0.020000	-0.180000	0.000000	0.000000	-0.004000	-0.006000	29998	29982	30000	25000	24998	24997
1305	22.205077	0.031903	0.080000	0.040000	0.000000	0.000000	-0.004000	-0.006000	30008	30004	30000	25000	24998	24997
1306	22.236573	0.031496	0.080000	0.040000	0.000000	0.004000	-0.002000	-0.006000	30008	30004	30000	25002	24999	24997
1307	22.236662	0.000089	0.150000	0.040000	0.000000	0.004000	-0.002000	-0.006000	30015	30004	30000	25002	24999	24997
1308	22.266575	0.029913	0.150000	0.040000	0.000000	0.002000	-0.012000	0.004000	30015	30004	30000	25001	24994	25002
1309	22.266636	0.000061	-0.140000	-0.120000	0.000000	0.002000	-0.012000	0.004000	29986	29988	30000	25001	24994	25002
1310	22.296308	0.029672	-0.140000	-0.120000	0.000000	-0.006000	0.002000	0.006000	29986	29988	30000	24997	25001	25003
1311	22.296392	0.000084	-0.070000	-0.140000	-0.030000	-0.006000	0.002000	0.006000	29993	29986	29997	24997	25001	25003
1312	22.328544	0.032151	-0.070000	-0.140000	-0.030000	-0.006000	-0.004000	-0.002000	29993	29986	29997	24997	24998	24999
1313	22.328618	0.000074	0.070000	-0.110000	0.020000	-0.006000	-0.004000	-0.002000	30007	29989	30002	24997	24998	24999
1314	22.363498	0.034880	0.070000	-0.110000	0.020000	-0.008000	0.000000	0.002000	30007	29989	30002	24996	25000	25001
1315	22.363572	0.000074	-0.020000	-0.090000	-0.030000	-0.008000	0.000000	0.002000	29998	29991	29997	24996	25000	25001
1316	22.398323	0.034752	-0.020000	-0.090000	-0.030000	-0.002000	-0.006000	0.002000	29998	29991	29997	24999	24997	25001
1317	22.398407	0.000084	0.010000	-0.150000	0.000000	-0.002000	-0.006000	0.002000	30001	29985	30000	24999	24997	25001
1318	22.425794	0.027386	0.010000	-0.150000	0.000000	-0.004000	0.002000	-0.004000	30001	29985	30000	24998	25001	24998
1319	22.425863	0.000070	-0.140000	-0.080000	0.000000	-0.004000	0.002000	-0.004000	29986	29992	30000	24998	25001	24998
1320	22.458077	0.032214	-0.140000	-0.080000	0.000000	-0.008000	0.002000	0.010000	29986	29992	30000	24996	25001	25005
1321	22.458174	0.000097	0.120000	0.060000	-0.050000	-0.008000	0.002000	0.010000	30012	30006	29995	24996	25001	25005
1322	22.490337	0.032163	0.120000	0.060000	-0.050000	0.008000	-0.002000	-0.008000	30012	30006	29995	25004	24999	24996
1323	22.490440	0.000103	0.190000	-0.140000	-0.030000	0.008000	-0.002000	-0.008000	30019	29986	29997	25004	24999	24996
1324	22.523544	0.033103	-0.130000	-0.050000	-0.060000	0.008000	-0.002000	-0.008000	29987	29995	29994	25004	24999	24996
1325	22.557533	0.033989	-0.130000	-0.050000	-0.060000	-0.002000	-0.004000	-0.002000	29987	29995	29994	24999	24998	24999
1326	22.557605	0.000072	0.020000	-0.080000	0.000000	-0.002000	-0.004000	-0.002000	30002	29992	30000	24999	24998	24999
1327	22.590027	0.032422	0.170000	0.030000	-0.050000	-0.002000	-0.004000	-0.002000	30017	30003	29995	24999	24998	24999
1328	22.618283	0.028256	0.170000	0.030000	-0.050000	-0.002000	-0.006000	0.002000	30017	30003	29995	24999	24997	25001
1329	22.618384	0.000101	0.170000	0.030000	-0.050000	-0.006000	-0.004000	0.004000	30017	30003	29995	24997	24998	25002
1330	22.618417	0.000033	-0.010000	-0.060000	0.040000	-0.006000	-0.004000	0.004000	29999	29994	30004	24997	24998	25002
1331	22.646171	0.027754	-0.010000	-0.060000	0.040000	-0.002000	-0.004000	0.000000	29999	29994	30004	24999	24998	25000
1332	22.646241	0.000070	-0.030000	-0.140000	0.000000	-0.002000	-0.004000	0.000000	29997	29986	30000	24999	24998	25000
1333	22.675629	0.029389	0.130000	-0.010000	0.040000	-0.002000	-0.004000	0.000000	30013	29999	30004	24999	24998	25000
1334	22.707182	0.031553	0.130000	-0.010000	0.040000	-0.004000	-0.002000	-0.004000	30013	29999	30004	24998	24999	24998
1335	22.707259	0.000077	-0.130000	-0.090000	0.020000	-0.004000	-0.002000	-0.004000	29987	29991	30002	24998	24999	24998
1336	22.736863	0.029605	-0.130000	-0.090000	0.020000	-0.008000	0.000000	0.002000	29987	29991	30002	24996	25000	25001
1337	22.736960	0.000097	-0.080000	0.120000	0.010000	-0.008000	0.000000	0.002000	29992	30012	30001	24996	25000	25001
1338	22.770563	0.033603	-0.060000	0.090000	0.050000	-0.008000	0.000000	0.002000	29994	30009	30005	24996	25000	25001
1339	22.804838	0.034275	0.080000	0.080000	0.090000	-0.008000	0.000000	0.002000	30008	30008	30009	24996	25000	25001
1340	22.845093	0.040254	0.080000	0.080000	0.090000	0.000000	-0.010000	0.000000	30008	30008	30009	25000	24995	25000
1341	22.845199	0.000106	0.250000	0.030000	0.040000	0.000000	-0.010000	0.000000	30025	30003	30004	25000	24995	25000
1342	22.880630	0.035431	0.250000	0.030000	0.040000	-0.002000	-0.016000	0.008000	30025	30003	30004	24999	24992	25004
1343	22.880713	0.000083	-0.030000	0.040000	-0.050000	-0.002000	-0.016000	0.008000	29997	30004	29995	24999	24992	25004
1344	22.913636	0.032923	-0.030000	0.050000	-0.030000	-0.002000	-0.016000	0.008000	29997	30005	29997	24999	24992	25004
1345	22.940831	0.027195	-0.030000	0.050000	-0.030000	0.000000	0.000000	-0.012000	29997	30005	29997	25000	25000	24994
1346	22.940907	0.000075	-0.160000	-0.120000	0.050000	0.000000	0.000000	-0.012000	29984	29988	30005	25000	25000	24994
1347	22.967344	0.026437	-0.290000	-0.130000	0.000000	0.000000	0.000000	-0.012000	29971	29987	30000	25000	25000	24994
1348	23.010589	0.043245	-0.290000	-0.130000	0.000000	-0.004000	0.006000	0.002000	29971	29987	30000	24998	25003	25001
1349	23.010653	0.000065	-0.230000	-0.070000	0.000000	-0.004000	0.006000	0.002000	29977	29993	30000	24998	25003	25001
1350	23.041703	0.031049	-0.230000	-0.070000	0.000000	0.002000	0.000000	0.004000	29977	29993	30000	25001	25000	25002
1351	23.041825	0.000122	0.120000	-0.050000	-0.050000	0.002000	0.000000	0.004000	30012	29995	29995	25001	25000	25002
1352	23.071776	0.029951	0.120000	-0.050000	-0.050000	-0.006000	-0.008000	0.000000	30012	29995	29995	24997	24996	25000
1353	23.071873	0.000098	-0.050000	-0.010000	0.050000	-0.006000	-0.008000	0.000000	29995	29999	30005	24997	24996	25000
1354	23.110657	0.038784	-0.050000	-0.010000	0.050000	-0.006000	0.002000	0.000000	29995	29999	30005	24997	25001	25000
1355	23.110740	0.000083	-0.050000	-0.010000	0.050000	-0.008000	0.000000	0.006000	29995	29999	30005	24996	25000	25003
1356	23.110763	0.000023	-0.120000	-0.070000	0.050000	-0.008000	0.000000	0.006000	29988	29993	30005	24996	25000	25003
1357	23.138338	0.027575	-0.070000	0.050000	0.000000	-0.008000	0.000000	0.006000	29993	30005	30000	24996	25000	25003
1358	23.178991	0.040653	-0.070000	0.050000	0.000000	-0.006000	0.000000	0.008000	29993	30005	30000	24997	25000	25004
1359	23.179120	0.000129	-0.090000	0.000000	0.000000	-0.006000	0.000000	0.008000	29991	30000	30000	24997	25000	25004
1360	23.212413	0.033293	-0.090000	0.000000	0.000000	-0.002000	0.000000	0.002000	29991	30000	30000	24999	25000	25001
1361	23.212633	0.000221	-0.090000	0.000000	0.000000	0.002000	-0.008000	-0.004000	29991	30000	30000	25001	24996	24998
1362	23.212751	0.000118	0.000000	-0.120000	-0.010000	0.002000	-0.008000	-0.004000	30000	29988	29999	25001	24996	24998
1363	23.248704	0.035953	-0.080000	-0.070000	0.000000	0.002000	-0.008000	-0.004000	29992	29993	30000	25001	24996	24998
1364	23.283138	0.034434	-0.080000	-0.070000	0.000000	-0.008000	-0.002000	0.008000	29992	29993	30000	24996	24999	25004
1365	23.283207	0.000069	0.180000	0.100000	0.000000	-0.008000	-0.002000	0.008000	30018	30010	30000	24996	24999	25004
1366	23.313437	0.030230	0.180000	0.100000	0.000000	-0.002000	-0.006000	-0.004000	30018	30010	30000	24999	24997	24998
1367	23.313521	0.000084	0.040000	0.070000	0.000000	-0.002000	-0.006000	-0.004000	30004	30007	30000	24999	24997	24998
1368	23.346499	0.032978	0.040000	0.070000	0.000000	0.004000	-0.002000	-0.010000	30004	30007	30000	25002	24999	24995
1369	23.346567	0.000068	-0.040000	-0.010000	-0.050000	0.004000	-0.002000	-0.010000	29996	29999	29995	25002	24999	24995
1370	23.373870	0.027302	-0.120000	-0.070000	0.030000	0.004000	-0.002000	-0.010000	29988	29993	30003	25002	24999	24995
1371	23.403212	0.029342	-0.020000	-0.090000	0.020000	0.004000	-0.002000	-0.010000	29998	29991	30002	25002	24999	24995
1372	23.434251	0.031039	-0.020000	-0.090000	0.020000	-0.010000	-0.004000	0.000000	29998	29991	30002	24995	24998	25000
1373	23.434327	0.000077	-0.330000	-0.170000	0.000000	-0.010000	-0.004000	0.000000	29967	29983	30000	24995	24998	25000
1374	23.465336	0.031009	-0.330000	-0.170000	0.000000	-0.002000	0.004000	0.000000	29967	29983	30000	24999	25002	25000
1375	23.465400	0.000064	0.050000	-0.020000	-0.010000	-0.002000	0.004000	0.000000	30005	29998	29999	24999	25002	25000
1376	23.497688	0.032288	0.050000	-0.020000	-0.010000	-0.004000	-0.012000	0.010000	30005	29998	29999	24998	24994	25005
1377	23.497808	0.000120	-0.160000	-0.080000	0.000000	-0.004000	-0.012000	0.010000	29984	29992	30000	24998	24994	25005
1378	23.530099	0.032291	-0.050000	-0.090000	0.050000	-0.004000	-0.012000	0.010000	29995	29991	30005	24998	24994	25005
1379	23.561951	0.031852	0.010000	-0.140000	-0.050000	-0.004000	-0.012000	0.010000	30001	29986	29995	24998	24994	25005
1380	23.593330	0.031379	-0.110000	-0.150000	-0.040000	-0.004000	-0.012000	0.010000	29989	29985	29996	24998	24994	25005
1381	23.620797	0.027467	-0.220000	0.120000	0.060000	-0.004000	-0.012000	0.010000	29978	30012	30006	24998	24994	25005
1382	23.652268	0.031471	-0.220000	0.120000	0.060000	0.002000	0.006000	0.000000	29978	30012	30006	25001	25003	25000
1383	23.652356	0.000089	-0.010000	0.010000	0.000000	0.002000	0.006000	0.000000	29999	30001	30000	25001	25003	25000
1384	23.681144	0.028788	-0.010000	0.010000	0.000000	-0.002000	0.002000	-0.008000	29999	30001	30000	24999	25001	24996
1385	23.681217	0.000074	-0.150000	-0.090000	0.050000	-0.002000	0.002000	-0.008000	29985	29991	30005	24999	25001	24996
1386	23.710136	0.028918	-0.150000	-0.090000	0.050000	-0.002000	-0.002000	0.008000	29985	29991	30005	24999	24999	25004
1387	23.710204	0.000068	-0.230000	-0.130000	0.050000	-0.002000	-0.002000	0.008000	29977	29987	30005	24999	24999	25004
1388	23.740441	0.030238	-0.230000	-0.130000	0.050000	-0.006000	0.004000	0.008000	29977	29987	30005	24997	25002	25004
1389	23.740526	0.000085	-0.200000	-0.150000	-0.050000	-0.006000	0.004000	0.008000	29980	29985	29995	24997	25002	25004
1390	23.771937	0.031411	0.150000	0.010000	0.000000	-0.006000	0.004000	0.008000	30015	30001	30000	24997	25002	25004
1391	23.802976	0.031039	-0.280000	0.050000	0.010000	-0.006000	0.004000	0.008000	29972	30005	30001	24997	25002	25004
1392	23.834289	0.031313	-0.020000	0.030000	0.020000	-0.006000	0.004000	0.008000	29998	30003	30002	24997	25002	25004
1393	23.866193	0.031904	0.120000	0.060000	-0.050000	-0.006000	0.004000	0.008000	30012	30006	29995	24997	25002	25004
1394	23.898597	0.032404	0.030000	-0.020000	-0.020000	-0.006000	0.004000	0.008000	30003	29998	29998	24997	25002	25004
1395	23.931323	0.032726	-0.020000	0.040000	-0.050000	-0.006000	0.004000	0.008000	29998	30004	29995	24997	25002	25004
1396	23.958080	0.026758	-0.020000	0.040000	-0.050000	-0.008000	0.000000	0.000000	29998	30004	29995	24996	25000	25000
1397	23.958141	0.000061	-0.040000	-0.150000	0.030000	-0.008000	0.000000	0.000000	29996	29985	30003	24996	25000	25000
1398	23.989390	0.031248	-0.130000	-0.220000	-0.020000	-0.008000	0.000000	0.000000	29987	29978	29998	24996	25000	25000
1399	24.020337	0.030948	-0.130000	-0.220000	-0.020000	-0.010000	-0.002000	0.014000	29987	29978	29998	24995	24999	25007
1400	24.020406	0.000069	0.090000	0.130000	0.000000	-0.010000	-0.002000	0.014000	30009	30013	30000	24995	24999	25007
1401	24.053547	0.033141	0.090000	0.130000	0.000000	0.002000	-0.002000	-0.012000	30009	30013	30000	25001	24999	24994
1402	24.053610	0.000062	-0.180000	-0.030000	0.050000	0.002000	-0.002000	-0.012000	29982	29997	30005	25001	24999	24994
1403	24.088258	0.034648	-0.180000	-0.030000	0.050000	-0.006000	0.002000	0.004000	29982	29997	30005	24997	25001	25002
1404	24.088329	0.000071	-0.110000	0.000000	0.050000	-0.006000	0.002000	0.004000	29989	30000	30005	24997	25001	25002
1405	24.115755	0.027426	-0.110000	0.000000	0.050000	0.000000	0.000000	0.004000	29989	30000	30005	25000	25000	25002
1406	24.115812	0.000057	-0.170000	-0.110000	0.000000	0.000000	0.000000	0.004000	29983	29989	30000	25000	25000	25002
1407	24.142008	0.026196	-0.170000	-0.110000	0.000000	-0.008000	0.002000	0.000000	29983	29989	30000	24996	25001	25000
1408	24.142088	0.000081	0.090000	-0.020000	-0.050000	-0.008000	0.002000	0.000000	30009	29998	29995	24996	25001	25000
1409	24.167979	0.025891	-0.180000	0.000000	-0.040000	-0.008000	0.002000	0.000000	29982	30000	29996	24996	25001	25000
1410	24.198617	0.030637	-0.180000	0.000000	-0.040000	-0.010000	0.000000	0.016000	29982	30000	29996	24995	25000	25008
1411	24.198689	0.000072	0.020000	-0.070000	0.000000	-0.010000	0.000000	0.016000	30002	29993	30000	24995	25000	25008
1412	24.226186	0.027497	-0.130000	0.060000	0.000000	-0.010000	0.000000	0.016000	29987	30006	30000	24995	25000	25008
1413	24.255542	0.029355	-0.130000	0.060000	0.000000	0.002000	0.000000	0.000000	29987	30006	30000	25001	25000	25000
1414	24.255613	0.000072	-0.130000	0.060000	0.000000	-0.010000	-0.002000	0.008000	29987	30006	30000	24995	24999	25004
1415	24.255636	0.000023	-0.250000	-0.100000	0.050000	-0.010000	-0.002000	0.008000	29975	29990	30005	24995	24999	25004
1416	24.288272	0.032636	-0.070000	-0.070000	0.050000	-0.010000	-0.002000	0.008000	29993	29993	30005	24995	24999	25004
1417	24.316312	0.028040	-0.070000	-0.070000	0.050000	0.000000	-0.002000	0.002000	29993	29993	30005	25000	24999	25001
1418	24.316376	0.000064	-0.100000	-0.120000	0.000000	0.000000	-0.002000	0.002000	29990	29988	30000	25000	24999	25001
1419	24.347921	0.031545	-0.100000	-0.120000	0.000000	-0.010000	0.002000	0.010000	29990	29988	30000	24995	25001	25005
1420	24.347991	0.000070	-0.120000	-0.050000	-0.050000	-0.010000	0.002000	0.010000	29988	29995	29995	24995	25001	25005
1421	24.380298	0.032307	-0.120000	-0.050000	-0.050000	-0.006000	0.000000	-0.002000	29988	29995	29995	24997	25000	24999
1422	24.380368	0.000071	-0.250000	0.130000	-0.040000	-0.006000	0.000000	-0.002000	29975	30013	29996	24997	25000	24999
1423	24.406766	0.026398	-0.250000	0.130000	-0.040000	0.002000	0.004000	-0.002000	29975	30013	29996	25001	25002	24999
1424	24.406860	0.000094	0.000000	-0.170000	0.100000	0.002000	0.004000	-0.002000	30000	29983	30010	25001	25002	24999
1425	24.435964	0.029104	0.000000	-0.170000	0.100000	-0.010000	-0.010000	0.018000	30000	29983	30010	24995	24995	25009
1426	24.436039	0.000075	-0.160000	-0.120000	0.000000	-0.010000	-0.010000	0.018000	29984	29988	30000	24995	24995	25009
1427	24.465729	0.029690	-0.160000	-0.120000	0.000000	-0.006000	0.002000	0.002000	29984	29988	30000	24997	25001	25001
1428	24.465812	0.000083	-0.030000	-0.010000	-0.050000	-0.006000	0.002000	0.002000	29997	29999	29995	24997	25001	25001
1429	24.497369	0.031557	-0.030000	-0.010000	-0.050000	-0.006000	0.000000	-0.004000	29997	29999	29995	24997	25000	24998
1430	24.497446	0.000077	0.040000	-0.150000	0.000000	-0.006000	0.000000	-0.004000	30004	29985	30000	24997	25000	24998
1431	24.531744	0.034298	0.040000	-0.150000	0.000000	-0.006000	-0.004000	0.006000	30004	29985	30000	24997	24998	25003
1432	24.531814	0.000070	0.030000	-0.130000	0.000000	-0.006000	-0.004000	0.006000	30003	29987	30000	24997	24998	25003
1433	24.557426	0.025612	0.030000	-0.130000	0.000000	-0.008000	-0.002000	0.010000	30003	29987	30000	24996	24999	25005
1434	24.557489	0.000063	0.110000	-0.080000	0.090000	-0.008000	-0.002000	0.010000	30011	29992	30009	24996	24999	25005
1435	24.589425	0.031935	0.110000	-0.080000	0.090000	-0.004000	-0.006000	0.002000	30011	29992	30009	24998	24997	25001
1436	24.589549	0.000124	0.000000	0.030000	0.020000	-0.004000	-0.006000	0.002000	30000	30003	30002	24998	24997	25001
1437	24.624128	0.034579	0.000000	0.030000	0.020000	-0.002000	-0.004000	0.006000	30000	30003	30002	24999	24998	25003
1438	24.624206	0.000078	-0.030000	-0.130000	-0.050000	-0.002000	-0.004000	0.006000	29997	29987	29995	24999	24998	25003
1439	24.656464	0.032259	-0.030000	-0.130000	-0.050000	0.000000	-0.004000	0.008000	29997	29987	29995	25000	24998	25004
1440	24.656533	0.000069	-0.100000	-0.190000	0.000000	0.000000	-0.004000	0.008000	29990	29981	30000	25000	24998	25004
1441	24.687746	0.031213	-0.100000	-0.190000	0.000000	-0.010000	0.000000	0.002000	29990	29981	30000	24995	25000	25001
1442	24.687829	0.000082	-0.080000	-0.180000	0.050000	-0.010000	0.000000	0.002000	29992	29982	30005	24995	25000	25001
1443	24.721590	0.033762	-0.080000	-0.180000	0.050000	-0.006000	-0.002000	0.002000	29992	29982	30005	24997	24999	25001
1444	24.721663	0.000073	0.030000	-0.010000	0.000000	-0.006000	-0.002000	0.002000	30003	29999	30000	24997	24999	25001
1445	24.754610	0.032947	0.030000	-0.010000	0.000000	-0.002000	-0.004000	-0.006000	30003	29999	30000	24999	24998	24997
1446	24.754685	0.000076	-0.080000	-0.020000	-0.050000	-0.002000	-0.004000	-0.006000	29992	29998	29995	24999	24998	24997
1447	24.788281	0.033596	-0.090000	-0.020000	0.050000	-0.002000	-0.004000	-0.006000	29991	29998	30005	24999	24998	24997
1448	24.816284	0.028003	-0.010000	0.130000	0.000000	-0.002000	-0.004000	-0.006000	29999	30013	30000	24999	24998	24997
1449	24.844280	0.027996	-0.010000	0.130000	0.000000	-0.002000	0.000000	-0.008000	29999	30013	30000	24999	25000	24996
1450	24.844338	0.000058	-0.250000	-0.190000	0.000000	-0.002000	0.000000	-0.008000	29975	29981	30000	24999	25000	24996
1451	24.874702	0.030364	-0.250000	-0.190000	0.000000	-0.008000	0.002000	0.008000	29975	29981	30000	24996	25001	25004
1452	24.874772	0.000070	-0.090000	-0.140000	-0.080000	-0.008000	0.002000	0.008000	29991	29986	29992	24996	25001	25004
1453	24.904605	0.029833	-0.090000	-0.140000	-0.080000	-0.010000	-0.008000	0.008000	29991	29986	29992	24995	24996	25004
1454	24.904691	0.000086	-0.090000	-0.060000	0.030000	-0.010000	-0.008000	0.008000	29991	29994	30003	24995	24996	25004
1455	24.932454	0.027763	-0.090000	-0.060000	0.030000	-0.008000	0.002000	0.006000	29991	29994	30003	24996	25001	25003
1456	24.932530	0.000075	0.000000	-0.030000	0.000000	-0.008000	0.002000	0.006000	30000	29997	30000	24996	25001	25003
1457	24.964132	0.031602	-0.040000	-0.010000	0.000000	-0.008000	0.002000	0.006000	29996	29999	30000	24996	25001	25003
1458	24.996316	0.032184	-0.220000	0.060000	0.050000	-0.008000	0.002000	0.006000	29978	30006	30005	24996	25001	25003
1459	25.029947	0.033631	-0.220000	0.060000	0.050000	-0.004000	0.006000	-0.006000	29978	30006	30005	24998	25003	24997
1460	25.030028	0.000081	0.010000	0.080000	0.000000	-0.004000	0.006000	-0.006000	30001	30008	30000	24998	25003	24997
1461	25.058227	0.028199	0.010000	0.080000	0.000000	0.000000	0.002000	-0.008000	30001	30008	30000	25000	25001	24996
1462	25.058297	0.000070	-0.110000	-0.070000	0.000000	0.000000	0.002000	-0.008000	29989	29993	30000	25000	25001	24996
1463	25.084636	0.026339	-0.020000	0.100000	0.050000	0.000000	0.002000	-0.008000	29998	30010	30005	25000	25001	24996
1464	25.115574	0.030938	0.070000	-0.180000	-0.020000	0.000000	0.002000	-0.008000	30007	29982	29998	25000	25001	24996
1465	25.148565	0.032991	0.070000	-0.180000	-0.020000	-0.008000	-0.004000	0.008000	30007	29982	29998	24996	24998	25004
1466	25.148683	0.000118	-0.120000	-0.180000	0.100000	-0.008000	-0.004000	0.008000	29988	29982	30010	24996	24998	25004
1467	25.180679	0.031997	-0.120000	-0.180000	0.100000	-0.006000	0.006000	0.010000	29988	29982	30010	24997	25003	25005
1468	25.180757	0.000078	-0.160000	-0.170000	0.000000	-0.006000	0.006000	0.010000	29984	29983	30000	24997	25003	25005
1469	25.215368	0.034611	-0.160000	-0.170000	0.000000	-0.008000	-0.002000	0.002000	29984	29983	30000	24996	24999	25001
1470	25.215435	0.000067	0.090000	0.030000	-0.010000	-0.008000	-0.002000	0.002000	30009	30003	29999	24996	24999	25001
1471	25.242891	0.027456	0.090000	0.030000	-0.010000	0.006000	-0.008000	-0.002000	30009	30003	29999	25003	24996	24999
1472	25.242959	0.000068	0.130000	-0.100000	0.090000	0.006000	-0.008000	-0.002000	30013	29990	30009	25003	24996	24999
1473	25.273380	0.030421	0.120000	-0.070000	-0.050000	0.006000	-0.008000	-0.002000	30012	29993	29995	25003	24996	24999
1474	25.308106	0.034726	-0.080000	0.070000	0.000000	0.006000	-0.008000	-0.002000	29992	30007	30000	25003	24996	24999
1475	25.340323	0.032217	-0.080000	0.070000	0.000000	0.002000	-0.006000	-0.002000	29992	30007	30000	25001	24997	24999
1476	25.340389	0.000066	-0.050000	0.250000	0.100000	0.002000	-0.006000	-0.002000	29995	30025	30010	25001	24997	24999
1477	25.374734	0.034345	-0.050000	0.250000	0.100000	-0.002000	-0.002000	-0.002000	29995	30025	30010	24999	24999	24999
1478	25.374919	0.000184	0.020000	-0.170000	0.050000	-0.002000	-0.002000	-0.002000	30002	29983	30005	24999	24999	24999
1479	25.401564	0.026645	-0.070000	-0.190000	0.050000	-0.002000	-0.002000	-0.002000	29993	29981	30005	24999	24999	24999
1480	25.431431	0.029867	-0.100000	-0.130000	0.000000	-0.002000	-0.002000	-0.002000	29990	29987	30000	24999	24999	24999
1481	25.463754	0.032324	-0.100000	-0.130000	0.000000	-0.006000	-0.004000	0.002000	29990	29987	30000	24997	24998	25001
1482	25.463856	0.000102	-0.110000	0.040000	-0.040000	-0.006000	-0.004000	0.002000	29989	30004	29996	24997	24998	25001
1483	25.497569	0.033713	-0.110000	0.040000	-0.040000	-0.004000	0.002000	-0.004000	29989	30004	29996	24998	25001	24998
1484	25.497659	0.000090	0.020000	-0.110000	0.000000	-0.004000	0.002000	-0.004000	30002	29989	30000	24998	25001	24998
1485	25.536348	0.038689	0.020000	-0.110000	0.000000	-0.004000	-0.004000	0.004000	30002	29989	30000	24998	24998	25002
1486	25.536459	0.000111	0.070000	0.070000	0.050000	-0.004000	-0.004000	0.004000	30007	30007	30005	24998	24998	25002
1487	25.574513	0.038053	0.070000	0.070000	0.050000	0.000000	-0.002000	-0.004000	30007	30007	30005	25000	24999	24998
1488	25.574605	0.000092	0.010000	0.010000	0.000000	0.000000	-0.002000	-0.004000	30001	30001	30000	25000	24999	24998
1489	25.609520	0.034916	0.010000	0.010000	0.000000	0.002000	-0.004000	0.000000	30001	30001	30000	25001	24998	25000
1490	25.609617	0.000096	-0.020000	-0.030000	0.000000	0.002000	-0.004000	0.000000	29998	29997	30000	25001	24998	25000
1491	25.638245	0.028628	0.100000	0.140000	0.000000	0.002000	-0.004000	0.000000	30010	30014	30000	25001	24998	25000
1492	25.671259	0.033014	-0.050000	0.200000	0.000000	0.002000	-0.004000	0.000000	29995	30020	30000	25001	24998	25000
1493	25.704430	0.033171	-0.050000	0.200000	0.000000	0.008000	0.000000	-0.012000	29995	30020	30000	25004	25000	24994
1494	25.704501	0.000071	-0.210000	0.240000	0.000000	0.008000	0.000000	-0.012000	29979	30024	30000	25004	25000	24994
1495	25.736458	0.031957	-0.080000	0.010000	-0.050000	0.008000	0.000000	-0.012000	29992	30001	29995	25004	25000	24994
1496	25.765141	0.028683	-0.140000	0.040000	0.030000	0.008000	0.000000	-0.012000	29986	30004	30003	25004	25000	24994
1497	25.793008	0.027867	0.020000	-0.060000	0.050000	0.008000	0.000000	-0.012000	30002	29994	30005	25004	25000	24994
1498	25.824079	0.031071	-0.110000	0.200000	0.000000	0.008000	0.000000	-0.012000	29989	30020	30000	25004	25000	24994
1499	25.860616	0.036537	-0.110000	0.200000	0.000000	0.006000	0.004000	-0.008000	29989	30020	30000	25003	25002	24996
1500	25.860736	0.000120	-0.060000	-0.130000	-0.020000	0.006000	0.004000	-0.008000	29994	29987	29998	25003	25002	24996
1501	25.900406	0.039670	-0.060000	-0.130000	-0.020000	-0.004000	0.002000	0.002000	29994	29987	29998	24998	25001	25001
1502	25.900532	0.000126	-0.170000	-0.080000	0.050000	-0.004000	0.002000	0.002000	29983	29992	30005	24998	25001	25001
1503	25.937714	0.037182	-0.170000	-0.080000	0.050000	-0.010000	-0.002000	0.008000	29983	29992	30005	24995	24999	25004
1504	25.937841	0.000127	0.000000	-0.020000	-0.100000	-0.010000	-0.002000	0.008000	30000	29998	29990	24995	24999	25004
1505	25.977436	0.039594	0.000000	-0.020000	-0.100000	-0.002000	-0.004000	-0.002000	30000	29998	29990	24999	24998	24999
1506	25.977646	0.000211	0.190000	0.070000	-0.050000	-0.002000	-0.004000	-0.002000	30019	30007	29995	24999	24998	24999
1507	26.021265	0.043619	0.190000	0.070000	-0.050000	-0.002000	-0.012000	-0.002000	30019	30007	29995	24999	24994	24999
1508	26.021344	0.000079	-0.120000	-0.260000	0.000000	-0.002000	-0.012000	-0.002000	29988	29974	30000	24999	24994	24999
1509	26.049177	0.027833	-0.120000	-0.260000	0.000000	-0.014000	-0.004000	0.008000	29988	29974	30000	24993	24998	25004
1510	26.049279	0.000102	-0.120000	0.120000	0.000000	-0.014000	-0.004000	0.008000	29988	30012	30000	24993	24998	25004
1511	26.080377	0.031098	-0.120000	0.120000	0.000000	-0.006000	0.000000	-0.004000	29988	30012	30000	24997	25000	24998
1512	26.080450	0.000073	-0.080000	-0.030000	0.000000	-0.006000	0.000000	-0.004000	29992	29997	30000	24997	25000	24998
1513	26.111541	0.031092	0.010000	0.150000	-0.030000	-0.006000	0.000000	-0.004000	30001	30015	29997	24997	25000	24998
1514	26.142246	0.030704	-0.040000	-0.020000	0.000000	-0.006000	0.000000	-0.004000	29996	29998	30000	24997	25000	24998
1515	26.173964	0.031718	-0.040000	-0.020000	0.000000	0.000000	0.002000	-0.004000	29996	29998	30000	25000	25001	24998
1516	26.174087	0.000123	-0.160000	0.030000	-0.090000	0.000000	0.002000	-0.004000	29984	30003	29991	25000	25001	24998
1517	26.207309	0.033223	-0.040000	-0.080000	0.010000	0.000000	0.002000	-0.004000	29996	29992	30001	25000	25001	24998
1518	26.237552	0.030242	-0.040000	-0.080000	0.010000	-0.002000	0.004000	0.000000	29996	29992	30001	24999	25002	25000
1519	26.237621	0.000069	-0.080000	0.000000	0.000000	-0.002000	0.004000	0.000000	29992	30000	30000	24999	25002	25000
1520	26.271057	0.033436	-0.180000	-0.130000	0.000000	-0.002000	0.004000	0.000000	29982	29987	30000	24999	25002	25000
1521	26.300764	0.029707	-0.180000	-0.130000	0.000000	-0.010000	0.006000	0.000000	29982	29987	30000	24995	25003	25000
1522	26.300837	0.000073	0.030000	-0.120000	0.000000	-0.010000	0.006000	0.000000	30003	29988	30000	24995	25003	25000
1523	26.331903	0.031066	-0.110000	-0.050000	-0.030000	-0.010000	0.006000	0.000000	29989	29995	29997	24995	25003	25000
1524	26.362286	0.030383	-0.170000	0.120000	0.030000	-0.010000	0.006000	0.000000	29983	30012	30003	24995	25003	25000
1525	26.392727	0.030441	-0.170000	0.120000	0.030000	-0.010000	0.002000	0.002000	29983	30012	30003	24995	25001	25001
1526	26.392802	0.000075	-0.120000	0.060000	0.000000	-0.010000	0.002000	0.002000	29988	30006	30000	24995	25001	25001
1527	26.420111	0.027309	-0.120000	0.060000	0.000000	0.002000	0.000000	-0.008000	29988	30006	30000	25001	25000	24996
1528	26.420207	0.000096	0.030000	0.000000	0.020000	0.002000	0.000000	-0.008000	30003	30000	30002	25001	25000	24996
1529	26.456598	0.036391	-0.270000	0.070000	0.050000	0.002000	0.000000	-0.008000	29973	30007	30005	25001	25000	24996
1530	26.488632	0.032034	-0.080000	-0.050000	-0.050000	0.002000	0.000000	-0.008000	29992	29995	29995	25001	25000	24996
1531	26.519512	0.030879	-0.080000	-0.050000	-0.050000	-0.004000	-0.002000	0.004000	29992	29995	29995	24998	24999	25002
1532	26.519598	0.000086	-0.010000	-0.120000	-0.020000	-0.004000	-0.002000	0.004000	29999	29988	29998	24998	24999	25002
1533	26.547055	0.027458	0.090000	-0.210000	-0.050000	-0.004000	-0.002000	0.004000	30009	29979	29995	24998	24999	25002
1534	26.577941	0.030886	-0.170000	-0.060000	-0.050000	-0.004000	-0.002000	0.004000	29983	29994	29995	24998	24999	25002
1535	26.613598	0.035657	-0.170000	-0.060000	-0.050000	-0.004000	0.000000	0.010000	29983	29994	29995	24998	25000	25005
1536	26.613692	0.000094	0.080000	0.020000	0.020000	-0.004000	0.000000	0.010000	30008	30002	30002	24998	25000	25005
1537	26.645339	0.031647	0.080000	0.020000	0.020000	0.004000	0.004000	-0.010000	30008	30002	30002	25002	25002	24995
1538	26.645403	0.000064	0.040000	0.000000	0.000000	0.004000	0.004000	-0.010000	30004	30000	30000	25002	25002	24995
1539	26.676659	0.031256	-0.180000	-0.080000	0.050000	0.004000	0.004000	-0.010000	29982	29992	30005	25002	25002	24995
1540	26.706494	0.029834	-0.170000	0.200000	-0.040000	0.004000	0.004000	-0.010000	29983	30020	29996	25002	25002	24995
1541	26.737975	0.031482	-0.170000	0.200000	-0.040000	0.000000	0.006000	-0.004000	29983	30020	29996	25000	25003	24998
1542	26.738056	0.000081	0.000000	0.180000	-0.020000	0.000000	0.006000	-0.004000	30000	30018	29998	25000	25003	24998
1543	26.769645	0.031589	0.000000	0.180000	-0.020000	-0.002000	0.000000	0.000000	30000	30018	29998	24999	25000	25000
1544	26.769717	0.000072	-0.120000	-0.050000	0.000000	-0.002000	0.000000	0.000000	29988	29995	30000	24999	25000	25000
1545	26.801450	0.031733	-0.120000	-0.050000	0.000000	-0.008000	-0.006000	0.004000	29988	29995	30000	24996	24997	25002
1546	26.801524	0.000074	0.040000	-0.030000	0.000000	-0.008000	-0.006000	0.004000	30004	29997	30000	24996	24997	25002
1547	26.830019	0.028495	0.040000	-0.030000	0.000000	-0.002000	-0.006000	0.002000	30004	29997	30000	24999	24997	25001
1548	26.830095	0.000075	0.080000	0.060000	0.000000	-0.002000	-0.006000	0.002000	30008	30006	30000	24999	24997	25001
1549	26.857593	0.027498	0.080000	0.060000	0.000000	0.004000	-0.004000	-0.006000	30008	30006	30000	25002	24998	24997
1550	26.857682	0.000089	-0.270000	-0.090000	0.030000	0.004000	-0.004000	-0.006000	29973	29991	30003	25002	24998	24997
1551	26.892437	0.034755	-0.180000	-0.150000	0.050000	0.004000	-0.004000	-0.006000	29982	29985	30005	25002	24998	24997
1552	26.921838	0.029401	-0.140000	-0.120000	0.000000	0.004000	-0.004000	-0.006000	29986	29988	30000	25002	24998	24997
1553	26.954107	0.032269	0.060000	0.010000	-0.040000	0.004000	-0.004000	-0.006000	30006	30001	29996	25002	24998	24997
1554	26.987322	0.033215	-0.110000	-0.070000	0.050000	0.004000	-0.004000	-0.006000	29989	29993	30005	25002	24998	24997
1555	27.017643	0.030321	-0.110000	-0.070000	0.050000	-0.002000	0.002000	0.000000	29989	29993	30005	24999	25001	25000
1556	27.017757	0.000114	-0.020000	0.010000	-0.050000	-0.002000	0.002000	0.000000	29998	30001	29995	24999	25001	25000
1557	27.045625	0.027868	-0.020000	0.010000	-0.050000	0.000000	-0.006000	-0.004000	29998	30001	29995	25000	24997	24998
1558	27.045688	0.000063	-0.160000	-0.060000	-0.050000	0.000000	-0.006000	-0.004000	29984	29994	29995	25000	24997	24998
1559	27.073000	0.027312	-0.160000	-0.060000	-0.050000	-0.002000	0.002000	-0.002000	29984	29994	29995	24999	25001	24999
1560	27.073070	0.000070	0.100000	-0.020000	0.000000	-0.002000	0.002000	-0.002000	30010	29998	30000	24999	25001	24999
1561	27.100983	0.027913	0.100000	-0.020000	0.000000	-0.004000	-0.008000	0.000000	30010	29998	30000	24998	24996	25000
1562	27.101046	0.000063	-0.240000	0.000000	0.000000	-0.004000	-0.008000	0.000000	29976	30000	30000	24998	24996	25000
1563	27.131075	0.030029	-0.280000	0.000000	0.030000	-0.004000	-0.008000	0.000000	29972	30000	30003	24998	24996	25000
1564	27.160386	0.029312	0.010000	0.010000	0.020000	-0.004000	-0.008000	0.000000	30001	30001	30002	24998	24996	25000
1565	27.191024	0.030638	0.010000	0.010000	0.020000	0.002000	-0.004000	0.000000	30001	30001	30002	25001	24998	25000
1566	27.191102	0.000078	0.030000	0.020000	-0.010000	0.002000	-0.004000	0.000000	30003	30002	29999	25001	24998	25000
1567	27.223634	0.032532	0.030000	0.020000	-0.010000	0.002000	-0.008000	-0.004000	30003	30002	29999	25001	24996	24998
1568	27.223707	0.000073	-0.020000	0.080000	0.000000	0.002000	-0.008000	-0.004000	29998	30008	30000	25001	24996	24998
1569	27.251527	0.027820	-0.020000	0.080000	0.000000	0.002000	0.000000	-0.006000	29998	30008	30000	25001	25000	24997
1570	27.251613	0.000087	0.040000	0.080000	-0.050000	0.002000	0.000000	-0.006000	30004	30008	29995	25001	25000	24997
1571	27.279910	0.028296	0.040000	0.080000	-0.050000	-0.006000	-0.006000	-0.008000	30004	30008	29995	24997	24997	24996
1572	27.279988	0.000078	-0.030000	0.150000	0.000000	-0.006000	-0.006000	-0.008000	29997	30015	30000	24997	24997	24996
1573	27.312047	0.032059	-0.240000	-0.140000	0.000000	-0.006000	-0.006000	-0.008000	29976	29986	30000	24997	24997	24996
1574	27.342850	0.030803	0.020000	0.180000	-0.050000	-0.006000	-0.006000	-0.008000	30002	30018	29995	24997	24997	24996
1575	27.374004	0.031153	0.020000	0.180000	-0.050000	0.004000	-0.004000	-0.012000	30002	30018	29995	25002	24998	24994
1576	27.374183	0.000179	-0.130000	-0.010000	-0.050000	0.004000	-0.004000	-0.012000	29987	29999	29995	25002	24998	24994
1577	27.401489	0.027306	-0.130000	-0.010000	-0.050000	0.002000	-0.002000	-0.004000	29987	29999	29995	25001	24999	24998
1578	27.401568	0.000079	-0.150000	-0.180000	-0.040000	0.002000	-0.002000	-0.004000	29985	29982	29996	25001	24999	24998
1579	27.427454	0.025886	-0.150000	-0.180000	-0.040000	-0.010000	0.004000	0.010000	29985	29982	29996	24995	25002	25005
1580	27.427539	0.000085	-0.200000	-0.090000	0.000000	-0.010000	0.004000	0.010000	29980	29991	30000	24995	25002	25005
1581	27.460078	0.032539	-0.200000	-0.090000	0.000000	-0.004000	0.000000	0.010000	29980	29991	30000	24998	25000	25005
1582	27.460230	0.000152	-0.200000	-0.090000	0.000000	-0.002000	-0.004000	-0.006000	29980	29991	30000	24999	24998	24997
1583	27.460260	0.000030	-0.040000	0.020000	-0.020000	-0.002000	-0.004000	-0.006000	29996	30002	29998	24999	24998	24997
1584	27.491780	0.031520	-0.110000	-0.080000	0.050000	-0.002000	-0.004000	-0.006000	29989	29992	30005	24999	24998	24997
1585	27.524633	0.032852	-0.110000	-0.080000	0.050000	0.002000	-0.002000	0.002000	29989	29992	30005	25001	24999	25001
1586	27.524700	0.000067	0.030000	-0.220000	0.000000	0.002000	-0.002000	0.002000	30003	29978	30000	25001	24999	25001
1587	27.580389	0.055689	0.030000	-0.220000	0.000000	-0.006000	-0.002000	0.010000	30003	29978	30000	24997	24999	25005
1588	27.580464	0.000075	-0.480000	-0.200000	0.150000	-0.006000	-0.002000	0.010000	29952	29980	30015	24997	24999	25005
1589	27.612363	0.031899	-0.480000	-0.200000	0.150000	-0.012000	0.010000	0.004000	29952	29980	30015	24994	25005	25002
1590	27.612434	0.000070	0.180000	0.180000	0.050000	-0.012000	0.010000	0.004000	30018	30018	30005	24994	25005	25002
1591	27.644274	0.031840	0.180000	0.180000	0.050000	0.002000	-0.004000	-0.002000	30018	30018	30005	25001	24998	24999
1592	27.644355	0.000081	0.120000	0.060000	0.000000	0.002000	-0.004000	-0.002000	30012	30006	30000	25001	24998	24999
1593	27.673028	0.028673	0.120000	0.060000	0.000000	-0.004000	-0.002000	0.004000	30012	30006	30000	24998	24999	25002
1594	27.673099	0.000071	0.020000	0.000000	0.000000	-0.004000	-0.002000	0.004000	30002	30000	30000	24998	24999	25002
1595	27.704384	0.031285	0.020000	0.000000	0.000000	-0.002000	0.000000	-0.008000	30002	30000	30000	24999	25000	24996
1596	27.704469	0.000085	0.000000	-0.100000	0.000000	-0.002000	0.000000	-0.008000	30000	29990	30000	24999	25000	24996
1597	27.735910	0.031441	0.000000	-0.100000	0.000000	-0.004000	-0.006000	0.006000	30000	29990	30000	24998	24997	25003
1598	27.736002	0.000093	-0.180000	-0.110000	0.070000	-0.004000	-0.006000	0.006000	29982	29989	30007	24998	24997	25003
1599	27.768771	0.032768	-0.180000	-0.110000	0.070000	-0.004000	0.004000	0.000000	29982	29989	30007	24998	25002	25000
1600	27.768851	0.000080	0.190000	-0.060000	0.040000	-0.004000	0.004000	0.000000	30019	29994	30004	24998	25002	25000
1601	27.806324	0.037473	0.190000	-0.060000	0.040000	0.002000	-0.010000	0.000000	30019	29994	30004	25001	24995	25000
1602	27.806531	0.000207	-0.100000	-0.050000	0.020000	0.002000	-0.010000	0.000000	29990	29995	30002	25001	24995	25000
1603	27.838311	0.031780	0.130000	-0.070000	-0.050000	0.002000	-0.010000	0.000000	30013	29993	29995	25001	24995	25000
1604	27.869254	0.030943	0.130000	-0.070000	-0.050000	0.000000	-0.004000	-0.004000	30013	29993	29995	25000	24998	24998
1605	27.869317	0.000063	-0.040000	-0.220000	0.000000	0.000000	-0.004000	-0.004000	29996	29978	30000	25000	24998	24998
1606	27.904446	0.035129	-0.020000	-0.100000	-0.050000	0.000000	-0.004000	-0.004000	29998	29990	29995	25000	24998	24998
1607	27.934806	0.030361	-0.020000	-0.100000	-0.050000	-0.004000	-0.002000	0.004000	29998	29990	29995	24998	24999	25002
1608	27.934905	0.000099	-0.140000	-0.020000	0.000000	-0.004000	-0.002000	0.004000	29986	29998	30000	24998	24999	25002
1609	27.966852	0.031947	-0.140000	-0.190000	0.020000	-0.004000	-0.002000	0.004000	29986	29981	30002	24998	24999	25002
1610	27.997514	0.030661	-0.140000	-0.190000	0.020000	-0.008000	-0.002000	0.006000	29986	29981	30002	24996	24999	25003
1611	27.997581	0.000068	-0.170000	-0.280000	-0.030000	-0.008000	-0.002000	0.006000	29983	29972	29997	24996	24999	25003
1612	28.031783	0.034202	-0.150000	-0.100000	0.010000	-0.008000	-0.002000	0.006000	29985	29990	30001	24996	24999	25003
1613	28.071294	0.039511	0.060000	0.030000	0.000000	-0.008000	-0.002000	0.006000	30006	30003	30000	24996	24999	25003
1614	28.106143	0.034849	-0.030000	0.210000	0.000000	-0.008000	-0.002000	0.006000	29997	30021	30000	24996	24999	25003
1615	28.140730	0.034587	-0.030000	0.210000	0.000000	0.000000	-0.002000	-0.010000	29997	30021	30000	25000	24999	24995
1616	28.140827	0.000097	-0.150000	0.140000	0.000000	0.000000	-0.002000	-0.010000	29985	30014	30000	25000	24999	24995
1617	28.173516	0.032689	-0.170000	0.050000	0.000000	0.000000	-0.002000	-0.010000	29983	30005	30000	25000	24999	24995
1618	28.204371	0.030855	0.120000	-0.090000	0.000000	0.000000	-0.002000	-0.010000	30012	29991	30000	25000	24999	24995
1619	28.241180	0.036809	0.120000	-0.090000	0.000000	-0.002000	-0.004000	0.010000	30012	29991	30000	24999	24998	25005
1620	28.241369	0.000189	-0.110000	-0.140000	0.020000	-0.002000	-0.004000	0.010000	29989	29986	30002	24999	24998	25005
1621	28.280060	0.038691	-0.110000	-0.140000	0.020000	-0.010000	-0.002000	0.006000	29989	29986	30002	24995	24999	25003
1622	28.280241	0.000182	-0.240000	-0.030000	-0.050000	-0.010000	-0.002000	0.006000	29976	29997	29995	24995	24999	25003
1623	28.315540	0.035299	0.070000	0.040000	0.050000	-0.010000	-0.002000	0.006000	30007	30004	30005	24995	24999	25003
1624	28.345812	0.030272	0.070000	0.040000	0.050000	0.000000	0.000000	-0.012000	30007	30004	30005	25000	25000	24994
1625	28.345990	0.000178	0.040000	-0.110000	-0.050000	0.000000	0.000000	-0.012000	30004	29989	29995	25000	25000	24994
1626	28.382603	0.036613	0.070000	0.010000	0.000000	0.000000	0.000000	-0.012000	30007	30001	30000	25000	25000	24994
1627	28.412925	0.030321	0.070000	0.010000	0.000000	0.002000	-0.006000	0.002000	30007	30001	30000	25001	24997	25001
1628	28.413125	0.000201	0.070000	0.060000	0.000000	0.002000	-0.006000	0.002000	30007	30006	30000	25001	24997	25001
1629	28.445470	0.032345	0.070000	0.060000	0.000000	0.000000	0.000000	-0.006000	30007	30006	30000	25000	25000	24997
1630	28.445566	0.000097	0.000000	0.020000	0.000000	0.000000	0.000000	-0.006000	30000	30002	30000	25000	25000	24997
1631	28.477339	0.031772	0.000000	0.020000	0.000000	-0.006000	-0.008000	0.010000	30000	30002	30000	24997	24996	25005
1632	28.477464	0.000126	-0.040000	-0.050000	0.000000	-0.006000	-0.008000	0.010000	29996	29995	30000	24997	24996	25005
1633	28.511171	0.033707	-0.040000	-0.050000	0.000000	-0.006000	-0.004000	0.002000	29996	29995	30000	24997	24998	25001
1634	28.511255	0.000084	-0.150000	-0.140000	0.000000	-0.006000	-0.004000	0.002000	29985	29986	30000	24997	24998	25001
1635	28.543052	0.031797	-0.210000	0.050000	0.000000	-0.006000	-0.004000	0.002000	29979	30005	30000	24997	24998	25001
1636	28.572937	0.029886	0.030000	0.010000	0.000000	-0.006000	-0.004000	0.002000	30003	30001	30000	24997	24998	25001
1637	28.602127	0.029189	0.030000	0.010000	0.000000	-0.004000	-0.004000	-0.004000	30003	30001	30000	24998	24998	24998
1638	28.602264	0.000137	0.040000	0.000000	0.000000	-0.004000	-0.004000	-0.004000	30004	30000	30000	24998	24998	24998
1639	28.636164	0.033900	0.040000	0.000000	0.000000	0.002000	0.000000	0.002000	30004	30000	30000	25001	25000	25001
1640	28.636317	0.000153	-0.090000	0.010000	0.000000	0.002000	0.000000	0.002000	29991	30001	30000	25001	25000	25001
1641	28.671639	0.035322	-0.030000	0.140000	0.000000	0.002000	0.000000	0.002000	29997	30014	30000	25001	25000	25001
1642	28.704170	0.032531	-0.150000	-0.040000	0.050000	0.002000	0.000000	0.002000	29985	29996	30005	25001	25000	25001
1643	28.735445	0.031275	-0.090000	-0.040000	0.000000	0.002000	0.000000	0.002000	29991	29996	30000	25001	25000	25001
1644	28.763121	0.027676	-0.200000	-0.120000	-0.050000	0.002000	0.000000	0.002000	29980	29988	29995	25001	25000	25001
1645	28.794476	0.031355	-0.200000	-0.120000	-0.050000	-0.006000	0.000000	0.000000	29980	29988	29995	24997	25000	25000
1646	28.794557	0.000081	0.180000	0.060000	-0.050000	-0.006000	0.000000	0.000000	30018	30006	29995	24997	25000	25000
1647	28.828674	0.034117	0.180000	0.060000	-0.050000	0.002000	0.000000	-0.002000	30018	30006	29995	25001	25000	24999
1648	28.828770	0.000096	0.040000	0.030000	0.000000	0.002000	0.000000	-0.002000	30004	30003	30000	25001	25000	24999
1649	28.859831	0.031061	0.040000	0.030000	0.000000	-0.002000	0.004000	0.000000	30004	30003	30000	24999	25002	25000
1650	28.859956	0.000125	-0.010000	0.050000	0.000000	-0.002000	0.004000	0.000000	29999	30005	30000	24999	25002	25000
