sample	t_s	dt_s	Fx	Fy	Fz	Tx	Ty	Tz	raw_Fx	raw_Fy	raw_Fz	raw_Tx	raw_Ty	raw_Tz
1	0.000000	0.000000	-0.200000	-0.080000	-0.030000	0.000000	0.000000	0.000000	29980	29992	29997	0	0	0
2	0.147664	0.147664	-0.200000	-0.080000	-0.030000	0.028000	-0.014000	0.004000	29980	29992	29997	25014	24993	25002
3	0.147785	0.000122	-0.450000	-0.340000	-0.870000	0.028000	-0.014000	0.004000	29955	29966	29913	25014	24993	25002
4	0.181055	0.033270	-0.450000	-0.340000	-0.870000	0.050000	-0.040000	0.000000	29955	29966	29913	25025	24980	25000
5	0.181150	0.000095	-0.450000	-0.340000	-0.870000	0.050000	-0.040000	0.000000	29955	29966	29913	25025	24980	25000
6	0.218322	0.037171	-0.450000	-0.340000	-0.870000	0.050000	-0.040000	0.000000	29955	29966	29913	25025	24980	25000
7	0.218421	0.000099	-0.350000	0.350000	-0.900000	0.050000	-0.040000	0.000000	29965	30035	29910	25025	24980	25000
8	0.256081	0.037660	-0.350000	0.350000	-0.900000	-0.014000	-0.030000	-0.002000	29965	30035	29910	24993	24985	24999
9	0.256168	0.000087	-0.330000	0.430000	-0.890000	-0.014000	-0.030000	-0.002000	29967	30043	29911	24993	24985	24999
10	0.293951	0.037783	-0.330000	0.430000	-0.890000	-0.016000	-0.026000	-0.002000	29967	30043	29911	24992	24987	24999
11	0.294034	0.000083	-0.240000	0.360000	0.490000	-0.016000	-0.026000	-0.002000	29976	30036	30049	24992	24987	24999
12	0.329051	0.035017	-0.240000	0.360000	0.490000	-0.016000	-0.018000	-0.002000	29976	30036	30049	24992	24991	24999
13	0.329151	0.000100	-0.070000	-0.440000	0.530000	-0.016000	-0.018000	-0.002000	29993	29956	30053	24992	24991	24999
14	0.369069	0.039918	-0.070000	-0.440000	0.530000	0.046000	-0.016000	0.012000	29993	29956	30053	25023	24992	25006
15	0.369137	0.000068	-0.050000	-0.680000	0.500000	0.046000	-0.016000	0.012000	29995	29932	30050	25023	24992	25006
16	0.399042	0.029905	-0.050000	-0.680000	0.500000	0.052000	-0.028000	0.002000	29995	29932	30050	25026	24986	25001
17	0.399149	0.000107	-0.050000	-0.680000	0.500000	0.052000	-0.028000	0.002000	29995	29932	30050	25026	24986	25001
18	0.433919	0.034770	-0.050000	-0.680000	0.500000	0.052000	-0.028000	0.002000	29995	29932	30050	25026	24986	25001
19	0.433988	0.000068	-0.090000	-0.170000	0.440000	0.052000	-0.028000	0.002000	29991	29983	30044	25026	24986	25001
20	0.460940	0.026953	-0.090000	-0.170000	0.440000	0.020000	-0.002000	-0.016000	29991	29983	30044	25010	24999	24992
21	0.461007	0.000067	-0.190000	-0.160000	0.450000	0.020000	-0.002000	-0.016000	29981	29984	30045	25010	24999	24992
22	0.491730	0.030723	-0.190000	-0.160000	0.450000	0.026000	-0.004000	-0.014000	29981	29984	30045	25013	24998	24993
23	0.491807	0.000077	-0.170000	-0.170000	0.730000	0.026000	-0.004000	-0.014000	29983	29983	30073	25013	24998	24993
24	0.523693	0.031887	-0.170000	-0.170000	0.730000	0.026000	-0.004000	-0.014000	29983	29983	30073	25013	24998	24993
25	0.523779	0.000086	-0.600000	-0.640000	0.780000	0.026000	-0.004000	-0.014000	29940	29936	30078	25013	24998	24993
26	0.557173	0.033394	-0.600000	-0.640000	0.780000	0.056000	-0.040000	-0.008000	29940	29936	30078	25028	24980	24996
27	0.557273	0.000100	-0.780000	-0.620000	0.800000	0.056000	-0.040000	-0.008000	29922	29938	30080	25028	24980	24996
28	0.588794	0.031520	-0.780000	-0.620000	0.800000	0.068000	-0.046000	0.000000	29922	29938	30080	25034	24977	25000
29	0.588863	0.000070	-0.820000	-0.590000	0.230000	0.068000	-0.046000	0.000000	29918	29941	30023	25034	24977	25000
30	0.619083	0.030220	-0.820000	-0.590000	0.230000	0.068000	-0.048000	0.000000	29918	29941	30023	25034	24976	25000
31	0.619184	0.000101	-0.340000	-0.370000	0.200000	0.068000	-0.048000	0.000000	29966	29963	30020	25034	24976	25000
32	0.653738	0.034554	-0.340000	-0.370000	0.200000	0.038000	-0.012000	0.006000	29966	29963	30020	25019	24994	25003
33	0.653862	0.000124	-0.080000	-0.160000	0.200000	0.038000	-0.012000	0.006000	29992	29984	30020	25019	24994	25003
34	0.689590	0.035728	-0.080000	-0.160000	0.200000	0.014000	0.006000	0.004000	29992	29984	30020	25007	25003	25002
35	0.689688	0.000098	-0.060000	-0.170000	0.490000	0.014000	0.006000	0.004000	29994	29983	30049	25007	25003	25002
36	0.720491	0.030802	-0.060000	-0.170000	0.490000	0.016000	0.008000	0.004000	29994	29983	30049	25008	25004	25002
37	0.720602	0.000111	-0.340000	0.060000	0.460000	0.016000	0.008000	0.004000	29966	30006	30046	25008	25004	25002
38	0.755741	0.035140	-0.340000	0.060000	0.460000	-0.004000	-0.004000	-0.006000	29966	30006	30046	24998	24998	24997
39	0.755802	0.000061	0.060000	0.430000	0.470000	-0.004000	-0.004000	-0.006000	30006	30043	30047	24998	24998	24997
40	0.790703	0.034901	0.060000	0.430000	0.470000	-0.038000	0.026000	-0.008000	30006	30043	30047	24981	25013	24996
41	0.790771	0.000068	0.080000	0.410000	0.750000	-0.038000	0.026000	-0.008000	30008	30041	30075	24981	25013	24996
42	0.828758	0.037988	0.080000	0.410000	0.750000	-0.036000	0.028000	-0.008000	30008	30041	30075	24982	25014	24996
43	0.828826	0.000068	-0.010000	0.140000	0.790000	-0.036000	0.028000	-0.008000	29999	30014	30079	24982	25014	24996
44	0.859097	0.030270	-0.010000	0.140000	0.790000	-0.018000	0.000000	0.002000	29999	30014	30079	24991	25000	25001
45	0.859173	0.000076	-0.120000	-0.130000	0.800000	-0.018000	0.000000	0.002000	29988	29987	30080	24991	25000	25001
46	0.893577	0.034404	-0.120000	-0.130000	0.800000	0.022000	-0.006000	0.002000	29988	29987	30080	25011	24997	25001
47	0.893720	0.000142	-0.160000	-0.100000	0.230000	0.022000	-0.006000	0.002000	29984	29990	30023	25011	24997	25001
48	0.928121	0.034401	-0.160000	-0.100000	0.230000	0.020000	-0.010000	0.002000	29984	29990	30023	25010	24995	25001
49	0.928263	0.000143	-0.050000	0.210000	0.200000	0.020000	-0.010000	0.002000	29995	30021	30020	25010	24995	25001
50	0.962693	0.034429	-0.050000	0.210000	0.200000	-0.004000	0.010000	-0.002000	29995	30021	30020	24998	25005	24999
51	0.962817	0.000125	-0.120000	-0.340000	0.160000	-0.004000	0.010000	-0.002000	29988	29966	30016	24998	25005	24999
52	0.997867	0.035050	-0.120000	-0.340000	0.160000	0.034000	-0.012000	-0.022000	29988	29966	30016	25017	24994	24989
53	0.997968	0.000101	-0.140000	-0.330000	-0.120000	0.034000	-0.012000	-0.022000	29986	29967	29988	25017	24994	24989
54	1.029124	0.031156	-0.140000	-0.330000	-0.120000	0.032000	-0.014000	-0.022000	29986	29967	29988	25016	24993	24989
55	1.029206	0.000082	-0.180000	-0.470000	-0.110000	0.032000	-0.014000	-0.022000	29982	29953	29989	25016	24993	24989
56	1.062309	0.033103	-0.180000	-0.470000	-0.110000	0.046000	-0.020000	-0.022000	29982	29953	29989	25023	24990	24989
57	1.062460	0.000151	0.110000	0.160000	-0.050000	0.046000	-0.020000	-0.022000	30011	30016	29995	25023	24990	24989
58	1.091218	0.028758	0.110000	0.160000	-0.050000	0.022000	0.026000	-0.018000	30011	30016	29995	25011	25013	24991
59	1.091302	0.000084	0.050000	0.200000	-0.870000	0.022000	0.026000	-0.018000	30005	30020	29913	25011	25013	24991
60	1.125852	0.034550	0.050000	0.200000	-0.870000	0.020000	0.020000	-0.018000	30005	30020	29913	25010	25010	24991
61	1.125953	0.000101	-0.140000	0.220000	-0.840000	0.020000	0.020000	-0.018000	29986	30022	29916	25010	25010	24991
62	1.159116	0.033163	-0.140000	0.220000	-0.840000	0.012000	0.008000	-0.022000	29986	30022	29916	25006	25004	24989
63	1.159182	0.000066	0.060000	-0.050000	-0.840000	0.012000	0.008000	-0.022000	30006	29995	29916	25006	25004	24989
64	1.223785	0.064603	0.060000	-0.050000	-0.840000	0.010000	0.006000	0.000000	30006	29995	29916	25005	25003	25000
65	1.223880	0.000095	0.130000	-0.110000	0.270000	0.010000	0.006000	0.000000	30013	29989	30027	25005	25003	25000
66	1.256909	0.033029	0.130000	-0.110000	0.270000	0.012000	0.012000	0.000000	30013	29989	30027	25006	25006	25000
67	1.256998	0.000089	0.320000	-0.130000	0.240000	0.012000	0.012000	0.000000	30032	29987	30024	25006	25006	25000
68	1.286227	0.029229	0.320000	-0.130000	0.240000	0.020000	0.024000	0.004000	30032	29987	30024	25010	25012	25002
69	1.286289	0.000062	0.480000	0.060000	0.200000	0.020000	0.024000	0.004000	30048	30006	30020	25010	25012	25002
70	1.318124	0.031835	0.480000	0.060000	0.200000	0.002000	0.038000	-0.004000	30048	30006	30020	25001	25019	24998
71	1.318201	0.000077	0.460000	0.070000	-0.080000	0.002000	0.038000	-0.004000	30046	30007	29992	25001	25019	24998
72	1.352374	0.034173	0.460000	0.070000	-0.080000	0.002000	0.038000	-0.004000	30046	30007	29992	25001	25019	24998
73	1.352465	0.000091	0.460000	0.070000	-0.080000	0.002000	0.038000	-0.004000	30046	30007	29992	25001	25019	24998
74	1.384226	0.031761	0.460000	0.070000	-0.080000	0.002000	0.038000	-0.004000	30046	30007	29992	25001	25019	24998
75	1.384328	0.000101	-0.120000	-0.190000	-0.040000	0.002000	0.038000	-0.004000	29988	29981	29996	25001	25019	24998
76	1.426327	0.041999	-0.120000	-0.190000	-0.040000	0.022000	-0.010000	0.008000	29988	29981	29996	25011	24995	25004
77	1.426465	0.000138	-0.140000	-0.180000	-0.310000	0.022000	-0.010000	0.008000	29986	29982	29969	25011	24995	25004
78	1.463851	0.037386	-0.140000	-0.180000	-0.310000	0.022000	-0.012000	0.008000	29986	29982	29969	25011	24994	25004
79	1.463941	0.000090	-0.270000	-0.120000	-0.290000	0.022000	-0.012000	0.008000	29973	29988	29971	25011	24994	25004
80	1.496990	0.033049	-0.270000	-0.120000	-0.290000	0.012000	-0.022000	0.004000	29973	29988	29971	25006	24989	25002
81	1.497077	0.000088	-0.270000	0.440000	-0.360000	0.012000	-0.022000	0.004000	29973	30044	29964	25006	24989	25002
82	1.533208	0.036131	-0.270000	0.440000	-0.360000	-0.046000	-0.010000	0.004000	29973	30044	29964	24977	24995	25002
83	1.533377	0.000169	-0.260000	0.240000	0.470000	-0.046000	-0.010000	0.004000	29974	30024	30047	24977	24995	25002
84	1.565268	0.031891	-0.260000	0.240000	0.470000	-0.038000	-0.014000	0.002000	29974	30024	30047	24981	24993	25001
85	1.565378	0.000110	-0.200000	0.210000	0.460000	-0.038000	-0.014000	0.002000	29980	30021	30046	24981	24993	25001
86	1.595843	0.030465	-0.200000	0.210000	0.460000	-0.034000	-0.008000	0.002000	29980	30021	30046	24983	24996	25001
87	1.595929	0.000086	-0.410000	-0.630000	0.530000	-0.034000	-0.008000	0.002000	29959	29937	30053	24983	24996	25001
88	1.630003	0.034075	-0.410000	-0.630000	0.530000	0.038000	-0.040000	0.008000	29959	29937	30053	25019	24980	25004
89	1.630101	0.000098	-0.400000	-0.540000	0.250000	0.038000	-0.040000	0.008000	29960	29946	30025	25019	24980	25004
90	1.659798	0.029697	-0.400000	-0.540000	0.250000	0.034000	-0.038000	0.008000	29960	29946	30025	25017	24981	25004
91	1.659908	0.000110	-0.340000	-0.570000	0.240000	0.034000	-0.038000	0.008000	29966	29943	30024	25017	24981	25004
92	1.694032	0.034124	-0.340000	-0.570000	0.240000	0.040000	-0.032000	0.010000	29966	29943	30024	25020	24984	25005
93	1.694096	0.000064	0.610000	0.250000	0.200000	0.040000	-0.032000	0.010000	30061	30025	30020	25020	24984	25005
94	1.723423	0.029326	0.610000	0.250000	0.200000	-0.022000	0.052000	-0.006000	30061	30025	30020	24989	25026	24997
95	1.723500	0.000077	0.660000	0.420000	0.210000	-0.022000	0.052000	-0.006000	30066	30042	30021	24989	25026	24997
96	1.754595	0.031095	0.660000	0.420000	0.210000	-0.030000	0.060000	-0.002000	30066	30042	30021	24985	25030	24999
97	1.754662	0.000067	0.280000	0.610000	-0.290000	-0.030000	0.060000	-0.002000	30028	30061	29971	24985	25030	24999
98	1.783201	0.028539	0.280000	0.610000	-0.290000	-0.052000	0.030000	-0.008000	30028	30061	29971	24974	25015	24996
99	1.783272	0.000071	-0.040000	0.180000	-0.240000	-0.052000	0.030000	-0.008000	29996	30018	29976	24974	25015	24996
100	1.814275	0.031002	-0.040000	0.180000	-0.240000	-0.020000	-0.016000	-0.002000	29996	30018	29976	24990	24992	24999
101	1.814378	0.000103	-0.600000	-0.400000	-0.260000	-0.020000	-0.016000	-0.002000	29940	29960	29974	24990	24992	24999
102	1.846285	0.031907	-0.600000	-0.400000	-0.260000	0.034000	-0.060000	0.000000	29940	29960	29974	25017	24970	25000
103	1.846486	0.000201	-0.550000	-0.440000	0.580000	0.034000	-0.060000	0.000000	29945	29956	30058	25017	24970	25000
104	1.878090	0.031604	-0.550000	-0.440000	0.580000	0.034000	-0.056000	0.000000	29945	29956	30058	25017	24972	25000
105	1.878225	0.000135	0.000000	-0.170000	0.490000	0.034000	-0.056000	0.000000	30000	29983	30049	25017	24972	25000
106	1.910481	0.032256	0.000000	-0.170000	0.490000	0.010000	0.000000	0.004000	30000	29983	30049	25005	25000	25002
107	1.910567	0.000086	0.310000	0.210000	0.510000	0.010000	0.000000	0.004000	30031	30021	30051	25005	25000	25002
108	1.947177	0.036611	0.310000	0.210000	0.510000	-0.018000	0.028000	0.004000	30031	30021	30051	24991	25014	25002
109	1.947313	0.000136	0.260000	0.250000	-0.330000	-0.018000	0.028000	0.004000	30026	30025	29967	24991	25014	25002
110	1.976256	0.028942	0.260000	0.250000	-0.330000	-0.020000	0.022000	0.004000	30026	30025	29967	24990	25011	25002
111	1.976334	0.000078	0.250000	0.160000	-0.330000	-0.020000	0.022000	0.004000	30025	30016	29967	24990	25011	25002
112	2.008098	0.031764	0.250000	0.160000	-0.330000	0.006000	0.034000	-0.010000	30025	30016	29967	25003	25017	24995
113	2.008181	0.000083	-0.370000	-0.250000	-0.330000	0.006000	0.034000	-0.010000	29963	29975	29967	25003	25017	24995
114	2.036923	0.028742	-0.370000	-0.250000	-0.330000	0.060000	-0.006000	0.000000	29963	29975	29967	25030	24997	25000
115	2.037142	0.000219	-0.310000	-0.290000	0.510000	0.060000	-0.006000	0.000000	29969	29971	30051	25030	24997	25000
116	2.073509	0.036367	-0.310000	-0.290000	0.510000	0.062000	-0.002000	0.000000	29969	29971	30051	25031	24999	25000
117	2.073645	0.000136	-0.340000	-0.410000	0.530000	0.062000	-0.002000	0.000000	29966	29959	30053	25031	24999	25000
118	2.104797	0.031152	-0.340000	-0.410000	0.530000	0.054000	-0.022000	0.016000	29966	29959	30053	25027	24989	25008
119	2.104877	0.000080	0.180000	0.010000	0.540000	0.054000	-0.022000	0.016000	30018	30001	30054	25027	24989	25008
120	2.136443	0.031566	0.180000	0.010000	0.540000	0.006000	0.014000	0.010000	30018	30001	30054	25003	25007	25005
121	2.136527	0.000085	0.180000	0.010000	0.540000	0.006000	0.014000	0.010000	30018	30001	30054	25003	25007	25005
122	2.168665	0.032138	0.180000	0.010000	0.540000	0.006000	0.014000	0.010000	30018	30001	30054	25003	25007	25005
123	2.168728	0.000063	0.420000	0.190000	0.490000	0.006000	0.014000	0.010000	30042	30019	30049	25003	25007	25005
124	2.195797	0.027069	0.420000	0.190000	0.490000	-0.008000	0.046000	0.006000	30042	30019	30049	24996	25023	25003
125	2.195870	0.000074	0.090000	-0.090000	0.480000	-0.008000	0.046000	0.006000	30009	29991	30048	24996	25023	25003
126	2.222081	0.026211	0.090000	-0.090000	0.480000	0.014000	0.020000	0.008000	30009	29991	30048	25007	25010	25004
127	2.222157	0.000076	-0.020000	0.000000	-1.180000	0.014000	0.020000	0.008000	29998	30000	29882	25007	25010	25004
128	2.255172	0.033015	-0.020000	0.000000	-1.180000	0.012000	0.010000	0.008000	29998	30000	29882	25006	25005	25004
129	2.255282	0.000110	-0.080000	0.210000	-1.190000	0.012000	0.010000	0.008000	29992	30021	29881	25006	25005	25004
130	2.291660	0.036378	-0.080000	0.210000	-1.190000	0.000000	0.014000	0.000000	29992	30021	29881	25000	25007	25000
131	2.291754	0.000094	0.110000	0.340000	-1.180000	0.000000	0.014000	0.000000	30011	30034	29882	25000	25007	25000
132	2.324376	0.032622	0.110000	0.340000	-1.180000	-0.008000	0.030000	-0.002000	30011	30034	29882	24996	25015	24999
133	2.324440	0.000064	0.180000	0.280000	-0.090000	-0.008000	0.030000	-0.002000	30018	30028	29991	24996	25015	24999
134	2.355157	0.030716	0.180000	0.280000	-0.090000	-0.006000	0.036000	-0.002000	30018	30028	29991	24997	25018	24999
135	2.355304	0.000148	-0.230000	0.150000	-0.020000	-0.006000	0.036000	-0.002000	29977	30015	29998	24997	25018	24999
136	2.386558	0.031254	-0.230000	0.150000	-0.020000	0.002000	-0.016000	0.004000	29977	30015	29998	25001	24992	25002
137	2.386622	0.000064	-0.170000	0.260000	-0.040000	0.002000	-0.016000	0.004000	29983	30026	29996	25001	24992	25002
138	2.416693	0.030071	-0.170000	0.260000	-0.040000	-0.028000	-0.018000	0.000000	29983	30026	29996	24986	24991	25000
139	2.416767	0.000074	-0.170000	0.260000	-0.040000	-0.028000	-0.018000	0.000000	29983	30026	29996	24986	24991	25000
140	2.471834	0.055067	-0.170000	0.260000	-0.040000	-0.028000	-0.018000	0.000000	29983	30026	29996	24986	24991	25000
141	2.471903	0.000069	-0.030000	0.380000	-0.070000	-0.028000	-0.018000	0.000000	29997	30038	29993	24986	24991	25000
142	2.499117	0.027215	-0.030000	0.380000	-0.070000	-0.034000	0.000000	-0.004000	29997	30038	29993	24983	25000	24998
143	2.499196	0.000078	0.110000	0.380000	-0.070000	-0.034000	0.000000	-0.004000	30011	30038	29993	24983	25000	24998
144	2.533901	0.034705	0.110000	0.380000	-0.070000	-0.030000	0.010000	0.012000	30011	30038	29993	24985	25005	25006
145	2.534096	0.000195	0.110000	0.380000	-0.070000	-0.030000	0.010000	0.012000	30011	30038	29993	24985	25005	25006
146	2.566823	0.032727	0.110000	0.380000	-0.070000	-0.030000	0.010000	0.012000	30011	30038	29993	24985	25005	25006
147	2.566886	0.000063	0.090000	-0.080000	-0.050000	-0.030000	0.010000	0.012000	30009	29992	29995	24985	25005	25006
148	2.596176	0.029290	0.090000	-0.080000	-0.050000	0.006000	0.002000	0.018000	30009	29992	29995	25003	25001	25009
149	2.596316	0.000140	-0.240000	-0.380000	-0.040000	0.006000	0.002000	0.018000	29976	29962	29996	25003	25001	25009
150	2.627168	0.030851	-0.240000	-0.380000	-0.040000	0.056000	-0.016000	-0.002000	29976	29962	29996	25028	24992	24999
151	2.627265	0.000097	-0.200000	-0.410000	0.530000	0.056000	-0.016000	-0.002000	29980	29959	30053	25028	24992	24999
152	2.654746	0.027481	-0.200000	-0.410000	0.530000	0.056000	-0.012000	-0.002000	29980	29959	30053	25028	24994	24999
153	2.654852	0.000106	-0.230000	-0.340000	0.520000	0.056000	-0.012000	-0.002000	29977	29966	30052	25028	24994	24999
154	2.686758	0.031906	-0.230000	-0.340000	0.520000	0.050000	-0.008000	-0.006000	29977	29966	30052	25025	24996	24997
155	2.686836	0.000077	-0.050000	-0.260000	0.520000	0.050000	-0.008000	-0.006000	29995	29974	30052	25025	24996	24997
156	2.713726	0.026890	-0.050000	-0.260000	0.520000	0.036000	0.000000	-0.006000	29995	29974	30052	25018	25000	24997
157	2.713819	0.000093	-0.080000	-0.140000	-0.310000	0.036000	0.000000	-0.006000	29992	29986	29969	25018	25000	24997
158	2.740613	0.026794	-0.080000	-0.140000	-0.310000	0.030000	0.000000	-0.006000	29992	29986	29969	25015	25000	24997
159	2.740700	0.000087	-0.020000	-0.020000	-0.340000	0.030000	0.000000	-0.006000	29998	29998	29966	25015	25000	24997
160	2.783948	0.043248	-0.020000	-0.020000	-0.340000	0.020000	0.014000	-0.012000	29998	29998	29966	25010	25007	24994
161	2.784032	0.000084	0.190000	0.130000	-0.350000	0.020000	0.014000	-0.012000	30019	30013	29965	25010	25007	24994
162	2.813592	0.029559	0.190000	0.130000	-0.350000	-0.010000	0.024000	-0.006000	30019	30013	29965	24995	25012	24997
163	2.813719	0.000128	0.260000	0.280000	-0.070000	-0.010000	0.024000	-0.006000	30026	30028	29993	24995	25012	24997
164	2.845976	0.032257	0.260000	0.280000	-0.070000	-0.016000	0.034000	-0.002000	30026	30028	29993	24992	25017	24999
165	2.846058	0.000082	0.060000	-0.090000	-0.020000	-0.016000	0.034000	-0.002000	30006	29991	29998	24992	25017	24999
166	2.872400	0.026342	0.060000	-0.090000	-0.020000	0.006000	0.002000	0.004000	30006	29991	29998	25003	25001	25002
167	2.872467	0.000067	0.210000	0.010000	-0.040000	0.006000	0.002000	0.004000	30021	30001	29996	25003	25001	25002
168	2.903505	0.031039	0.210000	0.010000	-0.040000	-0.026000	0.012000	0.016000	30021	30001	29996	24987	25006	25008
169	2.903589	0.000083	0.230000	0.090000	-0.030000	-0.026000	0.012000	0.016000	30023	30009	29997	24987	25006	25008
170	2.936159	0.032570	0.230000	0.090000	-0.030000	-0.030000	0.016000	0.016000	30023	30009	29997	24985	25008	25008
171	2.936243	0.000084	0.460000	0.650000	-0.090000	-0.030000	0.016000	0.016000	30046	30065	29991	24985	25008	25008
172	2.968740	0.032497	0.460000	0.650000	-0.090000	-0.066000	0.050000	0.008000	30046	30065	29991	24967	25025	25004
173	2.968830	0.000090	0.060000	0.560000	-0.060000	-0.066000	0.050000	0.008000	30006	30056	29994	24967	25025	25004
174	2.999125	0.030295	0.060000	0.560000	-0.060000	-0.034000	0.024000	0.000000	30006	30056	29994	24983	25012	25000
175	2.999197	0.000072	-0.030000	0.030000	0.750000	-0.034000	0.024000	0.000000	29997	30003	30075	24983	25012	25000
176	3.025036	0.025839	-0.030000	0.030000	0.750000	-0.010000	0.000000	-0.010000	29997	30003	30075	24995	25000	24995
177	3.025096	0.000060	-0.150000	-0.420000	0.780000	-0.010000	0.000000	-0.010000	29985	29958	30078	24995	25000	24995
178	3.050943	0.025846	-0.150000	-0.420000	0.780000	0.026000	-0.022000	-0.002000	29985	29958	30078	25013	24989	24999
179	3.051021	0.000078	-0.180000	-0.550000	0.770000	0.026000	-0.022000	-0.002000	29982	29945	30077	25013	24989	24999
180	3.080954	0.029933	-0.180000	-0.550000	0.770000	0.034000	-0.018000	-0.002000	29982	29945	30077	25017	24991	24999
181	3.081023	0.000069	-0.180000	-0.550000	0.770000	0.034000	-0.018000	-0.002000	29982	29945	30077	25017	24991	24999
182	3.110629	0.029606	-0.180000	-0.550000	0.770000	0.034000	-0.018000	-0.002000	29982	29945	30077	25017	24991	24999
183	3.110696	0.000067	-0.320000	-0.470000	-0.340000	0.034000	-0.018000	-0.002000	29968	29953	29966	25017	24991	24999
184	3.142619	0.031923	-0.320000	-0.470000	-0.340000	0.026000	-0.030000	-0.004000	29968	29953	29966	25013	24985	24998
185	3.142692	0.000074	0.140000	-0.220000	-0.360000	0.026000	-0.030000	-0.004000	30014	29978	29964	25013	24985	24998
186	3.170210	0.027517	0.140000	-0.220000	-0.360000	0.000000	0.014000	-0.016000	30014	29978	29964	25000	25007	24992
187	3.170299	0.000089	0.190000	-0.070000	-0.350000	0.000000	0.014000	-0.016000	30019	29993	29965	25000	25007	24992
188	3.200984	0.030685	0.190000	-0.070000	-0.350000	-0.006000	0.024000	-0.012000	30019	29993	29965	24997	25012	24994
189	3.201101	0.000117	0.360000	-0.160000	0.190000	-0.006000	0.024000	-0.012000	30036	29984	30019	24997	25012	24994
190	3.232483	0.031382	0.360000	-0.160000	0.190000	0.004000	0.038000	-0.010000	30036	29984	30019	25002	25019	24995
191	3.232588	0.000105	0.200000	0.300000	0.220000	0.004000	0.038000	-0.010000	30020	30030	30022	25002	25019	24995
192	3.262284	0.029695	0.200000	0.300000	0.220000	-0.014000	0.010000	-0.008000	30020	30030	30022	24993	25005	24996
193	3.262358	0.000075	0.220000	0.380000	0.220000	-0.014000	0.010000	-0.008000	30022	30038	30022	24993	25005	24996
194	3.293625	0.031267	0.220000	0.380000	0.220000	-0.018000	0.016000	-0.006000	30022	30038	30022	24991	25008	24997
195	3.293731	0.000106	0.120000	0.420000	0.810000	-0.018000	0.016000	-0.006000	30012	30042	30081	24991	25008	24997
196	3.397630	0.103899	0.120000	0.420000	0.810000	-0.026000	0.008000	-0.008000	30012	30042	30081	24987	25004	24996
197	3.397718	0.000089	-0.300000	-0.650000	0.870000	-0.026000	0.008000	-0.008000	29970	29935	30087	24987	25004	24996
198	3.425898	0.028180	-0.300000	-0.650000	0.870000	0.084000	-0.026000	-0.008000	29970	29935	30087	25042	24987	24996
199	3.425993	0.000095	-0.250000	-0.500000	0.880000	0.084000	-0.026000	-0.008000	29975	29950	30088	25042	24987	24996
200	3.456421	0.030428	-0.250000	-0.500000	0.880000	0.074000	-0.016000	-0.004000	29975	29950	30088	25037	24992	24998
201	3.456546	0.000125	-0.220000	-0.500000	0.300000	0.074000	-0.016000	-0.004000	29978	29950	30030	25037	24992	24998
202	3.485137	0.028591	-0.220000	-0.500000	0.300000	0.080000	-0.014000	-0.004000	29978	29950	30030	25040	24993	24998
203	3.485231	0.000094	0.590000	0.640000	0.210000	0.080000	-0.014000	-0.004000	30059	30064	30021	25040	24993	24998
204	3.516732	0.031501	0.590000	0.640000	0.210000	-0.054000	0.050000	0.002000	30059	30064	30021	24973	25025	25001
205	3.516819	0.000087	0.540000	0.480000	0.190000	-0.054000	0.050000	0.002000	30054	30048	30019	24973	25025	25001
206	3.552570	0.035752	0.540000	0.480000	0.190000	-0.048000	0.040000	-0.002000	30054	30048	30019	24976	25020	24999
207	3.552675	0.000105	0.540000	0.480000	0.190000	-0.048000	0.040000	-0.002000	30054	30048	30019	24976	25020	24999
208	3.596910	0.044234	0.540000	0.480000	0.190000	-0.048000	0.040000	-0.002000	30054	30048	30019	24976	25020	24999
209	3.597036	0.000126	0.210000	-0.220000	0.240000	-0.048000	0.040000	-0.002000	30021	29978	30024	24976	25020	24999
210	3.628257	0.031220	0.210000	-0.220000	0.240000	0.010000	0.008000	0.000000	30021	29978	30024	25005	25004	25000
211	3.628329	0.000072	0.330000	-0.350000	0.240000	0.010000	0.008000	0.000000	30033	29965	30024	25005	25004	25000
212	3.655176	0.026847	0.330000	-0.350000	0.240000	0.032000	0.014000	-0.004000	30033	29965	30024	25016	25007	24998
213	3.655235	0.000059	0.270000	-0.320000	0.250000	0.032000	0.014000	-0.004000	30027	29968	30025	25016	25007	24998
214	3.686370	0.031135	0.270000	-0.320000	0.250000	0.026000	0.008000	-0.006000	30027	29968	30025	25013	25004	24997
215	3.686443	0.000073	0.200000	-0.380000	0.250000	0.026000	0.008000	-0.006000	30020	29962	30025	25013	25004	24997
216	3.720066	0.033623	0.200000	-0.380000	0.250000	0.032000	0.000000	0.012000	30020	29962	30025	25016	25000	25006
217	3.720200	0.000134	0.030000	-0.060000	0.250000	0.032000	0.000000	0.012000	30003	29994	30025	25016	25000	25006
218	3.750446	0.030246	0.030000	-0.060000	0.250000	-0.008000	-0.006000	0.022000	30003	29994	30025	24996	24997	25011
219	3.750518	0.000071	0.120000	-0.080000	-0.600000	-0.008000	-0.006000	0.022000	30012	29992	29940	24996	24997	25011
220	3.778563	0.028045	0.120000	-0.080000	-0.600000	0.000000	0.000000	0.026000	30012	29992	29940	25000	25000	25013
221	3.778647	0.000085	0.220000	0.240000	-0.620000	0.000000	0.000000	0.026000	30022	30024	29938	25000	25000	25013
222	3.806112	0.027465	0.220000	0.240000	-0.620000	-0.022000	0.022000	0.012000	30022	30024	29938	24989	25011	25006
223	3.806176	0.000064	0.220000	0.240000	-0.620000	-0.022000	0.022000	0.012000	30022	30024	29938	24989	25011	25006
224	3.837010	0.030834	0.220000	0.240000	-0.620000	-0.022000	0.022000	0.012000	30022	30024	29938	24989	25011	25006
225	3.837071	0.000061	0.010000	0.340000	-0.590000	-0.022000	0.022000	0.012000	30001	30034	29941	24989	25011	25006
226	3.869673	0.032602	0.010000	0.340000	-0.590000	-0.034000	0.006000	0.008000	30001	30034	29941	24983	25003	25004
227	3.869744	0.000071	-0.440000	-0.140000	-0.560000	-0.034000	0.006000	0.008000	29956	29986	29944	24983	25003	25004
228	3.898672	0.028928	-0.440000	-0.140000	-0.560000	0.014000	-0.030000	0.008000	29956	29986	29944	25007	24985	25004
229	3.898757	0.000085	-0.440000	-0.310000	-0.570000	0.014000	-0.030000	0.008000	29956	29969	29943	25007	24985	25004
230	3.928007	0.029249	-0.440000	-0.310000	-0.570000	0.028000	-0.034000	0.004000	29956	29969	29943	25014	24983	25002
231	3.928091	0.000084	-0.210000	-0.430000	-0.050000	0.028000	-0.034000	0.004000	29979	29957	29995	25014	24983	25002
232	3.969172	0.041081	-0.210000	-0.430000	-0.050000	0.044000	-0.016000	0.008000	29979	29957	29995	25022	24992	25004
233	3.969259	0.000087	0.480000	-0.020000	-0.100000	0.044000	-0.016000	0.008000	30048	29998	29990	25022	24992	25004
234	4.006193	0.036934	0.480000	-0.020000	-0.100000	-0.006000	0.052000	-0.002000	30048	29998	29990	24997	25026	24999
235	4.006284	0.000091	0.380000	0.020000	-0.110000	-0.006000	0.052000	-0.002000	30038	30002	29989	24997	25026	24999
236	4.039926	0.033643	0.380000	0.020000	-0.110000	-0.016000	0.046000	0.000000	30038	30002	29989	24992	25023	25000
237	4.040007	0.000081	0.400000	0.000000	0.170000	-0.016000	0.046000	0.000000	30040	30000	30017	24992	25023	25000
238	4.071036	0.031029	0.400000	0.000000	0.170000	-0.016000	0.046000	0.000000	30040	30000	30017	24992	25023	25000
239	4.071099	0.000063	0.180000	-0.110000	0.220000	-0.016000	0.046000	0.000000	30018	29989	30022	24992	25023	25000
240	4.103590	0.032491	0.180000	-0.110000	0.220000	-0.010000	0.000000	0.008000	30018	29989	30022	24995	25000	25004
241	4.103673	0.000083	-0.410000	-0.360000	0.230000	-0.010000	0.000000	0.008000	29959	29964	30023	24995	25000	25004
242	4.136512	0.032839	-0.410000	-0.360000	0.230000	0.034000	-0.030000	0.006000	29959	29964	30023	25017	24985	25003
243	4.136594	0.000082	-0.310000	-0.420000	0.790000	0.034000	-0.030000	0.006000	29969	29958	30079	25017	24985	25003
244	4.170255	0.033661	-0.310000	-0.420000	0.790000	0.040000	-0.022000	0.008000	29969	29958	30079	25020	24989	25004
245	4.170320	0.000065	-0.230000	-0.240000	0.770000	0.040000	-0.022000	0.008000	29977	29976	30077	25020	24989	25004
246	4.201004	0.030685	-0.230000	-0.240000	0.770000	0.024000	-0.008000	0.004000	29977	29976	30077	25012	24996	25002
247	4.201077	0.000073	-0.010000	-0.280000	0.770000	0.024000	-0.008000	0.004000	29999	29972	30077	25012	24996	25002
248	4.234611	0.033534	-0.010000	-0.280000	0.770000	0.030000	0.004000	0.014000	29999	29972	30077	25015	25002	25007
249	4.234674	0.000063	-0.210000	-0.340000	-0.630000	0.030000	0.004000	0.014000	29979	29966	29937	25015	25002	25007
250	4.268045	0.033371	-0.210000	-0.340000	-0.630000	0.032000	-0.018000	0.008000	29979	29966	29937	25016	24991	25004
251	4.268214	0.000169	-0.100000	0.200000	-0.660000	0.032000	-0.018000	0.008000	29990	30020	29934	25016	24991	25004
252	4.300119	0.031905	-0.100000	0.200000	-0.660000	-0.012000	0.000000	0.002000	29990	30020	29934	24994	25000	25001
253	4.300260	0.000141	0.120000	0.350000	-0.650000	-0.012000	0.000000	0.002000	30012	30035	29935	24994	25000	25001
254	4.328210	0.027950	0.120000	0.350000	-0.650000	-0.024000	0.016000	-0.012000	30012	30035	29935	24988	25008	24994
255	4.328271	0.000061	0.180000	0.580000	0.210000	-0.024000	0.016000	-0.012000	30018	30058	30021	24988	25008	24994
256	4.373175	0.044905	0.180000	0.580000	0.210000	-0.038000	0.030000	-0.008000	30018	30058	30021	24981	25015	24996
257	4.373270	0.000095	0.010000	0.250000	0.270000	-0.038000	0.030000	-0.008000	30001	30025	30027	24981	25015	24996
258	4.403552	0.030282	0.010000	0.250000	0.270000	-0.016000	-0.008000	0.006000	30001	30025	30027	24992	24996	25003
259	4.403628	0.000076	0.400000	0.250000	0.270000	-0.016000	-0.008000	0.006000	30040	30025	30027	24992	24996	25003
260	4.435690	0.032062	0.400000	0.250000	0.270000	-0.014000	0.014000	0.010000	30040	30025	30027	24993	25007	25005
261	4.435774	0.000084	0.420000	-0.120000	-0.060000	-0.014000	0.014000	0.010000	30042	29988	29994	24993	25007	25005
262	4.464981	0.029208	0.420000	-0.120000	-0.060000	0.010000	0.006000	0.006000	30042	29988	29994	25005	25003	25003
263	4.465045	0.000064	0.550000	0.350000	-0.090000	0.010000	0.006000	0.006000	30055	30035	29991	25005	25003	25003
264	4.491675	0.026631	0.550000	0.350000	-0.090000	-0.024000	0.028000	0.000000	30055	30035	29991	24988	25014	25000
265	4.491751	0.000076	0.050000	0.050000	-0.120000	-0.024000	0.028000	0.000000	30005	30005	29988	24988	25014	25000
266	4.519115	0.027364	0.050000	0.050000	-0.120000	-0.006000	0.008000	-0.014000	30005	30005	29988	24997	25004	24993
267	4.519179	0.000064	-0.040000	0.280000	-0.080000	-0.006000	0.008000	-0.014000	29996	30028	29992	24997	25004	24993
268	4.546249	0.027070	-0.040000	0.280000	-0.080000	-0.022000	0.006000	-0.012000	29996	30028	29992	24989	25003	24994
269	4.546313	0.000065	-0.080000	-0.120000	0.790000	-0.022000	0.006000	-0.012000	29992	29988	30079	24989	25003	24994
270	4.573933	0.027620	-0.080000	-0.120000	0.790000	0.006000	-0.006000	-0.006000	29992	29988	30079	25003	24997	24997
271	4.574019	0.000086	0.150000	-0.120000	0.780000	0.006000	-0.006000	-0.006000	30015	29988	30078	25003	24997	24997
272	4.604146	0.030127	0.150000	-0.120000	0.780000	-0.006000	0.010000	-0.004000	30015	29988	30078	24997	25005	24998
273	4.604227	0.000081	0.170000	-0.040000	0.790000	-0.006000	0.010000	-0.004000	30017	29996	30079	24997	25005	24998
274	4.636315	0.032088	0.170000	-0.040000	0.790000	-0.010000	0.016000	-0.002000	30017	29996	30079	24995	25008	24999
275	4.636398	0.000082	0.200000	0.220000	0.200000	-0.010000	0.016000	-0.002000	30020	30022	30020	24995	25008	24999
276	4.674047	0.037649	0.200000	0.220000	0.200000	-0.028000	0.024000	-0.006000	30020	30022	30020	24986	25012	24997
277	4.674123	0.000076	0.360000	0.310000	0.210000	-0.028000	0.024000	-0.006000	30036	30031	30021	24986	25012	24997
278	4.708825	0.034702	0.360000	0.310000	0.210000	-0.030000	0.030000	-0.004000	30036	30031	30021	24985	25015	24998
279	4.708903	0.000078	0.270000	0.320000	0.800000	-0.030000	0.030000	-0.004000	30027	30032	30080	24985	25015	24998
280	4.741502	0.032599	0.600000	-0.570000	0.520000	-0.030000	0.030000	-0.004000	30060	29943	30052	24985	25015	24998
281	4.776418	0.034916	0.600000	-0.570000	0.520000	0.052000	0.038000	-0.008000	30060	29943	30052	25026	25019	24996
282	4.776510	0.000092	-0.170000	-0.050000	0.760000	0.052000	0.038000	-0.008000	29983	29995	30076	25026	25019	24996
283	4.819293	0.042783	-0.170000	-0.050000	0.760000	0.004000	0.000000	0.006000	29983	29995	30076	25002	25000	25003
284	4.819358	0.000064	0.210000	0.230000	-0.080000	0.004000	0.000000	0.006000	30021	30023	29992	25002	25000	25003
285	4.851662	0.032304	0.210000	0.230000	-0.080000	-0.004000	0.038000	-0.016000	30021	30023	29992	24998	25019	24992
286	4.851825	0.000163	0.390000	0.100000	0.780000	-0.004000	0.038000	-0.016000	30039	30010	30078	24998	25019	24992
287	4.884667	0.032842	0.390000	0.100000	0.780000	-0.020000	0.040000	0.006000	30039	30010	30078	24990	25020	25003
288	4.884750	0.000083	0.140000	-0.070000	0.470000	-0.020000	0.040000	0.006000	30014	29993	30047	24990	25020	25003
289	4.916636	0.031886	0.140000	-0.070000	0.470000	-0.008000	0.012000	-0.006000	30014	29993	30047	24996	25006	24997
290	4.916812	0.000176	-0.650000	-0.740000	0.230000	-0.008000	0.012000	-0.006000	29935	29926	30023	24996	25006	24997
291	4.949413	0.032601	-0.650000	-0.740000	0.230000	0.064000	-0.050000	0.012000	29935	29926	30023	25032	24975	25006
292	4.949480	0.000067	-0.270000	-0.590000	-0.080000	0.064000	-0.050000	0.012000	29973	29941	29992	25032	24975	25006
293	4.980958	0.031478	-0.270000	-0.590000	-0.080000	0.048000	-0.028000	-0.008000	29973	29941	29992	25024	24986	24996
294	4.981031	0.000073	-0.370000	-0.440000	0.530000	0.048000	-0.028000	-0.008000	29963	29956	30053	25024	24986	24996
295	5.013267	0.032236	-0.370000	-0.440000	0.530000	0.050000	-0.024000	0.002000	29963	29956	30053	25025	24988	25001
296	5.013334	0.000068	0.070000	0.270000	-0.100000	0.050000	-0.024000	0.002000	30007	30027	29990	25025	24988	25001
297	5.042758	0.029424	0.070000	0.270000	-0.100000	-0.024000	0.016000	-0.006000	30007	30027	29990	24988	25008	24997
298	5.042839	0.000081	-0.580000	-1.010000	0.510000	-0.024000	0.016000	-0.006000	29942	29899	30051	24988	25008	24997
299	5.077813	0.034974	-0.580000	-1.010000	0.510000	0.062000	-0.064000	-0.002000	29942	29899	30051	25031	24968	24999
300	5.077931	0.000118	-0.080000	-0.260000	-0.360000	0.062000	-0.064000	-0.002000	29992	29974	29964	25031	24968	24999
301	5.110271	0.032339	-0.080000	-0.260000	-0.360000	0.016000	0.000000	-0.008000	29992	29974	29964	25008	25000	24996
302	5.110339	0.000069	0.070000	0.100000	0.430000	0.016000	0.000000	-0.008000	30007	30010	30043	25008	25000	24996
303	5.144553	0.034213	0.070000	0.100000	0.430000	-0.032000	0.014000	0.000000	30007	30010	30043	24984	25007	25000
304	5.144647	0.000094	0.480000	0.930000	0.200000	-0.032000	0.014000	0.000000	30048	30093	30020	24984	25007	25000
305	5.172773	0.028126	0.480000	0.930000	0.200000	-0.070000	0.058000	-0.002000	30048	30093	30020	24965	25029	24999
306	5.172869	0.000096	0.110000	-0.020000	-0.080000	-0.070000	0.058000	-0.002000	30011	29998	29992	24965	25029	24999
307	5.203499	0.030630	0.110000	-0.020000	-0.080000	0.018000	0.018000	-0.008000	30011	29998	29992	25009	25009	24996
308	5.203613	0.000114	-0.440000	-0.220000	-0.880000	0.018000	0.018000	-0.008000	29956	29978	29912	25009	25009	24996
309	5.247496	0.043883	-0.440000	-0.220000	-0.880000	0.036000	-0.026000	0.008000	29956	29978	29912	25018	24987	25004
310	5.247564	0.000067	-0.400000	0.000000	0.510000	0.036000	-0.026000	0.008000	29960	30000	30051	25018	24987	25004
311	5.279487	0.031924	-0.400000	0.000000	0.510000	0.008000	-0.008000	0.006000	29960	30000	30051	25004	24996	25003
312	5.279558	0.000071	-0.400000	0.000000	0.510000	0.004000	0.022000	-0.018000	29960	30000	30051	25002	25011	24991
313	5.279575	0.000017	-0.060000	-0.070000	-0.090000	0.004000	0.022000	-0.018000	29994	29993	29991	25002	25011	24991
314	5.316825	0.037250	-0.390000	-0.420000	-0.100000	0.004000	0.022000	-0.018000	29961	29958	29990	25002	25011	24991
315	5.349274	0.032450	-0.320000	-0.340000	0.460000	0.004000	0.022000	-0.018000	29968	29966	30046	25002	25011	24991
316	5.383889	0.034615	0.080000	0.440000	-0.640000	0.004000	0.022000	-0.018000	30008	30044	29936	25002	25011	24991
317	5.425110	0.041221	0.080000	0.440000	-0.640000	-0.018000	0.022000	-0.014000	30008	30044	29936	24991	25011	24993
318	5.425185	0.000075	-0.170000	-0.010000	-0.080000	-0.018000	0.022000	-0.014000	29983	29999	29992	24991	25011	24993
319	5.458756	0.033572	-0.170000	-0.010000	-0.080000	0.014000	0.004000	-0.002000	29983	29999	29992	25007	25002	24999
320	5.458853	0.000096	0.080000	0.190000	-0.350000	0.014000	0.004000	-0.002000	30008	30019	29965	25007	25002	24999
321	5.491269	0.032416	0.080000	0.190000	-0.350000	-0.028000	0.006000	0.004000	30008	30019	29965	24986	25003	25002
322	5.491402	0.000133	0.310000	0.040000	1.090000	-0.028000	0.006000	0.004000	30031	30004	30109	24986	25003	25002
323	5.525482	0.034080	0.310000	0.040000	1.090000	-0.004000	0.026000	0.004000	30031	30004	30109	24998	25013	25002
324	5.525587	0.000105	0.310000	0.040000	1.090000	-0.008000	0.026000	-0.018000	30031	30004	30109	24996	25013	24991
325	5.525636	0.000049	0.490000	-0.010000	0.180000	-0.008000	0.026000	-0.018000	30049	29999	30018	24996	25013	24991
326	5.558282	0.032646	-0.290000	-0.070000	0.160000	-0.008000	0.026000	-0.018000	29971	29993	30016	24996	25013	24991
327	5.592726	0.034444	-0.290000	-0.070000	0.160000	-0.024000	-0.042000	0.000000	29971	29993	30016	24988	24979	25000
328	5.592804	0.000078	0.420000	0.180000	0.440000	-0.024000	-0.042000	0.000000	30042	30018	30044	24988	24979	25000
329	5.627083	0.034279	0.420000	0.180000	0.440000	-0.034000	0.032000	-0.006000	30042	30018	30044	24983	25016	24997
330	5.627221	0.000138	-0.520000	0.170000	-0.330000	-0.034000	0.032000	-0.006000	29948	30017	29967	24983	25016	24997
331	5.657948	0.030727	-0.520000	0.170000	-0.330000	0.006000	-0.016000	0.000000	29948	30017	29967	25003	24992	25000
332	5.658050	0.000102	0.020000	-0.540000	0.220000	0.006000	-0.016000	0.000000	30002	29946	30022	25003	24992	25000
333	5.689078	0.031028	0.020000	-0.540000	0.220000	0.020000	-0.020000	0.008000	30002	29946	30022	25010	24990	25004
334	5.689263	0.000184	-0.110000	0.470000	0.200000	0.020000	-0.020000	0.008000	29989	30047	30020	25010	24990	25004
335	5.721162	0.031899	-0.110000	0.470000	0.200000	-0.036000	-0.010000	-0.004000	29989	30047	30020	24982	24995	24998
336	5.721237	0.000075	0.000000	-0.440000	1.100000	-0.036000	-0.010000	-0.004000	30000	29956	30110	24982	24995	24998
337	5.752135	0.030898	0.000000	-0.440000	1.100000	0.042000	0.008000	-0.004000	30000	29956	30110	25021	25004	24998
338	5.752235	0.000100	-0.160000	-0.160000	0.750000	0.042000	0.008000	-0.004000	29984	29984	30075	25021	25004	24998
339	5.789989	0.037754	-0.160000	-0.160000	0.750000	0.012000	-0.010000	-0.004000	29984	29984	30075	25006	24995	24998
340	5.790069	0.000080	0.000000	0.150000	-0.100000	0.012000	-0.010000	-0.004000	30000	30015	29990	25006	24995	24998
341	5.825057	0.034988	0.000000	0.150000	-0.100000	-0.016000	-0.002000	0.002000	30000	30015	29990	24992	24999	25001
342	5.825183	0.000126	0.110000	0.310000	-0.060000	-0.016000	-0.002000	0.002000	30011	30031	29994	24992	24999	25001
343	5.864580	0.039397	0.110000	0.310000	-0.060000	-0.034000	0.004000	-0.004000	30011	30031	29994	24983	25002	24998
344	5.864671	0.000091	0.390000	-0.150000	1.360000	-0.034000	0.004000	-0.004000	30039	29985	30136	24983	25002	24998
345	5.902193	0.037522	0.390000	-0.150000	1.360000	0.048000	0.052000	-0.010000	30039	29985	30136	25024	25026	24995
346	5.902261	0.000068	0.280000	0.350000	0.170000	0.048000	0.052000	-0.010000	30028	30035	30017	25024	25026	24995
347	5.936333	0.034072	0.280000	0.350000	0.170000	-0.052000	0.026000	-0.010000	30028	30035	30017	24974	25013	24995
348	5.936453	0.000119	0.210000	0.610000	-0.630000	-0.052000	0.026000	-0.010000	30021	30061	29937	24974	25013	24995
349	5.968074	0.031621	0.210000	0.610000	-0.630000	-0.040000	0.036000	-0.018000	30021	30061	29937	24980	25018	24991
350	5.968153	0.000079	0.300000	-0.070000	0.750000	-0.040000	0.036000	-0.018000	30030	29993	30075	24980	25018	24991
351	6.002082	0.033930	0.300000	-0.070000	0.750000	0.000000	0.018000	0.000000	30030	29993	30075	25000	25009	25000
352	6.002140	0.000058	-0.450000	-0.280000	0.240000	0.000000	0.018000	0.000000	29955	29972	30024	25000	25009	25000
353	6.036970	0.034829	-0.450000	-0.280000	0.240000	0.024000	-0.046000	-0.002000	29955	29972	30024	25012	24977	24999
354	6.037037	0.000068	-0.460000	-0.010000	-0.050000	0.024000	-0.046000	-0.002000	29954	29999	29995	25012	24977	24999
355	6.067784	0.030746	-0.460000	-0.010000	-0.050000	0.020000	-0.020000	0.000000	29954	29999	29995	25010	24990	25000
356	6.067867	0.000083	-0.130000	-0.230000	0.240000	0.020000	-0.020000	0.000000	29987	29977	30024	25010	24990	25000
357	6.098872	0.031004	-0.130000	-0.230000	0.240000	0.028000	-0.020000	-0.002000	29987	29977	30024	25014	24990	24999
358	6.098959	0.000087	-0.440000	-0.280000	0.540000	0.028000	-0.020000	-0.002000	29956	29972	30054	25014	24990	24999
359	6.128074	0.029115	-0.440000	-0.280000	0.540000	-0.010000	-0.046000	0.004000	29956	29972	30054	24995	24977	25002
360	6.128135	0.000061	-0.120000	0.580000	0.220000	-0.010000	-0.046000	0.004000	29988	30058	30022	24995	24977	25002
361	6.159129	0.030994	-0.120000	0.580000	0.220000	-0.046000	0.000000	0.000000	29988	30058	30022	24977	25000	25000
362	6.159216	0.000088	0.070000	-0.310000	0.170000	-0.046000	0.000000	0.000000	30007	29969	30017	24977	25000	25000
363	6.189900	0.030683	0.070000	-0.310000	0.170000	0.006000	0.004000	0.004000	30007	29969	30017	25003	25002	25002
364	6.189999	0.000099	0.560000	0.860000	-0.110000	0.006000	0.004000	0.004000	30056	30086	29989	25003	25002	25002
365	6.229907	0.039908	0.560000	0.860000	-0.110000	-0.062000	0.060000	0.004000	30056	30086	29989	24969	25030	25002
366	6.230071	0.000164	-0.270000	-0.660000	0.470000	-0.062000	0.060000	0.004000	29973	29934	30047	24969	25030	25002
367	6.263321	0.033250	-0.270000	-0.660000	0.470000	0.040000	-0.034000	-0.012000	29973	29934	30047	25020	24983	24994
368	6.263421	0.000100	-0.110000	-0.330000	-0.330000	0.040000	-0.034000	-0.012000	29989	29967	29967	25020	24983	24994
369	6.295687	0.032267	-0.110000	-0.330000	-0.330000	0.008000	-0.028000	0.010000	29989	29967	29967	25004	24986	25005
370	6.295758	0.000071	-0.130000	-0.270000	-0.650000	0.008000	-0.028000	0.010000	29987	29973	29935	25004	24986	25005
371	6.327680	0.031922	-0.130000	-0.270000	-0.650000	0.004000	-0.018000	-0.030000	29987	29973	29935	25002	24991	24985
372	6.327776	0.000096	0.280000	0.720000	0.430000	0.004000	-0.018000	-0.030000	30028	30072	30043	25002	24991	24985
373	6.355359	0.027583	0.280000	0.720000	0.430000	-0.058000	0.034000	-0.016000	30028	30072	30043	24971	25017	24992
374	6.355426	0.000067	0.280000	0.720000	0.430000	0.016000	0.006000	-0.010000	30028	30072	30043	25008	25003	24995
375	6.355447	0.000021	-0.170000	-0.270000	0.200000	0.016000	0.006000	-0.010000	29983	29973	30020	25008	25003	24995
376	6.388554	0.033107	0.230000	0.070000	-0.060000	0.016000	0.006000	-0.010000	30023	30007	29994	25008	25003	24995
377	6.420828	0.032274	0.230000	0.070000	-0.060000	-0.016000	0.014000	0.008000	30023	30007	29994	24992	25007	25004
378	6.420910	0.000083	0.410000	0.170000	0.720000	-0.016000	0.014000	0.008000	30041	30017	30072	24992	25007	25004
379	6.452389	0.031479	0.410000	0.170000	0.720000	-0.022000	0.038000	-0.006000	30041	30017	30072	24989	25019	24997
380	6.452469	0.000080	0.240000	0.330000	-0.640000	-0.022000	0.038000	-0.006000	30024	30033	29936	24989	25019	24997
381	6.485071	0.032602	0.240000	0.330000	-0.640000	-0.036000	0.018000	-0.008000	30024	30033	29936	24982	25009	24996
382	6.485151	0.000080	0.290000	-0.280000	-0.330000	-0.036000	0.018000	-0.008000	30029	29972	29967	24982	25009	24996
383	6.514059	0.028907	0.290000	-0.280000	-0.330000	0.032000	0.022000	0.002000	30029	29972	29967	25016	25011	25001
384	6.514142	0.000084	-0.280000	0.190000	-0.600000	0.032000	0.022000	0.002000	29972	30019	29940	25016	25011	25001
385	6.549515	0.035373	-0.220000	-0.040000	-0.610000	0.032000	0.022000	0.002000	29978	29996	29939	25016	25011	25001
386	6.578054	0.028538	-0.110000	-0.210000	0.770000	0.032000	0.022000	0.002000	29989	29979	30077	25016	25011	25001
387	6.606142	0.028088	-0.110000	-0.210000	0.770000	0.026000	-0.008000	-0.006000	29989	29979	30077	25013	24996	24997
388	6.606221	0.000079	0.150000	-0.040000	0.480000	0.026000	-0.008000	-0.006000	30015	29996	30048	25013	24996	24997
389	6.637078	0.030857	0.150000	-0.040000	0.480000	-0.014000	0.010000	-0.006000	30015	29996	30048	24993	25005	24997
390	6.637149	0.000071	-0.680000	-0.440000	0.540000	-0.014000	0.010000	-0.006000	29932	29956	30054	24993	25005	24997
391	6.665751	0.028602	-0.680000	-0.440000	0.540000	0.036000	-0.050000	-0.002000	29932	29956	30054	25018	24975	24999
392	6.665836	0.000085	0.030000	0.340000	-0.390000	0.036000	-0.050000	-0.002000	30003	30034	29961	25018	24975	24999
393	6.695359	0.029523	0.030000	0.340000	-0.390000	-0.004000	0.012000	0.004000	30003	30034	29961	24998	25006	25002
394	6.695490	0.000131	0.150000	0.170000	-0.390000	-0.004000	0.012000	0.004000	30015	30017	29961	24998	25006	25002
395	6.724575	0.029085	0.150000	0.170000	-0.390000	-0.006000	0.018000	0.012000	30015	30017	29961	24997	25009	25006
396	6.724645	0.000070	-0.140000	0.460000	-0.670000	-0.006000	0.018000	0.012000	29986	30046	29933	24997	25009	25006
397	6.753755	0.029110	-0.140000	0.460000	-0.670000	-0.012000	0.014000	-0.006000	29986	30046	29933	24994	25007	24997
398	6.753836	0.000081	-0.160000	0.500000	-0.670000	-0.012000	0.014000	-0.006000	29984	30050	29933	24994	25007	24997
399	6.784532	0.030696	-0.160000	0.500000	-0.670000	-0.014000	0.010000	-0.006000	29984	30050	29933	24993	25005	24997
400	6.784633	0.000101	-0.190000	0.510000	-0.690000	-0.014000	0.010000	-0.006000	29981	30051	29931	24993	25005	24997
401	6.819179	0.034546	-0.190000	0.510000	-0.690000	-0.020000	0.008000	-0.004000	29981	30051	29931	24990	25004	24998
402	6.819313	0.000133	0.240000	0.830000	-0.720000	-0.020000	0.008000	-0.004000	30024	30083	29928	24990	25004	24998
403	6.847594	0.028282	0.240000	0.830000	-0.720000	-0.056000	0.038000	0.006000	30024	30083	29928	24972	25019	25003
404	6.847655	0.000061	0.240000	0.830000	-0.720000	-0.056000	0.038000	0.006000	30024	30083	29928	24972	25019	25003
405	6.875833	0.028178	0.240000	0.830000	-0.720000	-0.056000	0.038000	0.006000	30024	30083	29928	24972	25019	25003
406	6.875900	0.000067	0.310000	0.720000	-0.730000	-0.056000	0.038000	0.006000	30031	30072	29927	24972	25019	25003
407	6.902448	0.026548	0.310000	0.720000	-0.730000	-0.046000	0.046000	0.006000	30031	30072	29927	24977	25023	25003
408	6.902508	0.000060	-0.120000	0.440000	-0.980000	-0.046000	0.046000	0.006000	29988	30044	29902	24977	25023	25003
409	6.928862	0.026354	-0.120000	0.440000	-0.980000	-0.018000	0.014000	0.000000	29988	30044	29902	24991	25007	25000
410	6.928922	0.000060	-0.240000	0.040000	-1.010000	-0.018000	0.014000	0.000000	29976	30004	29899	24991	25007	25000
411	6.955633	0.026711	-0.240000	0.040000	-1.010000	0.000000	-0.008000	-0.008000	29976	30004	29899	25000	24996	24996
412	6.955693	0.000060	-0.320000	0.150000	-1.000000	0.000000	-0.008000	-0.008000	29968	30015	29900	25000	24996	24996
413	6.983353	0.027659	-0.320000	0.150000	-1.000000	-0.010000	-0.018000	-0.008000	29968	30015	29900	24995	24991	24996
414	6.983440	0.000088	-0.110000	-0.130000	-0.980000	-0.010000	-0.018000	-0.008000	29989	29987	29902	24995	24991	24996
415	7.011599	0.028159	-0.110000	-0.130000	-0.980000	-0.002000	-0.018000	0.008000	29989	29987	29902	24999	24991	25004
416	7.011664	0.000065	-0.140000	-0.330000	-1.000000	-0.002000	-0.018000	0.008000	29986	29967	29900	24999	24991	25004
417	7.042250	0.030586	-0.140000	-0.330000	-1.000000	0.010000	-0.024000	0.006000	29986	29967	29900	25005	24988	25003
418	7.042326	0.000076	-0.140000	-0.330000	-1.000000	0.010000	-0.024000	0.006000	29986	29967	29900	25005	24988	25003
419	7.073988	0.031661	-0.140000	-0.330000	-1.000000	0.010000	-0.024000	0.006000	29986	29967	29900	25005	24988	25003
420	7.074089	0.000102	-0.260000	-0.250000	-0.730000	0.010000	-0.024000	0.006000	29974	29975	29927	25005	24988	25003
421	7.101391	0.027301	-0.260000	-0.250000	-0.730000	0.024000	-0.020000	-0.004000	29974	29975	29927	25012	24990	24998
422	7.101460	0.000069	-0.240000	-0.290000	-0.730000	0.024000	-0.020000	-0.004000	29976	29971	29927	25012	24990	24998
423	7.127830	0.026370	-0.240000	-0.290000	-0.730000	0.028000	-0.016000	-0.004000	29976	29971	29927	25014	24992	24998
424	7.127902	0.000072	-0.240000	-0.290000	-0.730000	0.028000	-0.016000	-0.004000	29976	29971	29927	25014	24992	24998
425	7.157988	0.030086	-0.240000	-0.290000	-0.730000	0.028000	-0.016000	-0.004000	29976	29971	29927	25014	24992	24998
426	7.158059	0.000071	0.190000	0.290000	-0.490000	0.028000	-0.016000	-0.004000	30019	30029	29951	25014	24992	24998
427	7.184534	0.026475	0.190000	0.290000	-0.490000	-0.040000	0.018000	-0.012000	30019	30029	29951	24980	25009	24994
428	7.184599	0.000065	0.190000	0.290000	-0.490000	-0.040000	0.018000	-0.012000	30019	30029	29951	24980	25009	24994
429	7.218348	0.033750	0.190000	0.290000	-0.490000	-0.040000	0.018000	-0.012000	30019	30029	29951	24980	25009	24994
430	7.218429	0.000081	0.260000	0.730000	-0.460000	-0.040000	0.018000	-0.012000	30026	30073	29954	24980	25009	24994
431	7.248011	0.029582	0.260000	0.730000	-0.460000	-0.064000	0.030000	-0.006000	30026	30073	29954	24968	25015	24997
432	7.248077	0.000066	-0.250000	-0.190000	-0.400000	-0.064000	0.030000	-0.006000	29975	29981	29960	24968	25015	24997
433	7.275136	0.027058	-0.250000	-0.190000	-0.400000	0.026000	-0.018000	0.002000	29975	29981	29960	25013	24991	25001
434	7.275191	0.000055	-0.230000	-0.200000	-0.120000	0.026000	-0.018000	0.002000	29977	29980	29988	25013	24991	25001
435	7.303792	0.028602	-0.230000	-0.200000	-0.120000	0.028000	-0.018000	0.002000	29977	29980	29988	25014	24991	25001
436	7.303870	0.000077	-0.250000	-0.240000	-0.130000	0.028000	-0.018000	0.002000	29975	29976	29987	25014	24991	25001
437	7.332674	0.028804	-0.250000	-0.240000	-0.130000	0.030000	-0.018000	0.000000	29975	29976	29987	25015	24991	25000
438	7.332763	0.000089	-0.390000	-0.030000	-0.150000	0.030000	-0.018000	0.000000	29961	29997	29985	25015	24991	25000
439	7.362247	0.029484	-0.390000	-0.030000	-0.150000	0.022000	-0.016000	-0.002000	29961	29997	29985	25011	24992	24999
440	7.362330	0.000083	-0.490000	0.060000	-1.790000	0.022000	-0.016000	-0.002000	29951	30006	29821	25011	24992	24999
441	7.391207	0.028877	-0.490000	0.060000	-1.790000	0.020000	-0.024000	-0.002000	29951	30006	29821	25010	24988	24999
442	7.391284	0.000078	-0.540000	0.020000	-1.800000	0.020000	-0.024000	-0.002000	29946	30002	29820	25010	24988	24999
443	7.421889	0.030604	-0.540000	0.020000	-1.800000	0.020000	-0.032000	-0.004000	29946	30002	29820	25010	24984	24998
444	7.421999	0.000110	-0.120000	0.150000	-1.810000	0.020000	-0.032000	-0.004000	29988	30015	29819	25010	24984	24998
445	7.461342	0.039343	-0.120000	0.150000	-1.810000	-0.002000	-0.008000	-0.002000	29988	30015	29819	24999	24996	24999
446	7.461502	0.000160	0.010000	0.050000	0.110000	-0.002000	-0.008000	-0.002000	30001	30005	30011	24999	24996	24999
447	7.499148	0.037646	0.010000	0.050000	0.110000	0.000000	0.002000	-0.002000	30001	30005	30011	25000	25001	24999
448	7.499219	0.000071	0.030000	0.010000	0.110000	0.000000	0.002000	-0.002000	30003	30001	30011	25000	25001	24999
449	7.530998	0.031779	0.030000	0.010000	0.110000	0.004000	0.006000	-0.002000	30003	30001	30011	25002	25003	24999
450	7.531072	0.000074	0.490000	0.100000	0.100000	0.004000	0.006000	-0.002000	30049	30010	30010	25002	25003	24999
451	7.559025	0.027953	0.490000	0.100000	0.100000	-0.008000	0.034000	0.002000	30049	30010	30010	24996	25017	25001
452	7.559125	0.000100	0.080000	0.150000	-0.120000	-0.008000	0.034000	0.002000	30008	30015	29988	24996	25017	25001
453	7.595413	0.036288	0.080000	0.150000	-0.120000	0.000000	0.014000	-0.002000	30008	30015	29988	25000	25007	24999
454	7.595503	0.000090	0.410000	0.750000	-0.420000	0.000000	0.014000	-0.002000	30041	30075	29958	25000	25007	24999
455	7.622700	0.027197	0.410000	0.750000	-0.420000	-0.048000	0.042000	-0.004000	30041	30075	29958	24976	25021	24998
456	7.622791	0.000092	-0.090000	0.110000	-0.960000	-0.048000	0.042000	-0.004000	29991	30011	29904	24976	25021	24998
457	7.652960	0.030169	-0.090000	0.110000	-0.960000	-0.018000	-0.026000	-0.014000	29991	30011	29904	24991	24987	24993
458	7.653040	0.000080	-0.150000	0.310000	-0.420000	-0.018000	-0.026000	-0.014000	29985	30031	29958	24991	24987	24993
459	7.684588	0.031547	-0.150000	0.310000	-0.420000	0.004000	0.012000	-0.002000	29985	30031	29958	25002	25006	24999
460	7.684704	0.000116	0.170000	0.010000	-0.680000	0.004000	0.012000	-0.002000	30017	30001	29932	25002	25006	24999
461	7.718198	0.033495	0.170000	0.010000	-0.680000	0.032000	0.038000	-0.004000	30017	30001	29932	25016	25019	24998
462	7.718282	0.000083	0.580000	0.640000	0.400000	0.032000	0.038000	-0.004000	30058	30064	30040	25016	25019	24998
463	7.744597	0.026315	0.580000	0.640000	0.400000	-0.042000	0.060000	0.000000	30058	30064	30040	24979	25030	25000
464	7.744659	0.000063	0.130000	0.050000	0.160000	-0.042000	0.060000	0.000000	30013	30005	30016	24979	25030	25000
465	7.773114	0.028455	0.130000	0.050000	0.160000	0.012000	0.012000	0.012000	30013	30005	30016	25006	25006	25006
466	7.773170	0.000056	0.430000	0.580000	-1.280000	0.012000	0.012000	0.012000	30043	30058	29872	25006	25006	25006
467	7.799682	0.026512	0.430000	0.580000	-1.280000	-0.020000	0.054000	-0.014000	30043	30058	29872	24990	25027	24993
468	7.799745	0.000063	-0.090000	0.070000	-0.390000	-0.020000	0.054000	-0.014000	29991	30007	29961	24990	25027	24993
469	7.829946	0.030201	-0.090000	0.070000	-0.390000	0.018000	0.008000	0.004000	29991	30007	29961	25009	25004	25002
470	7.830019	0.000073	-0.030000	-0.270000	-0.940000	0.018000	0.008000	0.004000	29997	29973	29906	25009	25004	25002
471	7.861900	0.031881	-0.030000	-0.270000	-0.940000	0.062000	0.006000	0.012000	29997	29973	29906	25031	25003	25006
472	7.861977	0.000077	0.590000	0.500000	-0.710000	0.062000	0.006000	0.012000	30059	30050	29929	25031	25003	25006
473	7.894205	0.032227	0.590000	0.500000	-0.710000	-0.036000	0.040000	-0.002000	30059	30050	29929	24982	25020	24999
474	7.894276	0.000072	-0.030000	-0.070000	-0.970000	-0.036000	0.040000	-0.002000	29997	29993	29903	24982	25020	24999
475	7.927727	0.033450	-0.030000	-0.070000	-0.970000	0.004000	-0.002000	0.010000	29997	29993	29903	25002	24999	25005
476	7.927824	0.000097	-0.030000	-0.070000	-0.970000	0.034000	0.042000	-0.004000	29997	29993	29903	25017	25021	24998
477	7.927871	0.000047	-0.040000	-0.110000	-0.970000	0.034000	0.042000	-0.004000	29996	29989	29903	25017	25021	24998
478	7.961804	0.033932	0.440000	0.310000	-0.690000	0.034000	0.042000	-0.004000	30044	30031	29931	25017	25021	24998
479	7.994500	0.032696	0.440000	0.310000	-0.690000	-0.010000	0.042000	0.002000	30044	30031	29931	24995	25021	25001
480	7.994585	0.000085	0.380000	0.050000	-0.700000	-0.010000	0.042000	0.002000	30038	30005	29930	24995	25021	25001
481	8.028467	0.033882	0.380000	0.050000	-0.700000	-0.012000	0.024000	0.000000	30038	30005	29930	24994	25012	25000
482	8.028541	0.000074	0.150000	0.040000	-0.130000	-0.012000	0.024000	0.000000	30015	30004	29987	24994	25012	25000
483	8.063874	0.035333	0.150000	0.040000	-0.130000	0.030000	0.034000	0.004000	30015	30004	29987	25015	25017	25002
484	8.064052	0.000178	-0.050000	-0.050000	-0.400000	0.030000	0.034000	0.004000	29995	29995	29960	25015	25017	25002
485	8.094102	0.030050	-0.050000	-0.050000	-0.400000	0.010000	-0.002000	-0.004000	29995	29995	29960	25005	24999	24998
486	8.094197	0.000095	0.000000	0.070000	-0.970000	0.010000	-0.002000	-0.004000	30000	30007	29903	25005	24999	24998
487	8.124437	0.030240	-0.060000	-0.160000	-0.950000	0.010000	-0.002000	-0.004000	29994	29984	29905	25005	24999	24998
488	8.156496	0.032058	0.150000	0.520000	-0.160000	0.010000	-0.002000	-0.004000	30015	30052	29984	25005	24999	24998
489	8.194451	0.037955	0.150000	0.520000	-0.160000	-0.038000	0.022000	-0.014000	30015	30052	29984	24981	25011	24993
490	8.194545	0.000094	0.620000	-0.050000	-0.990000	-0.038000	0.022000	-0.014000	30062	29995	29901	24981	25011	24993
491	8.228543	0.033998	0.620000	-0.050000	-0.990000	0.028000	0.058000	-0.008000	30062	29995	29901	25014	25029	24996
492	8.228633	0.000090	-0.150000	0.080000	-0.700000	0.028000	0.058000	-0.008000	29985	30008	29930	25014	25029	24996
493	8.266280	0.037647	-0.150000	0.080000	-0.700000	0.008000	-0.004000	-0.006000	29985	30008	29930	25004	24998	24997
494	8.266387	0.000107	0.220000	0.400000	-0.490000	0.008000	-0.004000	-0.006000	30022	30040	29951	25004	24998	24997
495	8.297090	0.030703	0.220000	0.400000	-0.490000	-0.032000	0.038000	0.006000	30022	30040	29951	24984	25019	25003
496	8.297161	0.000070	0.510000	0.160000	-0.170000	-0.032000	0.038000	0.006000	30051	30016	29983	24984	25019	25003
497	8.325576	0.028415	0.510000	0.160000	-0.170000	-0.008000	0.042000	-0.004000	30051	30016	29983	24996	25021	24998
498	8.325683	0.000108	0.370000	-0.060000	-1.510000	-0.008000	0.042000	-0.004000	30037	29994	29849	24996	25021	24998
499	8.355208	0.029524	0.370000	-0.060000	-1.510000	0.032000	0.034000	-0.004000	30037	29994	29849	25016	25017	24998
500	8.355300	0.000092	-0.250000	0.070000	-0.450000	0.032000	0.034000	-0.004000	29975	30007	29955	25016	25017	24998
501	8.385326	0.030027	-0.250000	0.070000	-0.450000	-0.002000	-0.020000	0.004000	29975	30007	29955	24999	24990	25002
502	8.385455	0.000129	0.170000	-0.360000	-0.150000	-0.002000	-0.020000	0.004000	30017	29964	29985	24999	24990	25002
503	8.416147	0.030691	0.170000	-0.360000	-0.150000	0.054000	0.024000	0.006000	30017	29964	29985	25027	25012	25003
504	8.416246	0.000099	-0.260000	-0.080000	-1.220000	0.054000	0.024000	0.006000	29974	29992	29878	25027	25012	25003
505	8.450576	0.034330	-0.260000	-0.080000	-1.220000	0.014000	-0.020000	0.014000	29974	29992	29878	25007	24990	25007
506	8.450661	0.000084	0.310000	0.380000	-0.130000	0.014000	-0.020000	0.014000	30031	30038	29987	25007	24990	25007
507	8.480651	0.029991	0.310000	0.380000	-0.130000	-0.012000	0.034000	0.000000	30031	30038	29987	24994	25017	25000
508	8.480718	0.000067	-0.440000	-0.330000	-0.440000	-0.012000	0.034000	0.000000	29956	29967	29956	24994	25017	25000
509	8.512108	0.031389	-0.440000	-0.330000	-0.440000	0.038000	-0.026000	-0.002000	29956	29967	29956	25019	24987	24999
510	8.512188	0.000080	0.190000	-0.250000	-0.470000	0.038000	-0.026000	-0.002000	30019	29975	29953	25019	24987	24999
511	8.545086	0.032899	0.190000	-0.250000	-0.470000	0.014000	0.020000	0.000000	30019	29975	29953	25007	25010	25000
512	8.545161	0.000074	-0.250000	-0.390000	-0.460000	0.014000	0.020000	0.000000	29975	29961	29954	25007	25010	25000
513	8.577453	0.032292	-0.250000	-0.390000	-0.460000	0.058000	-0.012000	-0.010000	29975	29961	29954	25029	24994	24995
514	8.577520	0.000067	0.280000	0.020000	-0.170000	0.058000	-0.012000	-0.010000	30028	30002	29983	25029	24994	24995
515	8.606947	0.029427	0.280000	0.020000	-0.170000	-0.002000	0.030000	-0.008000	30028	30002	29983	24999	25015	24996
516	8.607027	0.000081	0.040000	0.390000	-0.430000	-0.002000	0.030000	-0.008000	30004	30039	29957	24999	25015	24996
517	8.634628	0.027601	0.040000	0.390000	-0.430000	0.006000	0.028000	0.002000	30004	30039	29957	25003	25014	25001
518	8.634719	0.000091	0.060000	0.310000	-1.240000	0.006000	0.028000	0.002000	30006	30031	29876	25003	25014	25001
519	8.665301	0.030582	0.060000	0.310000	-1.240000	-0.010000	0.014000	0.010000	30006	30031	29876	24995	25007	25005
520	8.665387	0.000085	0.310000	0.360000	-0.410000	-0.010000	0.014000	0.010000	30031	30036	29959	24995	25007	25005
521	8.699300	0.033914	0.310000	0.360000	-0.410000	-0.018000	0.026000	0.000000	30031	30036	29959	24991	25013	25000
522	8.699381	0.000081	-0.210000	-0.380000	0.160000	-0.018000	0.026000	0.000000	29979	29962	30016	24991	25013	25000
523	8.732273	0.032892	-0.210000	-0.380000	0.160000	0.058000	-0.004000	-0.006000	29979	29962	30016	25029	24998	24997
524	8.732394	0.000121	-0.270000	-0.180000	-0.700000	0.058000	-0.004000	-0.006000	29973	29982	29930	25029	24998	24997
525	8.766659	0.034266	-0.270000	-0.180000	-0.700000	0.048000	-0.018000	-0.016000	29973	29982	29930	25024	24991	24992
526	8.766759	0.000100	0.550000	0.090000	-0.130000	0.048000	-0.018000	-0.016000	30055	30009	29987	25024	24991	24992
527	8.793751	0.026993	0.550000	0.090000	-0.130000	0.000000	0.036000	0.002000	30055	30009	29987	25000	25018	25001
528	8.793830	0.000079	-0.770000	-0.770000	-0.430000	0.000000	0.036000	0.002000	29923	29923	29957	25000	25018	25001
529	8.826485	0.032655	-0.770000	-0.770000	-0.430000	0.050000	-0.076000	-0.004000	29923	29923	29957	25025	24962	24998
530	8.826579	0.000094	-0.180000	0.300000	-0.720000	0.050000	-0.076000	-0.004000	29982	30030	29928	25025	24962	24998
531	8.861059	0.034480	-0.180000	0.300000	-0.720000	0.000000	0.010000	0.002000	29982	30030	29928	25000	25005	25001
532	8.861149	0.000089	-0.230000	-0.120000	-0.480000	0.000000	0.010000	0.002000	29977	29988	29952	25000	25005	25001
533	8.897206	0.036057	-0.230000	-0.120000	-0.480000	0.018000	0.000000	-0.008000	29977	29988	29952	25009	25000	24996
534	8.897342	0.000136	0.010000	0.270000	-0.670000	0.018000	0.000000	-0.008000	30001	30027	29933	25009	25000	24996
535	8.925706	0.028364	0.010000	0.270000	-0.670000	0.008000	0.014000	0.002000	30001	30027	29933	25004	25007	25001
536	8.925784	0.000078	-0.330000	-0.250000	-0.170000	0.008000	0.014000	0.002000	29967	29975	29983	25004	25007	25001
537	8.964580	0.038796	-0.330000	-0.250000	-0.170000	0.034000	-0.014000	0.000000	29967	29975	29983	25017	24993	25000
538	8.964661	0.000081	0.230000	0.200000	-0.430000	0.034000	-0.014000	0.000000	30023	30020	29957	25017	24993	25000
539	8.993241	0.028580	0.230000	0.200000	-0.430000	0.002000	0.036000	0.012000	30023	30020	29957	25001	25018	25006
540	8.993323	0.000082	-0.220000	-0.460000	-0.380000	0.002000	0.036000	0.012000	29978	29954	29962	25001	25018	25006
541	9.023831	0.030508	-0.220000	-0.460000	-0.380000	0.066000	-0.030000	0.008000	29978	29954	29962	25033	24985	25004
542	9.023903	0.000073	0.060000	-0.060000	0.180000	0.066000	-0.030000	0.008000	30006	29994	30018	25033	24985	25004
543	9.052522	0.028618	0.060000	-0.060000	0.180000	0.026000	0.014000	0.000000	30006	29994	30018	25013	25007	25000
544	9.052604	0.000083	0.100000	0.400000	-0.670000	0.026000	0.014000	0.000000	30010	30040	29933	25013	25007	25000
545	9.084367	0.031762	0.100000	0.400000	-0.670000	-0.022000	0.014000	-0.010000	30010	30040	29933	24989	25007	24995
546	9.084449	0.000083	-0.480000	-0.420000	-1.210000	-0.022000	0.014000	-0.010000	29952	29958	29879	24989	25007	24995
547	9.112689	0.028240	-0.480000	-0.420000	-1.210000	0.016000	-0.056000	-0.020000	29952	29958	29879	25008	24972	24990
548	9.112814	0.000125	-0.080000	-0.470000	-0.720000	0.016000	-0.056000	-0.020000	29992	29953	29928	25008	24972	24990
549	9.143364	0.030550	-0.080000	-0.470000	-0.720000	0.018000	-0.020000	0.024000	29992	29953	29928	25009	24990	25012
550	9.143431	0.000067	-0.530000	-0.020000	-0.670000	0.018000	-0.020000	0.024000	29947	29998	29933	25009	24990	25012
551	9.173837	0.030406	-0.530000	-0.020000	-0.670000	0.036000	-0.014000	0.008000	29947	29998	29933	25018	24993	25004
552	9.173906	0.000069	-0.250000	-0.240000	-0.170000	0.036000	-0.014000	0.008000	29975	29976	29983	25018	24993	25004
553	9.202474	0.028568	-0.250000	-0.240000	-0.170000	0.040000	-0.016000	-0.004000	29975	29976	29983	25020	24992	24998
554	9.202549	0.000075	-0.030000	-0.090000	-0.720000	0.040000	-0.016000	-0.004000	29997	29991	29928	25020	24992	24998
555	9.230056	0.027507	-0.030000	-0.090000	-0.720000	0.008000	0.002000	-0.002000	29997	29991	29928	25004	25001	24999
556	9.230176	0.000120	-0.030000	-0.090000	-0.720000	0.046000	0.040000	0.002000	29997	29991	29928	25023	25020	25001
557	9.230229	0.000053	0.140000	-0.170000	0.120000	0.046000	0.040000	0.002000	30014	29983	30012	25023	25020	25001
558	9.268280	0.038051	-0.040000	0.500000	-0.500000	0.046000	0.040000	0.002000	29996	30050	29950	25023	25020	25001
559	9.306343	0.038063	0.460000	0.610000	-0.720000	0.046000	0.040000	0.002000	30046	30061	29928	25023	25020	25001
560	9.342800	0.036457	0.460000	0.610000	-0.720000	-0.058000	0.026000	-0.004000	30046	30061	29928	24971	25013	24998
561	9.342873	0.000073	-0.120000	0.070000	-0.940000	-0.058000	0.026000	-0.004000	29988	30007	29906	24971	25013	24998
562	9.377589	0.034717	-0.120000	0.070000	-0.940000	0.022000	0.010000	0.012000	29988	30007	29906	25011	25005	25006
563	9.377657	0.000067	-0.140000	-0.100000	-0.460000	0.022000	0.010000	0.012000	29986	29990	29954	25011	25005	25006
564	9.409458	0.031801	-0.140000	-0.100000	-0.460000	0.022000	-0.002000	-0.014000	29986	29990	29954	25011	24999	24993
565	9.409539	0.000081	-0.290000	-0.460000	-0.420000	0.022000	-0.002000	-0.014000	29971	29954	29958	25011	24999	24993
566	9.437316	0.027777	-0.290000	-0.460000	-0.420000	0.068000	-0.012000	0.002000	29971	29954	29958	25034	24994	25001
567	9.437381	0.000065	0.430000	0.330000	-0.400000	0.068000	-0.012000	0.002000	30043	30033	29960	25034	24994	25001
568	9.467979	0.030598	0.430000	0.330000	-0.400000	-0.012000	0.036000	0.000000	30043	30033	29960	24994	25018	25000
569	9.468046	0.000067	-0.080000	-0.190000	0.410000	-0.012000	0.036000	0.000000	29992	29981	30041	24994	25018	25000
570	9.496531	0.028485	-0.080000	-0.190000	0.410000	-0.002000	-0.004000	-0.004000	29992	29981	30041	24999	24998	24998
571	9.496588	0.000057	-0.040000	0.330000	-1.220000	-0.002000	-0.004000	-0.004000	29996	30033	29878	24999	24998	24998
572	9.525243	0.028655	-0.040000	0.330000	-1.220000	0.010000	0.004000	-0.008000	29996	30033	29878	25005	25002	24996
573	9.525319	0.000076	0.120000	-0.110000	-0.440000	0.010000	0.004000	-0.008000	30012	29989	29956	25005	25002	24996
574	9.585185	0.059866	0.120000	-0.110000	-0.440000	-0.006000	-0.006000	-0.002000	30012	29989	29956	24997	24997	24999
575	9.585324	0.000139	-0.210000	-0.110000	-1.250000	-0.006000	-0.006000	-0.002000	29979	29989	29875	24997	24997	24999
576	9.630181	0.044856	-0.210000	-0.110000	-1.250000	0.006000	-0.018000	-0.016000	29979	29989	29875	25003	24991	24992
577	9.630244	0.000063	-0.290000	-0.270000	-0.130000	0.006000	-0.018000	-0.016000	29971	29973	29987	25003	24991	24992
578	9.660781	0.030537	-0.360000	-0.240000	-0.120000	0.006000	-0.018000	-0.016000	29964	29976	29988	25003	24991	24992
579	9.695481	0.034700	-0.220000	-0.320000	-0.150000	0.006000	-0.018000	-0.016000	29978	29968	29985	25003	24991	24992
580	9.758463	0.062982	-0.220000	-0.320000	-0.150000	0.028000	-0.026000	0.002000	29978	29968	29985	25014	24987	25001
581	9.758549	0.000086	-0.380000	-0.520000	-0.510000	0.028000	-0.026000	0.002000	29962	29948	29949	25014	24987	25001
582	9.801068	0.042519	-0.380000	-0.520000	-0.510000	0.034000	-0.036000	-0.020000	29962	29948	29949	25017	24982	24990
583	9.801195	0.000127	-0.080000	-0.110000	-0.700000	0.034000	-0.036000	-0.020000	29992	29989	29930	25017	24982	24990
584	9.831698	0.030503	-0.080000	0.000000	-0.700000	0.034000	-0.036000	-0.020000	29992	30000	29930	25017	24982	24990
585	9.859425	0.027728	-0.040000	-0.320000	-0.110000	0.034000	-0.036000	-0.020000	29996	29968	29989	25017	24982	24990
586	9.920905	0.061480	-0.040000	-0.320000	-0.110000	0.060000	0.004000	0.018000	29996	29968	29989	25030	25002	25009
587	9.920984	0.000079	-0.070000	-0.210000	-0.170000	0.060000	0.004000	0.018000	29993	29979	29983	25030	25002	25009
588	9.979598	0.058614	-0.070000	-0.210000	-0.170000	0.028000	0.004000	-0.010000	29993	29979	29983	25014	25002	24995
589	9.979673	0.000075	-0.350000	-0.240000	0.420000	0.028000	0.004000	-0.010000	29965	29976	30042	25014	25002	24995
590	10.012597	0.032924	-0.350000	-0.240000	0.420000	0.058000	0.012000	0.010000	29965	29976	30042	25029	25006	25005
591	10.012722	0.000125	0.290000	0.220000	0.410000	0.058000	0.012000	0.010000	30029	30022	30041	25029	25006	25005
592	10.078813	0.066091	0.370000	0.320000	-0.140000	0.058000	0.012000	0.010000	30037	30032	29986	25029	25006	25005
593	10.108176	0.029363	0.250000	0.050000	-1.500000	0.058000	0.012000	0.010000	30025	30005	29850	25029	25006	25005
594	10.137188	0.029013	0.250000	0.050000	-1.500000	0.064000	0.026000	0.012000	30025	30005	29850	25032	25013	25006
595	10.137255	0.000066	-0.440000	-0.710000	-0.140000	0.064000	0.026000	0.012000	29956	29929	29986	25032	25013	25006
596	10.166312	0.029057	-0.440000	-0.710000	-0.140000	0.060000	-0.042000	0.002000	29956	29929	29986	25030	24979	25001
597	10.166420	0.000108	-0.180000	0.470000	-0.700000	0.060000	-0.042000	0.002000	29982	30047	29930	25030	24979	25001
598	10.202036	0.035616	-0.120000	0.480000	-0.700000	0.060000	-0.042000	0.002000	29988	30048	29930	25030	24979	25001
599	10.233577	0.031541	-0.200000	-0.050000	-0.420000	0.060000	-0.042000	0.002000	29980	29995	29958	25030	24979	25001
600	10.260690	0.027113	-0.200000	-0.050000	-0.420000	0.034000	-0.002000	-0.002000	29980	29995	29958	25017	24999	24999
601	10.260783	0.000093	0.130000	0.120000	-0.160000	0.034000	-0.002000	-0.002000	30013	30012	29984	25017	24999	24999
602	10.291105	0.030322	0.130000	0.120000	-0.160000	0.016000	0.034000	-0.004000	30013	30012	29984	25008	25017	24998
603	10.291179	0.000074	0.000000	-0.270000	-0.190000	0.016000	0.034000	-0.004000	30000	29973	29981	25008	25017	24998
604	10.324823	0.033644	0.050000	0.490000	-0.390000	0.016000	0.034000	-0.004000	30005	30049	29961	25008	25017	24998
605	10.350571	0.025749	0.240000	0.210000	-0.680000	0.016000	0.034000	-0.004000	30024	30021	29932	25008	25017	24998
606	10.378959	0.028388	0.240000	0.210000	-0.680000	0.000000	0.012000	-0.014000	30024	30021	29932	25000	25006	24993
607	10.379057	0.000097	0.150000	0.340000	-0.400000	0.000000	0.012000	-0.014000	30015	30034	29960	25000	25006	24993
608	10.405672	0.026615	0.150000	0.340000	-0.400000	-0.014000	0.020000	0.002000	30015	30034	29960	24993	25010	25001
609	10.405738	0.000066	-0.750000	-0.060000	-0.680000	-0.014000	0.020000	0.002000	29925	29994	29932	24993	25010	25001
610	10.431974	0.026236	-0.750000	-0.060000	-0.680000	0.044000	-0.042000	0.006000	29925	29994	29932	25022	24979	25003
611	10.432038	0.000064	0.160000	0.450000	0.150000	0.044000	-0.042000	0.006000	30016	30045	30015	25022	24979	25003
612	10.463762	0.031724	0.160000	0.450000	0.150000	-0.034000	0.024000	0.012000	30016	30045	30015	24983	25012	25006
613	10.463846	0.000084	-0.340000	-0.100000	0.450000	-0.034000	0.024000	0.012000	29966	29990	30045	24983	25012	25006
614	10.496417	0.032571	-0.340000	-0.100000	0.450000	0.030000	-0.014000	0.016000	29966	29990	30045	25015	24993	25008
615	10.496498	0.000082	0.200000	0.320000	-0.130000	0.030000	-0.014000	0.016000	30020	30032	29987	25015	24993	25008
616	10.530786	0.034288	0.200000	0.320000	-0.130000	-0.024000	0.020000	0.008000	30020	30032	29987	24988	25010	25004
617	10.530875	0.000089	-0.180000	0.180000	-0.130000	-0.024000	0.020000	0.008000	29982	30018	29987	24988	25010	25004
618	10.563898	0.033023	-0.180000	0.180000	-0.130000	0.008000	-0.012000	0.012000	29982	30018	29987	25004	24994	25006
619	10.563974	0.000076	-0.490000	-0.240000	-0.670000	0.008000	-0.012000	0.012000	29951	29976	29933	25004	24994	25006
620	10.595160	0.031186	-0.490000	-0.240000	-0.670000	0.078000	-0.012000	0.002000	29951	29976	29933	25039	24994	25001
621	10.595233	0.000073	0.360000	-0.070000	-0.400000	0.078000	-0.012000	0.002000	30036	29993	29960	25039	24994	25001
622	10.622895	0.027662	0.360000	-0.070000	-0.400000	0.024000	0.028000	-0.004000	30036	29993	29960	25012	25014	24998
623	10.623008	0.000112	-0.080000	-0.250000	-0.710000	0.024000	0.028000	-0.004000	29992	29975	29929	25012	25014	24998
624	10.648867	0.025859	-0.080000	-0.250000	-0.710000	0.016000	-0.008000	-0.002000	29992	29975	29929	25008	24996	24999
625	10.648958	0.000091	0.360000	0.370000	-0.450000	0.016000	-0.008000	-0.002000	30036	30037	29955	25008	24996	24999
626	10.678612	0.029654	0.360000	0.370000	-0.450000	-0.012000	0.038000	0.000000	30036	30037	29955	24994	25019	25000
627	10.678705	0.000093	0.150000	0.510000	-1.250000	-0.012000	0.038000	0.000000	30015	30051	29875	24994	25019	25000
628	10.709841	0.031136	0.150000	0.510000	-1.250000	-0.034000	0.032000	-0.010000	30015	30051	29875	24983	25016	24995
629	10.709939	0.000097	-0.330000	-0.330000	-0.130000	-0.034000	0.032000	-0.010000	29967	29967	29987	24983	25016	24995
630	10.740927	0.030988	-0.330000	-0.330000	-0.130000	0.056000	-0.014000	0.002000	29967	29967	29987	25028	24993	25001
631	10.740999	0.000072	0.030000	0.300000	-0.480000	0.056000	-0.014000	0.002000	30003	30030	29952	25028	24993	25001
632	10.771038	0.030038	0.030000	0.300000	-0.480000	-0.012000	0.020000	-0.014000	30003	30030	29952	24994	25010	24993
633	10.771108	0.000070	0.030000	0.300000	-0.480000	0.000000	0.034000	0.004000	30003	30030	29952	25000	25017	25002
634	10.771128	0.000021	-0.030000	-0.290000	-0.440000	0.000000	0.034000	0.004000	29997	29971	29956	25000	25017	25002
635	10.806224	0.035096	-0.030000	-0.290000	-0.440000	0.008000	0.030000	-0.004000	29997	29971	29956	25004	25015	24998
636	10.806355	0.000131	0.420000	0.430000	-0.140000	0.008000	0.030000	-0.004000	30042	30043	29986	25004	25015	24998
637	10.838272	0.031917	-0.200000	-0.410000	-0.980000	0.008000	0.030000	-0.004000	29980	29959	29902	25004	25015	24998
638	10.870627	0.032355	-0.200000	-0.410000	-0.980000	0.020000	-0.034000	-0.002000	29980	29959	29902	25010	24983	24999
639	10.870725	0.000098	-0.180000	-0.330000	-0.670000	0.020000	-0.034000	-0.002000	29982	29967	29933	25010	24983	24999
640	10.903040	0.032315	-0.180000	-0.330000	-0.670000	0.036000	-0.016000	-0.002000	29982	29967	29933	25018	24992	24999
641	10.903159	0.000119	-0.180000	-0.330000	-0.670000	0.024000	0.000000	0.012000	29982	29967	29933	25012	25000	25006
642	10.903210	0.000051	0.130000	0.380000	-0.650000	0.024000	0.000000	0.012000	30013	30038	29935	25012	25000	25006
643	10.936083	0.032873	0.130000	0.380000	-0.650000	0.020000	-0.008000	-0.014000	30013	30038	29935	25010	24996	24993
644	10.936169	0.000087	-0.140000	-0.310000	-0.690000	0.020000	-0.008000	-0.014000	29986	29969	29931	25010	24996	24993
645	10.967790	0.031621	0.110000	0.000000	0.170000	0.020000	-0.008000	-0.014000	30011	30000	30017	25010	24996	24993
646	11.001583	0.033792	0.110000	0.000000	0.170000	-0.002000	0.006000	0.014000	30011	30000	30017	24999	25003	25007
647	11.001680	0.000098	-0.350000	-0.070000	-0.110000	-0.002000	0.006000	0.014000	29965	29993	29989	24999	25003	25007
648	11.040163	0.038482	-0.350000	-0.070000	-0.110000	0.022000	-0.024000	0.000000	29965	29993	29989	25011	24988	25000
649	11.040242	0.000079	0.520000	-0.050000	0.140000	0.022000	-0.024000	0.000000	30052	29995	30014	25011	24988	25000
650	11.068519	0.028277	0.520000	-0.050000	0.140000	0.004000	0.042000	0.006000	30052	29995	30014	25002	25021	25003
651	11.068625	0.000106	0.070000	-0.250000	-0.660000	0.004000	0.042000	0.006000	30007	29975	29934	25002	25021	25003
652	11.099854	0.031229	0.070000	-0.250000	-0.660000	0.044000	0.010000	0.012000	30007	29975	29934	25022	25005	25006
653	11.099914	0.000060	0.070000	-0.250000	-0.660000	0.044000	0.010000	0.012000	30007	29975	29934	25022	25005	25006
654	11.130101	0.030186	0.080000	0.340000	-0.700000	0.044000	0.010000	0.012000	30008	30034	29930	25022	25005	25006
655	11.161942	0.031841	0.080000	0.340000	-0.700000	0.036000	-0.044000	0.012000	30008	30034	29930	25018	24978	25006
656	11.162002	0.000061	-0.380000	-0.310000	-0.420000	0.036000	-0.044000	0.012000	29962	29969	29958	25018	24978	25006
657	11.189160	0.027158	-0.150000	0.020000	0.190000	0.036000	-0.044000	0.012000	29985	30002	30019	25018	24978	25006
658	11.216092	0.026932	-0.150000	0.020000	0.190000	0.016000	0.008000	0.002000	29985	30002	30019	25008	25004	25001
659	11.216240	0.000148	0.400000	-0.250000	0.140000	0.016000	0.008000	0.002000	30040	29975	30014	25008	25004	25001
660	11.248405	0.032165	0.400000	-0.250000	0.140000	0.022000	0.028000	0.004000	30040	29975	30014	25011	25014	25002
661	11.248466	0.000061	-0.010000	0.120000	0.130000	0.022000	0.028000	0.004000	29999	30012	30013	25011	25014	25002
662	11.280358	0.031892	-0.010000	0.120000	0.130000	0.016000	0.040000	0.000000	29999	30012	30013	25008	25020	25000
663	11.280439	0.000081	-0.260000	-0.190000	-0.410000	0.016000	0.040000	0.000000	29974	29981	29959	25008	25020	25000
664	11.311027	0.030588	-0.100000	-0.240000	-0.160000	0.016000	0.040000	0.000000	29990	29976	29984	25008	25020	25000
665	11.343054	0.032028	-0.680000	-0.420000	-0.170000	0.016000	0.040000	0.000000	29932	29958	29983	25008	25020	25000
666	11.376555	0.033500	-0.680000	-0.420000	-0.170000	0.052000	-0.030000	0.022000	29932	29958	29983	25026	24985	25011
667	11.376638	0.000083	0.290000	0.130000	-0.450000	0.052000	-0.030000	0.022000	30029	30013	29955	25026	24985	25011
668	11.409825	0.033187	0.290000	0.130000	-0.450000	-0.020000	0.008000	0.002000	30029	30013	29955	24990	25004	25001
669	11.409907	0.000082	-0.190000	0.060000	-0.160000	-0.020000	0.008000	0.002000	29981	30006	29984	24990	25004	25001
670	11.445682	0.035775	-0.190000	0.060000	-0.160000	0.024000	0.016000	0.002000	29981	30006	29984	25012	25008	25001
671	11.445799	0.000118	0.140000	0.270000	-0.180000	0.024000	0.016000	0.002000	30014	30027	29982	25012	25008	25001
672	11.480374	0.034575	0.140000	0.270000	-0.180000	-0.030000	0.008000	-0.004000	30014	30027	29982	24985	25004	24998
673	11.480514	0.000140	-0.240000	0.270000	-0.650000	-0.030000	0.008000	-0.004000	29976	30027	29935	24985	25004	24998
674	11.507349	0.026835	-0.240000	0.270000	-0.650000	-0.020000	-0.030000	0.004000	29976	30027	29935	24990	24985	25002
675	11.507450	0.000101	0.250000	0.370000	-0.170000	-0.020000	-0.030000	0.004000	30025	30037	29983	24990	24985	25002
676	11.536839	0.029389	0.250000	0.370000	-0.170000	-0.006000	0.044000	-0.010000	30025	30037	29983	24997	25022	24995
677	11.536918	0.000079	-0.250000	0.170000	-0.730000	-0.006000	0.044000	-0.010000	29975	30017	29927	24997	25022	24995
678	11.568072	0.031154	-0.250000	0.170000	-0.730000	0.036000	0.016000	-0.004000	29975	30017	29927	25018	25008	24998
679	11.568143	0.000071	0.150000	0.180000	-0.950000	0.036000	0.016000	-0.004000	30015	30018	29905	25018	25008	24998
680	11.601064	0.032921	0.150000	0.180000	-0.950000	-0.012000	0.008000	0.010000	30015	30018	29905	24994	25004	25005
681	11.601144	0.000080	0.070000	-0.110000	-0.710000	-0.012000	0.008000	0.010000	30007	29989	29929	24994	25004	25005
682	11.628926	0.027782	0.070000	-0.110000	-0.710000	0.036000	0.018000	0.008000	30007	29989	29929	25018	25009	25004
683	11.629004	0.000078	0.070000	-0.110000	-0.710000	-0.032000	0.014000	0.016000	30007	29989	29929	24984	25007	25008
684	11.629027	0.000023	0.320000	0.730000	-0.180000	-0.032000	0.014000	0.016000	30032	30073	29982	24984	25007	25008
685	11.662982	0.033955	-0.040000	0.250000	-0.970000	-0.032000	0.014000	0.016000	29996	30025	29903	24984	25007	25008
686	11.695830	0.032848	-0.040000	0.250000	-0.970000	-0.008000	0.004000	-0.006000	29996	30025	29903	24996	25002	24997
687	11.695915	0.000085	-0.040000	0.250000	-0.970000	0.006000	0.004000	0.010000	29996	30025	29903	25003	25002	25005
688	11.695937	0.000023	0.080000	-0.030000	-1.240000	0.006000	0.004000	0.010000	30008	29997	29876	25003	25002	25005
689	11.728251	0.032314	0.090000	0.050000	-0.690000	0.006000	0.004000	0.010000	30009	30005	29931	25003	25002	25005
690	11.761257	0.033006	0.090000	0.050000	-0.690000	0.026000	0.026000	-0.004000	30009	30005	29931	25013	25013	24998
691	11.761352	0.000094	-0.330000	-0.680000	-0.390000	0.026000	0.026000	-0.004000	29967	29932	29961	25013	25013	24998
692	11.791690	0.030338	-0.330000	-0.680000	-0.390000	0.058000	-0.034000	0.010000	29967	29932	29961	25029	24983	25005
693	11.791825	0.000136	-0.160000	-0.320000	-0.410000	0.058000	-0.034000	0.010000	29984	29968	29959	25029	24983	25005
694	11.821122	0.029297	-0.160000	-0.320000	-0.410000	0.068000	-0.002000	-0.004000	29984	29968	29959	25034	24999	24998
695	11.821204	0.000081	0.100000	0.110000	-0.660000	0.068000	-0.002000	-0.004000	30010	30011	29934	25034	24999	24998
696	11.853810	0.032606	0.100000	0.110000	-0.660000	0.012000	0.004000	-0.010000	30010	30011	29934	25006	25002	24995
697	11.853898	0.000088	-0.160000	0.300000	-0.170000	0.012000	0.004000	-0.010000	29984	30030	29983	25006	25002	24995
698	11.882909	0.029011	-0.160000	0.300000	-0.170000	-0.024000	-0.022000	0.002000	29984	30030	29983	24988	24989	25001
699	11.883011	0.000102	-0.550000	-0.190000	0.180000	-0.024000	-0.022000	0.002000	29945	29981	30018	24988	24989	25001
700	11.912735	0.029724	-0.550000	-0.190000	0.180000	0.018000	-0.064000	0.010000	29945	29981	30018	25009	24968	25005
701	11.912831	0.000096	-0.550000	-0.190000	0.180000	0.016000	-0.018000	-0.006000	29945	29981	30018	25008	24991	24997
702	11.912851	0.000020	-0.290000	-0.210000	-0.450000	0.016000	-0.018000	-0.006000	29971	29979	29955	25008	24991	24997
703	11.941027	0.028176	-0.370000	0.260000	-0.130000	0.016000	-0.018000	-0.006000	29963	30026	29987	25008	24991	24997
704	11.971777	0.030750	-0.370000	0.260000	-0.130000	-0.002000	-0.014000	0.014000	29963	30026	29987	24999	24993	25007
705	11.971839	0.000062	-0.040000	0.060000	-1.460000	-0.002000	-0.014000	0.014000	29996	30006	29854	24999	24993	25007
706	12.002582	0.030744	-0.040000	0.060000	-1.460000	0.042000	0.006000	-0.006000	29996	30006	29854	25021	25003	24997
707	12.002668	0.000085	-0.140000	-0.090000	-0.430000	0.042000	0.006000	-0.006000	29986	29991	29957	25021	25003	24997
708	12.030829	0.028161	-0.140000	-0.090000	-0.430000	0.014000	-0.002000	-0.006000	29986	29991	29957	25007	24999	24997
709	12.030901	0.000072	0.210000	0.780000	0.120000	0.014000	-0.002000	-0.006000	30021	30078	30012	25007	24999	24997
710	12.064248	0.033347	0.210000	0.780000	0.120000	-0.056000	0.026000	0.000000	30021	30078	30012	24972	25013	25000
711	12.064352	0.000105	0.160000	0.720000	0.130000	-0.056000	0.026000	0.000000	30016	30072	30013	24972	25013	25000
712	12.098222	0.033870	0.160000	0.720000	0.130000	-0.032000	0.024000	-0.008000	30016	30072	30013	24984	25012	24996
713	12.098313	0.000091	0.160000	0.720000	0.130000	-0.028000	0.020000	-0.012000	30016	30072	30013	24986	25010	24994
714	12.098354	0.000040	0.070000	0.160000	-0.720000	-0.028000	0.020000	-0.012000	30007	30016	29928	24986	25010	24994
715	12.131651	0.033297	0.030000	-0.500000	-0.960000	-0.028000	0.020000	-0.012000	30003	29950	29904	24986	25010	24994
716	12.163418	0.031767	0.030000	-0.500000	-0.960000	0.036000	-0.006000	0.006000	30003	29950	29904	25018	24997	25003
717	12.163547	0.000129	-0.150000	0.020000	-0.400000	0.036000	-0.006000	0.006000	29985	30002	29960	25018	24997	25003
718	12.196531	0.032984	-0.150000	0.020000	-0.400000	0.018000	0.002000	0.008000	29985	30002	29960	25009	25001	25004
719	12.196598	0.000067	0.160000	-0.350000	-1.280000	0.018000	0.002000	0.008000	30016	29965	29872	25009	25001	25004
720	12.225447	0.028849	0.160000	-0.350000	-1.280000	-0.008000	-0.008000	-0.012000	30016	29965	29872	24996	24996	24994
721	12.225506	0.000059	0.160000	-0.350000	-1.280000	0.004000	0.014000	-0.012000	30016	29965	29872	25002	25007	24994
722	12.225524	0.000018	0.180000	-0.350000	-1.210000	0.004000	0.014000	-0.012000	30018	29965	29879	25002	25007	24994
723	12.256244	0.030720	-0.070000	-0.030000	-1.240000	0.004000	0.014000	-0.012000	29993	29997	29876	25002	25007	24994
724	12.292609	0.036365	-0.070000	-0.030000	-1.240000	0.032000	-0.006000	0.002000	29993	29997	29876	25016	24997	25001
725	12.292689	0.000080	-0.200000	-0.300000	-0.990000	0.032000	-0.006000	0.002000	29980	29970	29901	25016	24997	25001
726	12.327196	0.034507	-0.200000	-0.300000	-0.990000	0.042000	0.000000	-0.006000	29980	29970	29901	25021	25000	24997
727	12.327272	0.000077	-0.070000	-0.550000	-0.660000	0.042000	0.000000	-0.006000	29993	29945	29934	25021	25000	24997
728	12.361863	0.034590	-0.070000	-0.550000	-0.660000	0.050000	-0.028000	0.008000	29993	29945	29934	25025	24986	25004
729	12.361950	0.000087	0.340000	-0.130000	-0.720000	0.050000	-0.028000	0.008000	30034	29987	29928	25025	24986	25004
730	12.396912	0.034962	0.340000	-0.130000	-0.720000	0.024000	0.028000	-0.014000	30034	29987	29928	25012	25014	24993
731	12.396988	0.000076	-0.020000	0.050000	-1.250000	0.024000	0.028000	-0.014000	29998	30005	29875	25012	25014	24993
732	12.432110	0.035122	-0.020000	0.050000	-1.250000	0.028000	0.016000	0.016000	29998	30005	29875	25014	25008	25008
733	12.432214	0.000104	-0.050000	-0.300000	0.650000	0.028000	0.016000	0.016000	29995	29970	30065	25014	25008	25008
734	12.465322	0.033108	-0.050000	-0.300000	0.650000	0.012000	-0.004000	0.006000	29995	29970	30065	25006	24998	25003
735	12.465400	0.000078	0.120000	-0.190000	-0.690000	0.012000	-0.004000	0.006000	30012	29981	29931	25006	24998	25003
736	12.500184	0.034783	0.120000	-0.190000	-0.690000	0.026000	0.024000	-0.006000	30012	29981	29931	25013	25012	24997
737	12.500259	0.000076	0.020000	-0.040000	-0.370000	0.026000	0.024000	-0.006000	30002	29996	29963	25013	25012	24997
738	12.529432	0.029173	0.020000	-0.040000	-0.370000	0.006000	-0.010000	-0.006000	30002	29996	29963	25003	24995	24997
739	12.529510	0.000079	-0.050000	-0.020000	-0.990000	0.006000	-0.010000	-0.006000	29995	29998	29901	25003	24995	24997
740	12.558071	0.028561	-0.050000	-0.020000	-0.990000	-0.010000	-0.008000	0.008000	29995	29998	29901	24995	24996	25004
741	12.558146	0.000074	0.020000	-0.060000	-0.400000	-0.010000	-0.008000	0.008000	30002	29994	29960	24995	24996	25004
742	12.587193	0.029047	0.020000	-0.060000	-0.400000	0.008000	0.010000	0.002000	30002	29994	29960	25004	25005	25001
743	12.587260	0.000067	0.400000	0.380000	-0.710000	0.008000	0.010000	0.002000	30040	30038	29929	25004	25005	25001
744	12.616634	0.029375	0.400000	0.380000	-0.710000	-0.012000	0.048000	0.002000	30040	30038	29929	24994	25024	25001
745	12.616742	0.000107	0.220000	0.170000	0.130000	-0.012000	0.048000	0.002000	30022	30017	30013	24994	25024	25001
746	12.651664	0.034922	0.220000	0.170000	0.130000	-0.006000	0.030000	0.000000	30022	30017	30013	24997	25015	25000
747	12.651731	0.000067	0.080000	-0.180000	-1.280000	-0.006000	0.030000	0.000000	30008	29982	29872	24997	25015	25000
748	12.691577	0.039846	0.080000	-0.180000	-1.280000	0.026000	0.004000	-0.012000	30008	29982	29872	25013	25002	24994
749	12.691721	0.000143	0.750000	0.480000	0.120000	0.026000	0.004000	-0.012000	30075	30048	30012	25013	25002	24994
750	12.731195	0.039475	0.750000	0.480000	0.120000	-0.022000	0.064000	0.000000	30075	30048	30012	24989	25032	25000
751	12.731333	0.000138	0.170000	0.180000	-0.680000	-0.022000	0.064000	0.000000	30017	30018	29932	24989	25032	25000
752	12.763354	0.032021	0.170000	0.180000	-0.680000	-0.006000	0.020000	-0.004000	30017	30018	29932	24997	25010	24998
753	12.763446	0.000092	0.200000	-0.090000	-0.190000	-0.006000	0.020000	-0.004000	30020	29991	29981	24997	25010	24998
754	12.797965	0.034519	0.120000	-0.390000	-0.140000	-0.006000	0.020000	-0.004000	30012	29961	29986	24997	25010	24998
755	12.827471	0.029506	0.120000	-0.390000	-0.140000	0.022000	0.002000	0.004000	30012	29961	29986	25011	25001	25002
756	12.827542	0.000071	0.120000	-0.390000	-0.140000	0.024000	0.028000	0.002000	30012	29961	29986	25012	25014	25001
757	12.827560	0.000018	-0.160000	0.430000	-0.110000	0.024000	0.028000	0.002000	29984	30043	29989	25012	25014	25001
758	12.855104	0.027544	-0.160000	0.430000	-0.110000	-0.036000	-0.008000	0.010000	29984	30043	29989	24982	24996	25005
759	12.855169	0.000066	0.090000	-0.270000	0.130000	-0.036000	-0.008000	0.010000	30009	29973	30013	24982	24996	25005
760	12.884412	0.029243	0.090000	-0.270000	0.130000	0.010000	-0.004000	0.014000	30009	29973	30013	25005	24998	25007
761	12.884479	0.000066	0.090000	-0.270000	0.130000	-0.010000	-0.010000	0.008000	30009	29973	30013	24995	24995	25004
762	12.884499	0.000021	0.040000	0.130000	-0.660000	-0.010000	-0.010000	0.008000	30004	30013	29934	24995	24995	25004
763	12.912680	0.028180	-0.110000	-0.040000	-0.110000	-0.010000	-0.010000	0.008000	29989	29996	29989	24995	24995	25004
764	12.942887	0.030208	-0.110000	-0.040000	-0.110000	0.048000	0.020000	-0.002000	29989	29996	29989	25024	25010	24999
765	12.942986	0.000099	0.550000	0.180000	-0.450000	0.048000	0.020000	-0.002000	30055	30018	29955	25024	25010	24999
766	12.971322	0.028337	0.340000	0.590000	-0.180000	0.048000	0.020000	-0.002000	30034	30059	29982	25024	25010	24999
767	13.000944	0.029622	-0.250000	-0.100000	-0.150000	0.048000	0.020000	-0.002000	29975	29990	29985	25024	25010	24999
768	13.032822	0.031878	-0.250000	-0.100000	-0.150000	0.018000	-0.014000	0.000000	29975	29990	29985	25009	24993	25000
769	13.032904	0.000082	-0.030000	-0.320000	-0.150000	0.018000	-0.014000	0.000000	29997	29968	29985	25009	24993	25000
770	13.064762	0.031858	-0.030000	-0.320000	-0.150000	0.036000	-0.004000	-0.002000	29997	29968	29985	25018	24998	24999
771	13.064838	0.000076	-0.020000	-0.100000	-0.430000	0.036000	-0.004000	-0.002000	29998	29990	29957	25018	24998	24999
772	13.094652	0.029814	-0.020000	-0.100000	-0.430000	0.024000	0.008000	-0.002000	29998	29990	29957	25012	25004	24999
773	13.094712	0.000060	-0.820000	-0.780000	0.130000	0.024000	0.008000	-0.002000	29918	29922	30013	25012	25004	24999
774	13.129847	0.035135	-0.820000	-0.780000	0.130000	0.084000	-0.066000	0.002000	29918	29922	30013	25042	24967	25001
775	13.129933	0.000086	0.210000	-0.230000	-0.110000	0.084000	-0.066000	0.002000	30021	29977	29989	25042	24967	25001
776	13.156845	0.026912	0.210000	-0.230000	-0.110000	0.050000	0.026000	-0.002000	30021	29977	29989	25025	25013	24999
777	13.156907	0.000062	0.180000	0.100000	-0.410000	0.050000	0.026000	-0.002000	30018	30010	29959	25025	25013	24999
778	13.187719	0.030813	0.180000	0.100000	-0.410000	-0.010000	0.006000	-0.002000	30018	30010	29959	24995	25003	24999
779	13.187787	0.000068	-0.490000	-0.070000	0.410000	-0.010000	0.006000	-0.002000	29951	29993	30041	24995	25003	24999
780	13.217971	0.030184	-0.490000	-0.070000	0.410000	0.024000	-0.022000	0.012000	29951	29993	30041	25012	24989	25006
781	13.218063	0.000092	-0.030000	0.230000	-0.430000	0.024000	-0.022000	0.012000	29997	30023	29957	25012	24989	25006
782	13.253401	0.035338	-0.030000	0.230000	-0.430000	-0.006000	0.018000	0.012000	29997	30023	29957	24997	25009	25006
783	13.253471	0.000070	0.390000	-0.240000	0.440000	-0.006000	0.018000	0.012000	30039	29976	30044	24997	25009	25006
784	13.281703	0.028232	0.390000	-0.240000	0.440000	0.040000	0.038000	-0.016000	30039	29976	30044	25020	25019	24992
785	13.281768	0.000064	0.350000	0.320000	-0.720000	0.040000	0.038000	-0.016000	30035	30032	29928	25020	25019	24992
786	13.308392	0.026624	0.350000	0.320000	-0.720000	-0.008000	0.034000	-0.016000	30035	30032	29928	24996	25017	24992
787	13.308460	0.000069	-0.180000	-0.150000	-0.680000	-0.008000	0.034000	-0.016000	29982	29985	29932	24996	25017	24992
788	13.336433	0.027973	-0.180000	-0.150000	-0.680000	0.016000	-0.022000	0.006000	29982	29985	29932	25008	24989	25003
789	13.336500	0.000067	-0.430000	-0.040000	-1.270000	0.016000	-0.022000	0.006000	29957	29996	29873	25008	24989	25003
790	13.366911	0.030411	-0.430000	-0.040000	-1.270000	0.016000	-0.026000	-0.004000	29957	29996	29873	25008	24987	24998
791	13.367005	0.000094	0.040000	0.160000	-0.150000	0.016000	-0.026000	-0.004000	30004	30016	29985	25008	24987	24998
792	13.395669	0.028663	0.040000	0.160000	-0.150000	-0.012000	0.008000	0.002000	30004	30016	29985	24994	25004	25001
793	13.395750	0.000081	-0.080000	0.290000	-0.160000	-0.012000	0.008000	0.002000	29992	30029	29984	24994	25004	25001
794	13.454602	0.058852	-0.080000	0.290000	-0.160000	-0.004000	0.006000	-0.006000	29992	30029	29984	24998	25003	24997
795	13.454661	0.000060	-0.110000	-0.310000	-0.440000	-0.004000	0.006000	-0.006000	29989	29969	29956	24998	25003	24997
796	13.484919	0.030258	-0.110000	-0.310000	-0.440000	0.038000	-0.006000	0.006000	29989	29969	29956	25019	24997	25003
797	13.485005	0.000086	-0.360000	-0.400000	-0.700000	0.038000	-0.006000	0.006000	29964	29960	29930	25019	24997	25003
798	13.519837	0.034832	-0.360000	-0.400000	-0.700000	0.064000	-0.018000	0.004000	29964	29960	29930	25032	24991	25002
799	13.519927	0.000090	0.300000	0.270000	0.130000	0.064000	-0.018000	0.004000	30030	30027	30013	25032	24991	25002
800	13.553811	0.033884	0.300000	0.270000	0.130000	-0.020000	0.024000	0.004000	30030	30027	30013	24990	25012	25002
801	13.553917	0.000105	-0.290000	0.180000	-0.710000	-0.020000	0.024000	0.004000	29971	30018	29929	24990	25012	25002
802	13.584271	0.030354	-0.290000	0.180000	-0.710000	-0.018000	-0.026000	-0.002000	29971	30018	29929	24991	24987	24999
803	13.584416	0.000145	0.000000	0.420000	-0.970000	-0.018000	-0.026000	-0.002000	30000	30042	29903	24991	24987	24999
804	13.612825	0.028409	0.000000	0.420000	-0.970000	-0.020000	0.016000	-0.006000	30000	30042	29903	24990	25008	24997
805	13.612880	0.000056	-0.090000	-0.130000	-1.210000	-0.020000	0.016000	-0.006000	29991	29987	29879	24990	25008	24997
806	13.642529	0.029649	-0.090000	-0.130000	-1.210000	-0.020000	0.016000	-0.006000	29991	29987	29879	24990	25008	24997
807	13.673403	0.030874	0.490000	0.200000	-0.380000	-0.020000	0.016000	-0.006000	30049	30020	29962	24990	25008	24997
808	13.705033	0.031630	0.490000	0.200000	-0.380000	-0.008000	0.030000	0.016000	30049	30020	29962	24996	25015	25008
809	13.705106	0.000073	0.280000	-0.350000	-0.680000	-0.008000	0.030000	0.016000	30028	29965	29932	24996	25015	25008
810	13.739184	0.034078	0.280000	-0.350000	-0.680000	0.042000	0.016000	0.000000	30028	29965	29932	25021	25008	25000
811	13.739261	0.000077	0.120000	-0.190000	-0.170000	0.042000	0.016000	0.000000	30012	29981	29983	25021	25008	25000
812	13.771156	0.031896	0.120000	-0.190000	-0.170000	0.008000	0.002000	-0.008000	30012	29981	29983	25004	25001	24996
813	13.771263	0.000107	0.090000	0.020000	-0.970000	0.008000	0.002000	-0.008000	30009	30002	29903	25004	25001	24996
814	13.802200	0.030937	0.090000	0.020000	-0.970000	0.010000	0.012000	0.006000	30009	30002	29903	25005	25006	25003
815	13.802291	0.000091	-0.130000	0.010000	-1.260000	0.010000	0.012000	0.006000	29987	30001	29874	25005	25006	25003
816	13.832919	0.030627	-0.130000	0.010000	-1.260000	0.000000	-0.004000	0.006000	29987	30001	29874	25000	24998	25003
817	13.832997	0.000079	0.340000	-0.010000	-1.490000	0.000000	-0.004000	0.006000	30034	29999	29851	25000	24998	25003
818	13.863597	0.030600	0.340000	-0.010000	-1.490000	0.024000	0.026000	0.000000	30034	29999	29851	25012	25013	25000
819	13.863694	0.000097	0.340000	-0.010000	-1.490000	0.014000	-0.018000	0.004000	30034	29999	29851	25007	24991	25002
820	13.863719	0.000025	-0.190000	-0.070000	0.160000	0.014000	-0.018000	0.004000	29981	29993	30016	25007	24991	25002
821	13.897051	0.033332	-0.270000	-0.710000	-0.410000	0.014000	-0.018000	0.004000	29973	29929	29959	25007	24991	25002
822	13.928123	0.031072	-0.270000	-0.710000	-0.410000	0.088000	-0.006000	0.010000	29973	29929	29959	25044	24997	25005
823	13.928218	0.000095	0.100000	0.150000	-0.930000	0.088000	-0.006000	0.010000	30010	30015	29907	25044	24997	25005
824	13.956941	0.028723	0.100000	0.150000	-0.930000	0.006000	0.010000	0.000000	30010	30015	29907	25003	25005	25000
825	13.957114	0.000173	-0.300000	0.410000	-1.220000	0.006000	0.010000	0.000000	29970	30041	29878	25003	25005	25000
826	13.984617	0.027504	-0.300000	0.410000	-1.220000	-0.010000	-0.012000	0.010000	29970	30041	29878	24995	24994	25005
827	13.984693	0.000076	0.130000	0.260000	-0.430000	-0.010000	-0.012000	0.010000	30013	30026	29957	24995	24994	25005
828	14.015159	0.030466	0.130000	0.260000	-0.430000	-0.008000	0.026000	-0.002000	30013	30026	29957	24996	25013	24999
829	14.015239	0.000080	0.130000	0.260000	-0.430000	0.042000	-0.026000	-0.006000	30013	30026	29957	25021	24987	24997
830	14.015289	0.000049	-0.510000	-0.180000	-0.720000	0.042000	-0.026000	-0.006000	29949	29982	29928	25021	24987	24997
831	14.041940	0.026651	-0.070000	-0.150000	-0.930000	0.042000	-0.026000	-0.006000	29993	29985	29907	25021	24987	24997
832	14.067939	0.025999	-0.070000	-0.150000	-0.930000	0.026000	-0.014000	-0.006000	29993	29985	29907	25013	24993	24997
833	14.068025	0.000086	0.180000	-0.040000	-0.950000	0.026000	-0.014000	-0.006000	30018	29996	29905	25013	24993	24997
834	14.099356	0.031331	0.180000	-0.040000	-0.950000	0.026000	0.024000	0.008000	30018	29996	29905	25013	25012	25004
835	14.099474	0.000118	0.360000	0.220000	-0.970000	0.026000	0.024000	0.008000	30036	30022	29903	25013	25012	25004
836	14.134104	0.034630	-0.680000	-0.180000	-0.900000	0.026000	0.024000	0.008000	29932	29982	29910	25013	25012	25004
837	14.163148	0.029044	-0.280000	-0.310000	-0.120000	0.026000	0.024000	0.008000	29972	29969	29988	25013	25012	25004
838	14.193173	0.030025	-0.280000	-0.310000	-0.120000	0.016000	0.016000	0.014000	29972	29969	29988	25008	25008	25007
839	14.193236	0.000063	0.280000	-0.030000	-0.960000	0.016000	0.016000	0.014000	30028	29997	29904	25008	25008	25007
840	14.222437	0.029201	0.210000	0.610000	-0.960000	0.016000	0.016000	0.014000	30021	30061	29904	25008	25008	25007
841	14.252541	0.030104	0.210000	0.610000	-0.960000	-0.024000	0.038000	-0.002000	30021	30061	29904	24988	25019	24999
842	14.252625	0.000084	0.000000	-0.150000	-0.680000	-0.024000	0.038000	-0.002000	30000	29985	29932	24988	25019	24999
843	14.287539	0.034915	0.000000	-0.150000	-0.680000	0.050000	0.012000	0.002000	30000	29985	29932	25025	25006	25001
844	14.287608	0.000069	-0.460000	0.340000	-0.480000	0.050000	0.012000	0.002000	29954	30034	29952	25025	25006	25001
845	14.316933	0.029325	-0.460000	0.340000	-0.480000	-0.014000	-0.008000	-0.010000	29954	30034	29952	24993	24996	24995
846	14.316997	0.000065	-0.430000	-0.010000	-0.400000	-0.014000	-0.008000	-0.010000	29957	29999	29960	24993	24996	24995
847	14.344929	0.027932	-0.430000	-0.010000	-0.400000	0.016000	-0.024000	-0.002000	29957	29999	29960	25008	24988	24999
848	14.345024	0.000095	-0.200000	-0.510000	0.150000	0.016000	-0.024000	-0.002000	29980	29949	30015	25008	24988	24999
849	14.375213	0.030190	-0.200000	-0.510000	0.150000	0.046000	-0.020000	0.010000	29980	29949	30015	25023	24990	25005
850	14.375288	0.000075	-0.120000	-0.010000	0.670000	0.046000	-0.020000	0.010000	29988	29999	30067	25023	24990	25005
851	14.409620	0.034332	-0.120000	-0.010000	0.670000	0.002000	0.012000	0.000000	29988	29999	30067	25001	25006	25000
852	14.409721	0.000101	0.110000	0.190000	-0.990000	0.002000	0.012000	0.000000	30011	30019	29901	25001	25006	25000
853	14.441254	0.031533	0.110000	0.190000	-0.990000	-0.010000	0.014000	0.000000	30011	30019	29901	24995	25007	25000
854	14.441431	0.000177	-0.430000	0.160000	-0.080000	-0.010000	0.014000	0.000000	29957	30016	29992	24995	25007	25000
855	14.474297	0.032865	-0.430000	0.160000	-0.080000	-0.004000	-0.016000	-0.002000	29957	30016	29992	24998	24992	24999
856	14.474405	0.000108	-0.430000	0.160000	-0.080000	0.016000	0.020000	0.002000	29957	30016	29992	25008	25010	25001
857	14.474459	0.000054	-0.060000	0.030000	-0.670000	0.016000	0.020000	0.002000	29994	30003	29933	25008	25010	25001
858	14.508011	0.033552	0.010000	0.390000	-0.680000	0.016000	0.020000	0.002000	30001	30039	29932	25008	25010	25001
859	14.541395	0.033384	0.010000	0.390000	-0.680000	-0.026000	0.014000	0.000000	30001	30039	29932	24987	25007	25000
860	14.541555	0.000159	-0.270000	-0.140000	-0.670000	-0.026000	0.014000	0.000000	29973	29986	29933	24987	25007	25000
861	14.575482	0.033927	-0.270000	-0.140000	-0.670000	0.048000	-0.004000	0.000000	29973	29986	29933	25024	24998	25000
862	14.575570	0.000088	0.210000	0.290000	-0.220000	0.048000	-0.004000	0.000000	30021	30029	29978	25024	24998	25000
863	14.607255	0.031685	0.140000	0.060000	0.160000	0.048000	-0.004000	0.000000	30014	30006	30016	25024	24998	25000
864	14.639202	0.031947	-0.190000	0.150000	-1.240000	0.048000	-0.004000	0.000000	29981	30015	29876	25024	24998	25000
865	14.671270	0.032068	-0.190000	0.150000	-1.240000	0.008000	0.004000	0.010000	29981	30015	29876	25004	25002	25005
866	14.671471	0.000201	-0.010000	0.130000	-0.660000	0.008000	0.004000	0.010000	29999	30013	29934	25004	25002	25005
867	14.698984	0.027513	-0.010000	0.130000	-0.660000	0.014000	0.012000	-0.002000	29999	30013	29934	25007	25006	24999
868	14.699072	0.000088	0.020000	-0.500000	-0.420000	0.014000	0.012000	-0.002000	30002	29950	29958	25007	25006	24999
869	14.730970	0.031898	0.020000	-0.500000	-0.420000	0.056000	-0.002000	-0.012000	30002	29950	29958	25028	24999	24994
870	14.731042	0.000072	0.020000	-0.500000	-0.420000	-0.014000	-0.016000	0.012000	30002	29950	29958	24993	24992	25006
871	14.731064	0.000022	-0.120000	0.030000	-0.170000	-0.014000	-0.016000	0.012000	29988	30003	29983	24993	24992	25006
872	14.757838	0.026774	0.250000	0.220000	-0.170000	-0.014000	-0.016000	0.012000	30025	30022	29983	24993	24992	25006
873	14.790223	0.032386	0.250000	0.220000	-0.170000	-0.036000	0.018000	0.002000	30025	30022	29983	24982	25009	25001
874	14.790307	0.000083	-0.240000	-0.430000	0.090000	-0.036000	0.018000	0.002000	29976	29957	30009	24982	25009	25001
875	14.823054	0.032747	-0.240000	-0.430000	0.090000	0.044000	-0.012000	0.000000	29976	29957	30009	25022	24994	25000
876	14.823131	0.000077	-0.260000	-0.020000	-0.680000	0.044000	-0.012000	0.000000	29974	29998	29932	25022	24994	25000
877	14.856323	0.033192	-0.090000	0.160000	-1.260000	0.044000	-0.012000	0.000000	29991	30016	29874	25022	24994	25000
878	14.888669	0.032346	-0.420000	-0.140000	-0.130000	0.044000	-0.012000	0.000000	29958	29986	29987	25022	24994	25000
879	14.917452	0.028783	-0.420000	-0.140000	-0.130000	0.046000	-0.012000	0.012000	29958	29986	29987	25023	24994	25006
880	14.917537	0.000085	0.250000	0.380000	-1.270000	0.046000	-0.012000	0.012000	30025	30038	29873	25023	24994	25006
881	14.946228	0.028691	0.250000	0.380000	-1.270000	-0.030000	0.024000	0.002000	30025	30038	29873	24985	25012	25001
882	14.946456	0.000228	0.250000	0.380000	-1.270000	-0.008000	-0.016000	-0.002000	30025	30038	29873	24996	24992	24999
883	14.946534	0.000078	0.150000	0.340000	-0.420000	-0.008000	-0.016000	-0.002000	30015	30034	29958	24996	24992	24999
884	14.974649	0.028116	-0.130000	0.450000	-0.710000	-0.008000	-0.016000	-0.002000	29987	30045	29929	24996	24992	24999
885	15.002283	0.027634	-0.130000	0.450000	-0.710000	-0.036000	0.000000	0.012000	29987	30045	29929	24982	25000	25006
886	15.002361	0.000077	-0.080000	0.190000	-0.120000	-0.036000	0.000000	0.012000	29992	30019	29988	24982	25000	25006
887	15.030073	0.027712	-0.080000	0.190000	-0.120000	0.002000	0.010000	0.010000	29992	30019	29988	25001	25005	25005
888	15.030144	0.000071	0.030000	0.010000	-0.660000	0.002000	0.010000	0.010000	30003	30001	29934	25001	25005	25005
889	15.061130	0.030987	0.030000	0.010000	-0.660000	0.014000	0.016000	0.006000	30003	30001	29934	25007	25008	25003
890	15.061242	0.000111	-0.250000	-0.740000	-0.420000	0.014000	0.016000	0.006000	29975	29926	29958	25007	25008	25003
891	15.094720	0.033478	-0.230000	-0.750000	-0.150000	0.014000	0.016000	0.006000	29977	29925	29985	25007	25008	25003
892	15.126730	0.032010	0.050000	-0.180000	-0.930000	0.014000	0.016000	0.006000	30005	29982	29907	25007	25008	25003
893	15.156947	0.030217	0.050000	-0.180000	-0.930000	0.028000	-0.004000	0.012000	30005	29982	29907	25014	24998	25006
894	15.157017	0.000071	0.010000	-0.090000	-0.430000	0.028000	-0.004000	0.012000	30001	29991	29957	25014	24998	25006
895	15.194903	0.037886	0.050000	-0.160000	-0.430000	0.028000	-0.004000	0.012000	30005	29984	29957	25014	24998	25006
896	15.224636	0.029733	0.170000	-0.160000	-0.380000	0.028000	-0.004000	0.012000	30017	29984	29962	25014	24998	25006
897	15.252729	0.028093	0.170000	-0.160000	-0.380000	0.014000	0.004000	-0.004000	30017	29984	29962	25007	25002	24998
898	15.252806	0.000077	0.040000	0.040000	-0.460000	0.014000	0.004000	-0.004000	30004	30004	29954	25007	25002	24998
899	15.286324	0.033517	0.040000	0.040000	-0.460000	0.002000	0.014000	-0.010000	30004	30004	29954	25001	25007	24995
900	15.286403	0.000079	0.240000	-0.400000	-0.400000	0.002000	0.014000	-0.010000	30024	29960	29960	25001	25007	24995
901	15.318469	0.032066	0.240000	-0.400000	-0.400000	0.048000	0.008000	-0.010000	30024	29960	29960	25024	25004	24995
902	15.318542	0.000073	0.240000	-0.400000	-0.400000	0.062000	-0.030000	-0.002000	30024	29960	29960	25031	24985	24999
903	15.318559	0.000018	-0.610000	-1.040000	-1.220000	0.062000	-0.030000	-0.002000	29939	29896	29878	25031	24985	24999
904	15.348458	0.029899	0.260000	0.660000	-0.930000	0.062000	-0.030000	-0.002000	30026	30066	29907	25031	24985	24999
905	15.376996	0.028539	0.260000	0.660000	-0.930000	-0.028000	0.026000	0.004000	30026	30066	29907	24986	25013	25002
906	15.377139	0.000142	0.260000	0.660000	-0.930000	-0.010000	0.032000	0.004000	30026	30066	29907	24995	25016	25002
907	15.377189	0.000050	-0.020000	0.170000	-0.430000	-0.010000	0.032000	0.004000	29998	30017	29957	24995	25016	25002
908	15.405776	0.028587	-0.080000	-0.020000	-0.970000	-0.010000	0.032000	0.004000	29992	29998	29903	24995	25016	25002
909	15.431697	0.025921	-0.080000	-0.020000	-0.970000	0.012000	-0.004000	-0.006000	29992	29998	29903	25006	24998	24997
910	15.431772	0.000075	-0.210000	0.430000	-0.420000	0.012000	-0.004000	-0.006000	29979	30043	29958	25006	24998	24997
911	15.463143	0.031371	-0.210000	0.430000	-0.420000	-0.012000	0.004000	-0.006000	29979	30043	29958	24994	25002	24997
912	15.463216	0.000073	0.010000	0.520000	-0.430000	-0.012000	0.004000	-0.006000	30001	30052	29957	24994	25002	24997
913	15.496365	0.033149	-0.360000	-0.270000	-0.720000	-0.012000	0.004000	-0.006000	29964	29973	29928	24994	25002	24997
914	15.526808	0.030443	-0.360000	-0.270000	-0.720000	0.018000	-0.020000	0.004000	29964	29973	29928	25009	24990	25002
915	15.526881	0.000073	0.310000	0.330000	-0.690000	0.018000	-0.020000	0.004000	30031	30033	29931	25009	24990	25002
916	15.559246	0.032365	0.200000	-0.080000	-0.380000	0.018000	-0.020000	0.004000	30020	29992	29962	25009	24990	25002
917	15.588267	0.029021	0.200000	-0.080000	-0.380000	0.012000	0.012000	0.014000	30020	29992	29962	25006	25006	25007
918	15.588365	0.000098	-0.070000	0.310000	-0.990000	0.012000	0.012000	0.014000	29993	30031	29901	25006	25006	25007
919	15.619801	0.031436	-0.070000	0.310000	-0.990000	-0.024000	0.004000	0.002000	29993	30031	29901	24988	25002	25001
920	15.619875	0.000074	0.210000	0.170000	-0.990000	-0.024000	0.004000	0.002000	30021	30017	29901	24988	25002	25001
921	15.649492	0.029618	-0.380000	-0.160000	-0.650000	-0.024000	0.004000	0.002000	29962	29984	29935	24988	25002	25001
922	15.679956	0.030464	-0.380000	-0.160000	-0.650000	0.034000	-0.028000	0.016000	29962	29984	29935	25017	24986	25008
923	15.680030	0.000074	-0.380000	-0.160000	-0.650000	-0.034000	0.032000	-0.004000	29962	29984	29935	24983	25016	24998
924	15.680052	0.000022	0.000000	0.090000	-0.400000	-0.034000	0.032000	-0.004000	30000	30009	29960	24983	25016	24998
925	15.707255	0.027203	0.000000	0.090000	-0.400000	0.002000	0.008000	0.002000	30000	30009	29960	25001	25004	25001
926	15.707320	0.000066	-0.180000	-0.010000	-0.120000	0.002000	0.008000	0.002000	29982	29999	29988	25001	25004	25001
927	15.737006	0.029685	-0.180000	-0.010000	-0.120000	0.014000	-0.008000	0.002000	29982	29999	29988	25007	24996	25001
928	15.737080	0.000074	-0.010000	-0.130000	-0.360000	0.014000	-0.008000	0.002000	29999	29987	29964	25007	24996	25001
929	15.769224	0.032144	-0.010000	-0.130000	-0.360000	0.052000	0.010000	0.004000	29999	29987	29964	25026	25005	25002
930	15.769309	0.000085	-0.090000	0.240000	-0.720000	0.052000	0.010000	0.004000	29991	30024	29928	25026	25005	25002
931	15.802462	0.033154	-0.090000	0.240000	-0.720000	-0.028000	-0.008000	0.008000	29991	30024	29928	24986	24996	25004
932	15.802557	0.000095	-0.030000	-0.210000	-0.930000	-0.028000	-0.008000	0.008000	29997	29979	29907	24986	24996	25004
933	15.833182	0.030625	0.260000	0.270000	-0.680000	-0.028000	-0.008000	0.008000	30026	30027	29932	24986	24996	25004
934	15.861019	0.027837	0.260000	0.270000	-0.680000	0.006000	0.034000	-0.006000	30026	30027	29932	25003	25017	24997
935	15.861093	0.000074	0.170000	-0.390000	-0.460000	0.006000	0.034000	-0.006000	30017	29961	29954	25003	25017	24997
936	15.899831	0.038738	-0.240000	0.060000	-0.110000	0.006000	0.034000	-0.006000	29976	30006	29989	25003	25017	24997
937	15.933173	0.033342	-0.240000	0.060000	-0.110000	0.022000	-0.022000	-0.008000	29976	30006	29989	25011	24989	24996
938	15.933254	0.000081	0.210000	0.300000	-0.720000	0.022000	-0.022000	-0.008000	30021	30030	29928	25011	24989	24996
939	15.966767	0.033513	0.210000	0.300000	-0.720000	-0.014000	0.022000	0.002000	30021	30030	29928	24993	25011	25001
940	15.966868	0.000101	-0.460000	0.490000	-0.970000	-0.014000	0.022000	0.002000	29954	30049	29903	24993	25011	25001
941	15.997130	0.030261	-0.460000	0.490000	-0.970000	-0.030000	-0.008000	-0.002000	29954	30049	29903	24985	24996	24999
942	15.997230	0.000100	0.150000	-0.020000	-0.980000	-0.030000	-0.008000	-0.002000	30015	29998	29902	24985	24996	24999
943	16.025726	0.028496	0.150000	-0.020000	-0.980000	0.006000	0.014000	-0.012000	30015	29998	29902	25003	25007	24994
944	16.025792	0.000066	0.060000	0.050000	-0.970000	0.006000	0.014000	-0.012000	30006	30005	29903	25003	25007	24994
945	16.053108	0.027316	0.060000	0.050000	-0.970000	-0.002000	0.004000	-0.014000	30006	30005	29903	24999	25002	24993
946	16.053173	0.000066	0.160000	0.170000	-1.240000	-0.002000	0.004000	-0.014000	30016	30017	29876	24999	25002	24993
947	16.085008	0.031834	0.160000	0.170000	-1.240000	-0.016000	0.004000	-0.010000	30016	30017	29876	24992	25002	24995
948	16.085097	0.000089	0.180000	0.280000	-1.250000	-0.016000	0.004000	-0.010000	30018	30028	29875	24992	25002	24995
949	16.116613	0.031516	0.180000	0.280000	-1.250000	-0.034000	0.004000	-0.010000	30018	30028	29875	24983	25002	24995
950	16.116676	0.000063	0.370000	0.560000	-1.250000	-0.034000	0.004000	-0.010000	30037	30056	29875	24983	25002	24995
951	16.144247	0.027571	0.370000	0.560000	-1.250000	-0.046000	0.034000	-0.004000	30037	30056	29875	24977	25017	24998
952	16.144314	0.000067	0.270000	0.520000	-0.970000	-0.046000	0.034000	-0.004000	30027	30052	29903	24977	25017	24998
953	16.172472	0.028158	0.270000	0.520000	-0.970000	-0.038000	0.028000	-0.010000	30027	30052	29903	24981	25014	24995
954	16.172553	0.000082	0.030000	0.380000	-0.970000	-0.038000	0.028000	-0.010000	30003	30038	29903	24981	25014	24995
955	16.201722	0.029168	0.030000	0.380000	-0.970000	-0.020000	0.014000	-0.004000	30003	30038	29903	24990	25007	24998
956	16.201787	0.000065	-0.230000	-0.340000	-1.020000	-0.020000	0.014000	-0.004000	29977	29966	29898	24990	25007	24998
957	16.231548	0.029761	-0.230000	-0.340000	-1.020000	0.012000	-0.028000	-0.020000	29977	29966	29898	25006	24986	24990
958	16.231628	0.000080	-0.230000	-0.210000	-0.740000	0.012000	-0.028000	-0.020000	29977	29979	29926	25006	24986	24990
959	16.263183	0.031555	-0.230000	-0.210000	-0.740000	-0.002000	-0.032000	-0.018000	29977	29979	29926	24999	24984	24991
960	16.263276	0.000093	-0.470000	-0.340000	-0.740000	-0.002000	-0.032000	-0.018000	29953	29966	29926	24999	24984	24991
961	16.294238	0.030962	-0.470000	-0.340000	-0.740000	0.018000	-0.046000	-0.014000	29953	29966	29926	25009	24977	24993
962	16.294442	0.000204	-0.160000	0.160000	-0.680000	0.018000	-0.046000	-0.014000	29984	30016	29932	25009	24977	24993
963	16.325069	0.030627	-0.160000	0.160000	-0.680000	0.006000	-0.002000	0.008000	29984	30016	29932	25003	24999	25004
964	16.325142	0.000073	-0.150000	0.080000	-0.680000	0.006000	-0.002000	0.008000	29985	30008	29932	25003	24999	25004
965	16.356394	0.031252	-0.150000	0.080000	-0.680000	0.014000	0.002000	0.008000	29985	30008	29932	25007	25001	25004
966	16.356481	0.000087	0.330000	0.150000	-0.410000	0.014000	0.002000	0.008000	30033	30015	29959	25007	25001	25004
967	16.386674	0.030193	0.330000	0.150000	-0.410000	0.000000	0.030000	0.012000	30033	30015	29959	25000	25015	25006
968	16.386745	0.000070	0.150000	0.300000	-0.390000	0.000000	0.030000	0.012000	30015	30030	29961	25000	25015	25006
969	16.412906	0.026161	0.150000	0.300000	-0.390000	-0.014000	0.010000	0.008000	30015	30030	29961	24993	25005	25004
970	16.412971	0.000065	0.070000	0.130000	-0.400000	-0.014000	0.010000	0.008000	30007	30013	29960	24993	25005	25004
971	16.454024	0.041054	0.070000	0.130000	-0.400000	-0.010000	-0.006000	0.004000	30007	30013	29960	24995	24997	25002
972	16.454088	0.000063	0.250000	0.190000	-0.660000	-0.010000	-0.006000	0.004000	30025	30019	29934	24995	24997	25002
973	16.480736	0.026649	0.250000	0.190000	-0.660000	-0.004000	0.008000	-0.010000	30025	30019	29934	24998	25004	24995
974	16.480824	0.000088	0.370000	0.240000	-0.680000	-0.004000	0.008000	-0.010000	30037	30024	29932	24998	25004	24995
975	16.506801	0.025977	0.370000	0.240000	-0.680000	-0.004000	0.024000	-0.010000	30037	30024	29932	24998	25012	24995
976	16.506868	0.000067	0.350000	-0.150000	-0.710000	-0.004000	0.024000	-0.010000	30035	29985	29929	24998	25012	24995
977	16.534207	0.027340	0.350000	-0.150000	-0.710000	0.024000	0.024000	-0.016000	30035	29985	29929	25012	25012	24992
978	16.534321	0.000113	0.110000	-0.150000	-1.520000	0.024000	0.024000	-0.016000	30011	29985	29848	25012	25012	24992
979	16.562312	0.027991	0.110000	-0.150000	-1.520000	0.034000	0.012000	-0.022000	30011	29985	29848	25017	25006	24989
980	16.562402	0.000090	-0.180000	-0.570000	-1.500000	0.034000	0.012000	-0.022000	29982	29943	29850	25017	25006	24989
981	16.599154	0.036752	-0.180000	-0.570000	-1.500000	0.052000	-0.022000	-0.010000	29982	29943	29850	25026	24989	24995
982	16.599217	0.000062	-0.040000	0.200000	-1.440000	0.052000	-0.022000	-0.010000	29996	30020	29856	25026	24989	24995
983	16.627152	0.027935	-0.040000	0.200000	-1.440000	0.004000	0.000000	0.004000	29996	30020	29856	25002	25000	25002
984	16.627231	0.000079	0.340000	0.350000	-1.180000	0.004000	0.000000	0.004000	30034	30035	29882	25002	25000	25002
985	16.656443	0.029212	0.340000	0.350000	-1.180000	-0.020000	0.020000	0.004000	30034	30035	29882	24990	25010	25002
986	16.656563	0.000120	0.180000	0.390000	-1.160000	-0.020000	0.020000	0.004000	30018	30039	29884	24990	25010	25002
987	16.687835	0.031273	0.180000	0.390000	-1.160000	-0.032000	0.010000	0.004000	30018	30039	29884	24984	25005	25002
988	16.687935	0.000100	0.220000	0.390000	-1.230000	-0.032000	0.010000	0.004000	30022	30039	29877	24984	25005	25002
989	16.719256	0.031321	0.220000	0.390000	-1.230000	-0.038000	0.020000	-0.012000	30022	30039	29877	24981	25010	24994
990	16.719338	0.000082	-0.040000	0.170000	-0.680000	-0.038000	0.020000	-0.012000	29996	30017	29932	24981	25010	24994
991	16.748886	0.029547	-0.040000	0.170000	-0.680000	-0.014000	0.006000	-0.002000	29996	30017	29932	24993	25003	24999
992	16.748989	0.000103	0.200000	0.130000	-0.690000	-0.014000	0.006000	-0.002000	30020	30013	29931	24993	25003	24999
993	16.782764	0.033775	0.200000	0.130000	-0.690000	0.004000	0.020000	-0.006000	30020	30013	29931	25002	25010	24997
994	16.782841	0.000077	0.110000	-0.110000	-0.740000	0.004000	0.020000	-0.006000	30011	29989	29926	25002	25010	24997
995	16.811187	0.028346	0.110000	-0.110000	-0.740000	0.008000	0.004000	-0.018000	30011	29989	29926	25004	25002	24991
996	16.811275	0.000088	0.130000	-0.090000	-0.470000	0.008000	0.004000	-0.018000	30013	29991	29953	25004	25002	24991
997	16.844191	0.032916	0.130000	-0.090000	-0.470000	0.006000	0.006000	-0.026000	30013	29991	29953	25003	25003	24987
998	16.844281	0.000090	-0.020000	0.100000	-0.660000	0.006000	0.006000	-0.026000	29998	30010	29934	25003	25003	24987
999	16.876630	0.032350	-0.020000	0.100000	-0.660000	-0.002000	0.000000	-0.006000	29998	30010	29934	24999	25000	24997
1000	16.876693	0.000063	-0.050000	0.170000	-0.630000	-0.002000	0.000000	-0.006000	29995	30017	29937	24999	25000	24997
1001	16.908190	0.031497	-0.150000	-0.010000	0.120000	-0.002000	0.000000	-0.006000	29985	29999	30012	24999	25000	24997
1002	16.942738	0.034548	0.350000	0.310000	-0.710000	-0.002000	0.000000	-0.006000	30035	30031	29929	24999	25000	24997
1003	16.972631	0.029893	0.350000	0.310000	-0.710000	-0.016000	0.040000	-0.006000	30035	30031	29929	24992	25020	24997
1004	16.972708	0.000077	0.050000	-0.090000	-1.250000	-0.016000	0.040000	-0.006000	30005	29991	29875	24992	25020	24997
1005	17.003148	0.030440	0.050000	-0.090000	-1.250000	0.012000	0.010000	-0.008000	30005	29991	29875	25006	25005	24996
1006	17.003223	0.000074	0.090000	0.530000	-0.400000	0.012000	0.010000	-0.008000	30009	30053	29960	25006	25005	24996
1007	17.033764	0.030542	0.090000	0.530000	-0.400000	-0.036000	0.002000	-0.004000	30009	30053	29960	24982	25001	24998
1008	17.033840	0.000076	0.290000	0.200000	-0.710000	-0.036000	0.002000	-0.004000	30029	30020	29929	24982	25001	24998
1009	17.068617	0.034777	0.290000	0.200000	-0.710000	-0.012000	0.038000	-0.014000	30029	30020	29929	24994	25019	24993
1010	17.068693	0.000076	0.460000	0.460000	0.140000	-0.012000	0.038000	-0.014000	30046	30046	30014	24994	25019	24993
1011	17.099190	0.030497	0.460000	0.460000	0.140000	-0.044000	0.036000	0.006000	30046	30046	30014	24978	25018	25003
1012	17.099325	0.000134	0.310000	-0.120000	-0.380000	-0.044000	0.036000	0.006000	30031	29988	29962	24978	25018	25003
1013	17.130980	0.031656	0.310000	-0.120000	-0.380000	0.012000	0.014000	0.000000	30031	29988	29962	25006	25007	25000
1014	17.131050	0.000070	0.250000	0.010000	-0.400000	0.012000	0.014000	0.000000	30025	30001	29960	25006	25007	25000
1015	17.161071	0.030021	0.250000	0.010000	-0.400000	0.012000	0.030000	0.006000	30025	30001	29960	25006	25015	25003
1016	17.161139	0.000067	-0.250000	0.040000	-0.170000	0.012000	0.030000	0.006000	29975	30004	29983	25006	25015	25003
1017	17.189983	0.028844	-0.250000	0.040000	-0.170000	-0.008000	-0.014000	-0.016000	29975	30004	29983	24996	24993	24992
1018	17.190118	0.000135	-0.160000	-0.510000	0.170000	-0.008000	-0.014000	-0.016000	29984	29949	30017	24996	24993	24992
1019	17.221103	0.030985	-0.160000	-0.510000	0.170000	0.066000	-0.010000	0.000000	29984	29949	30017	25033	24995	25000
1020	17.221177	0.000075	0.020000	0.260000	0.440000	0.066000	-0.010000	0.000000	30002	30026	30044	25033	24995	25000
1021	17.252679	0.031501	0.020000	0.260000	0.440000	-0.012000	-0.004000	-0.002000	30002	30026	30044	24994	24998	24999
1022	17.252759	0.000080	0.170000	-0.070000	0.110000	-0.012000	-0.004000	-0.002000	30017	29993	30011	24994	24998	24999
1023	17.284898	0.032139	0.170000	-0.070000	0.110000	-0.006000	0.010000	-0.008000	30017	29993	30011	24997	25005	24996
1024	17.284969	0.000071	0.110000	-0.260000	-0.380000	-0.006000	0.010000	-0.008000	30011	29974	29962	24997	25005	24996
1025	17.325541	0.040573	0.110000	-0.260000	-0.380000	0.022000	0.000000	0.002000	30011	29974	29962	25011	25000	25001
1026	17.325639	0.000098	0.360000	0.090000	-1.210000	0.022000	0.000000	0.002000	30036	30009	29879	25011	25000	25001
1027	17.360189	0.034550	0.360000	0.090000	-1.210000	0.008000	0.034000	-0.004000	30036	30009	29879	25004	25017	24998
1028	17.360263	0.000074	0.300000	0.010000	0.140000	0.008000	0.034000	-0.004000	30030	30001	30014	25004	25017	24998
1029	17.393221	0.032958	0.300000	0.010000	0.140000	-0.020000	0.010000	-0.008000	30030	30001	30014	24990	25005	24996
1030	17.393288	0.000067	-0.250000	-0.080000	-0.410000	-0.020000	0.010000	-0.008000	29975	29992	29959	24990	25005	24996
1031	17.419357	0.026069	-0.250000	-0.080000	-0.410000	0.002000	-0.018000	0.002000	29975	29992	29959	25001	24991	25001
1032	17.419421	0.000064	0.260000	0.380000	-0.700000	0.002000	-0.018000	0.002000	30026	30038	29930	25001	24991	25001
1033	17.447130	0.027709	-0.120000	-0.530000	0.180000	0.002000	-0.018000	0.002000	29988	29947	30018	25001	24991	25001
1034	17.482212	0.035083	-0.120000	-0.530000	0.180000	0.072000	-0.010000	0.004000	29988	29947	30018	25036	24995	25002
1035	17.482312	0.000100	-0.040000	-0.560000	0.180000	0.072000	-0.010000	0.004000	29996	29944	30018	25036	24995	25002
1036	17.513154	0.030842	0.050000	0.260000	0.130000	0.072000	-0.010000	0.004000	30005	30026	30013	25036	24995	25002
1037	17.546012	0.032858	0.050000	0.260000	0.130000	-0.024000	0.000000	-0.008000	30005	30026	30013	24988	25000	24996
1038	17.546090	0.000079	-0.220000	0.100000	-1.240000	-0.024000	0.000000	-0.008000	29978	30010	29876	24988	25000	24996
1039	17.579546	0.033456	-0.220000	0.100000	-1.240000	-0.018000	-0.042000	-0.014000	29978	30010	29876	24991	24979	24993
1040	17.579658	0.000112	-0.020000	0.210000	-0.690000	-0.018000	-0.042000	-0.014000	29998	30021	29931	24991	24979	24993
1041	17.611898	0.032240	0.480000	-0.310000	0.090000	-0.018000	-0.042000	-0.014000	30048	29969	30009	24991	24979	24993
1042	17.643608	0.031710	0.150000	0.530000	0.130000	-0.018000	-0.042000	-0.014000	30015	30053	30013	24991	24979	24993
1043	17.678706	0.035098	0.150000	0.530000	0.130000	-0.034000	0.014000	-0.010000	30015	30053	30013	24983	25007	24995
1044	17.678810	0.000103	0.000000	-0.120000	-0.400000	-0.034000	0.014000	-0.010000	30000	29988	29960	24983	25007	24995
1045	17.713200	0.034390	0.020000	-0.370000	-0.090000	-0.034000	0.014000	-0.010000	30002	29963	29991	24983	25007	24995
1046	17.746060	0.032860	-0.110000	-0.070000	-0.380000	-0.034000	0.014000	-0.010000	29989	29993	29962	24983	25007	24995
1047	17.788353	0.042293	-0.110000	-0.070000	-0.380000	-0.006000	-0.020000	-0.018000	29989	29993	29962	24997	24990	24991
1048	17.788480	0.000127	-0.110000	-0.070000	-0.380000	0.006000	-0.022000	-0.012000	29989	29993	29962	25003	24989	24994
1049	17.788533	0.000053	-0.260000	0.130000	-0.950000	0.006000	-0.022000	-0.012000	29974	30013	29905	25003	24989	24994
1050	17.825109	0.036576	-0.070000	0.720000	-0.430000	0.006000	-0.022000	-0.012000	29993	30072	29957	25003	24989	24994
1051	17.858621	0.033512	-0.070000	0.720000	-0.430000	-0.040000	0.002000	-0.022000	29993	30072	29957	24980	25001	24989
1052	17.858762	0.000141	-0.170000	-0.020000	-0.130000	-0.040000	0.002000	-0.022000	29983	29998	29987	24980	25001	24989
1053	17.890664	0.031903	-0.170000	-0.020000	-0.130000	-0.012000	-0.022000	-0.014000	29983	29998	29987	24994	24989	24993
1054	17.890743	0.000078	0.070000	-0.080000	-0.420000	-0.012000	-0.022000	-0.014000	30007	29992	29958	24994	24989	24993
1055	17.924445	0.033702	0.070000	-0.080000	-0.420000	-0.002000	-0.006000	-0.004000	30007	29992	29958	24999	24997	24998
1056	17.924548	0.000104	0.070000	-0.080000	-0.420000	0.010000	-0.022000	0.000000	30007	29992	29958	25005	24989	25000
1057	17.924597	0.000049	-0.070000	-0.350000	0.150000	0.010000	-0.022000	0.000000	29993	29965	30015	25005	24989	25000
1058	17.954325	0.029728	-0.140000	0.250000	0.200000	0.010000	-0.022000	0.000000	29986	30025	30020	25005	24989	25000
1059	17.987164	0.032839	-0.140000	0.250000	0.200000	0.000000	0.004000	-0.002000	29986	30025	30020	25000	25002	24999
1060	17.987235	0.000071	0.100000	0.140000	0.320000	0.000000	0.004000	-0.002000	30010	30014	30032	25000	25002	24999
1061	18.015091	0.027856	0.100000	0.140000	0.320000	-0.010000	0.002000	-0.004000	30010	30014	30032	24995	25001	24998
1062	18.015155	0.000065	0.330000	0.010000	0.320000	-0.010000	0.002000	-0.004000	30033	30001	30032	24995	25001	24998
1063	18.047498	0.032343	0.330000	0.010000	0.320000	-0.006000	0.016000	-0.008000	30033	30001	30032	24997	25008	24996
1064	18.047706	0.000208	0.350000	-0.010000	0.300000	-0.006000	0.016000	-0.008000	30035	29999	30030	24997	25008	24996
1065	18.080938	0.033232	0.350000	-0.010000	0.300000	-0.008000	0.018000	-0.006000	30035	29999	30030	24996	25009	24997
1066	18.081035	0.000097	0.350000	-0.010000	0.300000	-0.008000	0.018000	-0.006000	30035	29999	30030	24996	25009	24997
1067	18.117993	0.036958	0.350000	-0.010000	0.300000	-0.008000	0.018000	-0.006000	30035	29999	30030	24996	25009	24997
1068	18.118079	0.000086	0.180000	-0.080000	-0.260000	-0.008000	0.018000	-0.006000	30018	29992	29974	24996	25009	24997
1069	18.148766	0.030686	0.180000	-0.080000	-0.260000	0.004000	0.008000	-0.006000	30018	29992	29974	25002	25004	24997
1070	18.148844	0.000078	0.250000	0.210000	-0.230000	0.004000	0.008000	-0.006000	30025	30021	29977	25002	25004	24997
1071	18.178792	0.029949	0.250000	0.210000	-0.230000	-0.014000	0.020000	0.000000	30025	30021	29977	24993	25010	25000
1072	18.178871	0.000079	0.250000	0.210000	-0.230000	-0.014000	0.020000	0.000000	30025	30021	29977	24993	25010	25000
1073	18.212357	0.033486	0.250000	0.210000	-0.230000	-0.014000	0.020000	0.000000	30025	30021	29977	24993	25010	25000
1074	18.212447	0.000090	0.220000	0.680000	-0.240000	-0.014000	0.020000	0.000000	30022	30068	29976	24993	25010	25000
1075	18.246843	0.034396	0.220000	0.680000	-0.240000	-0.046000	0.022000	0.000000	30022	30068	29976	24977	25011	25000
1076	18.246951	0.000108	0.130000	0.410000	-0.230000	-0.046000	0.022000	0.000000	30013	30041	29977	24977	25011	25000
1077	18.273246	0.026295	0.130000	0.410000	-0.230000	-0.032000	0.002000	-0.012000	30013	30041	29977	24984	25001	24994
1078	18.273327	0.000081	0.130000	0.410000	-0.230000	-0.032000	0.002000	-0.012000	30013	30041	29977	24984	25001	24994
1079	18.307757	0.034431	0.130000	0.410000	-0.230000	-0.032000	0.002000	-0.012000	30013	30041	29977	24984	25001	24994
1080	18.307922	0.000165	-0.150000	-0.280000	0.060000	-0.032000	0.002000	-0.012000	29985	29972	30006	24984	25001	24994
1081	18.341067	0.033145	-0.150000	-0.280000	0.060000	0.028000	-0.016000	-0.002000	29985	29972	30006	25014	24992	24999
1082	18.341135	0.000068	0.080000	-0.330000	0.030000	0.028000	-0.016000	-0.002000	30008	29967	30003	25014	24992	24999
1083	18.371670	0.030534	0.080000	-0.330000	0.030000	0.048000	0.008000	0.002000	30008	29967	30003	25024	25004	25001
1084	18.371763	0.000094	0.080000	-0.330000	0.030000	0.048000	0.008000	0.002000	30008	29967	30003	25024	25004	25001
1085	18.401799	0.030036	0.080000	-0.330000	0.030000	0.048000	0.008000	0.002000	30008	29967	30003	25024	25004	25001
1086	18.401861	0.000062	0.260000	-0.540000	0.040000	0.048000	0.008000	0.002000	30026	29946	30004	25024	25004	25001
1087	18.432176	0.030315	0.260000	-0.540000	0.040000	0.058000	0.014000	0.000000	30026	29946	30004	25029	25007	25000
1088	18.432243	0.000067	-0.110000	-0.430000	0.030000	0.058000	0.014000	0.000000	29989	29957	30003	25029	25007	25000
1089	18.461221	0.028978	-0.110000	-0.430000	0.030000	0.028000	-0.014000	0.000000	29989	29957	30003	25014	24993	25000
1090	18.461310	0.000089	-0.110000	-0.430000	0.030000	0.028000	-0.014000	0.000000	29989	29957	30003	25014	24993	25000
1091	18.492419	0.031108	-0.110000	-0.430000	0.030000	0.028000	-0.014000	0.000000	29989	29957	30003	25014	24993	25000
1092	18.492498	0.000079	-0.040000	0.180000	0.000000	0.028000	-0.014000	0.000000	29996	30018	30000	25014	24993	25000
1093	18.520877	0.028379	-0.040000	0.180000	0.000000	-0.022000	-0.004000	-0.008000	29996	30018	30000	24989	24998	24996
1094	18.520940	0.000063	0.260000	0.170000	-0.010000	-0.022000	-0.004000	-0.008000	30026	30017	29999	24989	24998	24996
1095	18.549174	0.028234	0.260000	0.170000	-0.010000	-0.022000	0.014000	-0.002000	30026	30017	29999	24989	25007	24999
1096	18.549240	0.000066	0.260000	0.170000	-0.010000	-0.022000	0.014000	-0.002000	30026	30017	29999	24989	25007	24999
1097	18.578378	0.029138	0.260000	0.170000	-0.010000	-0.022000	0.014000	-0.002000	30026	30017	29999	24989	25007	24999
1098	18.578477	0.000099	-0.020000	-0.560000	0.330000	-0.022000	0.014000	-0.002000	29998	29944	30033	24989	25007	24999
1099	18.616606	0.038129	-0.020000	-0.560000	0.330000	0.040000	-0.022000	0.014000	29998	29944	30033	25020	24989	25007
1100	18.616698	0.000093	-0.220000	-0.420000	0.360000	0.040000	-0.022000	0.014000	29978	29958	30036	25020	24989	25007
1101	18.650786	0.034087	-0.220000	-0.420000	0.360000	0.038000	-0.028000	0.010000	29978	29958	30036	25019	24986	25005
1102	18.650863	0.000078	-0.220000	-0.420000	0.360000	0.038000	-0.028000	0.010000	29978	29958	30036	25019	24986	25005
1103	18.683793	0.032930	-0.220000	-0.420000	0.360000	0.038000	-0.028000	0.010000	29978	29958	30036	25019	24986	25005
1104	18.683892	0.000098	0.430000	0.650000	-0.250000	0.038000	-0.028000	0.010000	30043	30065	29975	25019	24986	25005
1105	18.717128	0.033236	0.430000	0.650000	-0.250000	-0.058000	0.030000	-0.006000	30043	30065	29975	24971	25015	24997
1106	18.717237	0.000109	0.690000	0.610000	-0.270000	-0.058000	0.030000	-0.006000	30069	30061	29973	24971	25015	24997
1107	18.748224	0.030986	0.690000	0.610000	-0.270000	-0.056000	0.048000	0.000000	30069	30061	29973	24972	25024	25000
1108	18.748296	0.000072	0.540000	0.670000	-0.280000	-0.056000	0.048000	0.000000	30054	30067	29972	24972	25024	25000
1109	18.775361	0.027065	0.540000	0.670000	-0.280000	-0.070000	0.036000	0.004000	30054	30067	29972	24965	25018	25002
1110	18.775432	0.000071	0.070000	-0.470000	0.020000	-0.070000	0.036000	0.004000	30007	29953	30002	24965	25018	25002
1111	18.806005	0.030573	0.070000	-0.470000	0.020000	0.028000	0.002000	0.014000	30007	29953	30002	25014	25001	25007
1112	18.806084	0.000079	0.040000	-0.460000	0.030000	0.028000	0.002000	0.014000	30004	29954	30003	25014	25001	25007
1113	18.838972	0.032888	0.040000	-0.460000	0.030000	0.014000	-0.006000	0.014000	30004	29954	30003	25007	24997	25007
1114	18.839051	0.000080	0.180000	-0.510000	0.040000	0.014000	-0.006000	0.014000	30018	29949	30004	25007	24997	25007
1115	18.871850	0.032799	0.180000	-0.510000	0.040000	0.030000	0.004000	0.010000	30018	29949	30004	25015	25002	25005
1116	18.871922	0.000072	-0.170000	-0.200000	-0.520000	0.030000	0.004000	0.010000	29983	29980	29948	25015	25002	25005
1117	18.904951	0.033029	-0.170000	-0.200000	-0.520000	0.004000	-0.018000	0.000000	29983	29980	29948	25002	24991	25000
1118	18.905079	0.000128	-0.170000	-0.200000	-0.520000	-0.048000	0.026000	-0.002000	29983	29980	29948	24976	25013	24999
1119	18.905112	0.000034	0.180000	-0.100000	-0.200000	-0.048000	0.026000	-0.002000	30018	29990	29980	24976	25013	24999
1120	18.935167	0.030055	0.180000	-0.100000	-0.200000	0.020000	0.010000	0.006000	30018	29990	29980	25010	25005	25003
1121	18.935238	0.000071	0.540000	0.200000	0.560000	0.020000	0.010000	0.006000	30054	30020	30056	25010	25005	25003
1122	18.969248	0.034009	0.540000	0.200000	0.560000	-0.040000	0.028000	0.002000	30054	30020	30056	24980	25014	25001
1123	18.969381	0.000134	-0.220000	0.240000	-0.480000	-0.040000	0.028000	0.002000	29978	30024	29952	24980	25014	25001
1124	19.003463	0.034082	-0.220000	0.240000	-0.480000	-0.012000	-0.012000	-0.012000	29978	30024	29952	24994	24994	24994
1125	19.003558	0.000095	0.370000	0.610000	0.020000	-0.012000	-0.012000	-0.012000	30037	30061	30002	24994	24994	24994
1126	19.032571	0.029013	0.370000	0.610000	0.020000	-0.040000	0.038000	-0.004000	30037	30061	30002	24980	25019	24998
1127	19.032640	0.000069	-0.200000	0.120000	0.320000	-0.040000	0.038000	-0.004000	29980	30012	30032	24980	25019	24998
1128	19.064547	0.031906	-0.200000	0.120000	0.320000	0.002000	-0.004000	-0.010000	29980	30012	30032	25001	24998	24995
1129	19.064703	0.000157	0.830000	0.760000	0.290000	0.002000	-0.004000	-0.010000	30083	30076	30029	25001	24998	24995
1130	19.095792	0.031088	0.830000	0.760000	0.290000	-0.064000	0.068000	-0.002000	30083	30076	30029	24968	25034	24999
1131	19.095863	0.000071	-0.070000	-0.620000	0.030000	-0.064000	0.068000	-0.002000	29993	29938	30003	24968	25034	24999
1132	19.123108	0.027245	-0.070000	-0.620000	0.030000	0.048000	-0.016000	-0.004000	29993	29938	30003	25024	24992	24998
1133	19.123184	0.000076	-0.360000	-0.140000	0.090000	0.048000	-0.016000	-0.004000	29964	29986	30009	25024	24992	24998
1134	19.158909	0.035725	-0.360000	-0.140000	0.090000	-0.006000	-0.036000	0.006000	29964	29986	30009	24997	24982	25003
1135	19.159043	0.000134	-0.390000	-0.440000	0.070000	-0.006000	-0.036000	0.006000	29961	29956	30007	24997	24982	25003
1136	19.189899	0.030856	0.590000	-0.620000	0.610000	-0.006000	-0.036000	0.006000	30059	29938	30061	24997	24982	25003
1137	19.220519	0.030620	0.190000	-0.280000	0.620000	-0.006000	-0.036000	0.006000	30019	29972	30062	24997	24982	25003
1138	19.253261	0.032742	0.390000	-0.370000	0.630000	-0.006000	-0.036000	0.006000	30039	29963	30063	24997	24982	25003
1139	19.286900	0.033639	0.390000	-0.370000	0.630000	-0.012000	0.016000	-0.004000	30039	29963	30063	24994	25008	24998
1140	19.286984	0.000084	-0.080000	-0.050000	0.610000	-0.012000	0.016000	-0.004000	29992	29995	30061	24994	25008	24998
1141	19.316888	0.029904	-0.190000	-0.200000	-0.270000	-0.012000	0.016000	-0.004000	29981	29980	29973	24994	25008	24998
1142	19.349769	0.032881	0.460000	0.050000	-0.270000	-0.012000	0.016000	-0.004000	30046	30005	29973	24994	25008	24998
1143	19.380063	0.030294	0.080000	0.330000	0.300000	-0.012000	0.016000	-0.004000	30008	30033	30030	24994	25008	24998
1144	19.410436	0.030372	0.080000	0.330000	0.300000	-0.012000	0.020000	0.010000	30008	30033	30030	24994	25010	25005
1145	19.410547	0.000112	0.280000	0.010000	-0.760000	-0.012000	0.020000	0.010000	30028	30001	29924	24994	25010	25005
1146	19.442363	0.031815	0.280000	0.010000	-0.760000	0.006000	0.010000	-0.002000	30028	30001	29924	25003	25005	24999
1147	19.442449	0.000086	-0.180000	0.520000	-0.230000	0.006000	0.010000	-0.002000	29982	30052	29977	25003	25005	24999
1148	19.473035	0.030586	-0.180000	0.520000	-0.230000	-0.048000	-0.016000	0.010000	29982	30052	29977	24976	24992	25005
1149	19.473104	0.000069	-0.170000	0.550000	-0.210000	-0.048000	-0.016000	0.010000	29983	30055	29979	24976	24992	25005
1150	19.506708	0.033604	0.280000	-0.120000	-0.510000	-0.048000	-0.016000	0.010000	30028	29988	29949	24976	24992	25005
1151	19.536020	0.029313	0.030000	0.280000	-0.260000	-0.048000	-0.016000	0.010000	30003	30028	29974	24976	24992	25005
1152	19.573081	0.037061	0.030000	0.280000	-0.260000	-0.022000	0.012000	-0.002000	30003	30028	29974	24989	25006	24999
1153	19.573145	0.000064	0.200000	0.140000	0.260000	-0.022000	0.012000	-0.002000	30020	30014	30026	24989	25006	24999
1154	19.605104	0.031960	0.200000	0.140000	0.260000	-0.030000	0.022000	-0.006000	30020	30014	30026	24985	25011	24997
1155	19.605231	0.000127	0.240000	0.480000	-0.250000	-0.030000	0.022000	-0.006000	30024	30048	29975	24985	25011	24997
1156	19.637398	0.032167	0.110000	0.460000	-0.270000	-0.030000	0.022000	-0.006000	30011	30046	29973	24985	25011	24997
1157	19.666474	0.029075	0.170000	-0.430000	0.040000	-0.030000	0.022000	-0.006000	30017	29957	30004	24985	25011	24997
1158	19.695200	0.028726	0.020000	-0.140000	0.080000	-0.030000	0.022000	-0.006000	30002	29986	30008	24985	25011	24997
1159	19.725608	0.030408	0.070000	0.650000	-0.010000	-0.030000	0.022000	-0.006000	30007	30065	29999	24985	25011	24997
1160	19.757206	0.031599	0.070000	0.650000	-0.010000	-0.058000	0.024000	0.006000	30007	30065	29999	24971	25012	25003
1161	19.757275	0.000068	-0.180000	-0.280000	0.060000	-0.058000	0.024000	0.006000	29982	29972	30006	24971	25012	25003
1162	19.788530	0.031255	0.480000	0.520000	0.030000	-0.058000	0.024000	0.006000	30048	30052	30003	24971	25012	25003
1163	19.822472	0.033942	-0.220000	-0.340000	0.020000	-0.058000	0.024000	0.006000	29978	29966	30002	24971	25012	25003
1164	19.852162	0.029690	-0.220000	-0.340000	0.020000	0.012000	-0.020000	0.014000	29978	29966	30002	25006	24990	25007
1165	19.852217	0.000055	-0.190000	0.140000	0.010000	0.012000	-0.020000	0.014000	29981	30014	30001	25006	24990	25007
1166	19.883691	0.031475	-0.190000	0.140000	0.010000	-0.022000	-0.012000	-0.002000	29981	30014	30001	24989	24994	24999
1167	19.883770	0.000079	0.190000	-0.280000	0.310000	-0.022000	-0.012000	-0.002000	30019	29972	30031	24989	24994	24999
1168	19.913782	0.030012	0.190000	-0.280000	0.310000	0.026000	0.008000	-0.006000	30019	29972	30031	25013	25004	24997
1169	19.913843	0.000061	-0.010000	-0.040000	0.340000	0.026000	0.008000	-0.006000	29999	29996	30034	25013	25004	24997
1170	19.943875	0.030033	0.400000	0.420000	0.610000	0.026000	0.008000	-0.006000	30040	30042	30061	25013	25004	24997
1171	19.978392	0.034517	0.000000	-0.550000	0.320000	0.026000	0.008000	-0.006000	30000	29945	30032	25013	25004	24997
1172	20.012406	0.034014	0.000000	-0.550000	0.320000	0.056000	-0.010000	0.000000	30000	29945	30032	25028	24995	25000
1173	20.012481	0.000075	0.270000	0.230000	0.010000	0.056000	-0.010000	0.000000	30027	30023	30001	25028	24995	25000
1174	20.045271	0.032790	0.180000	-0.070000	-0.520000	0.056000	-0.010000	0.000000	30018	29993	29948	25028	24995	25000
1175	20.080002	0.034731	0.560000	0.100000	0.580000	0.056000	-0.010000	0.000000	30056	30010	30058	25028	24995	25000
1176	20.111234	0.031231	0.560000	0.100000	0.580000	-0.010000	0.052000	0.004000	30056	30010	30058	24995	25026	25002
1177	20.111308	0.000075	0.340000	-0.150000	-0.280000	-0.010000	0.052000	0.004000	30034	29985	29972	24995	25026	25002
1178	20.143284	0.031975	0.340000	-0.150000	-0.280000	-0.002000	0.024000	0.010000	30034	29985	29972	24999	25012	25005
1179	20.143347	0.000064	0.340000	-0.150000	-0.280000	0.014000	0.008000	-0.010000	30034	29985	29972	25007	25004	24995
1180	20.143364	0.000017	0.320000	-0.280000	0.010000	0.014000	0.008000	-0.010000	30032	29972	30001	25007	25004	24995
1181	20.178038	0.034674	0.320000	-0.280000	0.010000	0.010000	0.008000	-0.002000	30032	29972	30001	25005	25004	24999
1182	20.178102	0.000063	0.320000	-0.280000	0.010000	-0.016000	-0.006000	0.010000	30032	29972	30001	24992	24997	25005
1183	20.178119	0.000017	0.700000	-0.270000	-0.250000	-0.016000	-0.006000	0.010000	30070	29973	29975	24992	24997	25005
1184	20.208526	0.030407	0.700000	-0.270000	-0.250000	-0.004000	0.018000	0.004000	30070	29973	29975	24998	25009	25002
1185	20.208591	0.000065	0.610000	-0.230000	-0.250000	-0.004000	0.018000	0.004000	30061	29977	29975	24998	25009	25002
1186	20.241261	0.032671	0.310000	-0.020000	-0.810000	-0.004000	0.018000	0.004000	30031	29998	29919	24998	25009	25002
1187	20.276901	0.035640	0.190000	-0.120000	-0.240000	-0.004000	0.018000	0.004000	30019	29988	29976	24998	25009	25002
1188	20.308871	0.031970	0.190000	-0.120000	-0.240000	0.022000	0.022000	-0.002000	30019	29988	29976	25011	25011	24999
1189	20.308947	0.000076	0.440000	-0.010000	-0.020000	0.022000	0.022000	-0.002000	30044	29999	29998	25011	25011	24999
1190	20.344754	0.035808	0.440000	-0.010000	-0.020000	-0.010000	0.028000	0.000000	30044	29999	29998	24995	25014	25000
1191	20.344835	0.000081	-0.330000	-0.760000	0.030000	-0.010000	0.028000	0.000000	29967	29924	30003	24995	25014	25000
1192	20.383215	0.038380	-0.270000	0.130000	-0.240000	-0.010000	0.028000	0.000000	29973	30013	29976	24995	25014	25000
1193	20.422854	0.039639	-0.270000	0.130000	-0.240000	-0.022000	-0.012000	0.002000	29973	30013	29976	24989	24994	25001
1194	20.422932	0.000078	0.200000	0.030000	-0.500000	-0.022000	-0.012000	0.002000	30020	30003	29950	24989	24994	25001
1195	20.454869	0.031937	0.240000	0.600000	0.600000	-0.022000	-0.012000	0.002000	30024	30060	30060	24989	24994	25001
1196	20.483459	0.028590	0.240000	0.600000	0.600000	-0.032000	0.026000	-0.004000	30024	30060	30060	24984	25013	24998
1197	20.483529	0.000070	0.600000	-0.130000	0.550000	-0.032000	0.026000	-0.004000	30060	29987	30055	24984	25013	24998
1198	20.513343	0.029814	0.600000	-0.130000	0.550000	-0.012000	0.040000	-0.002000	30060	29987	30055	24994	25020	24999
1199	20.513403	0.000060	0.600000	-0.130000	0.550000	-0.018000	0.018000	0.018000	30060	29987	30055	24991	25009	25009
1200	20.513419	0.000016	0.210000	0.100000	-0.040000	-0.018000	0.018000	0.018000	30021	30010	29996	24991	25009	25009
1201	20.545845	0.032426	0.210000	0.100000	-0.040000	-0.026000	0.018000	0.000000	30021	30010	29996	24987	25009	25000
1202	20.545922	0.000076	0.270000	0.200000	-0.040000	-0.026000	0.018000	0.000000	30027	30020	29996	24987	25009	25000
1203	20.578075	0.032153	0.120000	-0.110000	-0.020000	-0.026000	0.018000	0.000000	30012	29989	29998	24987	25009	25000
1204	20.617229	0.039154	0.120000	-0.110000	-0.020000	-0.006000	-0.006000	0.004000	30012	29989	29998	24997	24997	25002
1205	20.617313	0.000084	0.200000	0.110000	-0.490000	-0.006000	-0.006000	0.004000	30020	30011	29951	24997	24997	25002
1206	20.647103	0.029790	0.200000	0.110000	-0.490000	-0.028000	-0.002000	0.004000	30020	30011	29951	24986	24999	25002
1207	20.647161	0.000058	0.430000	-0.330000	0.580000	-0.028000	-0.002000	0.004000	30043	29967	30058	24986	24999	25002
1208	20.677021	0.029860	0.430000	-0.330000	0.580000	0.002000	0.018000	0.012000	30043	29967	30058	25001	25009	25006
1209	20.677083	0.000062	0.310000	0.580000	-0.270000	0.002000	0.018000	0.012000	30031	30058	29973	25001	25009	25006
1210	20.707166	0.030083	0.110000	0.620000	-0.810000	0.002000	0.018000	0.012000	30011	30062	29919	25001	25009	25006
1211	20.735666	0.028500	0.270000	0.370000	0.010000	0.002000	0.018000	0.012000	30027	30037	30001	25001	25009	25006
1212	20.765487	0.029821	0.300000	0.280000	-0.260000	0.002000	0.018000	0.012000	30030	30028	29974	25001	25009	25006
1213	20.793137	0.027650	0.300000	0.280000	-0.260000	-0.024000	0.012000	-0.008000	30030	30028	29974	24988	25006	24996
1214	20.793201	0.000063	0.360000	-0.170000	0.290000	-0.024000	0.012000	-0.008000	30036	29983	30029	24988	25006	24996
1215	20.821170	0.027970	0.590000	0.750000	0.560000	-0.024000	0.012000	-0.008000	30059	30075	30056	24988	25006	24996
1216	20.849098	0.027928	0.590000	0.750000	0.560000	-0.066000	0.064000	-0.008000	30059	30075	30056	24967	25032	24996
1217	20.849172	0.000074	0.350000	0.470000	-0.220000	-0.066000	0.064000	-0.008000	30035	30047	29978	24967	25032	24996
1218	20.887560	0.038388	0.350000	0.470000	-0.220000	-0.032000	0.032000	-0.006000	30035	30047	29978	24984	25016	24997
1219	20.887627	0.000067	0.610000	-0.050000	0.320000	-0.032000	0.032000	-0.006000	30061	29995	30032	24984	25016	24997
1220	20.920413	0.032786	0.610000	-0.050000	0.320000	0.006000	0.052000	0.002000	30061	29995	30032	25003	25026	25001
1221	20.920492	0.000079	0.110000	-0.460000	0.290000	0.006000	0.052000	0.002000	30011	29954	30029	25003	25026	25001
1222	20.950745	0.030253	0.110000	-0.460000	0.290000	0.012000	-0.016000	0.002000	30011	29954	30029	25006	24992	25001
1223	20.950830	0.000085	-0.230000	0.410000	-0.030000	0.012000	-0.016000	0.002000	29977	30041	29997	25006	24992	25001
1224	20.987147	0.036317	-0.230000	0.410000	-0.030000	-0.032000	-0.006000	-0.004000	29977	30041	29997	24984	24997	24998
1225	20.987206	0.000059	0.350000	0.160000	0.030000	-0.032000	-0.006000	-0.004000	30035	30016	30003	24984	24997	24998
1226	21.019286	0.032080	0.350000	0.160000	0.030000	-0.038000	-0.002000	0.012000	30035	30016	30003	24981	24999	25006
1227	21.019346	0.000060	0.260000	-0.180000	-0.790000	-0.038000	-0.002000	0.012000	30026	29982	29921	24981	24999	25006
