sample	t_s	dt_s	Fx	Fy	Fz	Tx	Ty	Tz	raw_Fx	raw_Fy	raw_Fz	raw_Tx	raw_Ty	raw_Tz
1	0.000000	0.000000	0.680000	-0.510000	1.290000	0.000000	0.000000	0.000000	30068	29949	30129	0	0	0
2	0.135458	0.135458	0.680000	-0.510000	1.290000	0.136000	-0.070000	-0.010000	30068	29949	30129	25068	24965	24995
3	0.135588	0.000130	0.710000	-0.390000	1.280000	0.136000	-0.070000	-0.010000	30071	29961	30128	25068	24965	24995
4	0.171413	0.035825	0.710000	-0.390000	1.280000	0.126000	-0.066000	-0.012000	30071	29961	30128	25063	24967	24994
5	0.171501	0.000088	0.640000	-0.450000	1.830000	0.126000	-0.066000	-0.012000	30064	29955	30183	25063	24967	24994
6	0.211085	0.039584	0.640000	-0.450000	1.830000	0.116000	-0.066000	-0.006000	30064	29955	30183	25058	24967	24997
7	0.211209	0.000124	0.680000	-0.260000	1.840000	0.116000	-0.066000	-0.006000	30068	29974	30184	25058	24967	24997
8	0.240093	0.028885	0.680000	-0.260000	1.840000	0.102000	-0.070000	-0.004000	30068	29974	30184	25051	24965	24998
9	0.240179	0.000085	0.770000	0.040000	1.820000	0.102000	-0.070000	-0.004000	30077	30004	30182	25051	24965	24998
10	0.274567	0.034388	0.770000	0.040000	1.820000	0.078000	-0.056000	-0.006000	30077	30004	30182	25039	24972	24997
11	0.274662	0.000095	0.470000	-0.090000	2.680000	0.078000	-0.056000	-0.006000	30047	29991	30268	25039	24972	24997
12	0.306935	0.032273	0.470000	-0.090000	2.680000	0.096000	-0.070000	-0.008000	30047	29991	30268	25048	24965	24996
13	0.307089	0.000154	0.530000	-0.120000	2.670000	0.096000	-0.070000	-0.008000	30053	29988	30267	25048	24965	24996
14	0.338211	0.031122	0.530000	-0.120000	2.670000	0.100000	-0.066000	-0.006000	30053	29988	30267	25050	24967	24997
15	0.338277	0.000066	0.560000	-0.010000	2.660000	0.100000	-0.066000	-0.006000	30056	29999	30266	25050	24967	24997
16	0.367261	0.028984	0.560000	-0.010000	2.660000	0.092000	-0.060000	-0.008000	30056	29999	30266	25046	24970	24996
17	0.367374	0.000114	1.120000	0.240000	2.380000	0.092000	-0.060000	-0.008000	30112	30024	30238	25046	24970	24996
18	0.397473	0.030098	1.120000	0.240000	2.380000	0.062000	-0.028000	-0.020000	30112	30024	30238	25031	24986	24990
19	0.397563	0.000090	0.990000	0.400000	2.390000	0.062000	-0.028000	-0.020000	30099	30040	30239	25031	24986	24990
20	0.425797	0.028234	0.990000	0.400000	2.390000	0.046000	-0.044000	-0.024000	30099	30040	30239	25023	24978	24988
21	0.425873	0.000076	0.840000	-0.150000	2.420000	0.046000	-0.044000	-0.024000	30084	29985	30242	25023	24978	24988
22	0.454473	0.028600	0.840000	-0.150000	2.420000	0.088000	-0.070000	-0.018000	30084	29985	30242	25044	24965	24991
23	0.454558	0.000085	1.110000	-0.250000	2.720000	0.088000	-0.070000	-0.018000	30111	29975	30272	25044	24965	24991
24	0.486013	0.031454	1.110000	-0.250000	2.720000	0.116000	-0.050000	-0.022000	30111	29975	30272	25058	24975	24989
25	0.486081	0.000069	1.180000	-0.550000	2.700000	0.116000	-0.050000	-0.022000	30118	29945	30270	25058	24975	24989
26	0.513221	0.027140	1.180000	-0.550000	2.700000	0.144000	-0.032000	-0.024000	30118	29945	30270	25072	24984	24988
27	0.513314	0.000093	1.340000	0.030000	2.700000	0.144000	-0.032000	-0.024000	30134	30003	30270	25072	24984	24988
28	0.544843	0.031528	1.340000	0.030000	2.700000	0.104000	-0.002000	-0.024000	30134	30003	30270	25052	24999	24988
29	0.544910	0.000067	1.140000	0.070000	2.690000	0.104000	-0.002000	-0.024000	30114	30007	30269	25052	24999	24988
30	0.573978	0.029068	1.140000	0.070000	2.690000	0.090000	-0.016000	-0.022000	30114	30007	30269	25045	24992	24989
31	0.574052	0.000074	0.380000	-0.160000	2.720000	0.090000	-0.016000	-0.022000	30038	29984	30272	25045	24992	24989
32	0.606097	0.032046	0.380000	-0.160000	2.720000	0.126000	-0.064000	-0.016000	30038	29984	30272	25063	24968	24992
33	0.606172	0.000074	0.210000	-0.730000	2.720000	0.126000	-0.064000	-0.016000	30021	29927	30272	25063	24968	24992
34	0.635515	0.029343	0.210000	-0.730000	2.720000	0.166000	-0.094000	-0.014000	30021	29927	30272	25083	24953	24993
35	0.635585	0.000069	0.150000	-0.720000	1.880000	0.166000	-0.094000	-0.014000	30015	29928	30188	25083	24953	24993
36	0.672234	0.036649	0.150000	-0.720000	1.880000	0.174000	-0.098000	-0.018000	30015	29928	30188	25087	24951	24991
37	0.672323	0.000089	0.400000	-0.260000	1.890000	0.174000	-0.098000	-0.018000	30040	29974	30189	25087	24951	24991
38	0.703494	0.031172	0.400000	-0.260000	1.890000	0.126000	-0.096000	-0.018000	30040	29974	30189	25063	24952	24991
39	0.703609	0.000115	0.470000	-0.060000	1.920000	0.126000	-0.096000	-0.018000	30047	29994	30192	25063	24952	24991
40	0.741228	0.037618	0.470000	-0.060000	1.920000	0.120000	-0.084000	-0.008000	30047	29994	30192	25060	24958	24996
41	0.741306	0.000078	0.230000	0.050000	2.460000	0.120000	-0.084000	-0.008000	30023	30005	30246	25060	24958	24996
42	0.774012	0.032707	0.230000	0.050000	2.460000	0.078000	-0.104000	0.000000	30023	30005	30246	25039	24948	25000
43	0.774095	0.000082	0.680000	-0.310000	2.430000	0.078000	-0.104000	0.000000	30068	29969	30243	25039	24948	25000
44	0.810297	0.036202	0.680000	-0.310000	2.430000	0.098000	-0.056000	-0.010000	30068	29969	30243	25049	24972	24995
45	0.810394	0.000097	0.680000	-0.240000	2.360000	0.098000	-0.056000	-0.010000	30068	29976	30236	25049	24972	24995
46	0.843397	0.033003	0.680000	-0.240000	2.360000	0.080000	-0.056000	-0.026000	30068	29976	30236	25040	24972	24987
47	0.843498	0.000100	0.900000	-0.290000	2.650000	0.080000	-0.056000	-0.026000	30090	29971	30265	25040	24972	24987
48	0.873244	0.029747	0.900000	-0.290000	2.650000	0.094000	-0.042000	-0.028000	30090	29971	30265	25047	24979	24986
49	0.873311	0.000067	0.460000	-0.310000	2.670000	0.094000	-0.042000	-0.028000	30046	29969	30267	25047	24979	24986
50	0.904884	0.031572	0.460000	-0.310000	2.670000	0.106000	-0.074000	-0.020000	30046	29969	30267	25053	24963	24990
51	0.904997	0.000113	0.480000	-0.240000	2.680000	0.106000	-0.074000	-0.020000	30048	29976	30268	25053	24963	24990
52	0.937635	0.032638	0.480000	-0.240000	2.680000	0.102000	-0.068000	-0.018000	30048	29976	30268	25051	24966	24991
53	0.937719	0.000084	0.480000	-0.370000	1.850000	0.102000	-0.068000	-0.018000	30048	29963	30185	25051	24966	24991
54	0.971142	0.033423	0.480000	-0.370000	1.850000	0.130000	-0.070000	-0.022000	30048	29963	30185	25065	24965	24989
55	0.971272	0.000130	0.230000	-0.430000	1.860000	0.130000	-0.070000	-0.022000	30023	29957	30186	25065	24965	24989
56	1.000969	0.029697	0.230000	-0.430000	1.860000	0.144000	-0.088000	-0.016000	30023	29957	30186	25072	24956	24992
57	1.001072	0.000103	0.230000	-0.430000	1.860000	0.144000	-0.088000	-0.016000	30023	29957	30186	25072	24956	24992
58	1.062693	0.061621	0.230000	-0.430000	1.860000	0.144000	-0.088000	-0.016000	30023	29957	30186	25072	24956	24992
59	1.062801	0.000107	0.410000	-0.730000	2.160000	0.144000	-0.088000	-0.016000	30041	29927	30216	25072	24956	24992
60	1.097570	0.034769	0.410000	-0.730000	2.160000	0.158000	-0.090000	-0.004000	30041	29927	30216	25079	24955	24998
61	1.097645	0.000075	1.000000	-0.330000	2.160000	0.158000	-0.090000	-0.004000	30100	29967	30216	25079	24955	24998
62	1.125418	0.027773	1.000000	-0.330000	2.160000	0.100000	-0.060000	-0.014000	30100	29967	30216	25050	24970	24993
63	1.125553	0.000135	1.020000	-0.250000	2.170000	0.100000	-0.060000	-0.014000	30102	29975	30217	25050	24970	24993
64	1.154024	0.028471	1.020000	-0.250000	2.170000	0.096000	-0.056000	-0.012000	30102	29975	30217	25048	24972	24994
65	1.154093	0.000069	0.830000	-0.300000	3.030000	0.096000	-0.056000	-0.012000	30083	29970	30303	25048	24972	24994
66	1.185905	0.031812	0.830000	-0.300000	3.030000	0.122000	-0.056000	-0.028000	30083	29970	30303	25061	24972	24986
67	1.186004	0.000099	0.360000	-0.790000	3.000000	0.122000	-0.056000	-0.028000	30036	29921	30300	25061	24972	24986
68	1.215940	0.029936	0.360000	-0.790000	3.000000	0.192000	-0.076000	-0.018000	30036	29921	30300	25096	24962	24991
69	1.216044	0.000104	0.340000	-0.870000	3.000000	0.192000	-0.076000	-0.018000	30034	29913	30300	25096	24962	24991
70	1.246046	0.030001	0.340000	-0.870000	3.000000	0.196000	-0.080000	-0.018000	30034	29913	30300	25098	24960	24991
71	1.246127	0.000081	0.320000	-0.320000	1.810000	0.196000	-0.080000	-0.018000	30032	29968	30181	25098	24960	24991
72	1.279940	0.033813	0.320000	-0.320000	1.810000	0.118000	-0.080000	-0.010000	30032	29968	30181	25059	24960	24995
73	1.280108	0.000169	0.770000	-0.100000	1.820000	0.118000	-0.080000	-0.010000	30077	29990	30182	25059	24960	24995
74	1.309108	0.029000	0.770000	-0.100000	1.820000	0.080000	-0.052000	-0.018000	30077	29990	30182	25040	24974	24991
75	1.309214	0.000105	0.850000	0.140000	1.840000	0.080000	-0.052000	-0.018000	30085	30014	30184	25040	24974	24991
76	1.341701	0.032488	0.850000	0.140000	1.840000	0.068000	-0.038000	-0.014000	30085	30014	30184	25034	24981	24993
77	1.341784	0.000083	0.580000	-0.270000	2.150000	0.068000	-0.038000	-0.014000	30058	29973	30215	25034	24981	24993
78	1.371476	0.029692	0.580000	-0.270000	2.150000	0.108000	-0.062000	-0.014000	30058	29973	30215	25054	24969	24993
79	1.371617	0.000140	0.710000	-0.250000	2.150000	0.108000	-0.062000	-0.014000	30071	29975	30215	25054	24969	24993
80	1.401807	0.030190	0.710000	-0.250000	2.150000	0.116000	-0.056000	-0.016000	30071	29975	30215	25058	24972	24992
81	1.401878	0.000071	0.710000	-0.250000	2.150000	0.116000	-0.056000	-0.016000	30071	29975	30215	25058	24972	24992
82	1.433383	0.031505	0.710000	-0.250000	2.150000	0.116000	-0.056000	-0.016000	30071	29975	30215	25058	24972	24992
83	1.433574	0.000192	0.780000	-0.200000	2.130000	0.116000	-0.056000	-0.016000	30078	29980	30213	25058	24972	24992
84	1.468739	0.035165	0.780000	-0.200000	2.130000	0.108000	-0.052000	-0.018000	30078	29980	30213	25054	24974	24991
85	1.468831	0.000092	1.040000	-0.250000	3.260000	0.108000	-0.052000	-0.018000	30104	29975	30326	25054	24974	24991
86	1.498473	0.029642	1.040000	-0.250000	3.260000	0.108000	-0.032000	-0.020000	30104	29975	30326	25054	24984	24990
87	1.498537	0.000064	1.060000	-0.390000	3.250000	0.108000	-0.032000	-0.020000	30106	29961	30325	25054	24984	24990
88	1.525108	0.026571	1.060000	-0.390000	3.250000	0.122000	-0.026000	-0.022000	30106	29961	30325	25061	24987	24989
89	1.525166	0.000058	1.100000	-0.170000	3.200000	0.122000	-0.026000	-0.022000	30110	29983	30320	25061	24987	24989
90	1.550486	0.025321	1.100000	-0.170000	3.200000	0.096000	-0.018000	-0.034000	30110	29983	30320	25048	24991	24983
91	1.550547	0.000060	0.640000	-0.260000	2.360000	0.096000	-0.018000	-0.034000	30064	29974	30236	25048	24991	24983
92	1.577602	0.027055	0.640000	-0.260000	2.360000	0.110000	-0.048000	-0.026000	30064	29974	30236	25055	24976	24987
93	1.577678	0.000076	0.630000	-0.190000	2.360000	0.110000	-0.048000	-0.026000	30063	29981	30236	25055	24976	24987
94	1.605528	0.027851	0.630000	-0.190000	2.360000	0.104000	-0.052000	-0.024000	30063	29981	30236	25052	24974	24988
95	1.605605	0.000077	0.500000	-0.650000	2.400000	0.104000	-0.052000	-0.024000	30050	29935	30240	25052	24974	24988
96	1.639351	0.033746	0.500000	-0.650000	2.400000	0.142000	-0.072000	-0.018000	30050	29935	30240	25071	24964	24991
97	1.639428	0.000076	0.880000	-0.760000	2.670000	0.142000	-0.072000	-0.018000	30088	29924	30267	25071	24964	24991
98	1.667937	0.028509	0.880000	-0.760000	2.670000	0.166000	-0.042000	-0.022000	30088	29924	30267	25083	24979	24989
99	1.668017	0.000080	0.880000	-0.760000	2.670000	0.166000	-0.042000	-0.022000	30088	29924	30267	25083	24979	24989
100	1.701830	0.033814	0.880000	-0.760000	2.670000	0.166000	-0.042000	-0.022000	30088	29924	30267	25083	24979	24989
101	1.701949	0.000118	0.910000	-0.710000	2.730000	0.166000	-0.042000	-0.022000	30091	29929	30273	25083	24979	24989
102	1.730159	0.028210	0.910000	-0.710000	2.730000	0.174000	-0.036000	-0.008000	30091	29929	30273	25087	24982	24996
103	1.730228	0.000069	0.540000	-0.730000	2.170000	0.174000	-0.036000	-0.008000	30054	29927	30217	25087	24982	24996
104	1.759609	0.029381	0.540000	-0.730000	2.170000	0.166000	-0.064000	0.006000	30054	29927	30217	25083	24968	25003
105	1.759727	0.000118	0.510000	-0.510000	2.190000	0.166000	-0.064000	0.006000	30051	29949	30219	25083	24968	25003
106	1.786924	0.027197	0.510000	-0.510000	2.190000	0.146000	-0.076000	0.010000	30051	29949	30219	25073	24962	25005
107	1.787002	0.000078	0.530000	-0.370000	2.120000	0.146000	-0.076000	0.010000	30053	29963	30212	25073	24962	25005
108	1.819021	0.032019	0.530000	-0.370000	2.120000	0.126000	-0.072000	-0.004000	30053	29963	30212	25063	24964	24998
109	1.819161	0.000140	0.600000	-0.190000	2.120000	0.126000	-0.072000	-0.004000	30060	29981	30212	25063	24964	24998
110	1.851396	0.032234	0.600000	-0.190000	2.120000	0.112000	-0.070000	-0.022000	30060	29981	30212	25056	24965	24989
111	1.851485	0.000089	0.610000	-0.270000	2.120000	0.112000	-0.070000	-0.022000	30061	29973	30212	25056	24965	24989
112	1.889464	0.037980	0.610000	-0.270000	2.120000	0.118000	-0.066000	-0.022000	30061	29973	30212	25059	24967	24989
113	1.889563	0.000099	0.790000	0.400000	2.080000	0.118000	-0.066000	-0.022000	30079	30040	30208	25059	24967	24989
114	1.921207	0.031644	0.790000	0.400000	2.080000	0.068000	-0.034000	-0.030000	30079	30040	30208	25034	24983	24985
115	1.921290	0.000083	0.970000	0.350000	1.820000	0.068000	-0.034000	-0.030000	30097	30035	30182	25034	24983	24985
116	1.954970	0.033680	0.970000	0.350000	1.820000	0.084000	-0.024000	-0.028000	30097	30035	30182	25042	24988	24986
117	1.955101	0.000131	1.020000	0.190000	1.810000	0.084000	-0.024000	-0.028000	30102	30019	30181	25042	24988	24986
118	1.990260	0.035159	1.020000	0.190000	1.810000	0.098000	-0.014000	-0.026000	30102	30019	30181	25049	24993	24987
119	1.990399	0.000139	0.800000	-0.650000	1.890000	0.098000	-0.014000	-0.026000	30080	29935	30189	25049	24993	24987
120	2.061319	0.070921	0.800000	-0.650000	1.890000	0.168000	-0.052000	-0.010000	30080	29935	30189	25084	24974	24995
121	2.061385	0.000066	0.660000	-0.640000	1.880000	0.168000	-0.052000	-0.010000	30066	29936	30188	25084	24974	24995
122	2.090361	0.028975	0.660000	-0.640000	1.880000	0.154000	-0.062000	0.000000	30066	29936	30188	25077	24969	25000
123	2.090462	0.000101	0.640000	-0.600000	1.880000	0.154000	-0.062000	0.000000	30064	29940	30188	25077	24969	25000
124	2.122868	0.032406	0.640000	-0.600000	1.880000	0.150000	-0.066000	-0.002000	30064	29940	30188	25075	24967	24999
125	2.122942	0.000074	0.750000	-0.220000	1.870000	0.150000	-0.066000	-0.002000	30075	29978	30187	25075	24967	24999
126	2.157014	0.034073	0.750000	-0.220000	1.870000	0.124000	-0.048000	-0.002000	30075	29978	30187	25062	24976	24999
127	2.157101	0.000087	0.770000	-0.100000	2.710000	0.124000	-0.048000	-0.002000	30077	29990	30271	25062	24976	24999
128	2.195484	0.038383	0.770000	-0.100000	2.710000	0.096000	-0.046000	-0.008000	30077	29990	30271	25048	24977	24996
129	2.195573	0.000089	0.770000	-0.100000	2.710000	0.096000	-0.046000	-0.008000	30077	29990	30271	25048	24977	24996
130	2.227323	0.031750	0.770000	-0.100000	2.710000	0.096000	-0.046000	-0.008000	30077	29990	30271	25048	24977	24996
131	2.227401	0.000078	0.890000	0.330000	2.690000	0.096000	-0.046000	-0.008000	30089	30033	30269	25048	24977	24996
132	2.257357	0.029956	0.890000	0.330000	2.690000	0.062000	-0.026000	-0.012000	30089	30033	30269	25031	24987	24994
133	2.257429	0.000072	0.800000	0.230000	2.150000	0.062000	-0.026000	-0.012000	30080	30023	30215	25031	24987	24994
134	2.289036	0.031607	0.800000	0.230000	2.150000	0.100000	-0.026000	-0.024000	30080	30023	30215	25050	24987	24988
135	2.289164	0.000128	0.800000	0.230000	2.150000	0.100000	-0.026000	-0.024000	30080	30023	30215	25050	24987	24988
136	2.315187	0.026023	0.800000	0.230000	2.150000	0.100000	-0.026000	-0.024000	30080	30023	30215	25050	24987	24988
137	2.315258	0.000071	0.590000	-0.480000	2.130000	0.100000	-0.026000	-0.024000	30059	29952	30213	25050	24987	24988
138	2.346559	0.031301	0.590000	-0.480000	2.130000	0.142000	-0.064000	-0.030000	30059	29952	30213	25071	24968	24985
139	2.346644	0.000084	0.570000	-0.480000	2.400000	0.142000	-0.064000	-0.030000	30057	29952	30240	25071	24968	24985
140	2.378314	0.031671	0.570000	-0.480000	2.400000	0.130000	-0.068000	-0.020000	30057	29952	30240	25065	24966	24990
141	2.378445	0.000131	0.510000	-0.340000	2.410000	0.130000	-0.068000	-0.020000	30051	29966	30241	25065	24966	24990
142	2.408307	0.029862	0.510000	-0.340000	2.410000	0.116000	-0.076000	-0.018000	30051	29966	30241	25058	24962	24991
143	2.408428	0.000121	0.600000	-0.070000	2.460000	0.116000	-0.076000	-0.018000	30060	29993	30246	25058	24962	24991
144	2.443441	0.035012	0.600000	-0.070000	2.460000	0.106000	-0.058000	-0.008000	30060	29993	30246	25053	24971	24996
145	2.443531	0.000091	0.880000	0.160000	2.730000	0.106000	-0.058000	-0.008000	30088	30016	30273	25053	24971	24996
146	2.475693	0.032162	0.880000	0.160000	2.730000	0.064000	-0.044000	-0.012000	30088	30016	30273	25032	24978	24994
147	2.475851	0.000158	0.940000	0.090000	2.720000	0.064000	-0.044000	-0.012000	30094	30009	30272	25032	24978	24994
148	2.509335	0.033485	0.940000	0.090000	2.720000	0.072000	-0.040000	-0.014000	30094	30009	30272	25036	24980	24993
149	2.509414	0.000079	0.810000	-0.300000	2.680000	0.072000	-0.040000	-0.014000	30081	29970	30268	25036	24980	24993
150	2.543166	0.033751	0.810000	-0.300000	2.680000	0.092000	-0.062000	-0.022000	30081	29970	30268	25046	24969	24989
151	2.543273	0.000107	0.650000	-0.430000	2.960000	0.092000	-0.062000	-0.022000	30065	29957	30296	25046	24969	24989
152	2.577213	0.033940	0.650000	-0.430000	2.960000	0.110000	-0.070000	-0.014000	30065	29957	30296	25055	24965	24993
153	2.577324	0.000112	0.550000	-0.400000	2.970000	0.110000	-0.070000	-0.014000	30055	29960	30297	25055	24965	24993
154	2.614342	0.037017	0.550000	-0.400000	2.970000	0.104000	-0.080000	-0.018000	30055	29960	30297	25052	24960	24991
155	2.614464	0.000122	0.730000	0.220000	2.950000	0.104000	-0.080000	-0.018000	30073	30022	30295	25052	24960	24991
156	2.644738	0.030275	0.730000	0.220000	2.950000	0.058000	-0.050000	-0.022000	30073	30022	30295	25029	24975	24989
157	2.644806	0.000068	0.580000	0.150000	2.380000	0.058000	-0.050000	-0.022000	30058	30015	30238	25029	24975	24989
158	2.677215	0.032409	0.580000	0.150000	2.380000	0.070000	-0.060000	-0.014000	30058	30015	30238	25035	24970	24993
159	2.677302	0.000087	0.860000	0.140000	2.380000	0.070000	-0.060000	-0.014000	30086	30014	30238	25035	24970	24993
160	2.708650	0.031347	0.860000	0.140000	2.380000	0.088000	-0.042000	-0.012000	30086	30014	30238	25044	24979	24994
161	2.708728	0.000079	0.770000	-0.210000	2.410000	0.088000	-0.042000	-0.012000	30077	29979	30241	25044	24979	24994
162	2.739419	0.030691	0.770000	-0.210000	2.410000	0.116000	-0.058000	-0.006000	30077	29979	30241	25058	24971	24997
163	2.739495	0.000077	0.840000	-0.170000	2.690000	0.116000	-0.058000	-0.006000	30084	29983	30269	25058	24971	24997
164	2.766243	0.026747	0.840000	-0.170000	2.690000	0.110000	-0.052000	-0.012000	30084	29983	30269	25055	24974	24994
165	2.766315	0.000072	0.660000	0.040000	2.700000	0.110000	-0.052000	-0.012000	30066	30004	30270	25055	24974	24994
166	2.791579	0.025264	0.660000	0.040000	2.700000	0.080000	-0.072000	-0.008000	30066	30004	30270	25040	24964	24996
167	2.791668	0.000090	0.720000	0.280000	2.680000	0.080000	-0.072000	-0.008000	30072	30028	30268	25040	24964	24996
168	2.826261	0.034593	0.720000	0.280000	2.680000	0.060000	-0.062000	-0.012000	30072	30028	30268	25030	24969	24994
169	2.826331	0.000070	1.080000	0.550000	2.690000	0.060000	-0.062000	-0.012000	30108	30055	30269	25030	24969	24994
170	2.856295	0.029964	1.080000	0.550000	2.690000	0.032000	-0.038000	-0.006000	30108	30055	30269	25016	24981	24997
171	2.856388	0.000093	1.120000	0.470000	2.390000	0.032000	-0.038000	-0.006000	30112	30047	30239	25016	24981	24997
172	2.888002	0.031614	1.120000	0.470000	2.390000	0.038000	-0.030000	0.000000	30112	30047	30239	25019	24985	25000
173	2.888071	0.000069	1.160000	0.170000	2.380000	0.038000	-0.030000	0.000000	30116	30017	30238	25019	24985	25000
174	2.917713	0.029642	1.160000	0.170000	2.380000	0.064000	-0.016000	-0.004000	30116	30017	30238	25032	24992	24998
175	2.917794	0.000081	0.500000	-0.520000	2.440000	0.064000	-0.016000	-0.004000	30050	29948	30244	25032	24992	24998
176	2.944732	0.026938	0.500000	-0.520000	2.440000	0.142000	-0.066000	-0.012000	30050	29948	30244	25071	24967	24994
177	2.944813	0.000082	0.380000	-0.560000	2.720000	0.142000	-0.066000	-0.012000	30038	29944	30272	25071	24967	24994
178	2.971991	0.027178	0.380000	-0.560000	2.720000	0.148000	-0.074000	-0.010000	30038	29944	30272	25074	24963	24995
179	2.972061	0.000070	0.390000	-0.630000	2.720000	0.148000	-0.074000	-0.010000	30039	29937	30272	25074	24963	24995
180	3.006744	0.034684	0.390000	-0.630000	2.720000	0.154000	-0.072000	-0.012000	30039	29937	30272	25077	24964	24994
181	3.006922	0.000177	0.520000	-0.180000	2.680000	0.154000	-0.072000	-0.012000	30052	29982	30268	25077	24964	24994
182	3.034490	0.027568	0.520000	-0.180000	2.680000	0.118000	-0.050000	-0.018000	30052	29982	30268	25059	24975	24991
183	3.034553	0.000063	0.490000	-0.110000	2.430000	0.118000	-0.050000	-0.018000	30049	29989	30243	25059	24975	24991
184	3.061318	0.026764	0.490000	-0.110000	2.430000	0.120000	-0.056000	-0.024000	30049	29989	30243	25060	24972	24988
185	3.061421	0.000104	0.480000	-0.040000	2.440000	0.120000	-0.056000	-0.024000	30048	29996	30244	25060	24972	24988
186	3.091362	0.029940	0.480000	-0.040000	2.440000	0.114000	-0.058000	-0.024000	30048	29996	30244	25057	24971	24988
187	3.091428	0.000067	0.470000	-0.080000	2.450000	0.114000	-0.058000	-0.024000	30047	29992	30245	25057	24971	24988
188	3.121638	0.030210	0.470000	-0.080000	2.450000	0.118000	-0.060000	-0.020000	30047	29992	30245	25059	24970	24990
189	3.121723	0.000084	1.130000	-0.110000	2.710000	0.118000	-0.060000	-0.020000	30113	29989	30271	25059	24970	24990
190	3.150517	0.028794	1.130000	-0.110000	2.710000	0.120000	-0.012000	-0.018000	30113	29989	30271	25060	24994	24991
191	3.150586	0.000069	1.120000	-0.040000	2.720000	0.120000	-0.012000	-0.018000	30112	29996	30272	25060	24994	24991
192	3.178319	0.027734	1.120000	-0.040000	2.720000	0.114000	-0.016000	-0.018000	30112	29996	30272	25057	24992	24991
193	3.178384	0.000065	0.970000	-0.570000	2.750000	0.114000	-0.016000	-0.018000	30097	29943	30275	25057	24992	24991
194	3.204914	0.026530	0.970000	-0.570000	2.750000	0.156000	-0.042000	-0.012000	30097	29943	30275	25078	24979	24994
195	3.204986	0.000072	0.710000	-0.410000	2.750000	0.156000	-0.042000	-0.012000	30071	29959	30275	25078	24979	24994
196	3.237157	0.032171	0.710000	-0.410000	2.750000	0.126000	-0.066000	-0.012000	30071	29959	30275	25063	24967	24994
197	3.237225	0.000069	0.720000	-0.480000	2.740000	0.126000	-0.066000	-0.012000	30072	29952	30274	25063	24967	24994
198	3.265731	0.028506	0.720000	-0.480000	2.740000	0.132000	-0.062000	-0.012000	30072	29952	30274	25066	24969	24994
199	3.265837	0.000106	0.990000	0.490000	2.690000	0.132000	-0.062000	-0.012000	30099	30049	30269	25066	24969	24994
200	3.292618	0.026781	0.990000	0.490000	2.690000	0.058000	-0.016000	-0.022000	30099	30049	30269	25029	24992	24989
201	3.292760	0.000142	0.790000	0.560000	2.150000	0.058000	-0.016000	-0.022000	30079	30056	30215	25029	24992	24989
202	3.321406	0.028646	0.790000	0.560000	2.150000	0.056000	-0.034000	-0.022000	30079	30056	30215	25028	24983	24989
203	3.321481	0.000075	0.790000	0.560000	2.150000	0.056000	-0.034000	-0.022000	30079	30056	30215	25028	24983	24989
204	3.354409	0.032928	0.790000	0.560000	2.150000	0.056000	-0.034000	-0.022000	30079	30056	30215	25028	24983	24989
205	3.354515	0.000106	0.700000	0.270000	2.110000	0.056000	-0.034000	-0.022000	30070	30027	30211	25028	24983	24989
206	3.389239	0.034724	0.700000	0.270000	2.110000	0.066000	-0.052000	-0.032000	30070	30027	30211	25033	24974	24984
207	3.389331	0.000092	1.080000	0.150000	2.930000	0.066000	-0.052000	-0.032000	30108	30015	30293	25033	24974	24984
208	3.421820	0.032488	1.080000	0.150000	2.930000	0.054000	-0.018000	-0.020000	30108	30015	30293	25027	24991	24990
209	3.421951	0.000132	1.090000	0.080000	2.920000	0.054000	-0.018000	-0.020000	30109	30008	30292	25027	24991	24990
210	3.448905	0.026954	1.090000	0.080000	2.920000	0.060000	-0.014000	-0.020000	30109	30008	30292	25030	24993	24990
211	3.448969	0.000064	1.070000	-0.110000	3.000000	0.060000	-0.014000	-0.020000	30107	29989	30300	25030	24993	24990
212	3.475575	0.026606	1.070000	-0.110000	3.000000	0.088000	-0.018000	-0.004000	30107	29989	30300	25044	24991	24998
213	3.475653	0.000079	1.190000	-0.040000	2.160000	0.088000	-0.018000	-0.004000	30119	29996	30216	25044	24991	24998
214	3.503540	0.027886	1.190000	-0.040000	2.160000	0.102000	-0.018000	-0.004000	30119	29996	30216	25051	24991	24998
215	3.503610	0.000070	1.190000	-0.040000	2.160000	0.102000	-0.018000	-0.004000	30119	29996	30216	25051	24991	24998
216	3.532555	0.028945	1.190000	-0.040000	2.160000	0.102000	-0.018000	-0.004000	30119	29996	30216	25051	24991	24998
217	3.532633	0.000078	0.930000	-0.900000	2.120000	0.102000	-0.018000	-0.004000	30093	29910	30212	25051	24991	24998
218	3.559063	0.026430	0.930000	-0.900000	2.120000	0.154000	-0.066000	-0.012000	30093	29910	30212	25077	24967	24994
219	3.559138	0.000075	0.880000	-0.840000	1.820000	0.154000	-0.066000	-0.012000	30088	29916	30182	25077	24967	24994
220	3.589516	0.030378	0.880000	-0.840000	1.820000	0.144000	-0.068000	-0.016000	30088	29916	30182	25072	24966	24992
221	3.589587	0.000071	0.870000	-0.660000	1.840000	0.144000	-0.068000	-0.016000	30087	29934	30184	25072	24966	24992
222	3.618468	0.028881	0.870000	-0.660000	1.840000	0.128000	-0.074000	-0.012000	30087	29934	30184	25064	24963	24994
223	3.618546	0.000077	1.160000	0.380000	1.790000	0.128000	-0.074000	-0.012000	30116	30038	30179	25064	24963	24994
224	3.654357	0.035811	1.160000	0.380000	1.790000	0.048000	-0.024000	-0.020000	30116	30038	30179	25024	24988	24990
225	3.654430	0.000073	0.920000	0.240000	2.090000	0.048000	-0.024000	-0.020000	30092	30024	30209	25024	24988	24990
226	3.684360	0.029930	0.920000	0.240000	2.090000	0.076000	-0.034000	-0.026000	30092	30024	30209	25038	24983	24987
227	3.684440	0.000080	0.920000	0.130000	2.080000	0.076000	-0.034000	-0.026000	30092	30013	30208	25038	24983	24987
228	3.712622	0.028182	0.920000	0.130000	2.080000	0.086000	-0.032000	-0.028000	30092	30013	30208	25043	24984	24986
229	3.712693	0.000071	0.800000	-0.290000	2.100000	0.086000	-0.032000	-0.028000	30080	29971	30210	25043	24984	24986
230	3.744906	0.032213	0.800000	-0.290000	2.100000	0.118000	-0.052000	-0.024000	30080	29971	30210	25059	24974	24988
231	3.744978	0.000071	0.800000	-0.290000	2.400000	0.118000	-0.052000	-0.024000	30080	29971	30240	25059	24974	24988
232	3.772590	0.027612	0.800000	-0.290000	2.400000	0.120000	-0.052000	-0.026000	30080	29971	30240	25060	24974	24987
233	3.772670	0.000080	0.820000	-0.330000	2.390000	0.120000	-0.052000	-0.026000	30082	29967	30239	25060	24974	24987
234	3.799433	0.026764	0.820000	-0.330000	2.390000	0.122000	-0.048000	-0.026000	30082	29967	30239	25061	24976	24987
235	3.799523	0.000090	0.760000	-0.560000	2.410000	0.122000	-0.048000	-0.026000	30076	29944	30241	25061	24976	24987
236	3.828839	0.029316	0.760000	-0.560000	2.410000	0.142000	-0.058000	-0.022000	30076	29944	30241	25071	24971	24989
237	3.828914	0.000075	0.680000	-0.150000	1.880000	0.142000	-0.058000	-0.022000	30068	29985	30188	25071	24971	24989
238	3.858350	0.029435	0.680000	-0.150000	1.880000	0.122000	-0.048000	-0.016000	30068	29985	30188	25061	24976	24992
239	3.858473	0.000123	0.680000	-0.150000	1.880000	0.122000	-0.048000	-0.016000	30068	29985	30188	25061	24976	24992
240	3.887549	0.029076	0.680000	-0.150000	1.880000	0.122000	-0.048000	-0.016000	30068	29985	30188	25061	24976	24992
241	3.887649	0.000099	0.710000	-0.040000	1.870000	0.122000	-0.048000	-0.016000	30071	29996	30187	25061	24976	24992
242	3.923458	0.035810	0.710000	-0.040000	1.870000	0.112000	-0.044000	-0.018000	30071	29996	30187	25056	24978	24991
243	3.923556	0.000098	0.990000	-0.150000	2.130000	0.112000	-0.044000	-0.018000	30099	29985	30213	25056	24978	24991
244	3.961076	0.037520	0.990000	-0.150000	2.130000	0.110000	-0.034000	-0.018000	30099	29985	30213	25055	24983	24991
245	3.961183	0.000107	0.890000	-0.010000	2.130000	0.110000	-0.034000	-0.018000	30089	29999	30213	25055	24983	24991
246	3.992458	0.031275	0.890000	-0.010000	2.130000	0.088000	-0.044000	-0.014000	30089	29999	30213	25044	24978	24993
247	3.992542	0.000085	0.950000	0.230000	2.110000	0.088000	-0.044000	-0.014000	30095	30023	30211	25044	24978	24993
248	4.022038	0.029496	0.950000	0.230000	2.110000	0.070000	-0.032000	-0.018000	30095	30023	30211	25035	24984	24991
249	4.022133	0.000095	1.030000	0.230000	1.820000	0.070000	-0.032000	-0.018000	30103	30023	30182	25035	24984	24991
250	4.049347	0.027215	1.030000	0.230000	1.820000	0.062000	-0.032000	-0.022000	30103	30023	30182	25031	24984	24989
251	4.049459	0.000112	0.940000	0.220000	1.810000	0.062000	-0.032000	-0.022000	30094	30022	30181	25031	24984	24989
252	4.076264	0.026804	0.940000	0.220000	1.810000	0.060000	-0.040000	-0.024000	30094	30022	30181	25030	24980	24988
253	4.076350	0.000086	0.780000	-0.360000	1.850000	0.060000	-0.040000	-0.024000	30078	29964	30185	25030	24980	24988
254	4.109204	0.032855	0.780000	-0.360000	1.850000	0.106000	-0.068000	-0.016000	30078	29964	30185	25053	24966	24992
255	4.109267	0.000063	0.800000	-0.230000	1.870000	0.106000	-0.068000	-0.016000	30080	29977	30187	25053	24966	24992
256	4.137113	0.027845	0.800000	-0.230000	1.870000	0.088000	-0.068000	-0.006000	30080	29977	30187	25044	24966	24997
257	4.137177	0.000064	0.930000	-0.350000	2.440000	0.088000	-0.068000	-0.006000	30093	29965	30244	25044	24966	24997
258	4.165160	0.027983	0.930000	-0.350000	2.440000	0.102000	-0.054000	-0.006000	30093	29965	30244	25051	24973	24997
259	4.165245	0.000085	0.990000	-0.120000	2.420000	0.102000	-0.054000	-0.006000	30099	29988	30242	25051	24973	24997
260	4.197355	0.032110	0.990000	-0.120000	2.420000	0.082000	-0.042000	-0.008000	30099	29988	30242	25041	24979	24996
261	4.197468	0.000113	1.000000	-0.270000	2.400000	0.082000	-0.042000	-0.008000	30100	29973	30240	25041	24979	24996
262	4.224874	0.027406	1.000000	-0.270000	2.400000	0.094000	-0.046000	-0.018000	30100	29973	30240	25047	24977	24991
263	4.225062	0.000188	1.140000	-0.490000	2.400000	0.094000	-0.046000	-0.018000	30114	29951	30240	25047	24977	24991
264	4.253361	0.028299	1.140000	-0.490000	2.400000	0.122000	-0.028000	-0.020000	30114	29951	30240	25061	24986	24990
265	4.253542	0.000181	1.200000	-0.270000	2.380000	0.122000	-0.028000	-0.020000	30120	29973	30238	25061	24986	24990
266	4.280129	0.026587	1.200000	-0.270000	2.380000	0.102000	-0.018000	-0.024000	30120	29973	30238	25051	24991	24988
267	4.280188	0.000059	1.380000	-0.080000	2.390000	0.102000	-0.018000	-0.024000	30138	29992	30239	25051	24991	24988
268	4.309268	0.029080	1.380000	-0.080000	2.390000	0.088000	-0.002000	-0.016000	30138	29992	30239	25044	24999	24992
269	4.309360	0.000092	1.370000	-0.030000	2.960000	0.088000	-0.002000	-0.016000	30137	29997	30296	25044	24999	24992
270	4.340318	0.030958	1.370000	-0.030000	2.960000	0.080000	-0.008000	-0.018000	30137	29997	30296	25040	24996	24991
271	4.340450	0.000132	1.300000	0.500000	2.990000	0.080000	-0.008000	-0.018000	30130	30050	30299	25040	24996	24991
272	4.372858	0.032408	1.300000	0.500000	2.990000	0.034000	-0.032000	-0.012000	30130	30050	30299	25017	24984	24994
273	4.372955	0.000097	0.950000	0.490000	3.010000	0.034000	-0.032000	-0.012000	30095	30049	30301	25017	24984	24994
274	4.401143	0.028188	0.950000	0.490000	3.010000	0.052000	-0.044000	-0.024000	30095	30049	30301	25026	24978	24988
275	4.401231	0.000088	0.880000	0.580000	2.160000	0.052000	-0.044000	-0.024000	30088	30058	30216	25026	24978	24988
276	4.426879	0.025648	0.880000	0.580000	2.160000	0.046000	-0.054000	-0.024000	30088	30058	30216	25023	24973	24988
277	4.426947	0.000068	0.870000	-0.040000	2.160000	0.046000	-0.054000	-0.024000	30087	29996	30216	25023	24973	24988
278	4.461756	0.034809	0.870000	-0.040000	2.160000	0.100000	-0.046000	-0.024000	30087	29996	30216	25050	24977	24988
279	4.461952	0.000196	0.460000	-0.400000	2.650000	0.100000	-0.046000	-0.024000	30046	29960	30265	25050	24977	24988
280	4.489164	0.027212	0.410000	-0.800000	2.380000	0.100000	-0.046000	-0.024000	30041	29920	30238	25050	24977	24988
281	4.519606	0.030442	0.330000	-0.600000	2.360000	0.100000	-0.046000	-0.024000	30033	29940	30236	25050	24977	24988
282	4.546114	0.026508	0.230000	-0.440000	2.730000	0.100000	-0.046000	-0.024000	30023	29956	30273	25050	24977	24988
283	4.579364	0.033250	0.230000	-0.440000	2.730000	0.120000	-0.116000	-0.006000	30023	29956	30273	25060	24942	24997
284	4.579530	0.000167	1.030000	0.070000	2.100000	0.120000	-0.116000	-0.006000	30103	30007	30210	25060	24942	24997
285	4.607827	0.028297	1.030000	0.070000	2.100000	0.068000	-0.034000	-0.016000	30103	30007	30210	25034	24983	24992
286	4.607907	0.000081	0.950000	-0.240000	2.720000	0.068000	-0.034000	-0.016000	30095	29976	30272	25034	24983	24992
287	4.636057	0.028150	0.950000	-0.240000	2.720000	0.104000	-0.056000	-0.012000	30095	29976	30272	25052	24972	24994
288	4.636152	0.000095	0.950000	-0.240000	2.720000	0.096000	-0.052000	-0.016000	30095	29976	30272	25048	24974	24992
289	4.636174	0.000022	0.580000	-0.020000	2.430000	0.096000	-0.052000	-0.016000	30058	29998	30243	25048	24974	24992
290	4.671234	0.035060	0.690000	-0.050000	3.020000	0.096000	-0.052000	-0.016000	30069	29995	30302	25048	24974	24992
291	4.698422	0.027188	0.690000	-0.050000	3.020000	0.094000	-0.056000	-0.006000	30069	29995	30302	25047	24972	24997
292	4.698513	0.000091	0.530000	-0.450000	2.420000	0.094000	-0.056000	-0.006000	30053	29955	30242	25047	24972	24997
293	4.731083	0.032571	0.530000	-0.450000	2.420000	0.116000	-0.082000	-0.008000	30053	29955	30242	25058	24959	24996
294	4.731165	0.000081	0.590000	-0.560000	2.420000	0.116000	-0.082000	-0.008000	30059	29944	30242	25058	24959	24996
295	4.759112	0.027947	0.590000	-0.560000	2.420000	0.152000	-0.064000	-0.028000	30059	29944	30242	25076	24968	24986
296	4.759217	0.000106	1.050000	0.570000	1.840000	0.152000	-0.064000	-0.028000	30105	30057	30184	25076	24968	24986
297	4.788029	0.028812	0.370000	0.370000	1.830000	0.152000	-0.064000	-0.028000	30037	30037	30183	25076	24968	24986
298	4.817785	0.029756	1.070000	-0.280000	2.170000	0.152000	-0.064000	-0.028000	30107	29972	30217	25076	24968	24986
299	4.851739	0.033954	1.070000	-0.280000	2.170000	0.114000	-0.040000	-0.018000	30107	29972	30217	25057	24980	24991
300	4.851904	0.000165	1.070000	-0.280000	2.170000	0.096000	-0.050000	-0.006000	30107	29972	30217	25048	24975	24997
301	4.851970	0.000065	0.690000	-0.160000	2.690000	0.096000	-0.050000	-0.006000	30069	29984	30269	25048	24975	24997
302	4.889154	0.037184	0.630000	0.020000	2.110000	0.096000	-0.050000	-0.006000	30063	30002	30211	25048	24975	24997
303	4.919606	0.030452	0.630000	0.020000	2.110000	0.092000	-0.054000	-0.012000	30063	30002	30211	25046	24973	24994
304	4.919670	0.000064	0.630000	0.020000	3.280000	0.092000	-0.054000	-0.012000	30063	30002	30328	25046	24973	24994
305	4.947377	0.027707	0.630000	0.020000	3.280000	0.068000	-0.060000	-0.026000	30063	30002	30328	25034	24970	24987
306	4.947456	0.000079	0.760000	0.120000	2.380000	0.068000	-0.060000	-0.026000	30076	30012	30238	25034	24970	24987
307	4.979908	0.032452	0.760000	0.120000	2.380000	0.076000	-0.026000	-0.026000	30076	30012	30238	25038	24987	24987
308	4.979988	0.000079	0.600000	-0.120000	2.700000	0.076000	-0.026000	-0.026000	30060	29988	30270	25038	24987	24987
309	5.010183	0.030195	0.600000	-0.120000	2.700000	0.090000	-0.070000	-0.024000	30060	29988	30270	25045	24965	24988
310	5.010264	0.000081	0.640000	0.490000	3.030000	0.090000	-0.070000	-0.024000	30064	30049	30303	25045	24965	24988
311	5.037164	0.026901	0.640000	0.490000	3.030000	0.044000	-0.072000	-0.016000	30064	30049	30303	25022	24964	24992
312	5.037222	0.000057	1.020000	-0.190000	1.860000	0.044000	-0.072000	-0.016000	30102	29981	30186	25022	24964	24992
313	5.062535	0.025314	1.080000	-0.140000	1.860000	0.044000	-0.072000	-0.016000	30108	29986	30186	25022	24964	24992
314	5.088938	0.026402	0.790000	0.170000	2.380000	0.044000	-0.072000	-0.016000	30079	30017	30238	25022	24964	24992
315	5.117465	0.028528	0.790000	0.170000	2.380000	0.076000	-0.028000	-0.016000	30079	30017	30238	25038	24986	24992
316	5.117536	0.000070	1.050000	-0.360000	2.440000	0.076000	-0.028000	-0.016000	30105	29964	30244	25038	24986	24992
317	5.149150	0.031615	1.200000	0.180000	2.410000	0.076000	-0.028000	-0.016000	30120	30018	30241	25038	24986	24992
318	5.179353	0.030202	-0.220000	-0.520000	2.440000	0.076000	-0.028000	-0.016000	29978	29948	30244	25038	24986	24992
319	5.211347	0.031994	-0.220000	-0.520000	2.440000	0.156000	-0.112000	-0.008000	29978	29948	30244	25078	24944	24996
320	5.211411	0.000064	0.120000	-0.650000	2.380000	0.156000	-0.112000	-0.008000	30012	29935	30238	25078	24944	24996
321	5.270008	0.058597	0.120000	-0.650000	2.380000	0.148000	-0.098000	-0.004000	30012	29935	30238	25074	24951	24998
322	5.270145	0.000137	0.300000	-0.350000	3.010000	0.148000	-0.098000	-0.004000	30030	29965	30301	25074	24951	24998
323	5.304996	0.034851	0.300000	-0.350000	3.010000	0.106000	-0.090000	-0.018000	30030	29965	30301	25053	24955	24991
324	5.305063	0.000067	0.060000	-1.110000	2.430000	0.106000	-0.090000	-0.018000	30006	29889	30243	25053	24955	24991
325	5.333111	0.028048	0.060000	-1.110000	2.430000	0.210000	-0.104000	-0.006000	30006	29889	30243	25105	24948	24997
326	5.333251	0.000140	0.150000	-0.750000	2.130000	0.210000	-0.104000	-0.006000	30015	29925	30213	25105	24948	24997
327	5.368311	0.035060	0.150000	-0.750000	2.130000	0.174000	-0.088000	-0.010000	30015	29925	30213	25087	24956	24995
328	5.368394	0.000083	0.670000	-0.300000	2.430000	0.174000	-0.088000	-0.010000	30067	29970	30243	25087	24956	24995
329	5.399257	0.030863	0.670000	-0.300000	2.430000	0.096000	-0.070000	-0.026000	30067	29970	30243	25048	24965	24987
330	5.399364	0.000107	0.620000	0.080000	2.690000	0.096000	-0.070000	-0.026000	30062	30008	30269	25048	24965	24987
331	5.428544	0.029180	0.620000	0.080000	2.690000	0.058000	-0.076000	-0.014000	30062	30008	30269	25029	24962	24993
332	5.428624	0.000080	0.900000	-0.240000	2.400000	0.058000	-0.076000	-0.014000	30090	29976	30240	25029	24962	24993
333	5.462555	0.033931	0.900000	-0.240000	2.400000	0.122000	-0.032000	-0.016000	30090	29976	30240	25061	24984	24992
334	5.462630	0.000075	0.570000	-0.510000	2.750000	0.122000	-0.032000	-0.016000	30057	29949	30275	25061	24984	24992
335	5.494701	0.032071	0.570000	-0.510000	2.750000	0.132000	-0.064000	0.000000	30057	29949	30275	25066	24968	25000
336	5.494777	0.000076	0.940000	-0.240000	2.700000	0.132000	-0.064000	0.000000	30094	29976	30270	25066	24968	25000
337	5.527575	0.032798	0.940000	-0.240000	2.700000	0.096000	-0.046000	-0.012000	30094	29976	30270	25048	24977	24994
338	5.527673	0.000097	0.940000	-0.240000	2.700000	0.118000	-0.030000	-0.014000	30094	29976	30270	25059	24985	24993
339	5.527720	0.000048	0.420000	-0.540000	2.160000	0.118000	-0.030000	-0.014000	30042	29946	30216	25059	24985	24993
340	5.560479	0.032759	0.530000	-0.100000	2.730000	0.118000	-0.030000	-0.014000	30053	29990	30273	25059	24985	24993
341	5.592402	0.031922	0.530000	-0.260000	3.000000	0.118000	-0.030000	-0.014000	30053	29974	30300	25059	24985	24993
342	5.621249	0.028848	0.910000	-0.110000	2.120000	0.118000	-0.030000	-0.014000	30091	29989	30212	25059	24985	24993
343	5.651213	0.029963	0.910000	-0.110000	2.120000	0.086000	-0.040000	-0.014000	30091	29989	30212	25043	24980	24993
344	5.651328	0.000115	1.100000	0.020000	2.170000	0.086000	-0.040000	-0.014000	30110	30002	30217	25043	24980	24993
345	5.685572	0.034244	1.100000	0.020000	2.170000	0.118000	-0.034000	-0.026000	30110	30002	30217	25059	24983	24987
346	5.685653	0.000081	0.820000	-0.240000	2.710000	0.118000	-0.034000	-0.026000	30082	29976	30271	25059	24983	24987
347	5.724094	0.038441	0.820000	-0.240000	2.710000	0.124000	-0.042000	-0.020000	30082	29976	30271	25062	24979	24990
348	5.724195	0.000101	0.690000	-0.630000	2.160000	0.124000	-0.042000	-0.020000	30069	29937	30216	25062	24979	24990
349	5.754820	0.030625	0.690000	-0.630000	2.160000	0.144000	-0.060000	-0.010000	30069	29937	30216	25072	24970	24995
350	5.754901	0.000081	0.730000	-0.590000	2.720000	0.144000	-0.060000	-0.010000	30073	29941	30272	25072	24970	24995
351	5.786461	0.031560	0.730000	-0.590000	2.720000	0.150000	-0.060000	-0.008000	30073	29941	30272	25075	24970	24996
352	5.786657	0.000196	0.320000	-0.600000	1.830000	0.150000	-0.060000	-0.008000	30032	29940	30183	25075	24970	24996
353	5.815609	0.028952	0.320000	-0.600000	1.830000	0.148000	-0.078000	-0.020000	30032	29940	30183	25074	24961	24990
354	5.815675	0.000066	0.460000	0.630000	2.700000	0.148000	-0.078000	-0.020000	30046	30063	30270	25074	24961	24990
355	5.844354	0.028679	0.460000	0.630000	2.700000	0.024000	-0.068000	-0.020000	30046	30063	30270	25012	24966	24990
356	5.844467	0.000113	0.320000	-0.370000	2.730000	0.024000	-0.068000	-0.020000	30032	29963	30273	25012	24966	24990
357	5.871192	0.026725	0.340000	-0.410000	2.430000	0.024000	-0.068000	-0.020000	30034	29959	30243	25012	24966	24990
358	5.899361	0.028169	0.550000	0.340000	2.680000	0.024000	-0.068000	-0.020000	30055	30034	30268	25012	24966	24990
359	5.933098	0.033737	0.550000	0.340000	2.680000	0.048000	-0.060000	-0.014000	30055	30034	30268	25024	24970	24993
360	5.933170	0.000072	0.650000	-0.480000	1.300000	0.048000	-0.060000	-0.014000	30065	29952	30130	25024	24970	24993
361	5.962173	0.029003	0.740000	-0.340000	1.320000	0.048000	-0.060000	-0.014000	30074	29966	30132	25024	24970	24993
362	5.989134	0.026961	1.120000	0.810000	2.380000	0.048000	-0.060000	-0.014000	30112	30081	30238	25024	24970	24993
363	6.020939	0.031805	1.120000	0.810000	2.380000	0.020000	-0.010000	-0.028000	30112	30081	30238	25010	24995	24986
364	6.021013	0.000074	1.120000	0.810000	2.380000	0.120000	-0.036000	-0.012000	30112	30081	30238	25060	24982	24994
365	6.021034	0.000020	0.650000	-0.360000	2.400000	0.120000	-0.036000	-0.012000	30065	29964	30240	25060	24982	24994
366	6.051656	0.030622	0.590000	0.170000	2.160000	0.120000	-0.036000	-0.012000	30059	30017	30216	25060	24982	24994
367	6.083141	0.031486	0.590000	0.170000	2.160000	0.084000	-0.060000	-0.016000	30059	30017	30216	25042	24970	24992
368	6.083203	0.000062	1.020000	-0.280000	1.010000	0.084000	-0.060000	-0.016000	30102	29972	30101	25042	24970	24992
369	6.113423	0.030220	1.020000	-0.280000	1.010000	0.112000	-0.032000	-0.010000	30102	29972	30101	25056	24984	24995
370	6.113506	0.000083	0.790000	-0.360000	3.030000	0.112000	-0.032000	-0.010000	30079	29964	30303	25056	24984	24995
371	6.148430	0.034924	0.790000	-0.360000	3.030000	0.126000	-0.054000	-0.002000	30079	29964	30303	25063	24973	24999
372	6.148503	0.000073	0.790000	-0.360000	3.030000	0.134000	-0.066000	0.004000	30079	29964	30303	25067	24967	25002
373	6.148524	0.000021	0.750000	-0.480000	2.170000	0.134000	-0.066000	0.004000	30075	29952	30217	25067	24967	25002
374	6.179534	0.031010	0.370000	-0.620000	1.880000	0.134000	-0.066000	0.004000	30037	29938	30188	25067	24967	25002
375	6.212444	0.032910	0.370000	-0.620000	1.880000	0.156000	-0.084000	-0.010000	30037	29938	30188	25078	24958	24995
376	6.212515	0.000071	0.780000	0.100000	1.540000	0.156000	-0.084000	-0.010000	30078	30010	30154	25078	24958	24995
377	6.243570	0.031055	0.780000	0.100000	1.540000	0.074000	-0.044000	-0.022000	30078	30010	30154	25037	24978	24989
378	6.243638	0.000067	0.970000	-0.420000	2.170000	0.074000	-0.044000	-0.022000	30097	29958	30217	25037	24978	24989
379	6.273705	0.030068	0.970000	-0.420000	2.170000	0.132000	-0.044000	-0.006000	30097	29958	30217	25066	24978	24997
380	6.273770	0.000064	0.440000	0.220000	0.780000	0.132000	-0.044000	-0.006000	30044	30022	30078	25066	24978	24997
381	6.300779	0.027010	0.440000	0.220000	0.780000	-0.014000	0.038000	-0.008000	30044	30022	30078	24993	25019	24996
382	6.300873	0.000093	0.040000	-0.080000	0.800000	-0.014000	0.038000	-0.008000	30004	29992	30080	24993	25019	24996
383	6.329339	0.028467	0.040000	-0.080000	0.800000	0.002000	-0.004000	0.000000	30004	29992	30080	25001	24998	25000
384	6.329467	0.000127	0.060000	-0.120000	0.800000	0.002000	-0.004000	0.000000	30006	29988	30080	25001	24998	25000
385	6.361265	0.031798	0.060000	-0.120000	0.800000	0.006000	0.000000	0.002000	30006	29988	30080	25003	25000	25001
386	6.361364	0.000100	0.060000	-0.120000	0.800000	0.006000	0.000000	0.002000	30006	29988	30080	25003	25000	25001
387	6.390720	0.029355	0.060000	-0.120000	0.800000	0.006000	0.000000	0.002000	30006	29988	30080	25003	25000	25001
388	6.390799	0.000079	0.380000	0.100000	0.250000	0.006000	0.000000	0.002000	30038	30010	30025	25003	25000	25001
389	6.421265	0.030467	0.380000	0.100000	0.250000	-0.008000	0.024000	0.012000	30038	30010	30025	24996	25012	25006
390	6.421386	0.000121	0.400000	-0.050000	0.240000	-0.008000	0.024000	0.012000	30040	29995	30024	24996	25012	25006
391	6.458292	0.036906	0.400000	-0.050000	0.240000	0.004000	0.032000	0.010000	30040	29995	30024	25002	25016	25005
392	6.458395	0.000104	0.400000	-0.050000	0.240000	0.004000	0.032000	0.010000	30040	29995	30024	25002	25016	25005
393	6.494067	0.035671	0.400000	-0.050000	0.240000	0.004000	0.032000	0.010000	30040	29995	30024	25002	25016	25005
394	6.494140	0.000073	1.020000	0.680000	-0.080000	0.004000	0.032000	0.010000	30102	30068	29992	25002	25016	25005
395	6.522661	0.028521	1.020000	0.680000	-0.080000	-0.040000	0.094000	-0.004000	30102	30068	29992	24980	25047	24998
396	6.522831	0.000170	0.860000	0.770000	-0.070000	-0.040000	0.094000	-0.004000	30086	30077	29993	24980	25047	24998
397	6.553914	0.031082	0.860000	0.770000	-0.070000	-0.042000	0.080000	-0.008000	30086	30077	29993	24979	25040	24996
398	6.553995	0.000081	0.860000	0.770000	-0.070000	-0.042000	0.080000	-0.008000	30086	30077	29993	24979	25040	24996
399	6.581639	0.027644	0.860000	0.770000	-0.070000	-0.042000	0.080000	-0.008000	30086	30077	29993	24979	25040	24996
400	6.581721	0.000083	0.080000	0.080000	0.270000	-0.042000	0.080000	-0.008000	30008	30008	30027	24979	25040	24996
401	6.610058	0.028336	0.080000	0.080000	0.270000	0.002000	0.010000	0.008000	30008	30008	30027	25001	25005	25004
402	6.610122	0.000064	-0.080000	0.000000	0.270000	0.002000	0.010000	0.008000	29992	30000	30027	25001	25005	25004
403	6.639934	0.029812	-0.080000	0.000000	0.270000	0.016000	0.006000	0.004000	29992	30000	30027	25008	25003	25002
404	6.640035	0.000101	-0.080000	0.000000	0.270000	0.016000	0.006000	0.004000	29992	30000	30027	25008	25003	25002
405	6.670183	0.030148	-0.080000	0.000000	0.270000	0.016000	0.006000	0.004000	29992	30000	30027	25008	25003	25002
406	6.670243	0.000060	-0.350000	-0.540000	0.230000	0.016000	0.006000	0.004000	29965	29946	30023	25008	25003	25002
407	6.697037	0.026794	-0.350000	-0.540000	0.230000	0.052000	-0.028000	-0.004000	29965	29946	30023	25026	24986	24998
408	6.697105	0.000068	-0.330000	-0.500000	0.230000	0.052000	-0.028000	-0.004000	29967	29950	30023	25026	24986	24998
409	6.726969	0.029864	-0.330000	-0.500000	0.230000	0.042000	-0.030000	-0.002000	29967	29950	30023	25021	24985	24999
410	6.727031	0.000062	-0.330000	-0.500000	0.230000	0.042000	-0.030000	-0.002000	29967	29950	30023	25021	24985	24999
411	6.754600	0.027569	-0.330000	-0.500000	0.230000	0.042000	-0.030000	-0.002000	29967	29950	30023	25021	24985	24999
412	6.754677	0.000078	0.520000	0.580000	0.780000	0.042000	-0.030000	-0.002000	30052	30058	30078	25021	24985	24999
413	6.781240	0.026563	0.520000	0.580000	0.780000	-0.054000	0.048000	-0.014000	30052	30058	30078	24973	25024	24993
414	6.781344	0.000103	0.390000	0.380000	0.760000	-0.054000	0.048000	-0.014000	30039	30038	30076	24973	25024	24993
415	6.819137	0.037794	0.390000	0.380000	0.760000	-0.042000	0.048000	-0.016000	30039	30038	30076	24979	25024	24992
416	6.819220	0.000083	0.390000	0.380000	0.760000	-0.042000	0.048000	-0.016000	30039	30038	30076	24979	25024	24992
417	6.845225	0.026005	0.390000	0.380000	0.760000	-0.042000	0.048000	-0.016000	30039	30038	30076	24979	25024	24992
418	6.845290	0.000065	-0.430000	-0.490000	0.190000	-0.042000	0.048000	-0.016000	29957	29951	30019	24979	25024	24992
419	6.876717	0.031427	-0.430000	-0.490000	0.190000	0.046000	-0.016000	-0.002000	29957	29951	30019	25023	24992	24999
420	6.876793	0.000076	-0.460000	-0.620000	0.190000	0.046000	-0.016000	-0.002000	29954	29938	30019	25023	24992	24999
421	6.904161	0.027367	-0.460000	-0.620000	0.190000	0.060000	-0.012000	-0.004000	29954	29938	30019	25030	24994	24998
422	6.904225	0.000065	-0.460000	-0.620000	0.190000	0.060000	-0.012000	-0.004000	29954	29938	30019	25030	24994	24998
423	6.932817	0.028592	-0.460000	-0.620000	0.190000	0.060000	-0.012000	-0.004000	29954	29938	30019	25030	24994	24998
424	6.932903	0.000086	-0.180000	-0.640000	-0.080000	0.060000	-0.012000	-0.004000	29982	29936	29992	25030	24994	24998
425	6.967280	0.034377	-0.180000	-0.640000	-0.080000	0.048000	-0.004000	-0.008000	29982	29936	29992	25024	24998	24996
426	6.967348	0.000069	0.020000	-0.070000	-0.040000	0.048000	-0.004000	-0.008000	30002	29993	29996	25024	24998	24996
427	6.997165	0.029817	0.020000	-0.070000	-0.040000	0.010000	0.002000	0.000000	30002	29993	29996	25005	25001	25000
428	6.997239	0.000074	0.020000	-0.070000	-0.040000	0.010000	0.002000	0.000000	30002	29993	29996	25005	25001	25000
429	7.033196	0.035957	0.020000	-0.070000	-0.040000	0.010000	0.002000	0.000000	30002	29993	29996	25005	25001	25000
430	7.033286	0.000090	0.160000	-0.160000	0.810000	0.010000	0.002000	0.000000	30016	29984	30081	25005	25001	25000
431	7.066900	0.033614	0.160000	-0.160000	0.810000	0.010000	0.008000	-0.002000	30016	29984	30081	25005	25004	24999
432	7.066999	0.000098	0.550000	-0.190000	0.830000	0.010000	0.008000	-0.002000	30055	29981	30083	25005	25004	24999
433	7.100496	0.033498	0.550000	-0.190000	0.830000	0.030000	0.046000	0.000000	30055	29981	30083	25015	25023	25000
434	7.100580	0.000083	0.420000	1.000000	0.480000	0.030000	0.046000	0.000000	30042	30100	30048	25015	25023	25000
435	7.134818	0.034238	0.420000	1.000000	0.480000	-0.080000	0.050000	-0.010000	30042	30100	30048	24960	25025	24995
436	7.134910	0.000092	0.150000	-0.390000	-0.860000	-0.080000	0.050000	-0.010000	30015	29961	29914	24960	25025	24995
437	7.165364	0.030454	0.150000	-0.390000	-0.860000	0.052000	0.006000	-0.010000	30015	29961	29914	25026	25003	24995
438	7.165443	0.000079	0.080000	-0.740000	-0.040000	0.052000	0.006000	-0.010000	30008	29926	29996	25026	25003	24995
439	7.196622	0.031179	0.080000	-0.740000	-0.040000	0.092000	0.024000	0.002000	30008	29926	29996	25046	25012	25001
440	7.196793	0.000171	0.080000	-0.740000	-0.040000	-0.016000	0.040000	0.000000	30008	29926	29996	24992	25020	25000
441	7.196848	0.000056	0.380000	-0.210000	0.180000	-0.016000	0.040000	0.000000	30038	29979	30018	24992	25020	25000
442	7.229075	0.032226	-0.030000	0.220000	0.170000	-0.016000	0.040000	0.000000	29997	30022	30017	24992	25020	25000
443	7.260147	0.031072	-0.030000	0.220000	0.170000	-0.042000	-0.004000	-0.004000	29997	30022	30017	24979	24998	24998
444	7.260252	0.000105	-0.150000	0.030000	0.500000	-0.042000	-0.004000	-0.004000	29985	30003	30050	24979	24998	24998
445	7.295985	0.035733	-0.150000	0.030000	0.500000	0.004000	0.004000	-0.008000	29985	30003	30050	25002	25002	24996
446	7.296063	0.000078	-0.020000	-0.010000	0.800000	0.004000	0.004000	-0.008000	29998	29999	30080	25002	25002	24996
447	7.325449	0.029386	-0.020000	-0.010000	0.800000	0.010000	0.018000	0.006000	29998	29999	30080	25005	25009	25003
448	7.325544	0.000095	0.700000	0.120000	0.440000	0.010000	0.018000	0.006000	30070	30012	30044	25005	25009	25003
449	7.357265	0.031721	0.700000	0.120000	0.440000	-0.032000	0.062000	-0.006000	30070	30012	30044	24984	25031	24997
450	7.357365	0.000101	-0.230000	0.040000	-0.310000	-0.032000	0.062000	-0.006000	29977	30004	29969	24984	25031	24997
451	7.388196	0.030831	-0.230000	0.040000	-0.310000	-0.008000	-0.022000	0.006000	29977	30004	29969	24996	24989	25003
452	7.388288	0.000092	0.660000	0.750000	-0.100000	-0.008000	-0.022000	0.006000	30066	30075	29990	24996	24989	25003
453	7.420645	0.032357	0.660000	0.750000	-0.100000	-0.064000	0.070000	-0.006000	30066	30075	29990	24968	25035	24997
454	7.420708	0.000064	0.320000	0.520000	-0.290000	-0.064000	0.070000	-0.006000	30032	30052	29971	24968	25035	24997
455	7.450030	0.029321	0.320000	0.520000	-0.290000	-0.050000	0.012000	0.004000	30032	30052	29971	24975	25006	25002
456	7.450094	0.000064	-0.030000	0.490000	0.250000	-0.050000	0.012000	0.004000	29997	30049	30025	24975	25006	25002
457	7.477339	0.027245	-0.030000	0.490000	0.250000	-0.040000	-0.008000	-0.004000	29997	30049	30025	24980	24996	24998
458	7.477407	0.000068	0.370000	0.230000	-0.360000	-0.040000	-0.008000	-0.004000	30037	30023	29964	24980	24996	24998
459	7.504056	0.026649	0.370000	0.230000	-0.360000	-0.026000	0.024000	0.002000	30037	30023	29964	24987	25012	25001
460	7.504119	0.000063	0.370000	0.230000	-0.360000	-0.038000	0.040000	-0.010000	30037	30023	29964	24981	25020	24995
461	7.504135	0.000016	0.080000	0.580000	0.440000	-0.038000	0.040000	-0.010000	30008	30058	30044	24981	25020	24995
462	7.534335	0.030200	0.320000	0.230000	-0.060000	-0.038000	0.040000	-0.010000	30032	30023	29994	24981	25020	24995
463	7.568928	0.034593	0.320000	0.230000	-0.060000	-0.006000	0.028000	-0.006000	30032	30023	29994	24997	25014	24997
464	7.569006	0.000078	0.230000	-0.410000	0.790000	-0.006000	0.028000	-0.006000	30023	29959	30079	24997	25014	24997
465	7.600561	0.031556	0.230000	-0.410000	0.790000	0.012000	0.002000	-0.006000	30023	29959	30079	25006	25001	24997
466	7.600703	0.000142	0.070000	0.000000	-0.010000	0.012000	0.002000	-0.006000	30007	30000	29999	25006	25001	24997
467	7.632437	0.031734	0.070000	0.000000	-0.010000	0.018000	0.010000	-0.004000	30007	30000	29999	25009	25005	24998
468	7.632503	0.000066	0.070000	0.000000	-0.010000	0.010000	-0.002000	-0.004000	30007	30000	29999	25005	24999	24998
469	7.632520	0.000017	-0.010000	0.030000	-0.020000	0.010000	-0.002000	-0.004000	29999	30003	29998	25005	24999	24998
470	7.663694	0.031174	-0.440000	0.150000	-0.850000	0.010000	-0.002000	-0.004000	29956	30015	29915	25005	24999	24998
471	7.692030	0.028336	-0.440000	0.150000	-0.850000	0.002000	-0.018000	-0.010000	29956	30015	29915	25001	24991	24995
472	7.692095	0.000065	0.260000	0.200000	0.210000	0.002000	-0.018000	-0.010000	30026	30020	30021	25001	24991	24995
473	7.724461	0.032366	0.260000	0.200000	0.210000	-0.012000	0.026000	-0.016000	30026	30020	30021	24994	25013	24992
474	7.724530	0.000069	0.650000	0.530000	0.260000	-0.012000	0.026000	-0.016000	30065	30053	30026	24994	25013	24992
475	7.755520	0.030990	0.650000	0.530000	0.260000	-0.060000	0.048000	0.012000	30065	30053	30026	24970	25024	25006
476	7.755611	0.000091	0.260000	0.710000	-0.340000	-0.060000	0.048000	0.012000	30026	30071	29966	24970	25024	25006
477	7.791187	0.035576	0.260000	0.710000	-0.340000	-0.050000	0.026000	0.002000	30026	30071	29966	24975	25013	25001
478	7.791273	0.000087	0.440000	0.140000	0.270000	-0.050000	0.026000	0.002000	30044	30014	30027	24975	25013	25001
479	7.829198	0.037925	0.440000	0.140000	0.270000	0.010000	0.040000	0.006000	30044	30014	30027	25005	25020	25003
480	7.829258	0.000059	0.440000	0.140000	0.270000	-0.004000	0.014000	0.002000	30044	30014	30027	24998	25007	25001
481	7.829275	0.000017	0.180000	-0.170000	-0.040000	-0.004000	0.014000	0.002000	30018	29983	29996	24998	25007	25001
482	7.857579	0.028304	0.310000	-0.380000	0.530000	-0.004000	0.014000	0.002000	30031	29962	30053	24998	25007	25001
483	7.890088	0.032508	0.450000	0.140000	0.520000	-0.004000	0.014000	0.002000	30045	30014	30052	24998	25007	25001
484	7.925344	0.035256	0.260000	0.050000	1.100000	-0.004000	0.014000	0.002000	30026	30005	30110	24998	25007	25001
485	7.958854	0.033510	0.260000	0.050000	1.100000	0.008000	0.040000	-0.012000	30026	30005	30110	25004	25020	24994
486	7.958931	0.000077	0.060000	-0.200000	-0.070000	0.008000	0.040000	-0.012000	30006	29980	29993	25004	25020	24994
487	7.991119	0.032188	0.060000	-0.200000	-0.070000	0.042000	0.018000	-0.002000	30006	29980	29993	25021	25009	24999
488	7.991209	0.000090	0.140000	0.200000	0.800000	0.042000	0.018000	-0.002000	30014	30020	30080	25021	25009	24999
489	8.023080	0.031871	0.140000	0.200000	0.800000	-0.016000	0.020000	-0.016000	30014	30020	30080	24992	25010	24992
490	8.023148	0.000069	0.510000	0.150000	1.320000	-0.016000	0.020000	-0.016000	30051	30015	30132	24992	25010	24992
491	8.052480	0.029331	0.510000	0.150000	1.320000	-0.022000	0.040000	-0.012000	30051	30015	30132	24989	25020	24994
492	8.052564	0.000084	0.240000	0.190000	1.120000	-0.022000	0.040000	-0.012000	30024	30019	30112	24989	25020	24994
493	8.087348	0.034784	0.240000	0.190000	1.120000	-0.012000	0.024000	0.008000	30024	30019	30112	24994	25012	25004
494	8.087425	0.000077	-0.560000	-0.270000	-0.360000	-0.012000	0.024000	0.008000	29944	29973	29964	24994	25012	25004
495	8.117226	0.029801	-0.560000	-0.270000	-0.360000	0.028000	-0.030000	-0.008000	29944	29973	29964	25014	24985	24996
496	8.117301	0.000075	0.070000	-0.830000	0.490000	0.028000	-0.030000	-0.008000	30007	29917	30049	25014	24985	24996
497	8.151375	0.034074	0.070000	-0.830000	0.490000	0.062000	-0.002000	-0.006000	30007	29917	30049	25031	24999	24997
498	8.151453	0.000078	0.090000	-0.260000	0.520000	0.062000	-0.002000	-0.006000	30009	29974	30052	25031	24999	24997
499	8.184025	0.032572	0.090000	-0.260000	0.520000	0.030000	0.006000	0.004000	30009	29974	30052	25015	25003	25002
500	8.184109	0.000084	0.090000	-0.260000	0.520000	-0.012000	0.064000	-0.010000	30009	29974	30052	24994	25032	24995
501	8.184169	0.000060	0.520000	0.430000	-0.050000	-0.012000	0.064000	-0.010000	30052	30043	29995	24994	25032	24995
502	8.221100	0.036931	0.160000	0.200000	-0.590000	-0.012000	0.064000	-0.010000	30016	30020	29941	24994	25032	24995
503	8.254340	0.033240	0.160000	0.200000	-0.590000	0.016000	0.024000	-0.008000	30016	30020	29941	25008	25012	24996
504	8.254430	0.000089	-0.320000	-0.020000	-0.060000	0.016000	0.024000	-0.008000	29968	29998	29994	25008	25012	24996
505	8.284287	0.029858	-0.320000	-0.020000	-0.060000	0.024000	-0.010000	0.004000	29968	29998	29994	25012	24995	25002
506	8.284378	0.000091	0.380000	0.350000	-0.040000	0.024000	-0.010000	0.004000	30038	30035	29996	25012	24995	25002
507	8.317330	0.032952	0.380000	0.350000	-0.040000	-0.004000	0.052000	0.004000	30038	30035	29996	24998	25026	25002
508	8.317433	0.000102	0.030000	-0.310000	0.780000	-0.004000	0.052000	0.004000	30003	29969	30078	24998	25026	25002
509	8.345180	0.027748	0.030000	-0.310000	0.780000	0.032000	0.006000	0.008000	30003	29969	30078	25016	25003	25004
510	8.345272	0.000092	0.250000	0.130000	0.510000	0.032000	0.006000	0.008000	30025	30013	30051	25016	25003	25004
511	8.377708	0.032436	0.250000	0.130000	0.510000	0.004000	0.026000	-0.014000	30025	30013	30051	25002	25013	24993
512	8.377794	0.000086	0.250000	0.130000	0.510000	-0.058000	0.020000	0.006000	30025	30013	30051	24971	25010	25003
513	8.377822	0.000027	0.620000	0.680000	0.210000	-0.058000	0.020000	0.006000	30062	30068	30021	24971	25010	25003
514	8.405149	0.027327	0.070000	0.050000	-0.920000	-0.058000	0.020000	0.006000	30007	30005	29908	24971	25010	25003
515	8.449179	0.044030	0.070000	0.050000	-0.920000	-0.024000	0.002000	-0.010000	30007	30005	29908	24988	25001	24995
516	8.449281	0.000102	0.380000	0.100000	0.480000	-0.024000	0.002000	-0.010000	30038	30010	30048	24988	25001	24995
517	8.481246	0.031966	0.380000	0.100000	0.480000	-0.018000	0.022000	0.004000	30038	30010	30048	24991	25011	25002
518	8.481341	0.000095	0.320000	-0.040000	-0.380000	-0.018000	0.022000	0.004000	30032	29996	29962	24991	25011	25002
519	8.514332	0.032991	0.320000	-0.040000	-0.380000	0.000000	0.018000	-0.014000	30032	29996	29962	25000	25009	24993
520	8.514438	0.000106	0.320000	-0.040000	-0.380000	0.056000	0.004000	0.014000	30032	29996	29962	25028	25002	25007
521	8.514460	0.000022	0.260000	-0.120000	0.540000	0.056000	0.004000	0.014000	30026	29988	30054	25028	25002	25007
522	8.545959	0.031500	-0.320000	-0.300000	0.230000	0.056000	0.004000	0.014000	29968	29970	30023	25028	25002	25007
523	8.578242	0.032283	-0.320000	-0.300000	0.230000	0.068000	0.006000	0.000000	29968	29970	30023	25034	25003	25000
524	8.578310	0.000068	-0.320000	-0.300000	0.230000	0.018000	0.000000	-0.016000	29968	29970	30023	25009	25000	24992
525	8.578329	0.000019	0.290000	0.190000	0.540000	0.018000	0.000000	-0.016000	30029	30019	30054	25009	25000	24992
526	8.609491	0.031162	0.080000	-0.220000	1.100000	0.018000	0.000000	-0.016000	30008	29978	30110	25009	25000	24992
527	8.641867	0.032376	0.080000	-0.220000	1.100000	0.006000	-0.012000	-0.004000	30008	29978	30110	25003	24994	24998
528	8.642044	0.000177	0.440000	0.290000	-0.590000	0.006000	-0.012000	-0.004000	30044	30029	29941	25003	24994	24998
529	8.674225	0.032182	0.440000	0.290000	-0.590000	-0.024000	0.046000	0.002000	30044	30029	29941	24988	25023	25001
530	8.674290	0.000065	0.260000	-0.100000	0.490000	-0.024000	0.046000	0.002000	30026	29990	30049	24988	25023	25001
531	8.703475	0.029185	0.260000	-0.100000	0.490000	0.022000	0.032000	-0.004000	30026	29990	30049	25011	25016	24998
532	8.703544	0.000069	0.220000	0.040000	-0.060000	0.022000	0.032000	-0.004000	30022	30004	29994	25011	25016	24998
533	8.734117	0.030572	0.220000	0.040000	-0.060000	-0.004000	0.026000	-0.008000	30022	30004	29994	24998	25013	24996
534	8.734184	0.000067	0.060000	0.560000	0.530000	-0.004000	0.026000	-0.008000	30006	30056	30053	24998	25013	24996
535	8.761752	0.027567	0.060000	0.560000	0.530000	-0.022000	0.026000	-0.014000	30006	30056	30053	24989	25013	24993
536	8.761819	0.000068	0.140000	0.320000	0.230000	-0.022000	0.026000	-0.014000	30014	30032	30023	24989	25013	24993
537	8.792596	0.030777	0.140000	0.320000	0.230000	-0.010000	0.014000	-0.002000	30014	30032	30023	24995	25007	24999
538	8.792695	0.000099	0.120000	0.630000	0.470000	-0.010000	0.014000	-0.002000	30012	30063	30047	24995	25007	24999
539	8.825827	0.033132	0.510000	0.690000	0.740000	-0.010000	0.014000	-0.002000	30051	30069	30074	24995	25007	24999
540	8.861710	0.035883	0.030000	0.410000	-0.030000	-0.010000	0.014000	-0.002000	30003	30041	29997	24995	25007	24999
541	8.891346	0.029636	0.030000	0.410000	-0.030000	-0.044000	-0.006000	0.014000	30003	30041	29997	24978	24997	25007
542	8.891414	0.000068	0.170000	-0.220000	-0.310000	-0.044000	-0.006000	0.014000	30017	29978	29969	24978	24997	25007
543	8.922134	0.030720	0.070000	-0.180000	-0.320000	-0.044000	-0.006000	0.014000	30007	29982	29968	24978	24997	25007
544	8.954687	0.032553	0.040000	0.010000	-0.330000	-0.044000	-0.006000	0.014000	30004	30001	29967	24978	24997	25007
545	8.983410	0.028723	0.040000	0.010000	-0.330000	0.010000	0.012000	-0.008000	30004	30001	29967	25005	25006	24996
546	8.983496	0.000086	0.170000	-0.050000	0.790000	0.010000	0.012000	-0.008000	30017	29995	30079	25005	25006	24996
547	9.010994	0.027498	0.170000	-0.050000	0.790000	0.000000	0.024000	-0.002000	30017	29995	30079	25000	25012	24999
548	9.011072	0.000078	0.370000	0.270000	-0.310000	0.000000	0.024000	-0.002000	30037	30027	29969	25000	25012	24999
549	9.041236	0.030164	0.370000	0.270000	-0.310000	-0.016000	0.024000	-0.006000	30037	30027	29969	24992	25012	24997
550	9.041417	0.000180	0.320000	-0.190000	-0.150000	-0.016000	0.024000	-0.006000	30032	29981	29985	24992	25012	24997
551	9.081269	0.039853	0.320000	-0.190000	-0.150000	0.000000	0.028000	-0.018000	30032	29981	29985	25000	25014	24991
552	9.081345	0.000076	0.180000	0.140000	-0.020000	0.000000	0.028000	-0.018000	30018	30014	29998	25000	25014	24991
553	9.112909	0.031564	0.180000	0.140000	-0.020000	-0.034000	0.010000	0.000000	30018	30014	29998	24983	25005	25000
554	9.112977	0.000068	0.160000	-0.040000	0.540000	-0.034000	0.010000	0.000000	30016	29996	30054	24983	25005	25000
555	9.140244	0.027267	0.160000	-0.040000	0.540000	0.026000	0.030000	0.002000	30016	29996	30054	25013	25015	25001
556	9.140301	0.000057	0.290000	0.020000	-0.080000	0.026000	0.030000	0.002000	30029	30002	29992	25013	25015	25001
557	9.167400	0.027099	0.290000	0.020000	-0.080000	0.000000	0.028000	-0.020000	30029	30002	29992	25000	25014	24990
558	9.167464	0.000064	0.390000	0.290000	0.210000	0.000000	0.028000	-0.020000	30039	30029	30021	25000	25014	24990
559	9.197068	0.029603	0.400000	-0.140000	0.220000	0.000000	0.028000	-0.020000	30040	29986	30022	25000	25014	24990
560	9.229419	0.032352	0.300000	-0.310000	0.240000	0.000000	0.028000	-0.020000	30030	29969	30024	25000	25014	24990
561	9.261331	0.031912	0.230000	0.100000	0.780000	0.000000	0.028000	-0.020000	30023	30010	30078	25000	25014	24990
562	9.293258	0.031926	0.220000	0.240000	0.810000	0.000000	0.028000	-0.020000	30022	30024	30081	25000	25014	24990
563	9.322150	0.028892	0.370000	0.250000	0.250000	0.000000	0.028000	-0.020000	30037	30025	30025	25000	25014	24990
564	9.349181	0.027031	0.370000	0.250000	0.250000	-0.028000	0.018000	-0.006000	30037	30025	30025	24986	25009	24997
565	9.349253	0.000072	-0.210000	-0.300000	0.790000	-0.028000	0.018000	-0.006000	29979	29970	30079	24986	25009	24997
566	9.379054	0.029801	-0.210000	-0.300000	0.790000	0.012000	-0.018000	-0.012000	29979	29970	30079	25006	24991	24994
567	9.379212	0.000158	-0.200000	-0.260000	-0.050000	0.012000	-0.018000	-0.012000	29980	29974	29995	25006	24991	24994
568	9.410989	0.031778	0.380000	0.390000	-0.610000	0.012000	-0.018000	-0.012000	30038	30039	29939	25006	24991	24994
569	9.438013	0.027024	0.380000	0.390000	-0.610000	0.026000	0.014000	-0.002000	30038	30039	29939	25013	25007	24999
570	9.438077	0.000064	-0.080000	-0.300000	-0.050000	0.026000	0.014000	-0.002000	29992	29970	29995	25013	25007	24999
571	9.468869	0.030792	0.090000	-0.380000	0.250000	0.026000	0.014000	-0.002000	30009	29962	30025	25013	25007	24999
572	9.500016	0.031147	0.090000	-0.380000	0.250000	0.052000	0.016000	-0.008000	30009	29962	30025	25026	25008	24996
573	9.500112	0.000096	0.230000	-0.040000	0.790000	0.052000	0.016000	-0.008000	30023	29996	30079	25026	25008	24996
574	9.535768	0.035656	0.230000	-0.040000	0.790000	-0.022000	0.006000	-0.008000	30023	29996	30079	24989	25003	24996
575	9.535865	0.000096	-0.040000	-0.070000	-0.310000	-0.022000	0.006000	-0.008000	29996	29993	29969	24989	25003	24996
576	9.570337	0.034472	0.140000	-0.460000	0.490000	-0.022000	0.006000	-0.008000	30014	29954	30049	24989	25003	24996
577	9.607102	0.036765	0.190000	-0.310000	-0.300000	-0.022000	0.006000	-0.008000	30019	29969	29970	24989	25003	24996
578	9.637138	0.030036	0.190000	-0.310000	-0.300000	0.044000	0.018000	0.002000	30019	29969	29970	25022	25009	25001
579	9.637214	0.000077	0.590000	-0.150000	-0.300000	0.044000	0.018000	0.002000	30059	29985	29970	25022	25009	25001
580	9.668404	0.031190	-0.010000	-0.250000	0.510000	0.044000	0.018000	0.002000	29999	29975	30051	25022	25009	25001
581	9.696021	0.027616	0.290000	0.920000	0.770000	0.044000	0.018000	0.002000	30029	30092	30077	25022	25009	25001
582	9.724584	0.028563	0.290000	0.920000	0.770000	-0.074000	0.042000	0.000000	30029	30092	30077	24963	25021	25000
583	9.724651	0.000068	0.290000	0.920000	0.770000	-0.012000	0.008000	-0.010000	30029	30092	30077	24994	25004	24995
584	9.724669	0.000017	0.400000	0.510000	0.510000	-0.012000	0.008000	-0.010000	30040	30051	30051	24994	25004	24995
585	9.754590	0.029921	-0.280000	-0.480000	-0.050000	-0.012000	0.008000	-0.010000	29972	29952	29995	24994	25004	24995
586	9.786418	0.031828	-0.280000	-0.480000	-0.050000	0.046000	-0.014000	0.000000	29972	29952	29995	25023	24993	25000
587	9.786557	0.000139	0.410000	0.240000	0.250000	0.046000	-0.014000	0.000000	30041	30024	30025	25023	24993	25000
588	9.819327	0.032770	0.410000	0.240000	0.250000	-0.024000	0.034000	-0.002000	30041	30024	30025	24988	25017	24999
589	9.819397	0.000070	0.620000	0.110000	-0.880000	-0.024000	0.034000	-0.002000	30062	30011	29912	24988	25017	24999
590	9.853187	0.033790	0.620000	0.110000	-0.880000	-0.006000	0.042000	-0.008000	30062	30011	29912	24997	25021	24996
591	9.853267	0.000080	0.070000	0.800000	-0.100000	-0.006000	0.042000	-0.008000	30007	30080	29990	24997	25021	24996
592	9.884061	0.030795	0.450000	0.630000	-0.090000	-0.006000	0.042000	-0.008000	30045	30063	29991	24997	25021	24996
593	9.916973	0.032911	0.780000	0.030000	-0.060000	-0.006000	0.042000	-0.008000	30078	30003	29994	24997	25021	24996
594	9.943818	0.026845	0.780000	0.030000	-0.060000	0.004000	0.060000	-0.002000	30078	30003	29994	25002	25030	24999
595	9.943884	0.000065	0.210000	-0.070000	-0.020000	0.004000	0.060000	-0.002000	30021	29993	29998	25002	25030	24999
596	9.974762	0.030878	0.340000	0.240000	0.790000	0.004000	0.060000	-0.002000	30034	30024	30079	25002	25030	24999
597	10.009327	0.034566	0.050000	-0.150000	-0.310000	0.004000	0.060000	-0.002000	30005	29985	29969	25002	25030	24999
598	10.039001	0.029674	0.150000	0.080000	0.510000	0.004000	0.060000	-0.002000	30015	30008	30051	25002	25030	24999
599	10.072443	0.033442	0.130000	-0.310000	0.800000	0.004000	0.060000	-0.002000	30013	29969	30080	25002	25030	24999
600	10.106588	0.034145	0.130000	-0.310000	0.800000	0.016000	0.002000	-0.002000	30013	29969	30080	25008	25001	24999
601	10.106859	0.000270	0.420000	0.310000	0.510000	0.016000	0.002000	-0.002000	30042	30031	30051	25008	25001	24999
602	10.141107	0.034248	0.420000	0.310000	0.510000	-0.024000	0.028000	-0.016000	30042	30031	30051	24988	25014	24992
603	10.141234	0.000128	0.160000	-0.690000	0.820000	-0.024000	0.028000	-0.016000	30016	29931	30082	24988	25014	24992
604	10.172855	0.031620	0.160000	-0.690000	0.820000	0.070000	0.006000	-0.010000	30016	29931	30082	25035	25003	24995
605	10.173063	0.000208	0.190000	0.500000	0.460000	0.070000	0.006000	-0.010000	30019	30050	30046	25035	25003	24995
606	10.202623	0.029560	0.190000	0.500000	0.460000	-0.038000	0.034000	-0.012000	30019	30050	30046	24981	25017	24994
607	10.202693	0.000070	-0.070000	0.140000	0.200000	-0.038000	0.034000	-0.012000	29993	30014	30020	24981	25017	24994
608	10.232659	0.029966	-0.070000	0.140000	0.200000	-0.014000	0.000000	-0.024000	29993	30014	30020	24993	25000	24988
609	10.232727	0.000068	0.290000	-0.260000	-0.060000	-0.014000	0.000000	-0.024000	30029	29974	29994	24993	25000	24988
610	10.262660	0.029934	0.290000	-0.260000	-0.060000	0.024000	0.020000	0.012000	30029	29974	29994	25012	25010	25006
611	10.262828	0.000168	0.270000	0.150000	0.790000	0.024000	0.020000	0.012000	30027	30015	30079	25012	25010	25006
612	10.292769	0.029941	0.270000	0.150000	0.790000	-0.030000	0.022000	-0.002000	30027	30015	30079	24985	25011	24999
613	10.292926	0.000157	0.240000	0.150000	-0.080000	-0.030000	0.022000	-0.002000	30024	30015	29992	24985	25011	24999
614	10.326854	0.033928	0.240000	0.150000	-0.080000	-0.016000	0.016000	-0.002000	30024	30015	29992	24992	25008	24999
615	10.326940	0.000086	0.120000	-0.090000	0.790000	-0.016000	0.016000	-0.002000	30012	29991	30079	24992	25008	24999
616	10.360401	0.033461	0.120000	-0.090000	0.790000	0.026000	0.036000	0.004000	30012	29991	30079	25013	25018	25002
617	10.360473	0.000072	0.030000	0.090000	0.810000	0.026000	0.036000	0.004000	30003	30009	30081	25013	25018	25002
618	10.389537	0.029065	-0.210000	0.160000	0.770000	0.026000	0.036000	0.004000	29979	30016	30077	25013	25018	25002
619	10.420206	0.030668	-0.210000	0.160000	0.770000	-0.028000	0.038000	-0.006000	29979	30016	30077	24986	25019	24997
620	10.420312	0.000107	-0.070000	-0.300000	-0.030000	-0.028000	0.038000	-0.006000	29993	29970	29997	24986	25019	24997
621	10.452912	0.032599	0.030000	0.700000	0.490000	-0.028000	0.038000	-0.006000	30003	30070	30049	24986	25019	24997
622	10.483081	0.030170	0.030000	0.700000	0.490000	-0.048000	0.028000	0.008000	30003	30070	30049	24976	25014	25004
623	10.483163	0.000082	-0.260000	-0.080000	-0.590000	-0.048000	0.028000	0.008000	29974	29992	29941	24976	25014	25004
624	10.514079	0.030916	-0.260000	-0.080000	-0.590000	0.030000	-0.010000	-0.012000	29974	29992	29941	25015	24995	24994
625	10.514144	0.000065	0.290000	0.160000	0.780000	0.030000	-0.010000	-0.012000	30029	30016	30078	25015	24995	24994
626	10.544432	0.030287	0.290000	0.160000	0.780000	0.014000	0.038000	-0.002000	30029	30016	30078	25007	25019	24999
627	10.544509	0.000077	-0.030000	0.850000	0.530000	0.014000	0.038000	-0.002000	29997	30085	30053	25007	25019	24999
628	10.574854	0.030345	-0.030000	0.850000	0.530000	-0.050000	0.004000	-0.002000	29997	30085	30053	24975	25002	24999
629	10.574958	0.000104	-0.030000	0.850000	0.530000	0.054000	0.030000	0.000000	29997	30085	30053	25027	25015	25000
630	10.574982	0.000025	-0.040000	-0.410000	0.830000	0.054000	0.030000	0.000000	29996	29959	30083	25027	25015	25000
631	10.605379	0.030397	0.200000	-0.260000	0.260000	0.054000	0.030000	0.000000	30020	29974	30026	25027	25015	25000
632	10.638680	0.033300	0.200000	-0.260000	0.260000	0.026000	0.014000	0.004000	30020	29974	30026	25013	25007	25002
633	10.638817	0.000138	0.100000	-0.180000	-0.070000	0.026000	0.014000	0.004000	30010	29982	29993	25013	25007	25002
634	10.670395	0.031577	0.070000	0.300000	-0.290000	0.026000	0.014000	0.004000	30007	30030	29971	25013	25007	25002
635	10.701185	0.030790	0.050000	0.240000	-0.360000	0.026000	0.014000	0.004000	30005	30024	29964	25013	25007	25002
636	10.741383	0.040199	0.430000	0.230000	-0.320000	0.026000	0.014000	0.004000	30043	30023	29968	25013	25007	25002
637	10.776355	0.034972	0.700000	0.200000	0.760000	0.026000	0.014000	0.004000	30070	30020	30076	25013	25007	25002
638	10.805058	0.028703	0.700000	0.200000	0.760000	-0.028000	0.040000	-0.016000	30070	30020	30076	24986	25020	24992
639	10.805129	0.000071	0.120000	-0.020000	0.750000	-0.028000	0.040000	-0.016000	30012	29998	30075	24986	25020	24992
640	10.839120	0.033991	0.200000	0.180000	0.830000	-0.028000	0.040000	-0.016000	30020	30018	30083	24986	25020	24992
641	10.874238	0.035118	0.540000	0.540000	0.210000	-0.028000	0.040000	-0.016000	30054	30054	30021	24986	25020	24992
642	10.908638	0.034400	0.540000	0.540000	0.210000	-0.060000	0.054000	0.006000	30054	30054	30021	24970	25027	25003
643	10.908704	0.000066	0.540000	0.540000	0.210000	-0.060000	0.054000	0.006000	30054	30054	30021	24970	25027	25003
644	10.941589	0.032886	0.250000	0.170000	0.790000	-0.060000	0.054000	0.006000	30025	30017	30079	24970	25027	25003
645	10.971438	0.029849	-0.010000	-0.130000	0.520000	-0.060000	0.054000	0.006000	29999	29987	30052	24970	25027	25003
646	11.000275	0.028837	-0.010000	-0.130000	0.520000	0.024000	0.012000	-0.008000	29999	29987	30052	25012	25006	24996
647	11.000340	0.000065	-0.010000	-0.130000	0.520000	0.016000	0.018000	-0.006000	29999	29987	30052	25008	25009	24997
648	11.000359	0.000018	-0.070000	0.020000	-0.080000	0.016000	0.018000	-0.006000	29993	30002	29992	25008	25009	24997
649	11.033037	0.032679	-0.070000	0.020000	-0.080000	-0.034000	0.036000	-0.012000	29993	30002	29992	24983	25018	24994
650	11.033119	0.000081	0.110000	-0.420000	-0.330000	-0.034000	0.036000	-0.012000	30011	29958	29967	24983	25018	24994
651	11.064871	0.031752	0.110000	-0.420000	-0.330000	0.030000	0.004000	0.004000	30011	29958	29967	25015	25002	25002
652	11.064952	0.000081	0.490000	0.170000	-0.060000	0.030000	0.004000	0.004000	30049	30017	29994	25015	25002	25002
653	11.099765	0.034814	0.110000	-0.600000	-0.050000	0.030000	0.004000	0.004000	30011	29940	29995	25015	25002	25002
654	11.135600	0.035834	0.110000	-0.600000	-0.050000	0.072000	0.012000	0.008000	30011	29940	29995	25036	25006	25004
655	11.135667	0.000067	0.150000	-0.040000	0.790000	0.072000	0.012000	0.008000	30015	29996	30079	25036	25006	25004
656	11.166257	0.030590	0.150000	-0.040000	0.790000	0.010000	0.022000	-0.006000	30015	29996	30079	25005	25011	24997
657	11.166330	0.000073	0.110000	-0.150000	0.500000	0.010000	0.022000	-0.006000	30011	29985	30050	25005	25011	24997
658	11.195274	0.028945	0.110000	-0.150000	0.500000	-0.014000	-0.014000	-0.016000	30011	29985	30050	24993	24993	24992
659	11.195342	0.000068	0.360000	0.360000	0.790000	-0.014000	-0.014000	-0.016000	30036	30036	30079	24993	24993	24992
660	11.228874	0.033531	0.360000	0.360000	0.790000	-0.022000	0.042000	-0.014000	30036	30036	30079	24989	25021	24993
661	11.228964	0.000090	-0.030000	0.360000	-0.280000	-0.022000	0.042000	-0.014000	29997	30036	29972	24989	25021	24993
662	11.258246	0.029282	0.140000	0.270000	0.250000	-0.022000	0.042000	-0.014000	30014	30027	30025	24989	25021	24993
663	11.290499	0.032253	0.270000	0.170000	0.780000	-0.022000	0.042000	-0.014000	30027	30017	30078	24989	25021	24993
664	11.323083	0.032584	0.270000	0.170000	0.780000	-0.018000	0.026000	0.018000	30027	30017	30078	24991	25013	25009
665	11.323181	0.000098	0.500000	0.290000	-0.350000	-0.018000	0.026000	0.018000	30050	30029	29965	24991	25013	25009
666	11.354590	0.031409	0.500000	0.290000	-0.350000	-0.008000	0.046000	-0.028000	30050	30029	29965	24996	25023	24986
667	11.354696	0.000105	-0.020000	0.370000	1.110000	-0.008000	0.046000	-0.028000	29998	30037	30111	24996	25023	24986
668	11.384000	0.029304	-0.020000	0.370000	1.110000	-0.032000	0.012000	-0.002000	29998	30037	30111	24984	25006	24999
669	11.384074	0.000074	0.420000	0.000000	-0.080000	-0.032000	0.012000	-0.002000	30042	30000	29992	24984	25006	24999
670	11.412085	0.028011	0.410000	0.010000	-0.350000	-0.032000	0.012000	-0.002000	30041	30001	29965	24984	25006	24999
671	11.439525	0.027440	0.300000	0.120000	-0.020000	-0.032000	0.012000	-0.002000	30030	30012	29998	24984	25006	24999
672	11.467170	0.027646	0.300000	0.120000	-0.020000	0.002000	0.036000	0.002000	30030	30012	29998	25001	25018	25001
673	11.467240	0.000069	0.310000	0.150000	-0.320000	0.002000	0.036000	0.002000	30031	30015	29968	25001	25018	25001
674	11.502498	0.035258	0.310000	0.150000	-0.320000	-0.018000	0.012000	-0.008000	30031	30015	29968	24991	25006	24996
675	11.502580	0.000082	-0.110000	-0.400000	0.220000	-0.018000	0.012000	-0.008000	29989	29960	30022	24991	25006	24996
676	11.541340	0.038760	-0.110000	-0.400000	0.220000	0.028000	-0.010000	-0.004000	29989	29960	30022	25014	24995	24998
677	11.541419	0.000079	0.460000	-0.180000	0.530000	0.028000	-0.010000	-0.004000	30046	29982	30053	25014	24995	24998
678	11.569298	0.027879	0.460000	-0.180000	0.530000	0.000000	0.030000	0.010000	30046	29982	30053	25000	25015	25005
679	11.569388	0.000090	0.070000	0.720000	-0.060000	0.000000	0.030000	0.010000	30007	30072	29994	25000	25015	25005
680	11.598450	0.029063	0.070000	0.720000	-0.060000	-0.048000	0.016000	0.004000	30007	30072	29994	24976	25008	25002
681	11.598531	0.000081	0.670000	0.090000	0.780000	-0.048000	0.016000	0.004000	30067	30009	30078	24976	25008	25002
682	11.631557	0.033026	0.670000	0.090000	0.780000	-0.010000	0.060000	-0.002000	30067	30009	30078	24995	25030	24999
683	11.631638	0.000081	-0.490000	-0.290000	0.800000	-0.010000	0.060000	-0.002000	29951	29971	30080	24995	25030	24999
684	11.660065	0.028428	-0.490000	-0.290000	0.800000	0.036000	-0.024000	-0.002000	29951	29971	30080	25018	24988	24999
685	11.660143	0.000078	0.250000	0.120000	-0.070000	0.036000	-0.024000	-0.002000	30025	30012	29993	25018	24988	24999
686	11.691223	0.031080	0.250000	0.120000	-0.070000	-0.010000	0.030000	-0.004000	30025	30012	29993	24995	25015	24998
687	11.691359	0.000136	0.450000	-0.300000	0.250000	-0.010000	0.030000	-0.004000	30045	29970	30025	24995	25015	24998
688	11.721218	0.029860	0.450000	-0.300000	0.250000	0.028000	0.036000	-0.006000	30045	29970	30025	25014	25018	24997
689	11.721297	0.000078	0.800000	0.650000	0.210000	0.028000	0.036000	-0.006000	30080	30065	30021	25014	25018	24997
690	11.756072	0.034775	0.800000	0.650000	0.210000	-0.050000	0.070000	-0.008000	30080	30065	30021	24975	25035	24996
691	11.756234	0.000162	0.140000	-0.070000	0.490000	-0.050000	0.070000	-0.008000	30014	29993	30049	24975	25035	24996
692	11.792085	0.035851	0.140000	-0.070000	0.490000	0.020000	0.020000	-0.010000	30014	29993	30049	25010	25010	24995
693	11.792165	0.000080	0.280000	0.180000	0.010000	0.020000	0.020000	-0.010000	30028	30018	30001	25010	25010	24995
694	11.826872	0.034707	0.280000	0.180000	0.010000	-0.016000	-0.002000	0.008000	30028	30018	30001	24992	24999	25004
695	11.826968	0.000096	0.140000	-0.630000	0.510000	-0.016000	-0.002000	0.008000	30014	29937	30051	24992	24999	25004
696	11.858669	0.031701	0.140000	-0.630000	0.510000	0.050000	-0.002000	0.004000	30014	29937	30051	25025	24999	25002
697	11.858775	0.000106	0.440000	0.520000	0.820000	0.050000	-0.002000	0.004000	30044	30052	30082	25025	24999	25002
698	11.894238	0.035462	0.440000	0.520000	0.820000	-0.048000	0.032000	-0.004000	30044	30052	30082	24976	25016	24998
699	11.894318	0.000080	0.460000	-0.040000	0.500000	-0.048000	0.032000	-0.004000	30046	29996	30050	24976	25016	24998
700	11.923635	0.029317	0.460000	-0.040000	0.500000	0.022000	0.056000	-0.008000	30046	29996	30050	25011	25028	24996
701	11.923828	0.000193	0.160000	0.050000	0.540000	0.022000	0.056000	-0.008000	30016	30005	30054	25011	25028	24996
702	11.969656	0.045828	0.160000	0.050000	0.540000	0.012000	0.022000	-0.004000	30016	30005	30054	25006	25011	24998
703	11.969835	0.000180	0.580000	0.370000	-0.070000	0.012000	0.022000	-0.004000	30058	30037	29993	25006	25011	24998
704	11.998246	0.028411	0.580000	0.370000	-0.070000	-0.030000	0.038000	-0.008000	30058	30037	29993	24985	25019	24996
705	11.998331	0.000085	0.210000	-0.390000	0.750000	-0.030000	0.038000	-0.008000	30021	29961	30075	24985	25019	24996
706	12.027409	0.029078	0.210000	-0.390000	0.750000	0.020000	0.014000	-0.020000	30021	29961	30075	25010	25007	24990
707	12.027473	0.000064	-0.050000	-0.320000	0.240000	0.020000	0.014000	-0.020000	29995	29968	30024	25010	25007	24990
708	12.054613	0.027140	-0.050000	-0.320000	0.240000	0.042000	0.000000	-0.004000	29995	29968	30024	25021	25000	24998
709	12.054676	0.000063	-0.230000	0.600000	0.850000	0.042000	0.000000	-0.004000	29977	30060	30085	25021	25000	24998
710	12.082613	0.027937	-0.230000	0.600000	0.850000	-0.030000	-0.024000	0.010000	29977	30060	30085	24985	24988	25005
711	12.082697	0.000085	0.020000	0.100000	0.770000	-0.030000	-0.024000	0.010000	30002	30010	30077	24985	24988	25005
712	12.112418	0.029720	0.020000	0.100000	0.770000	-0.006000	0.028000	-0.006000	30002	30010	30077	24997	25014	24997
713	12.112500	0.000083	0.290000	-0.010000	0.520000	-0.006000	0.028000	-0.006000	30029	29999	30052	24997	25014	24997
714	12.139701	0.027200	0.290000	-0.010000	0.520000	-0.010000	0.024000	0.004000	30029	29999	30052	24995	25012	25002
715	12.139765	0.000064	0.290000	-0.010000	0.520000	-0.030000	-0.038000	0.008000	30029	29999	30052	24985	24981	25004
716	12.139795	0.000031	-0.650000	0.240000	0.820000	-0.030000	-0.038000	0.008000	29935	30024	30082	24985	24981	25004
717	12.175516	0.035721	0.310000	0.630000	0.500000	-0.030000	-0.038000	0.008000	30031	30063	30050	24985	24981	25004
718	12.207175	0.031659	0.310000	0.630000	0.500000	-0.048000	0.036000	-0.016000	30031	30063	30050	24976	25018	24992
719	12.207259	0.000084	-0.200000	0.180000	0.510000	-0.048000	0.036000	-0.016000	29980	30018	30051	24976	25018	24992
720	12.235376	0.028117	0.250000	0.110000	0.240000	-0.048000	0.036000	-0.016000	30025	30011	30024	24976	25018	24992
721	12.267500	0.032124	0.370000	0.320000	0.510000	-0.048000	0.036000	-0.016000	30037	30032	30051	24976	25018	24992
722	12.298125	0.030625	0.370000	0.320000	0.510000	-0.026000	0.036000	0.002000	30037	30032	30051	24987	25018	25001
723	12.298205	0.000080	0.060000	-0.460000	0.800000	-0.026000	0.036000	0.002000	30006	29954	30080	24987	25018	25001
724	12.331144	0.032939	0.060000	-0.460000	0.800000	0.038000	-0.016000	-0.004000	30006	29954	30080	25019	24992	24998
725	12.331209	0.000065	0.030000	-0.090000	0.240000	0.038000	-0.016000	-0.004000	30003	29991	30024	25019	24992	24998
726	12.366925	0.035716	0.030000	-0.090000	0.240000	0.028000	0.014000	0.004000	30003	29991	30024	25014	25007	25002
727	12.367325	0.000400	-0.030000	0.700000	-1.120000	0.028000	0.014000	0.004000	29997	30070	29888	25014	25007	25002
728	12.397015	0.029691	-0.030000	0.700000	-1.120000	-0.022000	0.020000	-0.006000	29997	30070	29888	24989	25010	24997
729	12.397165	0.000150	-0.050000	-0.270000	-0.320000	-0.022000	0.020000	-0.006000	29995	29973	29968	24989	25010	24997
730	12.436116	0.038951	-0.050000	-0.270000	-0.320000	0.048000	-0.002000	-0.004000	29995	29973	29968	25024	24999	24998
731	12.436257	0.000141	-0.060000	0.290000	-0.040000	0.048000	-0.002000	-0.004000	29994	30029	29996	25024	24999	24998
732	12.466315	0.030058	-0.060000	0.290000	-0.040000	-0.020000	0.002000	-0.002000	29994	30029	29996	24990	25001	24999
733	12.466394	0.000079	0.290000	-0.040000	-0.030000	-0.020000	0.002000	-0.002000	30029	29996	29997	24990	25001	24999
734	12.498022	0.031628	0.290000	-0.040000	-0.030000	0.000000	0.008000	0.012000	30029	29996	29997	25000	25004	25006
735	12.498090	0.000068	0.290000	-0.040000	-0.030000	0.034000	0.016000	-0.002000	30029	29996	29997	25017	25008	24999
736	12.498108	0.000017	-0.020000	0.160000	0.220000	0.034000	0.016000	-0.002000	29998	30016	30022	25017	25008	24999
737	12.526969	0.028861	0.370000	0.000000	0.520000	0.034000	0.016000	-0.002000	30037	30000	30052	25017	25008	24999
738	12.557897	0.030928	0.370000	0.000000	0.520000	0.018000	0.044000	-0.006000	30037	30000	30052	25009	25022	24997
739	12.557981	0.000084	0.200000	-0.200000	0.500000	0.018000	0.044000	-0.006000	30020	29980	30050	25009	25022	24997
740	12.594443	0.036462	0.200000	-0.200000	0.500000	-0.046000	-0.004000	-0.002000	30020	29980	30050	24977	24998	24999
741	12.594511	0.000068	-0.200000	0.200000	0.220000	-0.046000	-0.004000	-0.002000	29980	30020	30022	24977	24998	24999
742	12.623904	0.029393	-0.200000	0.200000	0.220000	-0.006000	0.000000	0.000000	29980	30020	30022	24997	25000	25000
743	12.623970	0.000066	0.410000	-0.190000	0.230000	-0.006000	0.000000	0.000000	30041	29981	30023	24997	25000	25000
744	12.659193	0.035223	0.410000	-0.190000	0.230000	0.010000	0.032000	-0.004000	30041	29981	30023	25005	25016	24998
745	12.659274	0.000081	-0.300000	-0.110000	0.270000	0.010000	0.032000	-0.004000	29970	29989	30027	25005	25016	24998
746	12.688715	0.029440	-0.300000	-0.110000	0.270000	0.016000	-0.024000	0.002000	29970	29989	30027	25008	24988	25001
747	12.688816	0.000101	0.190000	0.090000	0.200000	0.016000	-0.024000	0.002000	30019	30009	30020	25008	24988	25001
748	12.719634	0.030818	-0.090000	-0.450000	0.770000	0.016000	-0.024000	0.002000	29991	29955	30077	25008	24988	25001
749	12.748964	0.029330	0.400000	-0.020000	0.230000	0.016000	-0.024000	0.002000	30040	29998	30023	25008	24988	25001
750	12.779805	0.030841	0.400000	-0.020000	0.230000	-0.026000	0.014000	0.010000	30040	29998	30023	24987	25007	25005
751	12.779933	0.000128	0.060000	0.090000	0.240000	-0.026000	0.014000	0.010000	30006	30009	30024	24987	25007	25005
752	12.813361	0.033429	0.060000	0.090000	0.240000	-0.020000	0.000000	0.002000	30006	30009	30024	24990	25000	25001
753	12.813516	0.000155	0.080000	0.220000	0.510000	-0.020000	0.000000	0.002000	30008	30022	30051	24990	25000	25001
754	12.842179	0.028663	0.080000	0.220000	0.510000	-0.012000	0.022000	0.006000	30008	30022	30051	24994	25011	25003
755	12.842249	0.000070	-0.040000	0.080000	-0.620000	-0.012000	0.022000	0.006000	29996	30008	29938	24994	25011	25003
756	12.871860	0.029611	-0.040000	0.080000	-0.620000	-0.016000	0.006000	-0.008000	29996	30008	29938	24992	25003	24996
757	12.871976	0.000116	0.180000	0.510000	0.240000	-0.016000	0.006000	-0.008000	30018	30051	30024	24992	25003	24996
758	12.899857	0.027881	0.180000	0.510000	0.240000	-0.034000	0.026000	0.000000	30018	30051	30024	24983	25013	25000
759	12.899920	0.000062	0.060000	0.480000	0.240000	-0.034000	0.026000	0.000000	30006	30048	30024	24983	25013	25000
760	12.932097	0.032178	-0.050000	-0.170000	0.210000	-0.034000	0.026000	0.000000	29995	29983	30021	24983	25013	25000
761	12.967354	0.035256	0.370000	0.290000	1.110000	-0.034000	0.026000	0.000000	30037	30029	30111	24983	25013	25000
762	13.007637	0.040283	0.280000	0.100000	-0.330000	-0.034000	0.026000	0.000000	30028	30010	29967	24983	25013	25000
763	13.045083	0.037447	0.370000	-0.230000	0.200000	-0.034000	0.026000	0.000000	30037	29977	30020	24983	25013	25000
764	13.083354	0.038270	0.370000	-0.230000	0.200000	0.026000	0.034000	0.000000	30037	29977	30020	25013	25017	25000
765	13.083435	0.000082	0.060000	-0.640000	0.770000	0.026000	0.034000	0.000000	30006	29936	30077	25013	25017	25000
766	13.111904	0.028469	0.060000	-0.640000	0.770000	0.028000	-0.016000	0.002000	30006	29936	30077	25014	24992	25001
767	13.111987	0.000083	0.660000	0.110000	-0.350000	0.028000	-0.016000	0.002000	30066	30011	29965	25014	24992	25001
768	13.144937	0.032950	0.660000	0.110000	-0.350000	-0.006000	0.056000	0.004000	30066	30011	29965	24997	25028	25002
769	13.145013	0.000076	-0.200000	0.050000	-0.300000	-0.006000	0.056000	0.004000	29980	30005	29970	24997	25028	25002
770	13.174187	0.029175	-0.200000	0.050000	-0.300000	0.008000	0.000000	0.004000	29980	30005	29970	25004	25000	25002
771	13.174247	0.000060	-0.200000	0.050000	-0.300000	-0.066000	0.056000	0.006000	29980	30005	29970	24967	25028	25003
772	13.174287	0.000040	0.630000	0.790000	0.510000	-0.066000	0.056000	0.006000	30063	30079	30051	24967	25028	25003
773	13.201139	0.026852	-0.450000	-0.240000	0.250000	-0.066000	0.056000	0.006000	29955	29976	30025	24967	25028	25003
774	13.233052	0.031913	-0.450000	-0.240000	0.250000	0.040000	-0.032000	0.016000	29955	29976	30025	25020	24984	25008
775	13.233162	0.000110	-0.450000	-0.240000	0.250000	0.036000	-0.014000	-0.002000	29955	29976	30025	25018	24993	24999
776	13.233200	0.000038	-0.220000	0.040000	0.810000	0.036000	-0.014000	-0.002000	29978	30004	30081	25018	24993	24999
777	13.263764	0.030563	0.300000	0.240000	-0.600000	0.036000	-0.014000	-0.002000	30030	30024	29940	25018	24993	24999
778	13.295293	0.031530	0.300000	0.240000	-0.600000	-0.014000	0.024000	0.002000	30030	30024	29940	24993	25012	25001
779	13.295369	0.000076	0.210000	0.330000	-0.570000	-0.014000	0.024000	0.002000	30021	30033	29943	24993	25012	25001
780	13.323494	0.028125	-0.030000	0.390000	-0.330000	-0.014000	0.024000	0.002000	29997	30039	29967	24993	25012	25001
781	13.359439	0.035945	-0.030000	0.390000	-0.330000	-0.030000	0.052000	-0.002000	29997	30039	29967	24985	25026	24999
782	13.359538	0.000100	0.370000	0.500000	0.230000	-0.030000	0.052000	-0.002000	30037	30050	30023	24985	25026	24999
783	13.394489	0.034950	0.370000	0.500000	0.230000	0.082000	-0.002000	0.002000	30037	30050	30023	25041	24999	25001
784	13.394605	0.000116	0.050000	-0.820000	-0.050000	0.082000	-0.002000	0.002000	30005	29918	29995	25041	24999	25001
785	13.426414	0.031810	0.050000	-0.820000	-0.050000	0.108000	-0.050000	0.004000	30005	29918	29995	25054	24975	25002
786	13.426524	0.000110	0.090000	-0.350000	0.790000	0.108000	-0.050000	0.004000	30009	29965	30079	25054	24975	25002
787	13.457239	0.030714	0.090000	-0.340000	0.540000	0.108000	-0.050000	0.004000	30009	29966	30054	25054	24975	25002
788	13.490220	0.032982	0.090000	-0.340000	0.540000	0.012000	-0.010000	-0.012000	30009	29966	30054	25006	24995	24994
789	13.490284	0.000064	0.230000	-0.050000	0.800000	0.012000	-0.010000	-0.012000	30023	29995	30080	25006	24995	24994
790	13.519583	0.029299	0.230000	-0.050000	0.800000	-0.012000	0.018000	-0.008000	30023	29995	30080	24994	25009	24996
791	13.519667	0.000084	0.010000	-0.100000	-0.050000	-0.012000	0.018000	-0.008000	30001	29990	29995	24994	25009	24996
792	13.554059	0.034392	-0.010000	0.310000	0.220000	-0.012000	0.018000	-0.008000	29999	30031	30022	24994	25009	24996
793	13.588061	0.034002	0.560000	0.030000	0.500000	-0.012000	0.018000	-0.008000	30056	30003	30050	24994	25009	24996
794	13.627647	0.039586	0.560000	0.030000	0.500000	-0.010000	0.054000	0.002000	30056	30003	30050	24995	25027	25001
795	13.627744	0.000096	-0.080000	0.120000	0.500000	-0.010000	0.054000	0.002000	29992	30012	30050	24995	25027	25001
796	13.663759	0.036015	-0.080000	0.120000	0.500000	-0.004000	0.008000	0.000000	29992	30012	30050	24998	25004	25000
797	13.663867	0.000108	-0.080000	0.120000	0.500000	-0.012000	0.046000	-0.016000	29992	30012	30050	24994	25023	24992
798	13.663899	0.000032	0.340000	0.030000	0.780000	-0.012000	0.046000	-0.016000	30034	30003	30078	24994	25023	24992
799	13.697119	0.033221	0.340000	0.030000	0.780000	-0.002000	0.032000	-0.020000	30034	30003	30078	24999	25016	24990
800	13.697194	0.000075	0.270000	-0.100000	-0.650000	-0.002000	0.032000	-0.020000	30027	29990	29935	24999	25016	24990
801	13.730374	0.033180	0.700000	0.150000	0.230000	-0.002000	0.032000	-0.020000	30070	30015	30023	24999	25016	24990
802	13.767495	0.037121	0.700000	0.150000	0.230000	-0.016000	0.042000	0.000000	30070	30015	30023	24992	25021	25000
803	13.767606	0.000111	0.740000	-0.010000	0.500000	-0.016000	0.042000	0.000000	30074	29999	30050	24992	25021	25000
804	13.797927	0.030321	0.420000	0.170000	-0.300000	-0.016000	0.042000	0.000000	30042	30017	29970	24992	25021	25000
805	13.827638	0.029711	0.290000	-0.180000	0.530000	-0.016000	0.042000	0.000000	30029	29982	30053	24992	25021	25000
806	13.856465	0.028827	0.290000	-0.180000	0.530000	0.000000	0.024000	0.002000	30029	29982	30053	25000	25012	25001
807	13.856541	0.000076	-0.140000	-0.550000	0.250000	0.000000	0.024000	0.002000	29986	29945	30025	25000	25012	25001
808	13.889179	0.032638	-0.140000	-0.550000	0.250000	0.044000	-0.004000	-0.004000	29986	29945	30025	25022	24998	24998
809	13.889246	0.000067	0.460000	-0.240000	0.820000	0.044000	-0.004000	-0.004000	30046	29976	30082	25022	24998	24998
810	13.920480	0.031234	0.460000	-0.240000	0.820000	0.040000	0.044000	0.022000	30046	29976	30082	25020	25022	25011
811	13.920561	0.000081	0.470000	-0.200000	0.500000	0.040000	0.044000	0.022000	30047	29980	30050	25020	25022	25011
812	13.954069	0.033508	0.470000	-0.200000	0.500000	-0.008000	0.024000	0.002000	30047	29980	30050	24996	25012	25001
813	13.954176	0.000107	0.500000	-0.170000	-0.060000	-0.008000	0.024000	0.002000	30050	29983	29994	24996	25012	25001
814	13.984393	0.030217	0.500000	-0.170000	-0.060000	-0.004000	0.020000	0.004000	30050	29983	29994	24998	25010	25002
815	13.984476	0.000083	0.140000	0.830000	0.250000	-0.004000	0.020000	0.004000	30014	30083	30025	24998	25010	25002
816	14.011863	0.027386	0.140000	0.830000	0.250000	-0.066000	0.008000	0.000000	30014	30083	30025	24967	25004	25000
817	14.011953	0.000090	0.200000	-0.160000	0.200000	-0.066000	0.008000	0.000000	30020	29984	30020	24967	25004	25000
818	14.048232	0.036279	0.350000	-0.180000	0.210000	-0.066000	0.008000	0.000000	30035	29982	30021	24967	25004	25000
819	14.081220	0.032988	0.350000	-0.180000	0.210000	0.008000	0.002000	-0.004000	30035	29982	30021	25004	25001	24998
820	14.081382	0.000163	-0.010000	0.120000	0.530000	0.008000	0.002000	-0.004000	29999	30012	30053	25004	25001	24998
821	14.109254	0.027872	0.430000	-0.010000	0.230000	0.008000	0.002000	-0.004000	30043	29999	30023	25004	25001	24998
822	14.140902	0.031648	-0.020000	-0.380000	0.800000	0.008000	0.002000	-0.004000	29998	29962	30080	25004	25001	24998
823	14.177097	0.036195	0.110000	0.340000	0.230000	0.008000	0.002000	-0.004000	30011	30034	30023	25004	25001	24998
824	14.209194	0.032097	0.110000	0.340000	0.230000	-0.022000	0.022000	-0.004000	30011	30034	30023	24989	25011	24998
825	14.209273	0.000079	0.330000	-0.100000	0.510000	-0.022000	0.022000	-0.004000	30033	29990	30051	24989	25011	24998
826	14.242412	0.033139	0.330000	-0.100000	0.510000	0.032000	0.042000	0.004000	30033	29990	30051	25016	25021	25002
827	14.242492	0.000080	0.340000	0.630000	0.200000	0.032000	0.042000	0.004000	30034	30063	30020	25016	25021	25002
828	14.275948	0.033456	0.480000	0.600000	0.200000	0.032000	0.042000	0.004000	30048	30060	30020	25016	25021	25002
829	14.306296	0.030348	0.480000	0.600000	0.200000	-0.032000	0.016000	0.000000	30048	30060	30020	24984	25008	25000
830	14.306376	0.000080	-0.010000	0.000000	-0.590000	-0.032000	0.016000	0.000000	29999	30000	29941	24984	25008	25000
831	14.334710	0.028334	0.320000	0.190000	0.530000	-0.032000	0.016000	0.000000	30032	30019	30053	24984	25008	25000
832	14.368566	0.033856	0.320000	0.190000	0.530000	-0.024000	0.028000	0.002000	30032	30019	30053	24988	25014	25001
833	14.368663	0.000097	0.320000	0.190000	0.530000	-0.010000	0.000000	0.012000	30032	30019	30053	24995	25000	25006
834	14.368708	0.000045	0.160000	0.340000	-0.090000	-0.010000	0.000000	0.012000	30016	30034	29991	24995	25000	25006
835	14.397984	0.029276	0.250000	0.300000	-0.320000	-0.010000	0.000000	0.012000	30025	30030	29968	24995	25000	25006
836	14.426551	0.028567	0.250000	0.300000	-0.320000	-0.022000	0.024000	-0.010000	30025	30030	29968	24989	25012	24995
837	14.426636	0.000085	0.480000	0.380000	0.780000	-0.022000	0.024000	-0.010000	30048	30038	30078	24989	25012	24995
838	14.464113	0.037477	0.060000	0.120000	-0.100000	-0.022000	0.024000	-0.010000	30006	30012	29990	24989	25012	24995
839	14.496935	0.032822	0.040000	-0.330000	-0.030000	-0.022000	0.024000	-0.010000	30004	29967	29997	24989	25012	24995
840	14.529013	0.032078	0.040000	-0.330000	-0.030000	-0.004000	0.052000	-0.002000	30004	29967	29997	24998	25026	24999
841	14.529091	0.000077	0.320000	0.520000	0.750000	-0.004000	0.052000	-0.002000	30032	30052	30075	24998	25026	24999
842	14.561385	0.032295	-0.180000	0.190000	-0.340000	-0.004000	0.052000	-0.002000	29982	30019	29966	24998	25026	24999
843	14.594818	0.033433	-0.180000	0.190000	-0.340000	-0.016000	-0.008000	-0.012000	29982	30019	29966	24992	24996	24994
844	14.594899	0.000081	-0.160000	-0.260000	0.530000	-0.016000	-0.008000	-0.012000	29984	29974	30053	24992	24996	24994
845	14.625266	0.030367	-0.160000	-0.260000	0.530000	0.040000	-0.012000	0.008000	29984	29974	30053	25020	24994	25004
846	14.625369	0.000103	-0.270000	-0.120000	0.800000	0.040000	-0.012000	0.008000	29973	29988	30080	25020	24994	25004
847	14.656987	0.031617	0.140000	-0.450000	-0.320000	0.040000	-0.012000	0.008000	30014	29955	29968	25020	24994	25004
848	14.688633	0.031647	0.140000	-0.450000	-0.320000	0.036000	0.004000	-0.016000	30014	29955	29968	25018	25002	24992
849	14.688725	0.000092	0.230000	-0.020000	0.790000	0.036000	0.004000	-0.016000	30023	29998	30079	25018	25002	24992
850	14.720061	0.031335	0.300000	0.570000	-0.070000	0.036000	0.004000	-0.016000	30030	30057	29993	25018	25002	24992
851	14.756468	0.036407	0.300000	0.570000	-0.070000	-0.050000	0.020000	-0.014000	30030	30057	29993	24975	25010	24993
852	14.756556	0.000088	-0.060000	0.110000	0.790000	-0.050000	0.020000	-0.014000	29994	30011	30079	24975	25010	24993
853	14.792206	0.035650	-0.060000	0.110000	0.790000	-0.024000	-0.004000	0.002000	29994	30011	30079	24988	24998	25001
854	14.792281	0.000075	-0.060000	0.110000	0.790000	0.040000	0.008000	-0.006000	29994	30011	30079	25020	25004	24997
855	14.792303	0.000022	0.060000	0.190000	1.050000	0.040000	0.008000	-0.006000	30006	30019	30105	25020	25004	24997
856	14.823759	0.031456	0.070000	0.280000	0.210000	0.040000	0.008000	-0.006000	30007	30028	30021	25020	25004	24997
857	14.853394	0.029635	0.070000	0.280000	0.210000	-0.034000	0.000000	-0.010000	30007	30028	30021	24983	25000	24995
858	14.853479	0.000084	-0.080000	-0.240000	-0.040000	-0.034000	0.000000	-0.010000	29992	29976	29996	24983	25000	24995
859	14.884779	0.031301	0.450000	0.050000	-0.600000	-0.034000	0.000000	-0.010000	30045	30005	29940	24983	25000	24995
860	14.917215	0.032436	-0.090000	0.040000	-0.100000	-0.034000	0.000000	-0.010000	29991	30004	29990	24983	25000	24995
861	14.952916	0.035701	-0.090000	0.040000	-0.100000	-0.010000	0.000000	-0.004000	29991	30004	29990	24995	25000	24998
862	14.953016	0.000101	-0.200000	0.270000	-0.060000	-0.010000	0.000000	-0.004000	29980	30027	29994	24995	25000	24998
863	14.987179	0.034162	0.240000	0.380000	0.800000	-0.010000	0.000000	-0.004000	30024	30038	30080	24995	25000	24998
864	15.023210	0.036031	0.540000	-0.190000	0.530000	-0.010000	0.000000	-0.004000	30054	29981	30053	24995	25000	24998
865	15.055555	0.032345	0.540000	-0.190000	0.530000	0.032000	0.042000	0.004000	30054	29981	30053	25016	25021	25002
866	15.055686	0.000131	0.540000	-0.190000	0.530000	0.038000	0.006000	0.004000	30054	29981	30053	25019	25003	25002
867	15.055711	0.000025	-0.190000	-0.050000	0.270000	0.038000	0.006000	0.004000	29981	29995	30027	25019	25003	25002
868	15.088277	0.032566	0.500000	0.600000	-0.070000	0.038000	0.006000	0.004000	30050	30060	29993	25019	25003	25002
869	15.122524	0.034247	0.500000	0.600000	-0.070000	-0.046000	0.040000	-0.002000	30050	30060	29993	24977	25020	24999
870	15.122630	0.000106	0.370000	0.080000	1.070000	-0.046000	0.040000	-0.002000	30037	30008	30107	24977	25020	24999
871	15.155713	0.033083	0.320000	-0.050000	0.460000	-0.046000	0.040000	-0.002000	30032	29995	30046	24977	25020	24999
872	15.188317	0.032604	-0.290000	-1.420000	-1.980000	-0.046000	0.040000	-0.002000	29971	29858	29802	24977	25020	24999
873	15.224204	0.035887	-0.290000	-1.420000	-1.980000	0.562000	0.076000	-0.040000	29971	29858	29802	25281	25038	24980
874	15.224282	0.000078	0.270000	-0.220000	-1.210000	0.562000	0.076000	-0.040000	30027	29978	29879	25281	25038	24980
875	15.254979	0.030697	0.270000	-0.220000	-1.210000	0.036000	-0.010000	-0.008000	30027	29978	29879	25018	24995	24996
876	15.255103	0.000124	-0.220000	0.520000	-0.330000	0.036000	-0.010000	-0.008000	29978	30052	29967	25018	24995	24996
877	15.284454	0.029350	-0.140000	0.340000	0.220000	0.036000	-0.010000	-0.008000	29986	30034	30022	25018	24995	24996
878	15.314500	0.030047	-0.120000	-0.300000	0.540000	0.036000	-0.010000	-0.008000	29988	29970	30054	25018	24995	24996
879	15.349124	0.034623	-0.120000	-0.300000	0.540000	-0.006000	-0.026000	-0.004000	29988	29970	30054	24997	24987	24998
880	15.349199	0.000076	0.090000	-0.210000	0.230000	-0.006000	-0.026000	-0.004000	30009	29979	30023	24997	24987	24998
881	15.378769	0.029570	0.090000	-0.210000	0.230000	-0.002000	-0.004000	-0.006000	30009	29979	30023	24999	24998	24997
882	15.378873	0.000103	0.110000	-0.130000	0.250000	-0.002000	-0.004000	-0.006000	30011	29987	30025	24999	24998	24997
883	15.409516	0.030644	0.110000	-0.130000	0.250000	0.006000	0.000000	-0.016000	30011	29987	30025	25003	25000	24992
884	15.409603	0.000087	0.520000	0.180000	0.240000	0.006000	0.000000	-0.016000	30052	30018	30024	25003	25000	24992
885	15.438212	0.028609	0.520000	0.180000	0.240000	-0.014000	0.016000	0.002000	30052	30018	30024	24993	25008	25001
886	15.438286	0.000074	0.430000	0.240000	-0.630000	-0.014000	0.016000	0.002000	30043	30024	29937	24993	25008	25001
887	15.469338	0.031052	0.430000	0.240000	-0.630000	0.008000	-0.010000	0.002000	30043	30024	29937	25004	24995	25001
888	15.469478	0.000140	0.390000	0.260000	-0.320000	0.008000	-0.010000	0.002000	30039	30026	29968	25004	24995	25001
889	15.500853	0.031375	0.390000	0.260000	-0.320000	0.136000	-0.008000	0.014000	30039	30026	29968	25068	24996	25007
890	15.500934	0.000081	0.500000	-0.020000	-0.340000	0.136000	-0.008000	0.014000	30050	29998	29966	25068	24996	25007
891	15.531956	0.031022	0.500000	-0.020000	-0.340000	0.158000	0.012000	0.008000	30050	29998	29966	25079	25006	25004
892	15.532021	0.000064	0.340000	0.410000	0.490000	0.158000	0.012000	0.008000	30034	30041	30049	25079	25006	25004
893	15.564405	0.032384	0.340000	0.410000	0.490000	0.002000	-0.004000	0.002000	30034	30041	30049	25001	24998	25001
894	15.564572	0.000167	-0.480000	-0.020000	-2.760000	0.002000	-0.004000	0.002000	29952	29998	29724	25001	24998	25001
895	15.597321	0.032749	-0.480000	-0.020000	-2.760000	0.326000	-0.234000	0.012000	29952	29998	29724	25163	24883	25006
896	15.597428	0.000108	0.140000	-0.380000	-2.270000	0.326000	-0.234000	0.012000	30014	29962	29773	25163	24883	25006
897	15.637315	0.039886	0.360000	-0.640000	-1.480000	0.326000	-0.234000	0.012000	30036	29936	29852	25163	24883	25006
898	15.676737	0.039423	0.360000	-0.640000	-1.480000	0.326000	-0.234000	0.012000	30036	29936	29852	25163	24883	25006
899	15.716147	0.039410	0.240000	-0.050000	-1.980000	0.326000	-0.234000	0.012000	30024	29995	29802	25163	24883	25006
900	15.749387	0.033240	0.120000	-0.130000	-3.100000	0.326000	-0.234000	0.012000	30012	29987	29690	25163	24883	25006
901	15.780311	0.030924	0.120000	-0.130000	-3.100000	0.376000	-0.124000	-0.036000	30012	29987	29690	25188	24938	24982
902	15.780393	0.000082	0.070000	0.360000	-3.860000	0.376000	-0.124000	-0.036000	30007	30036	29614	25188	24938	24982
903	15.812674	0.032282	0.070000	0.360000	-3.860000	0.234000	-0.116000	-0.024000	30007	30036	29614	25117	24942	24988
904	15.812779	0.000104	0.010000	0.080000	-3.590000	0.234000	-0.116000	-0.024000	30001	30008	29641	25117	24942	24988
905	15.848826	0.036047	0.010000	0.080000	-3.590000	0.226000	-0.068000	-0.040000	30001	30008	29641	25113	24966	24980
906	15.848917	0.000091	-0.720000	-0.160000	-4.390000	0.226000	-0.068000	-0.040000	29928	29984	29561	25113	24966	24980
907	15.879310	0.030393	-0.720000	-0.160000	-4.390000	0.124000	-0.158000	-0.020000	29928	29984	29561	25062	24921	24990
908	15.879390	0.000080	-0.640000	-0.130000	-3.570000	0.124000	-0.158000	-0.020000	29936	29987	29643	25062	24921	24990
909	15.909652	0.030262	-0.350000	-0.340000	-3.850000	0.124000	-0.158000	-0.020000	29965	29966	29615	25062	24921	24990
910	15.941453	0.031801	0.140000	0.110000	-4.450000	0.124000	-0.158000	-0.020000	30014	30011	29555	25062	24921	24990
911	15.971449	0.029996	0.140000	0.110000	-4.450000	-0.062000	-0.064000	-0.038000	30014	30011	29555	24969	24968	24981
912	15.971538	0.000090	0.170000	0.140000	-6.110000	-0.062000	-0.064000	-0.038000	30017	30014	29389	24969	24968	24981
913	16.003572	0.032034	0.010000	-0.550000	-8.500000	-0.062000	-0.064000	-0.038000	30001	29945	29150	24969	24968	24981
914	16.040975	0.037402	0.540000	-0.570000	-9.090000	-0.062000	-0.064000	-0.038000	30054	29943	29091	24969	24968	24981
915	16.069731	0.028756	0.620000	-0.730000	-10.780000	-0.062000	-0.064000	-0.038000	30062	29927	28922	24969	24968	24981
916	16.100824	0.031093	0.960000	-1.040000	-12.170000	-0.062000	-0.064000	-0.038000	30096	29896	28783	24969	24968	24981
917	16.133545	0.032721	0.960000	-1.040000	-12.170000	0.742000	0.232000	0.062000	30096	29896	28783	25371	25116	25031
918	16.133627	0.000082	0.790000	-1.840000	-14.640000	0.742000	0.232000	0.062000	30079	29816	28536	25371	25116	25031
919	16.169081	0.035454	1.420000	-1.320000	-16.300000	0.742000	0.232000	0.062000	30142	29868	28370	25371	25116	25031
920	16.200429	0.031348	1.440000	-0.600000	-17.100000	0.742000	0.232000	0.062000	30144	29940	28290	25371	25116	25031
921	16.233223	0.032795	1.440000	-0.600000	-17.100000	0.472000	0.396000	0.100000	30144	29940	28290	25236	25198	25050
922	16.233325	0.000102	1.150000	-1.180000	-19.040000	0.472000	0.396000	0.100000	30115	29882	28096	25236	25198	25050
923	16.261421	0.028096	1.460000	-1.640000	-19.860000	0.472000	0.396000	0.100000	30146	29836	28014	25236	25198	25050
924	16.295915	0.034494	1.460000	-1.640000	-19.860000	0.768000	0.342000	0.118000	30146	29836	28014	25384	25171	25059
925	16.296062	0.000146	0.910000	-1.690000	-18.770000	0.768000	0.342000	0.118000	30091	29831	28123	25384	25171	25059
926	16.328738	0.032676	0.910000	-1.690000	-18.770000	0.760000	0.326000	0.120000	30091	29831	28123	25380	25163	25060
927	16.328858	0.000121	0.690000	-1.240000	-18.220000	0.760000	0.326000	0.120000	30069	29876	28178	25380	25163	25060
928	16.360235	0.031377	0.690000	-1.240000	-18.220000	0.560000	0.312000	0.104000	30069	29876	28178	25280	25156	25052
929	16.360348	0.000113	0.690000	-1.050000	-18.740000	0.560000	0.312000	0.104000	30069	29895	28126	25280	25156	25052
930	16.388893	0.028546	0.690000	-1.050000	-18.740000	0.448000	0.300000	0.080000	30069	29895	28126	25224	25150	25040
931	16.388988	0.000094	0.950000	-0.820000	-19.810000	0.448000	0.300000	0.080000	30095	29918	28019	25224	25150	25040
932	16.423318	0.034330	0.010000	-0.900000	-20.500000	0.448000	0.300000	0.080000	30001	29910	27950	25224	25150	25040
933	16.452624	0.029306	0.010000	-0.900000	-20.500000	0.452000	0.012000	0.092000	30001	29910	27950	25226	25006	25046
934	16.452720	0.000096	0.010000	-0.900000	-20.500000	0.372000	-0.038000	0.088000	30001	29910	27950	25186	24981	25044
935	16.452748	0.000028	0.320000	-0.570000	-19.990000	0.372000	-0.038000	0.088000	30032	29943	28001	25186	24981	25044
936	16.483900	0.031152	0.320000	-0.570000	-19.990000	0.098000	-0.120000	0.076000	30032	29943	28001	25049	24940	25038
937	16.483989	0.000089	-0.600000	-0.180000	-19.660000	0.098000	-0.120000	0.076000	29940	29982	28034	25049	24940	25038
938	16.515040	0.031052	-0.410000	-0.330000	-20.420000	0.098000	-0.120000	0.076000	29959	29967	27958	25049	24940	25038
939	16.544398	0.029358	-0.410000	-0.330000	-20.420000	0.020000	-0.142000	0.072000	29959	29967	27958	25010	24929	25036
940	16.544496	0.000098	-0.520000	0.060000	-20.980000	0.020000	-0.142000	0.072000	29948	30006	27902	25010	24929	25036
941	16.577320	0.032824	-0.270000	0.860000	-21.510000	0.020000	-0.142000	0.072000	29973	30086	27849	25010	24929	25036
942	16.606879	0.029559	-0.250000	-0.230000	-22.100000	0.020000	-0.142000	0.072000	29975	29977	27790	25010	24929	25036
943	16.633961	0.027082	-0.250000	-0.230000	-22.100000	0.004000	-0.144000	0.052000	29975	29977	27790	25002	24928	25026
944	16.634029	0.000068	-0.030000	-0.010000	-21.530000	0.004000	-0.144000	0.052000	29997	29999	27847	25002	24928	25026
945	16.662899	0.028869	-0.030000	-0.010000	-21.530000	0.084000	-0.178000	0.058000	29997	29999	27847	25042	24911	25029
946	16.662963	0.000064	-0.730000	0.340000	-22.320000	0.084000	-0.178000	0.058000	29927	30034	27768	25042	24911	25029
947	16.692897	0.029935	-0.730000	0.340000	-22.320000	0.082000	-0.204000	0.050000	29927	30034	27768	25041	24898	25025
948	16.693020	0.000122	-0.360000	-0.180000	-22.090000	0.082000	-0.204000	0.050000	29964	29982	27791	25041	24898	25025
949	16.724357	0.031337	0.080000	0.350000	-23.140000	0.082000	-0.204000	0.050000	30008	30035	27686	25041	24898	25025
950	16.755687	0.031330	-0.740000	0.150000	-23.650000	0.082000	-0.204000	0.050000	29926	30015	27635	25041	24898	25025
951	16.802983	0.047295	-0.740000	0.150000	-23.650000	0.120000	-0.192000	0.048000	29926	30015	27635	25060	24904	25024
952	16.803064	0.000081	-0.150000	-0.300000	-24.000000	0.120000	-0.192000	0.048000	29985	29970	27600	25060	24904	25024
953	16.833271	0.030208	-0.150000	-0.300000	-24.000000	0.230000	-0.172000	0.052000	29985	29970	27600	25115	24914	25026
954	16.833364	0.000093	0.530000	0.030000	-24.510000	0.230000	-0.172000	0.052000	30053	30003	27549	25115	24914	25026
955	16.870683	0.037319	0.530000	0.030000	-24.510000	0.250000	-0.134000	0.056000	30053	30003	27549	25125	24933	25028
956	16.870786	0.000103	0.530000	0.030000	-24.510000	0.388000	-0.138000	0.052000	30053	30003	27549	25194	24931	25026
957	16.870816	0.000030	-0.100000	-0.750000	-23.970000	0.388000	-0.138000	0.052000	29990	29925	27603	25194	24931	25026
958	16.901860	0.031044	-0.410000	-0.370000	-23.980000	0.388000	-0.138000	0.052000	29959	29963	27602	25194	24931	25026
959	16.931500	0.029641	-0.410000	-0.370000	-23.980000	0.296000	-0.096000	0.030000	29959	29963	27602	25148	24952	25015
960	16.931575	0.000075	-0.170000	-0.140000	-24.010000	0.296000	-0.096000	0.030000	29983	29986	27599	25148	24952	25015
961	16.959509	0.027934	-0.170000	-0.140000	-24.010000	0.168000	-0.050000	0.040000	29983	29986	27599	25084	24975	25020
962	16.959586	0.000077	-0.280000	0.140000	-24.070000	0.168000	-0.050000	0.040000	29972	30014	27593	25084	24975	25020
963	16.991008	0.031422	-0.280000	0.140000	-24.070000	0.196000	0.008000	0.042000	29972	30014	27593	25098	25004	25021
964	16.991186	0.000178	-0.170000	-0.080000	-25.630000	0.196000	0.008000	0.042000	29983	29992	27437	25098	25004	25021
965	17.032947	0.041760	-0.050000	-0.010000	-25.630000	0.196000	0.008000	0.042000	29995	29999	27437	25098	25004	25021
966	17.066128	0.033181	-0.050000	-0.010000	-25.630000	0.174000	-0.132000	0.074000	29995	29999	27437	25087	24934	25037
967	17.066232	0.000103	0.130000	0.160000	-24.770000	0.174000	-0.132000	0.074000	30013	30016	27523	25087	24934	25037
968	17.093076	0.026844	-0.240000	-0.630000	-25.070000	0.174000	-0.132000	0.074000	29976	29937	27493	25087	24934	25037
969	17.119446	0.026370	-0.240000	-0.630000	-25.070000	0.298000	-0.036000	0.064000	29976	29937	27493	25149	24982	25032
970	17.119508	0.000062	-0.070000	-0.090000	-25.670000	0.298000	-0.036000	0.064000	29993	29991	27433	25149	24982	25032
971	17.151771	0.032263	-0.070000	-0.090000	-25.670000	0.332000	0.000000	0.068000	29993	29991	27433	25166	25000	25034
972	17.151882	0.000112	-0.600000	-0.560000	-25.650000	0.332000	0.000000	0.068000	29940	29944	27435	25166	25000	25034
973	17.183779	0.031897	-0.600000	-0.560000	-25.650000	0.284000	-0.008000	0.062000	29940	29944	27435	25142	24996	25031
974	17.183881	0.000102	0.040000	-0.160000	-27.500000	0.284000	-0.008000	0.062000	30004	29984	27250	25142	24996	25031
975	17.218950	0.035068	0.040000	-0.160000	-27.500000	0.228000	0.034000	0.072000	30004	29984	27250	25114	25017	25036
976	17.219034	0.000084	0.040000	-0.160000	-27.500000	0.226000	0.048000	0.048000	30004	29984	27250	25113	25024	25024
977	17.219088	0.000054	-0.300000	-0.580000	-26.190000	0.226000	0.048000	0.048000	29970	29942	27381	25113	25024	25024
978	17.254096	0.035008	-0.110000	-0.440000	-26.190000	0.226000	0.048000	0.048000	29989	29956	27381	25113	25024	25024
979	17.281844	0.027748	-0.110000	-0.440000	-26.190000	0.162000	0.038000	0.062000	29989	29956	27381	25081	25019	25031
980	17.281917	0.000074	-0.790000	-0.930000	-26.170000	0.162000	0.038000	0.062000	29921	29907	27383	25081	25019	25031
981	17.313251	0.031333	-0.790000	-0.930000	-26.170000	0.308000	-0.026000	0.060000	29921	29907	27383	25154	24987	25030
982	17.313359	0.000108	-0.790000	-0.930000	-26.170000	0.264000	0.112000	0.050000	29921	29907	27383	25132	25056	25025
983	17.313388	0.000029	0.040000	-0.280000	-26.760000	0.264000	0.112000	0.050000	30004	29972	27324	25132	25056	25025
984	17.345073	0.031685	-0.170000	-0.710000	-27.540000	0.264000	0.112000	0.050000	29983	29929	27246	25132	25056	25025
985	17.375371	0.030298	-0.170000	-0.710000	-27.540000	0.476000	0.078000	0.064000	29983	29929	27246	25238	25039	25032
986	17.375464	0.000093	0.360000	-0.230000	-27.290000	0.476000	0.078000	0.064000	30036	29977	27271	25238	25039	25032
987	17.409032	0.033567	0.360000	-0.230000	-27.290000	0.314000	0.080000	0.064000	30036	29977	27271	25157	25040	25032
988	17.409109	0.000078	-0.420000	-0.310000	-27.540000	0.314000	0.080000	0.064000	29958	29969	27246	25157	25040	25032
989	17.439422	0.030313	-0.420000	-0.310000	-27.540000	0.270000	-0.004000	0.044000	29958	29969	27246	25135	24998	25022
990	17.439487	0.000065	0.000000	-0.460000	-26.770000	0.270000	-0.004000	0.044000	30000	29954	27323	25135	24998	25022
991	17.469322	0.029835	0.000000	-0.460000	-26.770000	0.336000	0.078000	0.050000	30000	29954	27323	25168	25039	25025
992	17.469434	0.000112	-0.210000	-0.180000	-27.300000	0.336000	0.078000	0.050000	29979	29982	27270	25168	25039	25025
993	17.501027	0.031593	-0.210000	-0.180000	-27.300000	0.312000	0.064000	0.054000	29979	29982	27270	25156	25032	25027
994	17.501112	0.000085	-0.230000	-0.260000	-27.310000	0.312000	0.064000	0.054000	29977	29974	27269	25156	25032	25027
995	17.528334	0.027221	-0.350000	0.470000	-27.250000	0.312000	0.064000	0.054000	29965	30047	27275	25156	25032	25027
996	17.557110	0.028776	-0.270000	-0.160000	-27.320000	0.312000	0.064000	0.054000	29973	29984	27268	25156	25032	25027
997	17.586519	0.029409	-0.270000	-0.160000	-27.320000	0.312000	0.064000	0.054000	29973	29984	27268	25156	25032	25027
998	17.617802	0.031284	-0.310000	-0.700000	-27.330000	0.312000	0.064000	0.054000	29969	29930	27267	25156	25032	25027
999	17.649079	0.031276	-0.250000	-0.460000	-27.490000	0.312000	0.064000	0.054000	29975	29954	27251	25156	25032	25027
1000	17.682397	0.033319	-0.170000	-0.260000	-27.280000	0.312000	0.064000	0.054000	29983	29974	27272	25156	25032	25027
1001	17.720323	0.037926	-0.170000	-0.260000	-27.280000	0.268000	-0.006000	0.050000	29983	29974	27272	25134	24997	25025
1002	17.720551	0.000228	-0.270000	-0.220000	-26.990000	0.268000	-0.006000	0.050000	29973	29978	27301	25134	24997	25025
1003	17.766572	0.046021	-0.270000	-0.220000	-26.990000	0.224000	-0.012000	0.062000	29973	29978	27301	25112	24994	25031
1004	17.766643	0.000071	-0.190000	-0.340000	-26.210000	0.224000	-0.012000	0.062000	29981	29966	27379	25112	24994	25031
1005	17.794107	0.027464	-0.190000	-0.340000	-26.210000	0.056000	0.098000	0.054000	29981	29966	27379	25028	25049	25027
1006	17.794171	0.000064	0.090000	0.060000	-27.560000	0.056000	0.098000	0.054000	30009	30006	27244	25028	25049	25027
1007	17.822244	0.028073	0.090000	0.060000	-27.560000	0.124000	0.058000	0.046000	30009	30006	27244	25062	25029	25023
1008	17.822324	0.000080	-0.590000	0.020000	-26.950000	0.124000	0.058000	0.046000	29941	30002	27305	25062	25029	25023
1009	17.851188	0.028864	-0.590000	0.020000	-26.950000	0.098000	-0.016000	0.054000	29941	30002	27305	25049	24992	25027
1010	17.851268	0.000080	-0.260000	-0.110000	-26.440000	0.098000	-0.016000	0.054000	29974	29989	27356	25049	24992	25027
1011	17.878600	0.027332	-0.260000	-0.110000	-26.440000	0.212000	0.088000	0.060000	29974	29989	27356	25106	25044	25030
1012	17.878675	0.000076	-0.660000	-1.260000	-26.730000	0.212000	0.088000	0.060000	29934	29874	27327	25106	25044	25030
1013	17.905236	0.026561	-0.660000	-1.260000	-26.730000	0.414000	0.004000	0.060000	29934	29874	27327	25207	25002	25030
1014	17.905298	0.000062	-0.610000	-0.670000	-26.790000	0.414000	0.004000	0.060000	29939	29933	27321	25207	25002	25030
1015	17.935755	0.030458	-0.610000	-0.200000	-26.180000	0.414000	0.004000	0.060000	29939	29980	27382	25207	25002	25030
1016	17.966999	0.031244	-0.030000	0.790000	-26.240000	0.414000	0.004000	0.060000	29997	30079	27376	25207	25002	25030
1017	18.000063	0.033064	-0.030000	0.790000	-26.240000	0.160000	0.074000	0.038000	29997	30079	27376	25080	25037	25019
1018	18.000137	0.000075	-0.130000	-0.030000	-26.500000	0.160000	0.074000	0.038000	29987	29997	27350	25080	25037	25019
1019	18.030746	0.030609	-0.130000	-0.030000	-26.500000	0.192000	0.124000	0.024000	29987	29997	27350	25096	25062	25012
1020	18.030821	0.000075	-0.570000	-0.280000	-25.920000	0.192000	0.124000	0.024000	29943	29972	27408	25096	25062	25012
1021	18.063171	0.032350	-0.570000	-0.280000	-25.920000	0.118000	0.046000	0.026000	29943	29972	27408	25059	25023	25013
1022	18.063246	0.000074	0.000000	-0.020000	-25.370000	0.118000	0.046000	0.026000	30000	29998	27463	25059	25023	25013
1023	18.095385	0.032139	0.010000	-0.090000	-25.370000	0.118000	0.046000	0.026000	30001	29991	27463	25059	25023	25013
1024	18.132475	0.037090	-0.820000	-0.600000	-25.340000	0.118000	0.046000	0.026000	29918	29940	27466	25059	25023	25013
1025	18.166972	0.034497	-0.820000	-0.600000	-25.340000	0.270000	-0.044000	0.012000	29918	29940	27466	25135	24978	25006
1026	18.167042	0.000070	-0.610000	0.180000	-25.870000	0.270000	-0.044000	0.012000	29939	30018	27413	25135	24978	25006
1027	18.205032	0.037990	-0.430000	-0.830000	-25.980000	0.270000	-0.044000	0.012000	29957	29917	27402	25135	24978	25006
1028	18.237010	0.031978	-0.870000	-0.430000	-26.180000	0.270000	-0.044000	0.012000	29913	29957	27382	25135	24978	25006
1029	18.267300	0.030290	-0.870000	-0.430000	-26.180000	0.240000	0.052000	0.002000	29913	29957	27382	25120	25026	25001
1030	18.267364	0.000063	-0.870000	-0.430000	-26.180000	0.220000	0.040000	0.012000	29913	29957	27382	25110	25020	25006
1031	18.267383	0.000019	-0.520000	-0.290000	-25.950000	0.220000	0.040000	0.012000	29948	29971	27405	25110	25020	25006
1032	18.295391	0.028008	-0.520000	-0.290000	-25.950000	0.254000	-0.004000	0.032000	29948	29971	27405	25127	24998	25016
1033	18.295473	0.000082	-0.970000	-0.130000	-26.430000	0.254000	-0.004000	0.032000	29903	29987	27357	25127	24998	25016
1034	18.330544	0.035071	0.030000	-0.580000	-26.450000	0.254000	-0.004000	0.032000	30003	29942	27355	25127	24998	25016
1035	18.360283	0.029739	0.030000	-0.580000	-26.450000	0.336000	0.102000	0.012000	30003	29942	27355	25168	25051	25006
1036	18.360352	0.000068	-0.530000	-0.370000	-25.660000	0.336000	0.102000	0.012000	29947	29963	27434	25168	25051	25006
1037	18.390123	0.029771	-0.530000	-0.370000	-25.660000	0.216000	0.038000	0.022000	29947	29963	27434	25108	25019	25011
1038	18.390205	0.000083	-0.920000	0.080000	-25.280000	0.216000	0.038000	0.022000	29908	30008	27472	25108	25019	25011
1039	18.422835	0.032629	-0.260000	0.610000	-25.100000	0.216000	0.038000	0.022000	29974	30061	27490	25108	25019	25011
1040	18.455279	0.032444	-0.530000	-0.290000	-25.320000	0.216000	0.038000	0.022000	29947	29971	27468	25108	25019	25011
1041	18.489687	0.034408	-0.780000	0.110000	-23.680000	0.216000	0.038000	0.022000	29922	30011	27632	25108	25019	25011
1042	18.521243	0.031556	-0.180000	0.050000	-22.640000	0.216000	0.038000	0.022000	29982	30005	27736	25108	25019	25011
1043	18.551483	0.030240	-0.180000	0.050000	-22.640000	0.178000	0.116000	-0.002000	29982	30005	27736	25089	25058	24999
1044	18.551601	0.000118	-0.320000	-0.590000	-22.680000	0.178000	0.116000	-0.002000	29968	29941	27732	25089	25058	24999
1045	18.580506	0.028906	-0.320000	-0.590000	-22.680000	0.276000	0.132000	0.008000	29968	29941	27732	25138	25066	25004
1046	18.580613	0.000107	-0.950000	-0.120000	-21.530000	0.276000	0.132000	0.008000	29905	29988	27847	25138	25066	25004
1047	18.615525	0.034912	-0.950000	-0.120000	-21.530000	0.156000	-0.044000	0.008000	29905	29988	27847	25078	24978	25004
1048	18.615714	0.000189	-0.950000	-0.120000	-21.530000	0.252000	0.052000	-0.004000	29905	29988	27847	25126	25026	24998
1049	18.615806	0.000092	-0.490000	-0.390000	-18.860000	0.252000	0.052000	-0.004000	29951	29961	28114	25126	25026	24998
1050	18.643920	0.028114	-0.490000	-0.390000	-18.860000	0.230000	0.042000	0.000000	29951	29961	28114	25115	25021	25000
1051	18.644032	0.000112	-0.300000	-0.060000	-17.570000	0.230000	0.042000	0.000000	29970	29994	28243	25115	25021	25000
1052	18.675396	0.031364	-0.160000	0.010000	-16.420000	0.230000	0.042000	0.000000	29984	30001	28358	25115	25021	25000
1053	18.705467	0.030071	-0.160000	0.010000	-16.420000	0.148000	0.098000	-0.008000	29984	30001	28358	25074	25049	24996
1054	18.705567	0.000100	-0.180000	-0.010000	-16.440000	0.148000	0.098000	-0.008000	29982	29999	28356	25074	25049	24996
1055	18.733072	0.027505	-0.100000	-0.610000	-14.800000	0.148000	0.098000	-0.008000	29990	29939	28520	25074	25049	24996
1056	18.761436	0.028364	-0.080000	-0.210000	-12.660000	0.148000	0.098000	-0.008000	29992	29979	28734	25074	25049	24996
1057	18.790233	0.028797	-0.080000	-0.210000	-12.660000	0.174000	0.118000	-0.016000	29992	29979	28734	25087	25059	24992
1058	18.790307	0.000073	-0.180000	0.440000	-12.120000	0.174000	0.118000	-0.016000	29982	30044	28788	25087	25059	24992
1059	18.817942	0.027636	0.150000	-0.030000	-9.350000	0.174000	0.118000	-0.016000	30015	29997	29065	25087	25059	24992
1060	18.846042	0.028099	0.150000	-0.030000	-9.350000	0.042000	0.048000	-0.016000	30015	29997	29065	25021	25024	24992
1061	18.846112	0.000071	0.430000	0.100000	-8.540000	0.042000	0.048000	-0.016000	30043	30010	29146	25021	25024	24992
1062	18.877277	0.031164	0.430000	0.100000	-8.540000	0.220000	0.086000	0.002000	30043	30010	29146	25110	25043	25001
1063	18.877355	0.000078	0.510000	-0.230000	-6.360000	0.220000	0.086000	0.002000	30051	29977	29364	25110	25043	25001
1064	18.909751	0.032397	0.510000	-0.230000	-6.360000	0.266000	0.098000	-0.014000	30051	29977	29364	25133	25049	24993
1065	18.909840	0.000089	0.510000	-0.230000	-6.360000	0.236000	0.000000	0.000000	30051	29977	29364	25118	25000	25000
1066	18.909867	0.000027	0.510000	-0.230000	-6.360000	0.178000	0.042000	0.002000	30051	29977	29364	25089	25021	25001
1067	18.909889	0.000021	-0.550000	-0.440000	-4.980000	0.178000	0.042000	0.002000	29945	29956	29502	25089	25021	25001
1068	18.943274	0.033385	-0.200000	-0.030000	-3.580000	0.178000	0.042000	0.002000	29980	29997	29642	25089	25021	25001
1069	18.977374	0.034100	-0.200000	-0.030000	-3.580000	0.074000	0.036000	-0.002000	29980	29997	29642	25037	25018	24999
1070	18.977566	0.000192	0.320000	0.170000	-3.060000	0.074000	0.036000	-0.002000	30032	30017	29694	25037	25018	24999
1071	19.011948	0.034382	-0.180000	-0.580000	-2.240000	0.074000	0.036000	-0.002000	29982	29942	29776	25037	25018	24999
1072	19.048835	0.036887	0.230000	0.090000	-0.880000	0.074000	0.036000	-0.002000	30023	30009	29912	25037	25018	24999
1073	19.082502	0.033667	0.230000	0.090000	-0.880000	0.004000	0.082000	0.002000	30023	30009	29912	25002	25041	25001
1074	19.082580	0.000078	0.380000	-0.500000	-0.090000	0.004000	0.082000	0.002000	30038	29950	29991	25002	25041	25001
1075	19.119729	0.037149	0.380000	-0.500000	-0.090000	0.114000	0.128000	0.008000	30038	29950	29991	25057	25064	25004
1076	19.119902	0.000173	0.020000	-0.730000	-0.090000	0.114000	0.128000	0.008000	30002	29927	29991	25057	25064	25004
1077	19.147339	0.027437	-0.050000	-0.590000	-0.610000	0.114000	0.128000	0.008000	29995	29941	29939	25057	25064	25004
1078	19.176043	0.028704	-0.050000	-0.590000	-0.610000	0.102000	0.070000	0.014000	29995	29941	29939	25051	25035	25007
1079	19.176227	0.000184	-0.490000	-0.040000	-1.380000	0.102000	0.070000	0.014000	29951	29996	29862	25051	25035	25007
1080	19.211828	0.035601	0.100000	0.210000	-2.520000	0.102000	0.070000	0.014000	30010	30021	29748	25051	25035	25007
1081	19.245638	0.033810	0.100000	0.210000	-2.520000	-0.060000	0.014000	0.006000	30010	30021	29748	24970	25007	25003
1082	19.245721	0.000083	0.140000	0.360000	-1.110000	-0.060000	0.014000	0.006000	30014	30036	29889	24970	25007	25003
1083	19.280513	0.034792	-0.070000	0.090000	-0.640000	-0.060000	0.014000	0.006000	29993	30009	29936	24970	25007	25003
1084	19.311680	0.031167	0.270000	-0.210000	-0.340000	-0.060000	0.014000	0.006000	30027	29979	29966	24970	25007	25003
1085	19.342568	0.030889	0.270000	-0.210000	-0.340000	-0.072000	0.062000	0.000000	30027	29979	29966	24964	25031	25000
1086	19.342629	0.000061	0.270000	-0.210000	-0.340000	-0.134000	0.016000	0.008000	30027	29979	29966	24933	25008	25004
1087	19.342646	0.000016	-0.310000	0.240000	-1.120000	-0.134000	0.016000	0.008000	29969	30024	29888	24933	25008	25004
1088	19.370593	0.027947	-0.040000	0.110000	-2.000000	-0.134000	0.016000	0.008000	29996	30011	29800	24933	25008	25004
1089	19.398401	0.027808	-0.040000	0.110000	-2.000000	-0.134000	0.022000	-0.006000	29996	30011	29800	24933	25011	24997
1090	19.398469	0.000068	0.180000	0.060000	-0.810000	-0.134000	0.022000	-0.006000	30018	30006	29919	24933	25011	24997
1091	19.426214	0.027745	0.180000	0.060000	-0.810000	-0.148000	-0.030000	0.004000	30018	30006	29919	24926	24985	25002
1092	19.426282	0.000068	0.220000	0.920000	-2.210000	-0.148000	-0.030000	0.004000	30022	30092	29779	24926	24985	25002
1093	19.459304	0.033022	0.220000	0.920000	-2.210000	-0.268000	-0.026000	-0.006000	30022	30092	29779	24866	24987	24997
1094	19.459388	0.000083	0.140000	0.530000	-1.100000	-0.268000	-0.026000	-0.006000	30014	30053	29890	24866	24987	24997
1095	19.489116	0.029728	0.140000	0.530000	-1.100000	-0.362000	-0.064000	-0.032000	30014	30053	29890	24819	24968	24984
1096	19.489185	0.000069	0.140000	0.530000	-1.100000	-0.514000	-0.084000	-0.026000	30014	30053	29890	24743	24958	24987
1097	19.489203	0.000018	-0.360000	2.090000	-0.760000	-0.514000	-0.084000	-0.026000	29964	30209	29924	24743	24958	24987
1098	19.521220	0.032017	-0.030000	1.640000	-0.790000	-0.514000	-0.084000	-0.026000	29997	30164	29921	24743	24958	24987
1099	19.556229	0.035009	-0.710000	2.240000	-0.450000	-0.514000	-0.084000	-0.026000	29929	30224	29955	24743	24958	24987
1100	19.587654	0.031425	-0.690000	2.220000	-0.970000	-0.514000	-0.084000	-0.026000	29931	30222	29903	24743	24958	24987
1101	19.618659	0.031005	-1.100000	2.360000	-1.160000	-0.514000	-0.084000	-0.026000	29890	30236	29884	24743	24958	24987
1102	19.647775	0.029116	-1.100000	2.360000	-1.160000	-1.168000	-0.312000	-0.012000	29890	30236	29884	24416	24844	24994
1103	19.647869	0.000094	-0.860000	2.150000	-0.620000	-1.168000	-0.312000	-0.012000	29914	30215	29938	24416	24844	24994
1104	19.687702	0.039834	-1.380000	2.050000	-0.970000	-1.168000	-0.312000	-0.012000	29862	30205	29903	24416	24844	24994
1105	19.718222	0.030519	-1.380000	2.050000	-0.970000	-0.934000	-0.314000	-0.008000	29862	30205	29903	24533	24843	24996
1106	19.718285	0.000063	-0.120000	1.810000	-1.000000	-0.934000	-0.314000	-0.008000	29988	30181	29900	24533	24843	24996
1107	19.749979	0.031694	-0.630000	1.270000	-0.540000	-0.934000	-0.314000	-0.008000	29937	30127	29946	24533	24843	24996
1108	19.781110	0.031131	-0.630000	1.270000	-0.540000	-0.352000	-0.166000	-0.006000	29937	30127	29946	24824	24917	24997
1109	19.781196	0.000086	-0.100000	0.540000	-1.960000	-0.352000	-0.166000	-0.006000	29990	30054	29804	24824	24917	24997
1110	19.815099	0.033904	0.260000	0.360000	-1.700000	-0.352000	-0.166000	-0.006000	30026	30036	29830	24824	24917	24997
1111	19.847589	0.032489	0.260000	0.360000	-1.700000	-0.048000	0.000000	0.016000	30026	30036	29830	24976	25000	25008
1112	19.847688	0.000099	-0.120000	0.380000	-1.710000	-0.048000	0.000000	0.016000	29988	30038	29829	24976	25000	25008
1113	19.884871	0.037183	0.250000	-0.230000	-0.860000	-0.048000	0.000000	0.016000	30025	29977	29914	24976	25000	25008
1114	19.921171	0.036300	0.340000	-0.030000	-0.330000	-0.048000	0.000000	0.016000	30034	29997	29967	24976	25000	25008
1115	19.955660	0.034490	0.340000	-0.030000	-0.330000	-0.006000	0.024000	-0.006000	30034	29997	29967	24997	25012	24997
1116	19.955746	0.000086	0.040000	-0.070000	0.530000	-0.006000	0.024000	-0.006000	30004	29993	30053	24997	25012	24997
1117	19.987300	0.031555	0.370000	0.650000	0.790000	-0.006000	0.024000	-0.006000	30037	30065	30079	24997	25012	24997
1118	20.019940	0.032640	0.200000	0.310000	-0.590000	-0.006000	0.024000	-0.006000	30020	30031	29941	24997	25012	24997
1119	20.053264	0.033324	0.200000	0.310000	-0.590000	-0.036000	0.000000	-0.004000	30020	30031	29941	24982	25000	24998
1120	20.053390	0.000125	0.100000	0.190000	0.270000	-0.036000	0.000000	-0.004000	30010	30019	30027	24982	25000	24998
1121	20.093200	0.039811	0.200000	0.440000	0.480000	-0.036000	0.000000	-0.004000	30020	30044	30048	24982	25000	24998
1122	20.132494	0.039293	0.200000	0.440000	0.480000	-0.040000	0.036000	-0.006000	30020	30044	30048	24980	25018	24997
1123	20.132598	0.000104	0.230000	0.090000	-1.110000	-0.040000	0.036000	-0.006000	30023	30009	29889	24980	25018	24997
1124	20.163037	0.030440	0.230000	0.090000	-1.110000	-0.008000	0.018000	0.002000	30023	30009	29889	24996	25009	25001
1125	20.163118	0.000080	-0.310000	-0.430000	0.180000	-0.008000	0.018000	0.002000	29969	29957	30018	24996	25009	25001
1126	20.190949	0.027831	0.110000	0.580000	0.190000	-0.008000	0.018000	0.002000	30011	30058	30019	24996	25009	25001
1127	20.220223	0.029274	0.110000	0.580000	0.190000	-0.058000	0.012000	-0.004000	30011	30058	30019	24971	25006	24998
1128	20.220282	0.000059	-0.340000	0.140000	-0.060000	-0.058000	0.012000	-0.004000	29966	30014	29994	24971	25006	24998
1129	20.254155	0.033873	0.010000	0.400000	-0.320000	-0.058000	0.012000	-0.004000	30001	30040	29968	24971	25006	24998
1130	20.285292	0.031137	0.010000	0.400000	-0.320000	-0.036000	0.018000	-0.006000	30001	30040	29968	24982	25009	24997
1131	20.285361	0.000069	0.010000	0.400000	-0.320000	-0.042000	-0.002000	0.000000	30001	30040	29968	24979	24999	25000
1132	20.285381	0.000020	0.070000	0.740000	-0.050000	-0.042000	-0.002000	0.000000	30007	30074	29995	24979	24999	25000
1133	20.317119	0.031739	0.070000	0.740000	-0.050000	-0.068000	0.018000	-0.012000	30007	30074	29995	24966	25009	24994
1134	20.317197	0.000078	-0.010000	-0.190000	-0.350000	-0.068000	0.018000	-0.012000	29999	29981	29965	24966	25009	24994
1135	20.347960	0.030763	-0.910000	-0.760000	-0.540000	-0.068000	0.018000	-0.012000	29909	29924	29946	24966	25009	24994
1136	20.376621	0.028661	-0.910000	-0.760000	-0.540000	-0.012000	-0.036000	0.014000	29909	29924	29946	24994	24982	25007
1137	20.376694	0.000072	-0.610000	-0.510000	-0.330000	-0.012000	-0.036000	0.014000	29939	29949	29967	24994	24982	25007
1138	20.408744	0.032050	-0.610000	-0.510000	-0.330000	-0.014000	0.040000	-0.010000	29939	29949	29967	24993	25020	24995
1139	20.408856	0.000112	0.330000	0.300000	-0.050000	-0.014000	0.040000	-0.010000	30033	30030	29995	24993	25020	24995
1140	20.435989	0.027133	0.330000	0.300000	-0.050000	-0.030000	0.028000	-0.006000	30033	30030	29995	24985	25014	24997
1141	20.436152	0.000163	0.330000	0.300000	-0.050000	0.042000	-0.042000	-0.012000	30033	30030	29995	25021	24979	24994
1142	20.436235	0.000083	0.330000	0.300000	-0.050000	-0.038000	0.046000	-0.010000	30033	30030	29995	24981	25023	24995
1143	20.436308	0.000073	-1.070000	-1.230000	-0.010000	-0.038000	0.046000	-0.010000	29893	29877	29999	24981	25023	24995
1144	20.475378	0.039070	-1.070000	-1.230000	-0.010000	0.006000	-0.016000	-0.002000	29893	29877	29999	25003	24992	24999
1145	20.475490	0.000111	-1.300000	-1.360000	-0.010000	0.006000	-0.016000	-0.002000	29870	29864	29999	25003	24992	24999
1146	20.507310	0.031821	-1.270000	-1.660000	-0.540000	0.006000	-0.016000	-0.002000	29873	29834	29946	25003	24992	24999
1147	20.536911	0.029600	-0.900000	-1.410000	-0.320000	0.006000	-0.016000	-0.002000	29910	29859	29968	25003	24992	24999
1148	20.565660	0.028749	-0.900000	-1.410000	-0.320000	-0.004000	-0.034000	-0.016000	29910	29859	29968	24998	24983	24992
1149	20.565737	0.000077	-0.480000	-1.630000	-0.310000	-0.004000	-0.034000	-0.016000	29952	29837	29969	24998	24983	24992
1150	20.594181	0.028445	-0.550000	-2.540000	-1.420000	-0.004000	-0.034000	-0.016000	29945	29746	29858	24998	24983	24992
1151	20.623033	0.028852	-0.550000	-2.540000	-1.420000	0.068000	-0.012000	-0.042000	29945	29746	29858	25034	24994	24979
1152	20.623138	0.000105	-0.560000	-4.530000	-2.230000	0.068000	-0.012000	-0.042000	29944	29547	29777	25034	24994	24979
1153	20.656309	0.033171	-0.390000	-6.050000	-3.340000	0.068000	-0.012000	-0.042000	29961	29395	29666	25034	24994	24979
1154	20.691639	0.035330	-0.390000	-6.050000	-3.340000	0.104000	-0.022000	-0.066000	29961	29395	29666	25052	24989	24967
1155	20.691722	0.000083	-0.320000	-6.070000	-4.120000	0.104000	-0.022000	-0.066000	29968	29393	29588	25052	24989	24967
1156	20.722619	0.030896	0.180000	-8.400000	-4.160000	0.104000	-0.022000	-0.066000	30018	29160	29584	25052	24989	24967
1157	20.748526	0.025907	0.180000	-8.400000	-4.160000	0.176000	-0.020000	-0.084000	30018	29160	29584	25088	24990	24958
1158	20.748590	0.000064	-0.820000	-10.350000	-4.980000	0.176000	-0.020000	-0.084000	29918	28965	29502	25088	24990	24958
1159	20.781175	0.032585	-0.810000	-10.270000	-5.770000	0.176000	-0.020000	-0.084000	29919	28973	29423	25088	24990	24958
1160	20.819346	0.038171	-0.810000	-10.270000	-5.770000	0.116000	-0.004000	-0.094000	29919	28973	29423	25058	24998	24953
1161	20.819438	0.000092	-1.390000	-12.790000	-6.620000	0.116000	-0.004000	-0.094000	29861	28721	29338	25058	24998	24953
1162	20.846926	0.027488	-1.390000	-12.790000	-6.620000	0.232000	-0.062000	-0.116000	29861	28721	29338	25116	24969	24942
1163	20.847096	0.000170	-1.210000	-14.010000	-6.880000	0.232000	-0.062000	-0.116000	29879	28599	29312	25116	24969	24942
1164	20.879910	0.032814	-1.210000	-14.010000	-6.880000	0.270000	-0.046000	-0.086000	29879	28599	29312	25135	24977	24957
1165	20.879988	0.000077	-2.450000	-13.000000	-7.360000	0.270000	-0.046000	-0.086000	29755	28700	29264	25135	24977	24957
1166	20.907306	0.027318	-2.450000	-13.000000	-7.360000	0.302000	-0.132000	-0.102000	29755	28700	29264	25151	24934	24949
1167	20.907378	0.000072	-1.330000	-13.380000	-6.540000	0.302000	-0.132000	-0.102000	29867	28662	29346	25151	24934	24949
1168	20.939464	0.032086	-1.330000	-13.380000	-6.540000	0.362000	-0.086000	-0.182000	29867	28662	29346	25181	24957	24909
1169	20.939560	0.000096	0.000000	-12.230000	-7.420000	0.362000	-0.086000	-0.182000	30000	28777	29258	25181	24957	24909
1170	20.971187	0.031627	0.000000	-12.230000	-7.420000	0.262000	-0.028000	-0.206000	30000	28777	29258	25131	24986	24897
1171	20.971256	0.000069	0.920000	-12.060000	-7.170000	0.262000	-0.028000	-0.206000	30092	28794	29283	25131	24986	24897
1172	20.999890	0.028634	0.920000	-12.060000	-7.170000	0.216000	-0.012000	-0.230000	30092	28794	29283	25108	24994	24885
1173	20.999974	0.000084	1.610000	-12.010000	-8.810000	0.216000	-0.012000	-0.230000	30161	28799	29119	25108	24994	24885
1174	21.032122	0.032148	1.610000	-12.010000	-8.810000	0.214000	0.042000	-0.188000	30161	28799	29119	25107	25021	24906
1175	21.032210	0.000088	1.920000	-10.520000	-7.440000	0.214000	0.042000	-0.188000	30192	28948	29256	25107	25021	24906
1176	21.063309	0.031099	1.460000	-9.980000	-8.260000	0.214000	0.042000	-0.188000	30146	29002	29174	25107	25021	24906
1177	21.099968	0.036659	2.650000	-8.990000	-7.750000	0.214000	0.042000	-0.188000	30265	29101	29225	25107	25021	24906
1178	21.137347	0.037379	2.420000	-8.210000	-7.230000	0.214000	0.042000	-0.188000	30242	29179	29277	25107	25021	24906
1179	21.166206	0.028859	1.870000	-7.740000	-7.160000	0.214000	0.042000	-0.188000	30187	29226	29284	25107	25021	24906
1180	21.194596	0.028390	1.870000	-7.740000	-7.160000	0.160000	0.082000	-0.128000	30187	29226	29284	25080	25041	24936
1181	21.194666	0.000070	0.990000	-7.580000	-7.460000	0.160000	0.082000	-0.128000	30099	29242	29254	25080	25041	24936
1182	21.230850	0.036184	0.990000	-7.580000	-7.460000	0.192000	0.056000	-0.126000	30099	29242	29254	25096	25028	24937
1183	21.230939	0.000089	1.210000	-6.610000	-7.420000	0.192000	0.056000	-0.126000	30121	29339	29258	25096	25028	24937
1184	21.264209	0.033270	1.210000	-6.610000	-7.420000	0.138000	0.066000	-0.106000	30121	29339	29258	25069	25033	24947
1185	21.264307	0.000098	0.520000	-6.140000	-7.120000	0.138000	0.066000	-0.106000	30052	29386	29288	25069	25033	24947
1186	21.296134	0.031827	0.520000	-6.140000	-7.120000	0.140000	0.036000	-0.076000	30052	29386	29288	25070	25018	24962
1187	21.296214	0.000079	-0.140000	-6.390000	-6.340000	0.140000	0.036000	-0.076000	29986	29361	29366	25070	25018	24962
1188	21.328243	0.032029	0.180000	-5.440000	-6.380000	0.140000	0.036000	-0.076000	30018	29456	29362	25070	25018	24962
1189	21.361051	0.032808	0.670000	-5.240000	-5.580000	0.140000	0.036000	-0.076000	30067	29476	29442	25070	25018	24962
1190	21.391640	0.030589	0.670000	-5.240000	-5.580000	0.092000	0.046000	-0.084000	30067	29476	29442	25046	25023	24958
1191	21.391786	0.000146	0.040000	-4.280000	-4.410000	0.092000	0.046000	-0.084000	30004	29572	29559	25046	25023	24958
1192	21.421923	0.030137	0.570000	-2.560000	-3.610000	0.092000	0.046000	-0.084000	30057	29744	29639	25046	25023	24958
1193	21.452222	0.030298	-0.110000	-2.560000	-3.340000	0.092000	0.046000	-0.084000	29989	29744	29666	25046	25023	24958
1194	21.482494	0.030272	-0.480000	-2.670000	-3.100000	0.092000	0.046000	-0.084000	29952	29733	29690	25046	25023	24958
1195	21.520495	0.038001	0.320000	-2.620000	-2.250000	0.092000	0.046000	-0.084000	30032	29738	29775	25046	25023	24958
1196	21.554776	0.034281	0.320000	-2.620000	-2.250000	0.046000	0.052000	-0.010000	30032	29738	29775	25023	25026	24995
1197	21.554858	0.000083	0.080000	-3.090000	-1.970000	0.046000	0.052000	-0.010000	30008	29691	29803	25023	25026	24995
1198	21.582728	0.027870	-0.130000	-2.710000	-1.960000	0.046000	0.052000	-0.010000	29987	29729	29804	25023	25026	24995
1199	21.610891	0.028163	0.430000	-2.600000	-0.880000	0.046000	0.052000	-0.010000	30043	29740	29912	25023	25026	24995
1200	21.640488	0.029597	0.430000	-2.600000	-0.880000	0.026000	0.018000	-0.012000	30043	29740	29912	25013	25009	24994
1201	21.640635	0.000147	0.430000	-3.050000	-1.420000	0.026000	0.018000	-0.012000	30043	29695	29858	25013	25009	24994
1202	21.677396	0.036761	0.080000	-3.010000	-1.160000	0.026000	0.018000	-0.012000	30008	29699	29884	25013	25009	24994
1203	21.718597	0.041201	0.080000	-3.010000	-1.160000	0.062000	-0.028000	0.018000	30008	29699	29884	25031	24986	25009
1204	21.718681	0.000084	0.040000	-2.320000	0.220000	0.062000	-0.028000	0.018000	30004	29768	30022	25031	24986	25009
1205	21.753428	0.034747	0.040000	-2.320000	0.220000	0.000000	-0.010000	-0.012000	30004	29768	30022	25000	24995	24994
1206	21.753498	0.000070	0.040000	-2.320000	0.220000	0.082000	-0.064000	0.008000	30004	29768	30022	25041	24968	25004
1207	21.753527	0.000029	-0.620000	-2.780000	-0.610000	0.082000	-0.064000	0.008000	29938	29722	29939	25041	24968	25004
1208	21.783330	0.029803	0.080000	-1.910000	1.310000	0.082000	-0.064000	0.008000	30008	29809	30131	25041	24968	25004
1209	21.814280	0.030950	0.080000	-1.910000	1.310000	-0.006000	0.006000	-0.008000	30008	29809	30131	24997	25003	24996
1210	21.814352	0.000072	0.000000	-1.090000	0.510000	-0.006000	0.006000	-0.008000	30000	29891	30051	24997	25003	24996
1211	21.844650	0.030298	0.080000	-0.720000	1.670000	-0.006000	0.006000	-0.008000	30008	29928	30167	24997	25003	24996
1212	21.877248	0.032598	0.080000	-0.720000	1.670000	-0.006000	0.020000	-0.004000	30008	29928	30167	24997	25010	24998
1213	21.877316	0.000068	0.020000	-0.840000	1.640000	-0.006000	0.020000	-0.004000	30002	29916	30164	24997	25010	24998
1214	21.919847	0.042532	-0.020000	-0.920000	-0.020000	-0.006000	0.020000	-0.004000	29998	29908	29998	24997	25010	24998
1215	21.955033	0.035186	-0.020000	-0.920000	-0.020000	0.032000	-0.030000	-0.008000	29998	29908	29998	25016	24985	24996
1216	21.955143	0.000110	-0.090000	-0.600000	1.070000	0.032000	-0.030000	-0.008000	29991	29940	30107	25016	24985	24996
1217	21.987386	0.032244	-0.220000	0.030000	0.840000	0.032000	-0.030000	-0.008000	29978	30003	30084	25016	24985	24996
1218	22.020137	0.032750	-0.220000	0.030000	0.840000	0.008000	-0.010000	0.012000	29978	30003	30084	25004	24995	25006
1219	22.020207	0.000071	-0.610000	0.200000	1.100000	0.008000	-0.010000	0.012000	29939	30020	30110	25004	24995	25006
1220	22.051043	0.030835	0.030000	-0.110000	0.780000	0.008000	-0.010000	0.012000	30003	29989	30078	25004	24995	25006
1221	22.082633	0.031591	-0.600000	-0.570000	1.920000	0.008000	-0.010000	0.012000	29940	29943	30192	25004	24995	25006
1222	22.114624	0.031991	-0.600000	-0.570000	1.920000	0.060000	-0.040000	0.020000	29940	29943	30192	25030	24980	25010
1223	22.114694	0.000070	0.040000	-0.210000	1.090000	0.060000	-0.040000	0.020000	30004	29979	30109	25030	24980	25010
1224	22.144597	0.029903	0.040000	-0.210000	1.090000	0.012000	-0.004000	0.016000	30004	29979	30109	25006	24998	25008
1225	22.144668	0.000071	-0.430000	0.470000	0.510000	0.012000	-0.004000	0.016000	29957	30047	30051	25006	24998	25008
1226	22.174326	0.029658	-0.430000	0.470000	0.510000	-0.034000	-0.028000	0.032000	29957	30047	30051	24983	24986	25016
1227	22.174478	0.000152	0.160000	0.160000	0.780000	-0.034000	-0.028000	0.032000	30016	30016	30078	24983	24986	25016
1228	22.203155	0.028677	-0.060000	0.710000	-0.080000	-0.034000	-0.028000	0.032000	29994	30071	29992	24983	24986	25016
1229	22.242962	0.039807	0.120000	0.410000	0.510000	-0.034000	-0.028000	0.032000	30012	30041	30051	24983	24986	25016
1230	22.272802	0.029840	0.120000	0.410000	0.510000	-0.028000	0.010000	0.020000	30012	30041	30051	24986	25005	25010
1231	22.272925	0.000123	-0.040000	0.440000	0.480000	-0.028000	0.010000	0.020000	29996	30044	30048	24986	25005	25010
1232	22.304555	0.031630	-0.040000	0.440000	0.480000	-0.034000	0.008000	0.018000	29996	30044	30048	24983	25004	25009
1233	22.304671	0.000116	-0.320000	0.290000	0.230000	-0.034000	0.008000	0.018000	29968	30029	30023	24983	25004	25009
1234	22.334951	0.030280	-0.320000	0.290000	0.230000	-0.028000	-0.008000	0.022000	29968	30029	30023	24986	24996	25011
1235	22.335022	0.000071	-0.320000	0.240000	0.220000	-0.028000	-0.008000	0.022000	29968	30024	30022	24986	24996	25011
1236	22.364374	0.029353	0.080000	-0.040000	0.510000	-0.028000	-0.008000	0.022000	30008	29996	30051	24986	24996	25011
1237	22.394524	0.030149	-0.250000	-0.140000	0.290000	-0.028000	-0.008000	0.022000	29975	29986	30029	24986	24996	25011
1238	22.422691	0.028167	-0.250000	-0.140000	0.290000	0.024000	-0.008000	0.012000	29975	29986	30029	25012	24996	25006
1239	22.422810	0.000119	-0.030000	-0.150000	0.790000	0.024000	-0.008000	0.012000	29997	29985	30079	25012	24996	25006
1240	22.456168	0.033358	-0.030000	-0.150000	0.790000	0.008000	0.010000	-0.008000	29997	29985	30079	25004	25005	24996
1241	22.456269	0.000101	-0.210000	-0.250000	-0.350000	0.008000	0.010000	-0.008000	29979	29975	29965	25004	25005	24996
1242	22.488383	0.032114	0.370000	-0.110000	-0.350000	0.008000	0.010000	-0.008000	30037	29989	29965	25004	25005	24996
1243	22.518410	0.030027	0.000000	-0.110000	-0.040000	0.008000	0.010000	-0.008000	30000	29989	29996	25004	25005	24996
1244	22.559861	0.041451	0.000000	-0.110000	-0.040000	-0.014000	0.032000	-0.002000	30000	29989	29996	24993	25016	24999
1245	22.559956	0.000095	0.390000	-0.300000	-0.080000	-0.014000	0.032000	-0.002000	30039	29970	29992	24993	25016	24999
1246	22.592115	0.032159	0.250000	0.180000	-0.610000	-0.014000	0.032000	-0.002000	30025	30018	29939	24993	25016	24999
1247	22.623436	0.031321	0.000000	-0.340000	0.170000	-0.014000	0.032000	-0.002000	30000	29966	30017	24993	25016	24999
1248	22.659650	0.036215	0.000000	-0.340000	0.170000	0.002000	0.022000	-0.026000	30000	29966	30017	25001	25011	24987
1249	22.659746	0.000096	-0.230000	-0.700000	0.250000	0.002000	0.022000	-0.026000	29977	29930	30025	25001	25011	24987
1250	22.689300	0.029554	-0.230000	-0.700000	0.250000	0.032000	-0.022000	0.008000	29977	29930	30025	25016	24989	25004
1251	22.689455	0.000155	-0.010000	-0.980000	0.780000	0.032000	-0.022000	0.008000	29999	29902	30078	25016	24989	25004
1252	22.719269	0.029814	-0.010000	-0.980000	0.780000	0.042000	-0.010000	-0.002000	29999	29902	30078	25021	24995	24999
1253	22.719334	0.000064	0.710000	-0.050000	0.500000	0.042000	-0.010000	-0.002000	30071	29995	30050	25021	24995	24999
1254	22.752829	0.033496	0.710000	-0.050000	0.500000	-0.028000	0.058000	-0.004000	30071	29995	30050	24986	25029	24998
1255	22.752908	0.000079	0.410000	-0.110000	-0.060000	-0.028000	0.058000	-0.004000	30041	29989	29994	24986	25029	24998
1256	22.786867	0.033959	-0.280000	0.180000	0.220000	-0.028000	0.058000	-0.004000	29972	30018	30022	24986	25029	24998
1257	22.816451	0.029584	-0.300000	0.150000	0.820000	-0.028000	0.058000	-0.004000	29970	30015	30082	24986	25029	24998
1258	22.846319	0.029868	-0.300000	0.150000	0.820000	-0.010000	-0.006000	-0.004000	29970	30015	30082	24995	24997	24998
1259	22.846392	0.000073	0.680000	0.730000	0.470000	-0.010000	-0.006000	-0.004000	30068	30073	30047	24995	24997	24998
1260	22.883049	0.036657	0.680000	0.730000	0.470000	-0.048000	0.090000	-0.014000	30068	30073	30047	24976	25045	24993
1261	22.883156	0.000106	0.190000	0.050000	0.300000	-0.048000	0.090000	-0.014000	30019	30005	30030	24976	25045	24993
1262	22.916826	0.033670	0.190000	0.050000	0.300000	0.006000	-0.006000	-0.020000	30019	30005	30030	25003	24997	24990
1263	22.916906	0.000081	0.040000	-0.090000	0.490000	0.006000	-0.006000	-0.020000	30004	29991	30049	25003	24997	24990
1264	22.943934	0.027027	0.040000	-0.090000	0.490000	-0.012000	0.012000	-0.006000	30004	29991	30049	24994	25006	24997
1265	22.944012	0.000078	-0.030000	0.040000	-0.590000	-0.012000	0.012000	-0.006000	29997	30004	29941	24994	25006	24997
1266	22.974346	0.030335	0.120000	0.210000	-0.080000	-0.012000	0.012000	-0.006000	30012	30021	29992	24994	25006	24997
1267	23.004924	0.030578	0.040000	0.050000	-0.830000	-0.012000	0.012000	-0.006000	30004	30005	29917	24994	25006	24997
1268	23.037197	0.032272	0.040000	0.050000	-0.830000	0.002000	0.004000	-0.004000	30004	30005	29917	25001	25002	24998
1269	23.037265	0.000068	0.090000	0.250000	-0.040000	0.002000	0.004000	-0.004000	30009	30025	29996	25001	25002	24998
1270	23.069717	0.032453	0.090000	0.250000	-0.040000	-0.034000	0.002000	-0.006000	30009	30025	29996	24983	25001	24997
1271	23.069815	0.000097	-0.040000	-0.320000	0.800000	-0.034000	0.002000	-0.006000	29996	29968	30080	24983	25001	24997
1272	23.101120	0.031306	-0.040000	-0.320000	0.800000	0.028000	0.006000	0.012000	29996	29968	30080	25014	25003	25006
1273	23.101195	0.000075	0.330000	-0.120000	-0.030000	0.028000	0.006000	0.012000	30033	29988	29997	25014	25003	25006
1274	23.133719	0.032524	0.330000	-0.120000	-0.030000	0.012000	0.014000	-0.008000	30033	29988	29997	25006	25007	24996
1275	23.133827	0.000108	-0.300000	-0.190000	0.480000	0.012000	0.014000	-0.008000	29970	29981	30048	25006	25007	24996
1276	23.168602	0.034774	0.480000	0.190000	0.220000	0.012000	0.014000	-0.008000	30048	30019	30022	25006	25007	24996
1277	23.203350	0.034748	0.480000	0.190000	0.220000	-0.014000	0.014000	-0.014000	30048	30019	30022	24993	25007	24993
1278	23.203434	0.000085	0.240000	-0.200000	0.490000	-0.014000	0.014000	-0.014000	30024	29980	30049	24993	25007	24993
1279	23.231491	0.028057	0.110000	-0.560000	0.210000	-0.014000	0.014000	-0.014000	30011	29944	30021	24993	25007	24993
1280	23.260804	0.029312	0.110000	-0.560000	0.210000	0.028000	0.018000	-0.008000	30011	29944	30021	25014	25009	24996
1281	23.260870	0.000067	-0.010000	-0.580000	0.540000	0.028000	0.018000	-0.008000	29999	29942	30054	25014	25009	24996
1282	23.293138	0.032268	-0.010000	-0.580000	0.540000	0.048000	-0.014000	0.006000	29999	29942	30054	25024	24993	25003
1283	23.293213	0.000074	-0.010000	-0.580000	0.540000	0.050000	-0.014000	0.008000	29999	29942	30054	25025	24993	25004
1284	23.293235	0.000022	0.330000	-0.110000	-0.330000	0.050000	-0.014000	0.008000	30033	29989	29967	25025	24993	25004
1285	23.325237	0.032001	-0.440000	-0.190000	0.530000	0.050000	-0.014000	0.008000	29956	29981	30053	25025	24993	25004
1286	23.357167	0.031930	-0.440000	-0.190000	0.530000	0.012000	-0.026000	0.000000	29956	29981	30053	25006	24987	25000
1287	23.357252	0.000084	0.000000	-0.120000	0.560000	0.012000	-0.026000	0.000000	30000	29988	30056	25006	24987	25000
1288	23.386287	0.029036	0.000000	-0.120000	0.560000	0.024000	0.006000	-0.004000	30000	29988	30056	25012	25003	24998
1289	23.386377	0.000089	-0.270000	-0.220000	-0.300000	0.024000	0.006000	-0.004000	29973	29978	29970	25012	25003	24998
1290	23.415655	0.029278	-0.270000	-0.220000	-0.300000	0.000000	-0.034000	0.000000	29973	29978	29970	25000	24983	25000
1291	23.415714	0.000059	0.230000	-0.240000	-0.060000	0.000000	-0.034000	0.000000	30023	29976	29994	25000	24983	25000
1292	23.444725	0.029011	0.230000	-0.240000	-0.060000	0.020000	0.020000	0.000000	30023	29976	29994	25010	25010	25000
1293	23.444894	0.000169	-0.020000	0.330000	0.510000	0.020000	0.020000	0.000000	29998	30033	30051	25010	25010	25000
1294	23.482382	0.037489	0.360000	0.750000	0.240000	0.020000	0.020000	0.000000	30036	30075	30024	25010	25010	25000
1295	23.513334	0.030952	0.360000	0.750000	0.240000	-0.020000	0.042000	-0.002000	30036	30075	30024	24990	25021	24999
1296	23.513490	0.000156	0.290000	-0.100000	0.810000	-0.020000	0.042000	-0.002000	30029	29990	30081	24990	25021	24999
1297	23.541003	0.027513	0.270000	0.390000	0.200000	-0.020000	0.042000	-0.002000	30027	30039	30020	24990	25021	24999
1298	23.570028	0.029025	0.270000	0.390000	0.200000	-0.028000	0.030000	-0.010000	30027	30039	30020	24986	25015	24995
1299	23.570112	0.000084	-0.130000	0.370000	-0.340000	-0.028000	0.030000	-0.010000	29987	30037	29966	24986	25015	24995
1300	23.604722	0.034610	-0.130000	0.370000	-0.340000	-0.014000	0.010000	-0.006000	29987	30037	29966	24993	25005	24997
1301	23.604909	0.000187	-0.030000	-0.060000	-0.080000	-0.014000	0.010000	-0.006000	29997	29994	29992	24993	25005	24997
1302	23.634330	0.029420	0.370000	-0.130000	-0.580000	-0.014000	0.010000	-0.006000	30037	29987	29942	24993	25005	24997
1303	23.669123	0.034793	-0.300000	-0.320000	0.190000	-0.014000	0.010000	-0.006000	29970	29968	30019	24993	25005	24997
1304	23.698249	0.029126	-0.300000	-0.320000	0.190000	0.016000	-0.016000	-0.008000	29970	29968	30019	25008	24992	24996
1305	23.698335	0.000086	0.370000	0.380000	-0.320000	0.016000	-0.016000	-0.008000	30037	30038	29968	25008	24992	24996
1306	23.725819	0.027484	-0.270000	0.340000	0.260000	0.016000	-0.016000	-0.008000	29973	30034	30026	25008	24992	24996
1307	23.755197	0.029378	0.040000	0.480000	-0.310000	0.016000	-0.016000	-0.008000	30004	30048	29969	25008	24992	24996
1308	23.786878	0.031680	0.040000	0.480000	-0.310000	-0.036000	0.002000	-0.004000	30004	30048	29969	24982	25001	24998
1309	23.786968	0.000090	0.300000	0.610000	-0.300000	-0.036000	0.002000	-0.004000	30030	30061	29970	24982	25001	24998
1310	23.818536	0.031568	0.400000	0.140000	-0.300000	-0.036000	0.002000	-0.004000	30040	30014	29970	24982	25001	24998
1311	23.847916	0.029379	0.400000	0.140000	-0.300000	-0.012000	0.044000	0.004000	30040	30014	29970	24994	25022	25002
1312	23.848045	0.000129	0.110000	-0.030000	0.820000	-0.012000	0.044000	0.004000	30011	29997	30082	24994	25022	25002
1313	23.878146	0.030101	-0.110000	-0.110000	-0.330000	-0.012000	0.044000	0.004000	29989	29989	29967	24994	25022	25002
1314	23.908694	0.030548	-0.110000	-0.110000	-0.330000	-0.006000	-0.008000	0.006000	29989	29989	29967	24997	24996	25003
1315	23.908769	0.000075	-0.110000	-0.110000	-0.330000	0.030000	-0.012000	-0.016000	29989	29989	29967	25015	24994	24992
1316	23.908795	0.000026	0.360000	0.030000	0.520000	0.030000	-0.012000	-0.016000	30036	30003	30052	25015	24994	24992
1317	23.943732	0.034937	-0.500000	-0.450000	0.490000	0.030000	-0.012000	-0.016000	29950	29955	30049	25015	24994	24992
1318	23.974485	0.030753	0.310000	-0.130000	-0.040000	0.030000	-0.012000	-0.016000	30031	29987	29996	25015	24994	24992
1319	24.003699	0.029214	0.180000	0.000000	-0.100000	0.030000	-0.012000	-0.016000	30018	30000	29990	25015	24994	24992
1320	24.032082	0.028383	0.250000	-0.230000	1.100000	0.030000	-0.012000	-0.016000	30025	29977	30110	25015	24994	24992
1321	24.059007	0.026926	-0.020000	-0.060000	0.520000	0.030000	-0.012000	-0.016000	29998	29994	30052	25015	24994	24992
1322	24.097312	0.038305	-0.020000	-0.060000	0.520000	0.004000	0.014000	-0.006000	29998	29994	30052	25002	25007	24997
1323	24.097412	0.000099	-0.260000	-0.200000	-0.610000	0.004000	0.014000	-0.006000	29974	29980	29939	25002	25007	24997
1324	24.126754	0.029342	-0.260000	-0.200000	-0.610000	-0.004000	-0.018000	-0.002000	29974	29980	29939	24998	24991	24999
1325	24.126818	0.000064	-0.060000	0.020000	0.180000	-0.004000	-0.018000	-0.002000	29994	30002	30018	24998	24991	24999
1326	24.157679	0.030862	-0.060000	0.020000	0.180000	-0.024000	0.004000	0.000000	29994	30002	30018	24988	25002	25000
1327	24.157852	0.000173	-0.050000	-0.360000	0.210000	-0.024000	0.004000	0.000000	29995	29964	30021	24988	25002	25000
1328	24.186480	0.028628	-0.560000	-1.100000	0.540000	-0.024000	0.004000	0.000000	29944	29890	30054	24988	25002	25000
1329	24.221455	0.034975	-0.560000	-1.100000	0.540000	0.078000	-0.022000	-0.004000	29944	29890	30054	25039	24989	24998
1330	24.221533	0.000079	-0.330000	-0.990000	0.790000	0.078000	-0.022000	-0.004000	29967	29901	30079	25039	24989	24998
1331	24.254586	0.033053	-0.070000	0.320000	-0.320000	0.078000	-0.022000	-0.004000	29993	30032	29968	25039	24989	24998
1332	24.285426	0.030840	-0.070000	0.320000	-0.320000	-0.052000	-0.016000	0.000000	29993	30032	29968	24974	24992	25000
1333	24.285490	0.000064	-0.070000	0.320000	-0.320000	0.002000	-0.020000	-0.004000	29993	30032	29968	25001	24990	24998
1334	24.285508	0.000019	0.030000	-0.250000	0.830000	0.002000	-0.020000	-0.004000	30003	29975	30083	25001	24990	24998
1335	24.318196	0.032688	-0.110000	-0.260000	0.280000	0.002000	-0.020000	-0.004000	29989	29974	30028	25001	24990	24998
1336	24.348146	0.029949	-0.110000	-0.260000	0.280000	0.018000	-0.014000	0.012000	29989	29974	30028	25009	24993	25006
1337	24.348217	0.000071	-0.040000	-0.280000	0.220000	0.018000	-0.014000	0.012000	29996	29972	30022	25009	24993	25006
1338	24.378006	0.029789	-0.040000	-0.280000	0.220000	-0.004000	0.004000	-0.012000	29996	29972	30022	24998	25002	24994
1339	24.378125	0.000119	0.050000	0.030000	0.230000	-0.004000	0.004000	-0.012000	30005	30003	30023	24998	25002	24994
1340	24.407486	0.029361	0.080000	-0.290000	0.800000	-0.004000	0.004000	-0.012000	30008	29971	30080	24998	25002	24994
1341	24.437204	0.029718	0.080000	-0.290000	0.800000	0.048000	0.024000	-0.004000	30008	29971	30080	25024	25012	24998
1342	24.437273	0.000069	-0.310000	-0.780000	0.780000	0.048000	0.024000	-0.004000	29969	29922	30078	25024	25012	24998
1343	24.465232	0.027960	-0.310000	-0.780000	0.780000	0.074000	-0.034000	0.004000	29969	29922	30078	25037	24983	25002
1344	24.465312	0.000080	0.040000	-0.590000	0.770000	0.074000	-0.034000	0.004000	30004	29941	30077	25037	24983	25002
1345	24.499432	0.034120	0.040000	-0.590000	0.770000	0.044000	-0.014000	-0.002000	30004	29941	30077	25022	24993	24999
1346	24.499520	0.000088	0.540000	-0.080000	0.770000	0.044000	-0.014000	-0.002000	30054	29992	30077	25022	24993	24999
1347	24.531561	0.032041	-0.140000	-0.340000	-0.060000	0.044000	-0.014000	-0.002000	29986	29966	29994	25022	24993	24999
1348	24.568414	0.036854	-0.140000	-0.340000	-0.060000	0.024000	-0.022000	-0.002000	29986	29966	29994	25012	24989	24999
1349	24.568503	0.000089	0.430000	-0.100000	0.550000	0.024000	-0.022000	-0.002000	30043	29990	30055	25012	24989	24999
1350	24.599490	0.030986	0.130000	0.010000	0.530000	0.024000	-0.022000	-0.002000	30013	30001	30053	25012	24989	24999
1351	24.633819	0.034330	0.640000	0.180000	0.220000	0.024000	-0.022000	-0.002000	30064	30018	30022	25012	24989	24999
1352	24.670292	0.036472	0.640000	0.180000	0.220000	-0.024000	0.050000	-0.008000	30064	30018	30022	24988	25025	24996
1353	24.670377	0.000085	-0.140000	-0.450000	0.250000	-0.024000	0.050000	-0.008000	29986	29955	30025	24988	25025	24996
1354	24.697562	0.027186	-0.140000	-0.450000	0.250000	0.038000	-0.020000	0.000000	29986	29955	30025	25019	24990	25000
1355	24.697628	0.000066	0.210000	0.140000	-0.070000	0.038000	-0.020000	0.000000	30021	30014	29993	25019	24990	25000
1356	24.723327	0.025699	0.200000	-0.220000	0.550000	0.038000	-0.020000	0.000000	30020	29978	30055	25019	24990	25000
1357	24.751671	0.028343	0.230000	-0.660000	0.520000	0.038000	-0.020000	0.000000	30023	29934	30052	25019	24990	25000
1358	24.784988	0.033318	0.300000	-0.440000	0.230000	0.038000	-0.020000	0.000000	30030	29956	30023	25019	24990	25000
1359	24.812612	0.027623	0.220000	0.170000	0.540000	0.038000	-0.020000	0.000000	30022	30017	30054	25019	24990	25000
1360	24.843521	0.030910	0.220000	0.170000	0.540000	-0.022000	0.026000	-0.004000	30022	30017	30054	24989	25013	24998
1361	24.843598	0.000076	0.400000	0.110000	0.490000	-0.022000	0.026000	-0.004000	30040	30011	30049	24989	25013	24998
1362	24.875201	0.031603	-0.230000	-0.430000	-0.350000	-0.022000	0.026000	-0.004000	29977	29957	29965	24989	25013	24998
1363	24.903424	0.028224	-0.240000	-0.200000	0.770000	-0.022000	0.026000	-0.004000	29976	29980	30077	24989	25013	24998
1364	24.933411	0.029987	-0.240000	-0.200000	0.770000	0.012000	-0.012000	0.000000	29976	29980	30077	25006	24994	25000
1365	24.933488	0.000077	-0.240000	-0.200000	0.770000	0.012000	-0.012000	0.000000	29976	29980	30077	25006	24994	25000
1366	24.970790	0.037302	-0.430000	-0.800000	-0.040000	0.012000	-0.012000	0.000000	29957	29920	29996	25006	24994	25000
1367	24.996990	0.026200	0.370000	0.110000	-0.640000	0.012000	-0.012000	0.000000	30037	30011	29936	25006	24994	25000
1368	25.027541	0.030550	0.370000	0.110000	-0.640000	-0.024000	0.030000	-0.008000	30037	30011	29936	24988	25015	24996
1369	25.027628	0.000088	-0.080000	-0.030000	0.270000	-0.024000	0.030000	-0.008000	29992	29997	30027	24988	25015	24996
1370	25.061364	0.033736	-0.080000	-0.030000	0.270000	0.006000	-0.008000	0.004000	29992	29997	30027	25003	24996	25002
1371	25.061443	0.000078	-0.300000	-0.280000	0.230000	0.006000	-0.008000	0.004000	29970	29972	30023	25003	24996	25002
1372	25.091712	0.030270	-0.300000	-0.280000	0.230000	0.018000	-0.026000	-0.006000	29970	29972	30023	25009	24987	24997
1373	25.091789	0.000076	0.040000	-0.200000	0.220000	0.018000	-0.026000	-0.006000	30004	29980	30022	25009	24987	24997
1374	25.123334	0.031545	0.040000	-0.200000	0.220000	-0.008000	0.002000	0.004000	30004	29980	30022	24996	25001	25002
1375	25.123404	0.000070	-0.350000	-0.360000	0.220000	-0.008000	0.002000	0.004000	29965	29964	30022	24996	25001	25002
1376	25.159474	0.036070	-0.510000	-1.160000	-0.340000	-0.008000	0.002000	0.004000	29949	29884	29966	24996	25001	25002
1377	25.188781	0.029307	0.070000	-0.450000	0.560000	-0.008000	0.002000	0.004000	30007	29955	30056	24996	25001	25002
1378	25.220529	0.031748	0.190000	0.310000	0.540000	-0.008000	0.002000	0.004000	30019	30031	30054	24996	25001	25002
1379	25.250678	0.030149	-0.560000	-0.470000	0.220000	-0.008000	0.002000	0.004000	29944	29953	30022	24996	25001	25002
1380	25.285481	0.034803	0.170000	-0.100000	0.210000	-0.008000	0.002000	0.004000	30017	29990	30021	24996	25001	25002
1381	25.319156	0.033675	0.170000	-0.100000	0.210000	0.008000	0.020000	-0.012000	30017	29990	30021	25004	25010	24994
1382	25.319240	0.000085	-0.420000	-0.100000	0.820000	0.008000	0.020000	-0.012000	29958	29990	30082	25004	25010	24994
1383	25.350088	0.030848	-0.250000	-0.320000	-0.300000	0.008000	0.020000	-0.012000	29975	29968	29970	25004	25010	24994
1384	25.380791	0.030703	-0.250000	-0.320000	-0.300000	0.004000	-0.030000	-0.002000	29975	29968	29970	25002	24985	24999
1385	25.380857	0.000066	-0.320000	-0.220000	-0.300000	0.004000	-0.030000	-0.002000	29968	29978	29970	25002	24985	24999
1386	25.415716	0.034859	-0.320000	-0.220000	-0.300000	-0.014000	0.028000	0.010000	29968	29978	29970	24993	25014	25005
1387	25.415827	0.000111	-0.180000	0.020000	-0.580000	-0.014000	0.028000	0.010000	29982	30002	29942	24993	25014	25005
1388	25.455562	0.039735	-0.180000	0.020000	-0.580000	-0.016000	0.024000	-0.008000	29982	30002	29942	24992	25012	24996
1389	25.455699	0.000137	0.100000	-0.450000	0.160000	-0.016000	0.024000	-0.008000	30010	29955	30016	24992	25012	24996
1390	25.495796	0.040097	0.100000	-0.450000	0.160000	0.006000	-0.004000	-0.018000	30010	29955	30016	25003	24998	24991
1391	25.495998	0.000202	-0.160000	0.030000	0.770000	0.006000	-0.004000	-0.018000	29984	30003	30077	25003	24998	24991
1392	25.529039	0.033041	0.110000	-0.080000	-0.070000	0.006000	-0.004000	-0.018000	30011	29992	29993	25003	24998	24991
1393	25.559102	0.030063	0.170000	0.190000	0.220000	0.006000	-0.004000	-0.018000	30017	30019	30022	25003	24998	24991
1394	25.589270	0.030168	0.170000	0.190000	0.220000	-0.030000	0.036000	-0.016000	30017	30019	30022	24985	25018	24992
1395	25.589344	0.000074	-0.020000	0.170000	0.780000	-0.030000	0.036000	-0.016000	29998	30017	30078	24985	25018	24992
1396	25.624550	0.035206	0.550000	-0.080000	-0.330000	-0.030000	0.036000	-0.016000	30055	29992	29967	24985	25018	24992
1397	25.658604	0.034054	-0.110000	0.500000	0.200000	-0.030000	0.036000	-0.016000	29989	30050	30020	24985	25018	24992
1398	25.688437	0.029833	-0.110000	0.500000	0.200000	-0.046000	0.008000	-0.022000	29989	30050	30020	24977	25004	24989
1399	25.688505	0.000067	-0.110000	0.500000	0.200000	0.056000	0.006000	0.000000	29989	30050	30020	25028	25003	25000
1400	25.688526	0.000022	-0.470000	-0.260000	-0.300000	0.056000	0.006000	0.000000	29953	29974	29970	25028	25003	25000
1401	25.724315	0.035789	-0.470000	-0.260000	-0.300000	0.012000	-0.034000	0.004000	29953	29974	29970	25006	24983	25002
1402	25.724398	0.000083	-0.470000	-0.260000	-0.300000	-0.018000	0.030000	-0.016000	29953	29974	29970	24991	25015	24992
1403	25.724413	0.000015	-0.190000	-0.520000	-0.020000	-0.018000	0.030000	-0.016000	29981	29948	29998	24991	25015	24992
1404	25.753098	0.028685	0.060000	0.220000	0.500000	-0.018000	0.030000	-0.016000	30006	30022	30050	24991	25015	24992
1405	25.785129	0.032031	-0.970000	-0.110000	0.310000	-0.018000	0.030000	-0.016000	29903	29989	30031	24991	25015	24992
1406	25.822593	0.037464	-0.970000	-0.110000	0.310000	0.010000	-0.056000	-0.016000	29903	29989	30031	25005	24972	24992
1407	25.822674	0.000081	-0.970000	-0.110000	0.310000	0.040000	-0.042000	-0.006000	29903	29989	30031	25020	24979	24997
1408	25.822702	0.000028	-0.290000	0.450000	0.270000	0.040000	-0.042000	-0.006000	29971	30045	30027	25020	24979	24997
1409	25.852867	0.030164	-0.290000	0.450000	0.270000	-0.058000	-0.018000	-0.008000	29971	30045	30027	24971	24991	24996
1410	25.852943	0.000076	-0.480000	0.420000	0.280000	-0.058000	-0.018000	-0.008000	29952	30042	30028	24971	24991	24996
1411	25.884870	0.031927	-0.460000	0.060000	0.220000	-0.058000	-0.018000	-0.008000	29954	30006	30022	24971	24991	24996
1412	25.911853	0.026983	-0.460000	0.060000	0.220000	-0.030000	-0.034000	-0.030000	29954	30006	30022	24985	24983	24985
1413	25.911997	0.000143	-0.360000	-0.210000	0.220000	-0.030000	-0.034000	-0.030000	29964	29979	30022	24985	24983	24985
1414	25.943219	0.031222	-0.300000	-0.290000	0.820000	-0.030000	-0.034000	-0.030000	29970	29971	30082	24985	24983	24985
1415	25.973266	0.030047	-0.300000	-0.290000	0.820000	0.048000	-0.018000	-0.012000	29970	29971	30082	25024	24991	24994
1416	25.973353	0.000087	0.230000	0.660000	-0.600000	0.048000	-0.018000	-0.012000	30023	30066	29940	25024	24991	24994
1417	26.006926	0.033573	0.230000	0.660000	-0.600000	-0.044000	0.044000	-0.002000	30023	30066	29940	24978	25022	24999
1418	26.007138	0.000212	-0.500000	-0.150000	0.250000	-0.044000	0.044000	-0.002000	29950	29985	30025	24978	25022	24999
1419	26.040597	0.033459	-0.550000	-0.310000	0.240000	-0.044000	0.044000	-0.002000	29945	29969	30024	24978	25022	24999
1420	26.067709	0.027112	-0.550000	-0.310000	0.240000	0.020000	-0.058000	0.006000	29945	29969	30024	25010	24971	25003
1421	26.067934	0.000225	-0.340000	-0.340000	0.190000	0.020000	-0.058000	0.006000	29966	29966	30019	25010	24971	25003
1422	26.094677	0.026743	-0.530000	0.010000	0.250000	0.020000	-0.058000	0.006000	29947	30001	30025	25010	24971	25003
1423	26.121023	0.026347	-0.530000	0.010000	0.250000	0.002000	-0.026000	-0.014000	29947	30001	30025	25001	24987	24993
1424	26.121120	0.000097	-0.260000	-0.570000	0.220000	0.002000	-0.026000	-0.014000	29974	29943	30022	25001	24987	24993
1425	26.147010	0.025889	-0.010000	0.550000	-0.290000	0.002000	-0.026000	-0.014000	29999	30055	29971	25001	24987	24993
1426	26.172415	0.025405	0.000000	0.030000	0.220000	0.002000	-0.026000	-0.014000	30000	30003	30022	25001	24987	24993
1427	26.203579	0.031165	0.000000	0.030000	0.220000	-0.010000	0.004000	-0.012000	30000	30003	30022	24995	25002	24994
1428	26.203645	0.000065	0.390000	0.300000	0.750000	-0.010000	0.004000	-0.012000	30039	30030	30075	24995	25002	24994
1429	26.232952	0.029307	0.390000	0.300000	0.750000	-0.014000	-0.024000	-0.004000	30039	30030	30075	24993	24988	24998
1430	26.233020	0.000068	-0.230000	0.100000	0.810000	-0.014000	-0.024000	-0.004000	29977	30010	30081	24993	24988	24998
1431	26.264405	0.031385	0.110000	0.020000	0.530000	-0.014000	-0.024000	-0.004000	30011	30002	30053	24993	24988	24998
1432	26.297066	0.032661	0.240000	0.050000	1.080000	-0.014000	-0.024000	-0.004000	30024	30005	30108	24993	24988	24998
1433	26.332755	0.035690	0.240000	0.050000	1.080000	-0.024000	0.034000	0.004000	30024	30005	30108	24988	25017	25002
1434	26.332838	0.000083	-0.580000	0.020000	-0.330000	-0.024000	0.034000	0.004000	29942	30002	29967	24988	25017	25002
1435	26.360423	0.027585	0.030000	0.610000	0.490000	-0.024000	0.034000	0.004000	30003	30061	30049	24988	25017	25002
1436	26.391416	0.030994	0.030000	0.610000	0.490000	-0.054000	0.016000	-0.012000	30003	30061	30049	24973	25008	24994
1437	26.391561	0.000144	0.120000	-0.090000	0.790000	-0.054000	0.016000	-0.012000	30012	29991	30079	24973	25008	24994
1438	26.429698	0.038138	-0.660000	-0.510000	0.250000	-0.054000	0.016000	-0.012000	29934	29949	30025	24973	25008	24994
1439	26.460485	0.030786	-0.660000	-0.510000	0.250000	0.058000	-0.038000	0.006000	29934	29949	30025	25029	24981	25003
1440	26.460567	0.000083	-0.160000	0.170000	-0.270000	0.058000	-0.038000	0.006000	29984	30017	29973	25029	24981	25003
1441	26.490406	0.029839	0.220000	0.250000	-0.270000	0.058000	-0.038000	0.006000	30022	30025	29973	25029	24981	25003
1442	26.522648	0.032242	0.000000	0.070000	0.750000	0.058000	-0.038000	0.006000	30000	30007	30075	25029	24981	25003
1443	26.553695	0.031046	0.000000	0.070000	0.750000	-0.032000	-0.002000	-0.030000	30000	30007	30075	24984	24999	24985
1444	26.553778	0.000083	-0.160000	0.130000	0.520000	-0.032000	-0.002000	-0.030000	29984	30013	30052	24984	24999	24985
1445	26.585551	0.031773	-0.160000	0.130000	0.520000	-0.012000	-0.008000	-0.010000	29984	30013	30052	24994	24996	24995
1446	26.585637	0.000086	-0.120000	0.030000	0.810000	-0.012000	-0.008000	-0.010000	29988	30003	30081	24994	24996	24995
1447	26.618316	0.032679	-0.120000	0.030000	0.810000	-0.012000	-0.002000	0.006000	29988	30003	30081	24994	24999	25003
1448	26.618451	0.000135	0.140000	-0.330000	0.510000	-0.012000	-0.002000	0.006000	30014	29967	30051	24994	24999	25003
1449	26.649130	0.030680	0.140000	-0.330000	0.510000	0.012000	-0.004000	0.020000	30014	29967	30051	25006	24998	25010
1450	26.649225	0.000095	0.240000	0.330000	-0.030000	0.012000	-0.004000	0.020000	30024	30033	29997	25006	24998	25010
1451	26.680863	0.031639	0.240000	0.330000	-0.030000	-0.020000	0.012000	0.030000	30024	30033	29997	24990	25006	25015
1452	26.680984	0.000120	-0.350000	0.160000	-0.560000	-0.020000	0.012000	0.030000	29965	30016	29944	24990	25006	25015
1453	26.710968	0.029985	-0.350000	0.160000	-0.560000	0.000000	-0.024000	0.004000	29965	30016	29944	25000	24988	25002
1454	26.711108	0.000140	-0.450000	-0.010000	0.810000	0.000000	-0.024000	0.004000	29955	29999	30081	25000	24988	25002
1455	26.741475	0.030367	0.220000	0.030000	-0.050000	0.000000	-0.024000	0.004000	30022	30003	29995	25000	24988	25002
1456	26.772988	0.031513	0.310000	-0.110000	0.260000	0.000000	-0.024000	0.004000	30031	29989	30026	25000	24988	25002
1457	26.798847	0.025859	-0.190000	0.460000	-0.610000	0.000000	-0.024000	0.004000	29981	30046	29939	25000	24988	25002
1458	26.824505	0.025657	-0.430000	0.120000	0.240000	0.000000	-0.024000	0.004000	29957	30012	30024	25000	24988	25002
1459	26.853008	0.028503	-0.430000	0.120000	0.240000	-0.014000	-0.030000	0.004000	29957	30012	30024	24993	24985	25002
1460	26.853080	0.000072	0.300000	-0.110000	-0.340000	-0.014000	-0.030000	0.004000	30030	29989	29966	24993	24985	25002
1461	26.878832	0.025752	0.300000	-0.110000	-0.340000	-0.016000	0.012000	-0.006000	30030	29989	29966	24992	25006	24997
1462	26.878885	0.000053	0.100000	-0.390000	0.460000	-0.016000	0.012000	-0.006000	30010	29961	30046	24992	25006	24997
1463	26.907198	0.028313	0.100000	-0.390000	0.460000	0.030000	0.008000	-0.008000	30010	29961	30046	25015	25004	24996
1464	26.907274	0.000076	0.290000	-0.180000	-0.070000	0.030000	0.008000	-0.008000	30029	29982	29993	25015	25004	24996
1465	26.939769	0.032496	0.290000	-0.180000	-0.070000	-0.004000	0.028000	-0.004000	30029	29982	29993	24998	25014	24998
1466	26.939869	0.000099	0.540000	0.370000	0.210000	-0.004000	0.028000	-0.004000	30054	30037	30021	24998	25014	24998
1467	26.970693	0.030825	0.040000	-0.330000	0.200000	-0.004000	0.028000	-0.004000	30004	29967	30020	24998	25014	24998
1468	27.000264	0.029571	0.320000	0.510000	0.460000	-0.004000	0.028000	-0.004000	30032	30051	30046	24998	25014	24998
1469	27.032618	0.032353	0.320000	0.510000	0.460000	-0.038000	0.048000	-0.020000	30032	30051	30046	24981	25024	24990
1470	27.032749	0.000131	0.380000	0.640000	-0.070000	-0.038000	0.048000	-0.020000	30038	30064	29993	24981	25024	24990
1471	27.059553	0.026804	-0.270000	0.060000	0.240000	-0.038000	0.048000	-0.020000	29973	30006	30024	24981	25024	24990
1472	27.090527	0.030974	0.430000	0.180000	-0.590000	-0.038000	0.048000	-0.020000	30043	30018	29941	24981	25024	24990
1473	27.122278	0.031750	0.090000	-0.410000	0.780000	-0.038000	0.048000	-0.020000	30009	29959	30078	24981	25024	24990
1474	27.154916	0.032638	-0.080000	0.060000	0.220000	-0.038000	0.048000	-0.020000	29992	30006	30022	24981	25024	24990
1475	27.185182	0.030266	-0.080000	0.060000	0.220000	-0.034000	-0.016000	0.008000	29992	30006	30022	24983	24992	25004
1476	27.185275	0.000093	0.310000	0.200000	0.240000	-0.034000	-0.016000	0.008000	30031	30020	30024	24983	24992	25004
1477	27.218611	0.033336	-0.220000	-0.360000	0.150000	-0.034000	-0.016000	0.008000	29978	29964	30015	24983	24992	25004
1478	27.248154	0.029544	-0.490000	0.190000	-0.860000	-0.034000	-0.016000	0.008000	29951	30019	29914	24983	24992	25004
1479	27.282714	0.034560	-0.490000	0.190000	-0.860000	0.046000	-0.080000	0.002000	29951	30019	29914	25023	24960	25001
1480	27.282787	0.000073	0.170000	1.220000	-0.090000	0.046000	-0.080000	0.002000	30017	30122	29991	25023	24960	25001
1481	27.314087	0.031299	-0.160000	0.320000	-0.030000	0.046000	-0.080000	0.002000	29984	30032	29997	25023	24960	25001
1482	27.344209	0.030122	-0.160000	0.320000	-0.030000	0.056000	-0.102000	-0.032000	29984	30032	29997	25028	24949	24984
1483	27.344274	0.000065	-0.620000	-0.220000	-0.310000	0.056000	-0.102000	-0.032000	29938	29978	29969	25028	24949	24984
1484	27.376812	0.032538	-0.620000	-0.220000	-0.310000	0.106000	-0.076000	0.000000	29938	29978	29969	25053	24962	25000
1485	27.376934	0.000122	-0.860000	-0.280000	-0.300000	0.106000	-0.076000	0.000000	29914	29972	29970	25053	24962	25000
1486	27.411414	0.034480	-0.680000	-0.740000	-0.320000	0.106000	-0.076000	0.000000	29932	29926	29968	25053	24962	25000
1487	27.445164	0.033750	-0.220000	-0.050000	-0.080000	0.106000	-0.076000	0.000000	29978	29995	29992	25053	24962	25000
1488	27.476330	0.031166	-0.220000	-0.050000	-0.080000	-0.020000	-0.010000	-0.006000	29978	29995	29992	24990	24995	24997
1489	27.476434	0.000104	0.620000	0.250000	0.230000	-0.020000	-0.010000	-0.006000	30062	30025	30023	24990	24995	24997
1490	27.510095	0.033661	0.390000	-0.240000	-0.630000	-0.020000	-0.010000	-0.006000	30039	29976	29937	24990	24995	24997
1491	27.541278	0.031183	0.390000	-0.240000	-0.630000	0.112000	0.060000	-0.008000	30039	29976	29937	25056	25030	24996
1492	27.541353	0.000075	0.270000	0.380000	-0.330000	0.112000	0.060000	-0.008000	30027	30038	29967	25056	25030	24996
1493	27.572657	0.031304	0.270000	0.380000	-0.330000	0.086000	0.026000	-0.002000	30027	30038	29967	25043	25013	24999
1494	27.572778	0.000120	0.390000	-0.460000	-0.010000	0.086000	0.026000	-0.002000	30039	29954	29999	25043	25013	24999
1495	27.604796	0.032018	0.120000	0.040000	0.500000	0.086000	0.026000	-0.002000	30012	30004	30050	25043	25013	24999
1496	27.633680	0.028884	-0.070000	-0.100000	-0.340000	0.086000	0.026000	-0.002000	29993	29990	29966	25043	25013	24999
1497	27.666006	0.032326	-0.070000	-0.100000	-0.340000	0.020000	-0.002000	-0.012000	29993	29990	29966	25010	24999	24994
1498	27.666120	0.000115	-0.070000	-0.100000	-0.340000	0.072000	-0.022000	0.004000	29993	29990	29966	25036	24989	25002
1499	27.666143	0.000022	0.150000	-0.120000	-0.070000	0.072000	-0.022000	0.004000	30015	29988	29993	25036	24989	25002
1500	27.693430	0.027288	0.180000	0.490000	-0.330000	0.072000	-0.022000	0.004000	30018	30049	29967	25036	24989	25002
1501	27.721727	0.028297	0.180000	0.490000	-0.330000	-0.010000	0.022000	-0.006000	30018	30049	29967	24995	25011	24997
1502	27.721798	0.000071	-0.130000	-0.300000	0.540000	-0.010000	0.022000	-0.006000	29987	29970	30054	24995	25011	24997
1503	27.754075	0.032277	-0.130000	-0.300000	0.540000	-0.002000	-0.018000	-0.010000	29987	29970	30054	24999	24991	24995
1504	27.754182	0.000107	-0.200000	0.260000	-0.290000	-0.002000	-0.018000	-0.010000	29980	30026	29971	24999	24991	24995
1505	27.784083	0.029901	-0.200000	0.260000	-0.290000	-0.088000	-0.084000	0.004000	29980	30026	29971	24956	24958	25002
1506	27.784145	0.000062	-0.160000	0.350000	-0.030000	-0.088000	-0.084000	0.004000	29984	30035	29997	24956	24958	25002
1507	27.811896	0.027750	-0.160000	0.350000	-0.030000	-0.062000	-0.098000	0.016000	29984	30035	29997	24969	24951	25008
1508	27.811970	0.000074	-0.110000	0.170000	-1.700000	-0.062000	-0.098000	0.016000	29989	30017	29830	24969	24951	25008
1509	27.838912	0.026943	-0.110000	0.170000	-1.700000	0.012000	-0.074000	-0.002000	29989	30017	29830	25006	24963	24999
1510	27.838977	0.000064	-0.080000	-0.100000	-0.600000	0.012000	-0.074000	-0.002000	29992	29990	29940	25006	24963	24999
1511	27.868950	0.029974	-0.080000	-0.100000	-0.600000	0.058000	-0.054000	-0.012000	29992	29990	29940	25029	24973	24994
1512	27.869045	0.000094	-0.080000	0.430000	-1.140000	0.058000	-0.054000	-0.012000	29992	30043	29886	25029	24973	24994
1513	27.910740	0.041695	-0.140000	0.560000	-1.140000	0.058000	-0.054000	-0.012000	29986	30056	29886	25029	24973	24994
1514	27.941206	0.030466	-0.110000	0.190000	-0.580000	0.058000	-0.054000	-0.012000	29989	30019	29942	25029	24973	24994
1515	27.980663	0.039458	-0.320000	-0.210000	-1.160000	0.058000	-0.054000	-0.012000	29968	29979	29884	25029	24973	24994
1516	28.013367	0.032704	0.340000	0.140000	-0.660000	0.058000	-0.054000	-0.012000	30034	30014	29934	25029	24973	24994
1517	28.044698	0.031331	0.340000	0.140000	-0.660000	-0.028000	0.052000	0.000000	30034	30014	29934	24986	25026	25000
1518	28.044766	0.000068	-0.270000	-0.510000	-0.620000	-0.028000	0.052000	0.000000	29973	29949	29938	24986	25026	25000
1519	28.083649	0.038882	-0.270000	-0.510000	-0.620000	0.040000	-0.002000	-0.008000	29973	29949	29938	25020	24999	24996
1520	28.083751	0.000103	0.380000	0.200000	-0.610000	0.040000	-0.002000	-0.008000	30038	30020	29939	25020	24999	24996
1521	28.111345	0.027593	0.270000	-0.090000	-1.160000	0.040000	-0.002000	-0.008000	30027	29991	29884	25020	24999	24996
1522	28.144767	0.033423	-0.190000	0.480000	-1.410000	0.040000	-0.002000	-0.008000	29981	30048	29859	25020	24999	24996
1523	28.179186	0.034418	-0.190000	0.480000	-1.410000	-0.038000	-0.042000	0.004000	29981	30048	29859	24981	24979	25002
1524	28.179269	0.000083	-0.020000	-0.480000	-0.590000	-0.038000	-0.042000	0.004000	29998	29952	29941	24981	24979	25002
1525	28.213632	0.034363	0.070000	-0.120000	-0.830000	-0.038000	-0.042000	0.004000	30007	29988	29917	24981	24979	25002
1526	28.251039	0.037407	-0.210000	-0.240000	-1.370000	-0.038000	-0.042000	0.004000	29979	29976	29863	24981	24979	25002
1527	28.280671	0.029632	-0.210000	-0.240000	-1.370000	-0.014000	-0.070000	-0.010000	29979	29976	29863	24993	24965	24995
1528	28.280753	0.000082	-0.130000	0.360000	-0.600000	-0.014000	-0.070000	-0.010000	29987	30036	29940	24993	24965	24995
1529	28.307976	0.027222	-0.130000	0.360000	-0.600000	-0.070000	-0.040000	0.004000	29987	30036	29940	24965	24980	25002
1530	28.308044	0.000068	-0.140000	0.090000	0.200000	-0.070000	-0.040000	0.004000	29986	30009	30020	24965	24980	25002
1531	28.338882	0.030838	-0.140000	0.090000	0.200000	-0.024000	-0.006000	0.008000	29986	30009	30020	24988	24997	25004
1532	28.338951	0.000069	0.430000	0.490000	-0.070000	-0.024000	-0.006000	0.008000	30043	30049	29993	24988	24997	25004
1533	28.367744	0.028794	0.430000	0.490000	-0.070000	-0.042000	0.028000	0.014000	30043	30049	29993	24979	25014	25007
1534	28.367842	0.000097	-0.030000	-0.210000	-0.290000	-0.042000	0.028000	0.014000	29997	29979	29971	24979	25014	25007
1535	28.399188	0.031346	0.080000	-0.580000	-0.620000	-0.042000	0.028000	0.014000	30008	29942	29938	24979	25014	25007
1536	28.429383	0.030195	-0.330000	0.420000	-1.900000	-0.042000	0.028000	0.014000	29967	30042	29810	24979	25014	25007
1537	28.463294	0.033911	-0.330000	0.420000	-1.900000	-0.038000	-0.116000	0.026000	29967	30042	29810	24981	24942	25013
1538	28.463423	0.000130	-0.860000	-0.510000	-0.820000	-0.038000	-0.116000	0.026000	29914	29949	29918	24981	24942	25013
1539	28.492517	0.029094	-0.860000	-0.510000	-0.820000	0.036000	-0.134000	0.012000	29914	29949	29918	25018	24933	25006
1540	28.492597	0.000080	-0.080000	-0.130000	-0.840000	0.036000	-0.134000	0.012000	29992	29987	29916	25018	24933	25006
1541	28.522772	0.030176	-0.080000	-0.130000	-0.840000	0.022000	-0.054000	-0.008000	29992	29987	29916	25011	24973	24996
1542	28.522904	0.000132	-0.420000	0.120000	-1.380000	0.022000	-0.054000	-0.008000	29958	30012	29862	25011	24973	24996
1543	28.553068	0.030164	-0.690000	0.250000	-1.340000	0.022000	-0.054000	-0.008000	29931	30025	29866	25011	24973	24996
1544	28.581086	0.028018	-0.040000	0.300000	-0.580000	0.022000	-0.054000	-0.008000	29996	30030	29942	25011	24973	24996
1545	28.610601	0.029515	-0.080000	0.280000	-0.290000	0.022000	-0.054000	-0.008000	29992	30028	29971	25011	24973	24996
1546	28.643759	0.033158	0.480000	0.300000	-0.870000	0.022000	-0.054000	-0.008000	30048	30030	29913	25011	24973	24996
1547	28.677580	0.033820	0.480000	0.300000	-0.870000	-0.036000	-0.024000	0.002000	30048	30030	29913	24982	24988	25001
1548	28.677720	0.000140	-0.120000	0.320000	-0.550000	-0.036000	-0.024000	0.002000	29988	30032	29945	24982	24988	25001
1549	28.706879	0.029158	-0.120000	0.320000	-0.550000	-0.042000	-0.038000	0.010000	29988	30032	29945	24979	24981	25005
1550	28.706997	0.000118	0.140000	-0.050000	-0.880000	-0.042000	-0.038000	0.010000	30014	29995	29912	24979	24981	25005
1551	28.739205	0.032208	0.140000	-0.050000	-0.880000	-0.048000	-0.014000	0.006000	30014	29995	29912	24976	24993	25003
1552	28.739270	0.000066	-0.350000	0.030000	-0.350000	-0.048000	-0.014000	0.006000	29965	30003	29965	24976	24993	25003
1553	28.768868	0.029598	-0.350000	0.030000	-0.350000	-0.076000	0.012000	-0.010000	29965	30003	29965	24962	25006	24995
1554	28.768952	0.000084	-0.760000	-0.220000	-0.040000	-0.076000	0.012000	-0.010000	29924	29978	29996	24962	25006	24995
1555	28.799396	0.030445	0.120000	-0.250000	-0.900000	-0.076000	0.012000	-0.010000	30012	29975	29910	24962	25006	24995
1556	28.829735	0.030339	0.120000	-0.250000	-0.900000	-0.028000	0.060000	0.006000	30012	29975	29910	24986	25030	25003
1557	28.829831	0.000096	-0.300000	-0.480000	0.530000	-0.028000	0.060000	0.006000	29970	29952	30053	24986	25030	25003
1558	28.860232	0.030401	0.210000	0.390000	-0.040000	-0.028000	0.060000	0.006000	30021	30039	29996	24986	25030	25003
1559	28.891946	0.031714	0.210000	0.390000	-0.040000	-0.020000	0.112000	0.004000	30021	30039	29996	24990	25056	25002
1560	28.892016	0.000070	0.450000	0.260000	-0.310000	-0.020000	0.112000	0.004000	30045	30026	29969	24990	25056	25002
1561	28.923542	0.031526	0.450000	0.260000	-0.310000	-0.044000	0.070000	0.010000	30045	30026	29969	24978	25035	25005
1562	28.923613	0.000070	-0.020000	-0.210000	-0.330000	-0.044000	0.070000	0.010000	29998	29979	29967	24978	25035	25005
1563	28.955913	0.032300	0.190000	0.400000	0.460000	-0.044000	0.070000	0.010000	30019	30040	30046	24978	25035	25005
1564	28.986443	0.030530	0.530000	0.560000	0.200000	-0.044000	0.070000	0.010000	30053	30056	30020	24978	25035	25005
1565	29.017491	0.031048	0.530000	0.560000	0.200000	-0.040000	0.058000	-0.012000	30053	30056	30020	24980	25029	24994
1566	29.017610	0.000119	-0.190000	0.160000	0.790000	-0.040000	0.058000	-0.012000	29981	30016	30079	24980	25029	24994
1567	29.051520	0.033910	-0.190000	0.160000	0.790000	-0.046000	-0.034000	-0.012000	29981	30016	30079	24977	24983	24994
1568	29.051591	0.000071	-0.110000	-0.250000	0.220000	-0.046000	-0.034000	-0.012000	29989	29975	30022	24977	24983	24994
1569	29.084500	0.032909	-0.110000	-0.250000	0.220000	0.020000	0.006000	-0.006000	29989	29975	30022	25010	25003	24997
1570	29.084575	0.000075	-0.040000	-0.850000	0.520000	0.020000	0.006000	-0.006000	29996	29915	30052	25010	25003	24997
1571	29.118186	0.033610	-0.040000	-0.850000	0.520000	0.098000	0.004000	-0.008000	29996	29915	30052	25049	25002	24996
1572	29.118260	0.000074	-0.230000	-0.370000	0.810000	0.098000	0.004000	-0.008000	29977	29963	30081	25049	25002	24996
1573	29.148285	0.030025	0.090000	0.680000	0.160000	0.098000	0.004000	-0.008000	30009	30068	30016	25049	25002	24996
1574	29.180354	0.032069	0.090000	0.680000	0.160000	-0.070000	0.004000	-0.032000	30009	30068	30016	24965	25002	24984
1575	29.180431	0.000077	0.090000	0.680000	0.160000	0.026000	-0.032000	-0.004000	30009	30068	30016	25013	24984	24998
1576	29.180458	0.000027	0.090000	0.680000	0.160000	0.000000	0.058000	0.002000	30009	30068	30016	25000	25029	25001
1577	29.180481	0.000023	0.610000	-0.080000	0.790000	0.000000	0.058000	0.002000	30061	29992	30079	25000	25029	25001
1578	29.214018	0.033536	0.450000	-0.030000	-0.360000	0.000000	0.058000	0.002000	30045	29997	29964	25000	25029	25001
1579	29.248493	0.034476	0.450000	-0.030000	-0.360000	-0.010000	0.032000	-0.008000	30045	29997	29964	24995	25016	24996
1580	29.248577	0.000084	-0.430000	-0.170000	0.550000	-0.010000	0.032000	-0.008000	29957	29983	30055	24995	25016	24996
1581	29.281302	0.032725	0.000000	-0.380000	-0.590000	-0.010000	0.032000	-0.008000	30000	29962	29941	24995	25016	24996
1582	29.312454	0.031153	-0.320000	-0.380000	-0.070000	-0.010000	0.032000	-0.008000	29968	29962	29993	24995	25016	24996
1583	29.348241	0.035787	-0.320000	-0.380000	-0.070000	0.012000	-0.030000	-0.006000	29968	29962	29993	25006	24985	24997
1584	29.348447	0.000206	-0.560000	-0.640000	-0.290000	0.012000	-0.030000	-0.006000	29944	29936	29971	25006	24985	24997
1585	29.382910	0.034463	0.100000	0.130000	0.790000	0.012000	-0.030000	-0.006000	30010	30013	30079	25006	24985	24997
1586	29.412449	0.029540	-0.010000	0.100000	0.830000	0.012000	-0.030000	-0.006000	29999	30010	30083	25006	24985	24997
1587	29.442652	0.030203	-0.230000	0.090000	-0.030000	0.012000	-0.030000	-0.006000	29977	30009	29997	25006	24985	24997
1588	29.475939	0.033287	-0.080000	-0.110000	-0.340000	0.012000	-0.030000	-0.006000	29992	29989	29966	25006	24985	24997
1589	29.507668	0.031729	-0.130000	-0.040000	0.500000	0.012000	-0.030000	-0.006000	29987	29996	30050	25006	24985	24997
1590	29.541068	0.033399	-0.430000	0.020000	-0.330000	0.012000	-0.030000	-0.006000	29957	30002	29967	25006	24985	24997
1591	29.577593	0.036525	-0.020000	-0.290000	-0.550000	0.012000	-0.030000	-0.006000	29998	29971	29945	25006	24985	24997
1592	29.606708	0.029116	0.360000	0.040000	-0.070000	0.012000	-0.030000	-0.006000	30036	30004	29993	25006	24985	24997
1593	29.636459	0.029750	0.360000	0.040000	-0.070000	-0.008000	0.034000	-0.002000	30036	30004	29993	24996	25017	24999
1594	29.636527	0.000069	0.000000	-0.160000	-0.060000	-0.008000	0.034000	-0.002000	30000	29984	29994	24996	25017	24999
1595	29.670293	0.033766	-0.220000	-0.090000	-0.040000	-0.008000	0.034000	-0.002000	29978	29991	29996	24996	25017	24999
1596	29.703572	0.033279	-0.660000	-0.190000	0.240000	-0.008000	0.034000	-0.002000	29934	29981	30024	24996	25017	24999
1597	29.736883	0.033312	-0.420000	-0.600000	-0.050000	-0.008000	0.034000	-0.002000	29958	29940	29995	24996	25017	24999
1598	29.766924	0.030041	0.250000	0.010000	-0.310000	-0.008000	0.034000	-0.002000	30025	30001	29969	24996	25017	24999
1599	29.799362	0.032438	-0.600000	-0.200000	0.220000	-0.008000	0.034000	-0.002000	29940	29980	30022	24996	25017	24999
1600	29.827946	0.028584	0.190000	0.370000	-0.590000	-0.008000	0.034000	-0.002000	30019	30037	29941	24996	25017	24999
1601	29.857100	0.029154	0.190000	0.370000	-0.590000	-0.036000	0.006000	0.004000	30019	30037	29941	24982	25003	25002
1602	29.857166	0.000067	-0.370000	-0.020000	-0.060000	-0.036000	0.006000	0.004000	29963	29998	29994	24982	25003	25002
1603	29.888902	0.031736	-0.370000	-0.020000	-0.060000	-0.002000	-0.018000	0.000000	29963	29998	29994	24999	24991	25000
1604	29.888996	0.000094	0.090000	-0.200000	-0.580000	-0.002000	-0.018000	0.000000	30009	29980	29942	24999	24991	25000
1605	29.918949	0.029953	0.090000	-0.200000	-0.580000	0.008000	-0.002000	0.008000	30009	29980	29942	25004	24999	25004
1606	29.919010	0.000061	-0.310000	-0.530000	0.790000	0.008000	-0.002000	0.008000	29969	29947	30079	25004	24999	25004
1607	29.947444	0.028434	-0.240000	-0.080000	0.260000	0.008000	-0.002000	0.008000	29976	29992	30026	25004	24999	25004
1608	29.982361	0.034917	-0.240000	-0.080000	0.260000	0.012000	-0.014000	-0.004000	29976	29992	30026	25006	24993	24998
1609	29.982433	0.000072	-0.310000	-0.810000	-0.350000	0.012000	-0.014000	-0.004000	29969	29919	29965	25006	24993	24998
1610	30.013405	0.030972	0.160000	-0.220000	-0.390000	0.012000	-0.014000	-0.004000	30016	29978	29961	25006	24993	24998
1611	30.042129	0.028724	0.160000	-0.220000	-0.390000	0.036000	0.024000	-0.018000	30016	29978	29961	25018	25012	24991
1612	30.042191	0.000062	-0.050000	-1.090000	-0.330000	0.036000	0.024000	-0.018000	29995	29891	29967	25018	25012	24991
1613	30.075027	0.032837	0.030000	0.190000	0.790000	0.036000	0.024000	-0.018000	30003	30019	30079	25018	25012	24991
1614	30.108442	0.033415	0.050000	0.120000	0.180000	0.036000	0.024000	-0.018000	30005	30012	30018	25018	25012	24991
1615	30.142429	0.033987	0.050000	0.120000	0.180000	-0.046000	0.016000	-0.006000	30005	30012	30018	24977	25008	24997
1616	30.142504	0.000075	0.050000	0.120000	0.180000	-0.028000	-0.018000	-0.006000	30005	30012	30018	24986	24991	24997
1617	30.142526	0.000022	-0.450000	0.570000	-0.280000	-0.028000	-0.018000	-0.006000	29955	30057	29972	24986	24991	24997
1618	30.170913	0.028387	-0.400000	-1.150000	0.230000	-0.028000	-0.018000	-0.006000	29960	29885	30023	24986	24991	24997
1619	30.203914	0.033001	0.180000	-0.130000	0.190000	-0.028000	-0.018000	-0.006000	30018	29987	30019	24986	24991	24997
1620	30.237592	0.033678	0.180000	-0.130000	0.190000	0.008000	0.026000	-0.014000	30018	29987	30019	25004	25013	24993
1621	30.237684	0.000092	0.000000	0.680000	0.520000	0.008000	0.026000	-0.014000	30000	30068	30052	25004	25013	24993
1622	30.272224	0.034539	0.000000	0.680000	0.520000	-0.042000	0.016000	-0.008000	30000	30068	30052	24979	25008	24996
1623	30.272304	0.000081	0.330000	-0.100000	0.790000	-0.042000	0.016000	-0.008000	30033	29990	30079	24979	25008	24996
1624	30.305750	0.033445	0.330000	-0.100000	0.790000	-0.004000	0.030000	0.000000	30033	29990	30079	24998	25015	25000
1625	30.305842	0.000093	0.040000	-0.700000	0.510000	-0.004000	0.030000	0.000000	30004	29930	30051	24998	25015	25000
1626	30.344631	0.038789	0.020000	0.260000	0.210000	-0.004000	0.030000	0.000000	30002	30026	30021	24998	25015	25000
1627	30.374329	0.029698	0.020000	0.260000	0.210000	-0.056000	0.022000	0.006000	30002	30026	30021	24972	25011	25003
1628	30.374388	0.000059	0.130000	0.330000	-0.380000	-0.056000	0.022000	0.006000	30013	30033	29962	24972	25011	25003
1629	30.402426	0.028038	0.020000	-1.880000	0.490000	-0.056000	0.022000	0.006000	30002	29812	30049	24972	25011	25003
1630	30.435155	0.032729	-0.240000	-1.500000	-0.030000	-0.056000	0.022000	0.006000	29976	29850	29997	24972	25011	25003
1631	30.465133	0.029978	-0.240000	-1.500000	-0.030000	-0.016000	-0.016000	0.018000	29976	29850	29997	24992	24992	25009
1632	30.465209	0.000077	-0.690000	-1.570000	-0.050000	-0.016000	-0.016000	0.018000	29931	29843	29995	24992	24992	25009
1633	30.496594	0.031385	-0.690000	-1.570000	-0.050000	-0.024000	-0.048000	-0.006000	29931	29843	29995	24988	24976	24997
1634	30.496692	0.000098	-0.050000	-1.940000	-0.330000	-0.024000	-0.048000	-0.006000	29995	29806	29967	24988	24976	24997
1635	30.528686	0.031994	-0.200000	-2.400000	0.530000	-0.024000	-0.048000	-0.006000	29980	29760	30053	24988	24976	24997
1636	30.561869	0.033184	-0.200000	-2.400000	0.530000	0.028000	-0.008000	-0.008000	29980	29760	30053	25014	24996	24996
1637	30.561991	0.000122	-0.130000	-3.730000	0.190000	0.028000	-0.008000	-0.008000	29987	29627	30019	25014	24996	24996
1638	30.595512	0.033521	-0.290000	-3.960000	-0.610000	0.028000	-0.008000	-0.008000	29971	29604	29939	25014	24996	24996
1639	30.626365	0.030854	-0.290000	-3.960000	-0.610000	0.010000	-0.034000	-0.006000	29971	29604	29939	25005	24983	24997
1640	30.626443	0.000077	-0.200000	-4.650000	-0.610000	0.010000	-0.034000	-0.006000	29980	29535	29939	25005	24983	24997
1641	30.656308	0.029865	0.050000	-4.980000	-0.640000	0.010000	-0.034000	-0.006000	30005	29502	29936	25005	24983	24997
1642	30.686219	0.029912	-0.330000	-5.670000	-0.610000	0.010000	-0.034000	-0.006000	29967	29433	29939	25005	24983	24997
1643	30.715979	0.029759	-0.330000	-5.670000	-0.610000	0.024000	-0.060000	-0.006000	29967	29433	29939	25012	24970	24997
1644	30.716104	0.000125	-0.220000	-7.230000	0.220000	0.024000	-0.060000	-0.006000	29978	29277	30022	25012	24970	24997
1645	30.746853	0.030749	-0.050000	-6.820000	-0.590000	0.024000	-0.060000	-0.006000	29995	29318	29941	25012	24970	24997
1646	30.775530	0.028676	0.440000	-7.550000	-1.450000	0.024000	-0.060000	-0.006000	30044	29245	29855	25012	24970	24997
1647	30.814605	0.039075	0.440000	-7.550000	-1.450000	-0.004000	-0.036000	0.006000	30044	29245	29855	24998	24982	25003
1648	30.814719	0.000114	-0.430000	-9.240000	-0.610000	-0.004000	-0.036000	0.006000	29957	29076	29939	24998	24982	25003
1649	30.844749	0.030030	-0.430000	-9.240000	-0.610000	0.052000	-0.094000	0.014000	29957	29076	29939	25026	24953	25007
1650	30.844839	0.000090	0.090000	-9.440000	-1.160000	0.052000	-0.094000	0.014000	30009	29056	29884	25026	24953	25007
1651	30.879823	0.034984	0.090000	-9.440000	-1.160000	0.062000	-0.060000	0.016000	30009	29056	29884	25031	24970	25008
1652	30.879897	0.000073	-0.190000	-9.630000	-1.170000	0.062000	-0.060000	0.016000	29981	29037	29883	25031	24970	25008
1653	30.915408	0.035511	-0.190000	-9.630000	-1.170000	0.016000	-0.076000	0.022000	29981	29037	29883	25008	24962	25011
1654	30.915503	0.000095	0.180000	-10.650000	-1.450000	0.016000	-0.076000	0.022000	30018	28935	29855	25008	24962	25011
1655	30.945225	0.029723	-0.080000	-10.840000	-1.400000	0.016000	-0.076000	0.022000	29992	28916	29860	25008	24962	25011
1656	30.979315	0.034089	-0.720000	-11.140000	-1.160000	0.016000	-0.076000	0.022000	29928	28886	29884	25008	24962	25011
1657	31.008290	0.028975	0.040000	-11.090000	-1.150000	0.016000	-0.076000	0.022000	30004	28891	29885	25008	24962	25011
1658	31.037838	0.029548	-0.350000	-10.190000	-0.620000	0.016000	-0.076000	0.022000	29965	28981	29938	25008	24962	25011
1659	31.066853	0.029015	-0.400000	-7.980000	-1.160000	0.016000	-0.076000	0.022000	29960	29202	29884	25008	24962	25011
1660	31.100536	0.033683	-0.400000	-7.980000	-1.160000	0.004000	-0.062000	0.026000	29960	29202	29884	25002	24969	25013
1661	31.100609	0.000073	-0.210000	-6.680000	-0.870000	0.004000	-0.062000	0.026000	29979	29332	29913	25002	24969	25013
1662	31.133028	0.032419	-0.910000	-5.910000	-0.280000	0.004000	-0.062000	0.026000	29909	29409	29972	25002	24969	25013
1663	31.160083	0.027055	-0.910000	-5.910000	-0.280000	0.062000	-0.076000	0.034000	29909	29409	29972	25031	24962	25017
1664	31.160144	0.000060	-0.510000	-4.850000	-0.060000	0.062000	-0.076000	0.034000	29949	29515	29994	25031	24962	25017
1665	31.190198	0.030055	-0.510000	-4.850000	-0.060000	0.074000	-0.052000	0.000000	29949	29515	29994	25037	24974	25000
1666	31.190274	0.000076	0.090000	-3.090000	-0.320000	0.074000	-0.052000	0.000000	30009	29691	29968	25037	24974	25000
1667	31.228011	0.037737	0.090000	-3.090000	-0.320000	0.028000	-0.008000	0.018000	30009	29691	29968	25014	24996	25009
1668	31.228116	0.000106	-0.190000	-1.380000	-0.090000	0.028000	-0.008000	0.018000	29981	29862	29991	25014	24996	25009
1669	31.264790	0.036674	-0.190000	-1.070000	-0.060000	0.028000	-0.008000	0.018000	29981	29893	29994	25014	24996	25009
1670	31.296303	0.031512	-0.240000	-0.320000	0.760000	0.028000	-0.008000	0.018000	29976	29968	30076	25014	24996	25009
1671	31.332716	0.036413	0.060000	0.120000	-0.050000	0.028000	-0.008000	0.018000	30006	30012	29995	25014	24996	25009
1672	31.361447	0.028730	0.340000	0.090000	0.230000	0.028000	-0.008000	0.018000	30034	30009	30023	25014	24996	25009
1673	31.395778	0.034332	0.340000	0.090000	0.230000	-0.012000	0.034000	-0.010000	30034	30009	30023	24994	25017	24995
1674	31.395938	0.000159	0.370000	0.470000	0.500000	-0.012000	0.034000	-0.010000	30037	30047	30050	24994	25017	24995
1675	31.423412	0.027474	0.820000	0.390000	0.170000	-0.012000	0.034000	-0.010000	30082	30039	30017	24994	25017	24995
1676	31.451523	0.028111	0.620000	0.430000	-0.040000	-0.012000	0.034000	-0.010000	30062	30043	29996	24994	25017	24995
1677	31.483612	0.032089	0.620000	0.430000	-0.040000	-0.028000	0.062000	0.002000	30062	30043	29996	24986	25031	25001
1678	31.483737	0.000125	0.410000	0.670000	0.260000	-0.028000	0.062000	0.002000	30041	30067	30026	24986	25031	25001
1679	31.514989	0.031252	0.280000	0.330000	-0.340000	-0.028000	0.062000	0.002000	30028	30033	29966	24986	25031	25001
1680	31.547006	0.032016	0.280000	0.330000	-0.340000	-0.020000	0.044000	-0.016000	30028	30033	29966	24990	25022	24992
1681	31.547081	0.000076	0.360000	0.270000	-0.080000	-0.020000	0.044000	-0.016000	30036	30027	29992	24990	25022	24992
1682	31.578369	0.031287	0.330000	0.080000	0.250000	-0.020000	0.044000	-0.016000	30033	30008	30025	24990	25022	24992
1683	31.618527	0.040158	-0.570000	-0.390000	0.020000	-0.020000	0.044000	-0.016000	29943	29961	30002	24990	25022	24992
1684	31.649108	0.030581	-0.060000	-0.170000	-0.320000	-0.020000	0.044000	-0.016000	29994	29983	29968	24990	25022	24992
1685	31.682834	0.033725	-0.060000	-0.170000	-0.320000	0.020000	-0.002000	-0.012000	29994	29983	29968	25010	24999	24994
1686	31.682913	0.000079	-0.140000	-0.030000	-0.290000	0.020000	-0.002000	-0.012000	29986	29997	29971	25010	24999	24994
1687	31.721690	0.038777	-0.140000	-0.030000	-0.290000	0.030000	-0.016000	0.016000	29986	29997	29971	25015	24992	25008
1688	31.721754	0.000064	-0.130000	-0.480000	-0.050000	0.030000	-0.016000	0.016000	29987	29952	29995	25015	24992	25008
1689	31.751148	0.029394	-0.130000	-0.480000	-0.050000	-0.030000	0.036000	-0.006000	29987	29952	29995	24985	25018	24997
1690	31.751224	0.000076	0.500000	0.540000	0.770000	-0.030000	0.036000	-0.006000	30050	30054	30077	24985	25018	24997
1691	31.782022	0.030798	0.220000	-0.160000	0.830000	-0.030000	0.036000	-0.006000	30022	29984	30083	24985	25018	24997
1692	31.817501	0.035479	-0.180000	-0.240000	-0.900000	-0.030000	0.036000	-0.006000	29982	29976	29910	24985	25018	24997
1693	31.857540	0.040039	-0.070000	-0.250000	0.500000	-0.030000	0.036000	-0.006000	29993	29975	30050	24985	25018	24997
1694	31.891589	0.034049	-0.070000	-0.250000	0.500000	-0.004000	-0.004000	0.000000	29993	29975	30050	24998	24998	25000
1695	31.891674	0.000084	0.050000	-0.450000	-0.090000	-0.004000	-0.004000	0.000000	30005	29955	29991	24998	24998	25000
1696	31.921806	0.030133	-0.100000	-0.050000	-0.070000	-0.004000	-0.004000	0.000000	29990	29995	29993	24998	24998	25000
1697	31.955530	0.033724	-0.430000	-0.290000	-0.320000	-0.004000	-0.004000	0.000000	29957	29971	29968	24998	24998	25000
1698	31.984891	0.029362	-0.010000	0.000000	-0.050000	-0.004000	-0.004000	0.000000	29999	30000	29995	24998	24998	25000
1699	32.013248	0.028357	-0.010000	0.000000	-0.050000	0.008000	0.002000	-0.002000	29999	30000	29995	25004	25001	24999
1700	32.013318	0.000070	0.120000	-0.570000	0.180000	0.008000	0.002000	-0.002000	30012	29943	30018	25004	25001	24999
1701	32.053108	0.039790	-0.040000	0.060000	-0.020000	0.008000	0.002000	-0.002000	29996	30006	29998	25004	25001	24999
1702	32.085491	0.032382	-0.040000	0.060000	-0.020000	0.018000	0.016000	0.002000	29996	30006	29998	25009	25008	25001
1703	32.085563	0.000072	-0.390000	-0.390000	-0.280000	0.018000	0.016000	0.002000	29961	29961	29972	25009	25008	25001
1704	32.116134	0.030572	-0.150000	0.180000	-0.320000	0.018000	0.016000	0.002000	29985	30018	29968	25009	25008	25001
1705	32.149713	0.033578	0.150000	-0.020000	-0.320000	0.018000	0.016000	0.002000	30015	29998	29968	25009	25008	25001
1706	32.180475	0.030762	0.150000	-0.020000	-0.320000	-0.016000	0.008000	-0.002000	30015	29998	29968	24992	25004	24999
1707	32.180578	0.000103	0.150000	-0.020000	-0.320000	0.058000	0.010000	0.002000	30015	29998	29968	25029	25005	25001
1708	32.180605	0.000028	0.160000	-0.200000	1.100000	0.058000	0.010000	0.002000	30016	29980	30110	25029	25005	25001
1709	32.211677	0.031071	-0.030000	-0.100000	0.500000	0.058000	0.010000	0.002000	29997	29990	30050	25029	25005	25001
1710	32.242303	0.030627	-0.260000	-0.480000	0.500000	0.058000	0.010000	0.002000	29974	29952	30050	25029	25005	25001
1711	32.269905	0.027601	-0.290000	-0.420000	-0.570000	0.058000	0.010000	0.002000	29971	29958	29943	25029	25005	25001
1712	32.298340	0.028436	-0.290000	-0.420000	-0.570000	0.034000	-0.024000	0.006000	29971	29958	29943	25017	24988	25003
1713	32.298421	0.000080	-0.310000	-0.220000	0.520000	0.034000	-0.024000	0.006000	29969	29978	30052	25017	24988	25003
1714	32.329707	0.031287	-0.020000	-0.170000	0.810000	0.034000	-0.024000	0.006000	29998	29983	30081	25017	24988	25003
1715	32.357940	0.028233	-0.020000	-0.170000	0.810000	0.016000	0.026000	0.014000	29998	29983	30081	25008	25013	25007
1716	32.357999	0.000059	0.060000	0.310000	-0.380000	0.016000	0.026000	0.014000	30006	30031	29962	25008	25013	25007
1717	32.388632	0.030632	0.130000	-0.030000	0.240000	0.016000	0.026000	0.014000	30013	29997	30024	25008	25013	25007
1718	32.419283	0.030651	0.130000	-0.030000	0.240000	-0.004000	0.024000	-0.010000	30013	29997	30024	24998	25012	24995
1719	32.419361	0.000078	0.140000	0.230000	0.520000	-0.004000	0.024000	-0.010000	30014	30023	30052	24998	25012	24995
1720	32.450367	0.031006	-0.650000	-0.130000	0.250000	-0.004000	0.024000	-0.010000	29935	29987	30025	24998	25012	24995
1721	32.480438	0.030071	-0.030000	-0.470000	-0.340000	-0.004000	0.024000	-0.010000	29997	29953	29966	24998	25012	24995
1722	32.513060	0.032622	-0.030000	-0.470000	-0.340000	0.028000	-0.006000	-0.002000	29997	29953	29966	25014	24997	24999
1723	32.513138	0.000078	-0.290000	-0.500000	-0.040000	0.028000	-0.006000	-0.002000	29971	29950	29996	25014	24997	24999
1724	32.548628	0.035490	-0.290000	-0.500000	-0.040000	0.046000	-0.012000	0.002000	29971	29950	29996	25023	24994	25001
1725	32.548777	0.000150	0.240000	-0.590000	0.240000	0.046000	-0.012000	0.002000	30024	29941	30024	25023	24994	25001
1726	32.589526	0.040749	0.240000	-0.590000	0.240000	0.026000	0.010000	0.000000	30024	29941	30024	25013	25005	25000
1727	32.589597	0.000071	-0.200000	-0.020000	0.180000	0.026000	0.010000	0.000000	29980	29998	30018	25013	25005	25000
1728	32.617254	0.027656	-0.200000	-0.020000	0.180000	-0.008000	0.010000	0.002000	29980	29998	30018	24996	25005	25001
1729	32.617344	0.000090	-0.020000	0.580000	0.190000	-0.008000	0.010000	0.002000	29998	30058	30019	24996	25005	25001
1730	32.646134	0.028790	-0.020000	0.580000	0.190000	-0.008000	0.010000	0.002000	29998	30058	30019	24996	25005	25001
1731	32.677266	0.031133	-0.150000	-0.310000	-0.080000	-0.008000	0.010000	0.002000	29985	29969	29992	24996	25005	25001
1732	32.706916	0.029650	-0.150000	-0.310000	-0.080000	0.018000	-0.012000	-0.004000	29985	29969	29992	25009	24994	24998
1733	32.707022	0.000106	0.260000	-0.280000	0.200000	0.018000	-0.012000	-0.004000	30026	29972	30020	25009	24994	24998
1734	32.737350	0.030328	0.050000	0.190000	-0.380000	0.018000	-0.012000	-0.004000	30005	30019	29962	25009	24994	24998
1735	32.770119	0.032769	0.050000	0.190000	-0.380000	0.008000	0.032000	-0.022000	30005	30019	29962	25004	25016	24989
1736	32.770218	0.000099	0.320000	0.230000	1.080000	0.008000	0.032000	-0.022000	30032	30023	30108	25004	25016	24989
1737	32.802693	0.032474	-0.410000	-0.570000	-0.040000	0.008000	0.032000	-0.022000	29959	29943	29996	25004	25016	24989
1738	32.833395	0.030702	-0.410000	-0.570000	-0.040000	0.066000	-0.008000	0.000000	29959	29943	29996	25033	24996	25000
1739	32.833472	0.000077	-0.410000	-0.570000	-0.040000	0.028000	0.014000	-0.006000	29959	29943	29996	25014	25007	24997
1740	32.833497	0.000025	-0.470000	-0.350000	-0.020000	0.028000	0.014000	-0.006000	29953	29965	29998	25014	25007	24997
1741	32.865707	0.032210	0.290000	0.040000	-0.320000	0.028000	0.014000	-0.006000	30029	30004	29968	25014	25007	24997
1742	32.897438	0.031731	0.290000	0.040000	-0.320000	-0.010000	0.020000	-0.004000	30029	30004	29968	24995	25010	24998
1743	32.897574	0.000136	0.380000	-0.630000	-0.050000	-0.010000	0.020000	-0.004000	30038	29937	29995	24995	25010	24998
1744	32.936554	0.038981	0.380000	-0.630000	-0.050000	0.050000	0.034000	0.000000	30038	29937	29995	25025	25017	25000
1745	32.936672	0.000117	0.110000	-0.430000	0.540000	0.050000	0.034000	0.000000	30011	29957	30054	25025	25017	25000
1746	32.970919	0.034248	0.020000	-0.500000	-0.060000	0.050000	0.034000	0.000000	30002	29950	29994	25025	25017	25000
1747	33.001880	0.030961	0.300000	0.200000	-0.360000	0.050000	0.034000	0.000000	30030	30020	29964	25025	25017	25000
1748	33.033346	0.031466	0.300000	0.200000	-0.360000	-0.020000	0.032000	-0.004000	30030	30020	29964	24990	25016	24998
1749	33.033453	0.000107	0.480000	-0.060000	0.780000	-0.020000	0.032000	-0.004000	30048	29994	30078	24990	25016	24998
1750	33.064242	0.030789	-0.650000	-1.200000	0.520000	-0.020000	0.032000	-0.004000	29935	29880	30052	24990	25016	24998
1751	33.099430	0.035187	0.400000	0.280000	0.460000	-0.020000	0.032000	-0.004000	30040	30028	30046	24990	25016	24998
1752	33.130227	0.030798	-0.470000	-0.270000	-0.590000	-0.020000	0.032000	-0.004000	29953	29973	29941	24990	25016	24998
1753	33.163807	0.033579	-0.080000	0.110000	-0.070000	-0.020000	0.032000	-0.004000	29992	30011	29993	24990	25016	24998
1754	33.192478	0.028671	-0.080000	0.110000	-0.070000	-0.014000	0.006000	0.006000	29992	30011	29993	24993	25003	25003
1755	33.192544	0.000066	0.130000	-0.470000	0.460000	-0.014000	0.006000	0.006000	30013	29953	30046	24993	25003	25003
1756	33.222637	0.030092	-0.120000	0.510000	-0.010000	-0.014000	0.006000	0.006000	29988	30051	29999	24993	25003	25003
1757	33.255264	0.032627	0.370000	0.060000	0.810000	-0.014000	0.006000	0.006000	30037	30006	30081	24993	25003	25003
1758	33.292900	0.037636	0.370000	0.060000	0.810000	-0.004000	0.040000	-0.020000	30037	30006	30081	24998	25020	24990
1759	33.292985	0.000085	0.300000	0.320000	-0.320000	-0.004000	0.040000	-0.020000	30030	30032	29968	24998	25020	24990
1760	33.324097	0.031112	-0.040000	0.250000	0.200000	-0.004000	0.040000	-0.020000	29996	30025	30020	24998	25020	24990
1761	33.353774	0.029678	-0.040000	0.250000	0.200000	-0.040000	0.002000	-0.006000	29996	30025	30020	24980	25001	24997
1762	33.353936	0.000161	-0.100000	-0.450000	0.810000	-0.040000	0.002000	-0.006000	29990	29955	30081	24980	25001	24997
1763	33.381121	0.027185	0.040000	-0.410000	0.840000	-0.040000	0.002000	-0.006000	30004	29959	30084	24980	25001	24997
1764	33.410362	0.029241	-0.340000	-0.070000	0.790000	-0.040000	0.002000	-0.006000	29966	29993	30079	24980	25001	24997
1765	33.442731	0.032368	-0.250000	-0.370000	-0.890000	-0.040000	0.002000	-0.006000	29975	29963	29911	24980	25001	24997
1766	33.479032	0.036302	0.400000	-0.340000	-0.040000	-0.040000	0.002000	-0.006000	30040	29966	29996	24980	25001	24997
1767	33.513371	0.034339	0.400000	-0.340000	-0.040000	0.022000	0.032000	0.000000	30040	29966	29996	25011	25016	25000
1768	33.513456	0.000085	0.250000	0.040000	0.520000	0.022000	0.032000	0.000000	30025	30004	30052	25011	25016	25000
1769	33.546266	0.032810	0.070000	0.040000	0.780000	0.022000	0.032000	0.000000	30007	30004	30078	25011	25016	25000
1770	33.575284	0.029018	0.070000	0.040000	0.780000	-0.002000	0.020000	-0.024000	30007	30004	30078	24999	25010	24988
1771	33.575387	0.000103	0.270000	0.030000	1.060000	-0.002000	0.020000	-0.024000	30027	30003	30106	24999	25010	24988
1772	33.609474	0.034087	0.270000	0.030000	1.060000	-0.026000	0.014000	-0.016000	30027	30003	30106	24987	25007	24992
1773	33.609554	0.000080	0.100000	0.130000	0.220000	-0.026000	0.014000	-0.016000	30010	30013	30022	24987	25007	24992
1774	33.646027	0.036473	0.390000	0.120000	0.480000	-0.026000	0.014000	-0.016000	30039	30012	30048	24987	25007	24992
1775	33.675487	0.029460	0.390000	0.120000	0.480000	0.026000	-0.022000	-0.008000	30039	30012	30048	25013	24989	24996
1776	33.675545	0.000058	0.450000	0.710000	-0.090000	0.026000	-0.022000	-0.008000	30045	30071	29991	25013	24989	24996
1777	33.706010	0.030464	0.450000	0.710000	-0.090000	-0.046000	0.052000	-0.022000	30045	30071	29991	24977	25026	24989
1778	33.706132	0.000122	-0.440000	-0.210000	0.510000	-0.046000	0.052000	-0.022000	29956	29979	30051	24977	25026	24989
1779	33.735877	0.029745	0.070000	0.080000	0.250000	-0.046000	0.052000	-0.022000	30007	30008	30025	24977	25026	24989
1780	33.764203	0.028326	0.070000	0.080000	0.250000	-0.008000	0.018000	0.012000	30007	30008	30025	24996	25009	25006
1781	33.764274	0.000071	0.090000	0.010000	0.470000	-0.008000	0.018000	0.012000	30009	30001	30047	24996	25009	25006
1782	33.792548	0.028274	0.090000	0.010000	0.470000	-0.016000	0.028000	-0.004000	30009	30001	30047	24992	25014	24998
1783	33.792616	0.000068	-0.230000	-0.070000	0.240000	-0.016000	0.028000	-0.004000	29977	29993	30024	24992	25014	24998
1784	33.823163	0.030547	-0.230000	-0.070000	0.240000	-0.006000	-0.006000	-0.008000	29977	29993	30024	24997	24997	24996
1785	33.823313	0.000150	-0.230000	-0.070000	0.240000	0.054000	0.004000	-0.008000	29977	29993	30024	25027	25002	24996
1786	33.823365	0.000051	-0.190000	-0.520000	0.230000	0.054000	0.004000	-0.008000	29981	29948	30023	25027	25002	24996
1787	33.858248	0.034884	0.210000	-0.010000	-0.610000	0.054000	0.004000	-0.008000	30021	29999	29939	25027	25002	24996
1788	33.890629	0.032380	0.210000	-0.010000	-0.610000	0.002000	0.024000	-0.014000	30021	29999	29939	25001	25012	24993
1789	33.890717	0.000089	0.390000	0.020000	0.240000	0.002000	0.024000	-0.014000	30039	30002	30024	25001	25012	24993
1790	33.922397	0.031680	0.390000	0.020000	0.240000	-0.008000	0.024000	-0.008000	30039	30002	30024	24996	25012	24996
1791	33.922477	0.000080	-0.210000	0.060000	0.530000	-0.008000	0.024000	-0.008000	29979	30006	30053	24996	25012	24996
1792	33.956344	0.033867	-0.010000	0.180000	-0.330000	-0.008000	0.024000	-0.008000	29999	30018	29967	24996	25012	24996
1793	33.985161	0.028817	0.170000	0.520000	0.500000	-0.008000	0.024000	-0.008000	30017	30052	30050	24996	25012	24996
1794	34.013261	0.028099	0.180000	0.020000	-0.580000	-0.008000	0.024000	-0.008000	30018	30002	29942	24996	25012	24996
1795	34.046259	0.032998	-0.450000	0.270000	0.270000	-0.008000	0.024000	-0.008000	29955	30027	30027	24996	25012	24996
1796	34.075356	0.029097	-0.450000	0.270000	0.270000	-0.006000	-0.026000	0.018000	29955	30027	30027	24997	24987	25009
1797	34.075424	0.000069	-0.430000	-0.110000	0.260000	-0.006000	-0.026000	0.018000	29957	29989	30026	24997	24987	25009
1798	34.105051	0.029627	-0.430000	-0.110000	0.260000	0.028000	-0.014000	-0.008000	29957	29989	30026	25014	24993	24996
1799	34.105140	0.000089	0.290000	0.520000	-0.330000	0.028000	-0.014000	-0.008000	30029	30052	29967	25014	24993	24996
1800	34.138618	0.033478	-0.020000	0.040000	-0.340000	0.028000	-0.014000	-0.008000	29998	30004	29966	25014	24993	24996
1801	34.167268	0.028650	0.130000	0.040000	-0.070000	0.028000	-0.014000	-0.008000	30013	30004	29993	25014	24993	24996
1802	34.199722	0.032454	0.130000	0.040000	-0.070000	-0.014000	0.016000	0.010000	30013	30004	29993	24993	25008	25005
1803	34.199797	0.000075	-0.470000	-0.650000	0.240000	-0.014000	0.016000	0.010000	29953	29935	30024	24993	25008	25005
1804	34.230355	0.030558	0.040000	0.280000	0.500000	-0.014000	0.016000	0.010000	30004	30028	30050	24993	25008	25005
1805	34.262736	0.032382	0.050000	-0.490000	0.820000	-0.014000	0.016000	0.010000	30005	29951	30082	24993	25008	25005
1806	34.297278	0.034542	0.050000	-0.490000	0.820000	0.026000	-0.004000	0.010000	30005	29951	30082	25013	24998	25005
1807	34.297361	0.000083	-0.310000	0.140000	0.210000	0.026000	-0.004000	0.010000	29969	30014	30021	25013	24998	25005
1808	34.330586	0.033225	-0.310000	0.140000	0.210000	-0.010000	-0.010000	-0.020000	29969	30014	30021	24995	24995	24990
1809	34.330654	0.000069	-0.310000	0.140000	0.210000	0.020000	0.002000	0.006000	29969	30014	30021	25010	25001	25003
1810	34.330671	0.000017	-0.070000	-0.290000	0.230000	0.020000	0.002000	0.006000	29993	29971	30023	25010	25001	25003
1811	34.359437	0.028766	-0.010000	0.090000	0.530000	0.020000	0.002000	0.006000	29999	30009	30053	25010	25001	25003
1812	34.386876	0.027440	-0.080000	0.070000	0.520000	0.020000	0.002000	0.006000	29992	30007	30052	25010	25001	25003
1813	34.416722	0.029846	0.020000	0.090000	0.240000	0.020000	0.002000	0.006000	30002	30009	30024	25010	25001	25003
1814	34.445063	0.028341	-0.120000	-0.270000	0.250000	0.020000	0.002000	0.006000	29988	29973	30025	25010	25001	25003
1815	34.480678	0.035615	-0.500000	-0.340000	-0.370000	0.020000	0.002000	0.006000	29950	29966	29963	25010	25001	25003
1816	34.511825	0.031147	-0.500000	-0.340000	-0.370000	0.032000	-0.016000	-0.028000	29950	29966	29963	25016	24992	24986
1817	34.511899	0.000074	-0.080000	-0.150000	-0.350000	0.032000	-0.016000	-0.028000	29992	29985	29965	25016	24992	24986
1818	34.544035	0.032136	-0.080000	-0.150000	-0.350000	0.026000	0.026000	-0.018000	29992	29985	29965	25013	25013	24991
1819	34.544118	0.000084	-0.410000	0.030000	-0.050000	0.026000	0.026000	-0.018000	29959	30003	29995	25013	25013	24991
1820	34.575266	0.031148	-0.340000	-0.260000	-0.050000	0.026000	0.026000	-0.018000	29966	29974	29995	25013	25013	24991
1821	34.607506	0.032240	-0.610000	-0.700000	-0.060000	0.026000	0.026000	-0.018000	29939	29930	29994	25013	25013	24991
1822	34.640384	0.032877	-0.260000	0.050000	-0.590000	0.026000	0.026000	-0.018000	29974	30005	29941	25013	25013	24991
1823	34.674481	0.034097	-0.860000	-0.530000	-0.040000	0.026000	0.026000	-0.018000	29914	29947	29996	25013	25013	24991
1824	34.705430	0.030949	-0.560000	-0.360000	0.270000	0.026000	0.026000	-0.018000	29944	29964	30027	25013	25013	24991
1825	34.735520	0.030090	-0.360000	0.010000	-0.030000	0.026000	0.026000	-0.018000	29964	30001	29997	25013	25013	24991
1826	34.764178	0.028659	-0.360000	0.010000	-0.030000	-0.012000	-0.006000	-0.014000	29964	30001	29997	24994	24997	24993
1827	34.764257	0.000078	-0.360000	0.010000	-0.030000	0.072000	-0.008000	-0.008000	29964	30001	29997	25036	24996	24996
1828	34.764275	0.000019	-0.810000	-0.410000	0.790000	0.072000	-0.008000	-0.008000	29919	29959	30079	25036	24996	24996
1829	34.793657	0.029382	-0.550000	-0.260000	-0.020000	0.072000	-0.008000	-0.008000	29945	29974	29998	25036	24996	24996
1830	34.825164	0.031508	-0.550000	-0.260000	-0.020000	0.030000	-0.020000	-0.010000	29945	29974	29998	25015	24990	24995
1831	34.825247	0.000083	0.250000	0.140000	-0.030000	0.030000	-0.020000	-0.010000	30025	30014	29997	25015	24990	24995
1832	34.852498	0.027250	-0.170000	0.040000	-0.030000	0.030000	-0.020000	-0.010000	29983	30004	29997	25015	24990	24995
1833	34.879915	0.027418	-0.400000	0.020000	0.260000	0.030000	-0.020000	-0.010000	29960	30002	30026	25015	24990	24995
1834	34.908763	0.028848	0.200000	0.400000	0.760000	0.030000	-0.020000	-0.010000	30020	30040	30076	25015	24990	24995
1835	34.939884	0.031121	0.200000	0.400000	0.760000	-0.016000	0.050000	-0.014000	30020	30040	30076	24992	25025	24993
1836	34.939983	0.000099	-0.290000	0.730000	0.170000	-0.016000	0.050000	-0.014000	29971	30073	30017	24992	25025	24993
1837	34.971173	0.031190	-0.400000	-0.500000	0.840000	-0.016000	0.050000	-0.014000	29960	29950	30084	24992	25025	24993
1838	34.999712	0.028539	-0.400000	-0.500000	0.840000	0.056000	-0.026000	0.000000	29960	29950	30084	25028	24987	25000
1839	34.999802	0.000090	0.020000	0.120000	0.780000	0.056000	-0.026000	0.000000	30002	30012	30078	25028	24987	25000
1840	35.033183	0.033381	0.020000	0.120000	0.780000	-0.022000	0.014000	-0.008000	30002	30012	30078	24989	25007	24996
1841	35.033324	0.000141	-0.370000	-0.030000	0.250000	-0.022000	0.014000	-0.008000	29963	29997	30025	24989	25007	24996
1842	35.064970	0.031646	-0.420000	-0.490000	0.810000	-0.022000	0.014000	-0.008000	29958	29951	30081	24989	25007	24996
1843	35.096466	0.031496	-0.370000	-0.420000	1.070000	-0.022000	0.014000	-0.008000	29963	29958	30107	24989	25007	24996
1844	35.125242	0.028776	-0.370000	-0.420000	1.070000	0.028000	-0.034000	0.004000	29963	29958	30107	25014	24983	25002
1845	35.125312	0.000070	-0.530000	-0.630000	-0.080000	0.028000	-0.034000	0.004000	29947	29937	29992	25014	24983	25002
1846	35.156034	0.030722	-0.530000	-0.630000	-0.080000	0.044000	-0.028000	-0.010000	29947	29937	29992	25022	24986	24995
1847	35.156124	0.000090	-0.100000	-0.110000	0.820000	0.044000	-0.028000	-0.010000	29990	29989	30082	25022	24986	24995
1848	35.191223	0.035099	-0.100000	-0.110000	0.820000	0.002000	0.002000	-0.004000	29990	29989	30082	25001	25001	24998
1849	35.191286	0.000063	-0.320000	0.040000	0.260000	0.002000	0.002000	-0.004000	29968	30004	30026	25001	25001	24998
1850	35.221380	0.030094	-0.320000	0.040000	0.260000	0.002000	-0.018000	0.000000	29968	30004	30026	25001	24991	25000
1851	35.221495	0.000115	-0.200000	-0.560000	-0.050000	0.002000	-0.018000	0.000000	29980	29944	29995	25001	24991	25000
1852	35.257610	0.036115	-0.130000	-0.260000	0.470000	0.002000	-0.018000	0.000000	29987	29974	30047	25001	24991	25000
1853	35.287334	0.029725	-0.130000	-0.260000	0.470000	-0.002000	-0.020000	-0.016000	29987	29974	30047	24999	24990	24992
1854	35.287406	0.000072	-0.020000	-0.260000	0.470000	-0.002000	-0.020000	-0.016000	29998	29974	30047	24999	24990	24992
1855	35.316426	0.029020	-0.020000	-0.260000	0.470000	0.000000	-0.014000	-0.014000	29998	29974	30047	25000	24993	24993
1856	35.316639	0.000213	0.270000	0.590000	0.840000	0.000000	-0.014000	-0.014000	30027	30059	30084	25000	24993	24993
1857	35.346530	0.029891	0.310000	0.010000	0.190000	0.000000	-0.014000	-0.014000	30031	30001	30019	25000	24993	24993
1858	35.375004	0.028474	0.310000	0.010000	0.190000	-0.014000	0.040000	0.006000	30031	30001	30019	24993	25020	25003
1859	35.375081	0.000077	0.300000	0.710000	-0.330000	-0.014000	0.040000	0.006000	30030	30071	29967	24993	25020	25003
1860	35.405868	0.030787	-0.350000	-0.470000	-0.290000	-0.014000	0.040000	0.006000	29965	29953	29971	24993	25020	25003
1861	35.435045	0.029177	-0.280000	-0.210000	0.220000	-0.014000	0.040000	0.006000	29972	29979	30022	24993	25020	25003
1862	35.468619	0.033574	-0.280000	-0.210000	0.220000	-0.002000	-0.010000	-0.002000	29972	29979	30022	24999	24995	24999
1863	35.468745	0.000126	-0.660000	-0.760000	0.230000	-0.002000	-0.010000	-0.002000	29934	29924	30023	24999	24995	24999
1864	35.506554	0.037809	-0.260000	-0.210000	0.240000	-0.002000	-0.010000	-0.002000	29974	29979	30024	24999	24995	24999
1865	35.532790	0.026236	-0.300000	0.490000	0.760000	-0.002000	-0.010000	-0.002000	29970	30049	30076	24999	24995	24999
1866	35.560191	0.027401	-0.540000	-0.280000	0.560000	-0.002000	-0.010000	-0.002000	29946	29972	30056	24999	24995	24999
1867	35.588058	0.027867	-0.480000	-0.460000	0.260000	-0.002000	-0.010000	-0.002000	29952	29954	30026	24999	24995	24999
1868	35.614407	0.026349	-0.600000	-0.300000	0.800000	-0.002000	-0.010000	-0.002000	29940	29970	30080	24999	24995	24999
1869	35.649356	0.034950	-0.320000	-0.710000	0.490000	-0.002000	-0.010000	-0.002000	29968	29929	30049	24999	24995	24999
1870	35.684063	0.034706	-0.530000	-1.090000	0.510000	-0.002000	-0.010000	-0.002000	29947	29891	30051	24999	24995	24999
1871	35.720476	0.036414	-0.590000	-1.030000	0.500000	-0.002000	-0.010000	-0.002000	29941	29897	30050	24999	24995	24999
1872	35.754631	0.034155	-0.590000	-1.030000	0.500000	0.018000	-0.040000	0.000000	29941	29897	30050	25009	24980	25000
1873	35.754741	0.000110	-0.210000	-1.600000	0.800000	0.018000	-0.040000	0.000000	29979	29840	30080	25009	24980	25000
1874	35.787384	0.032643	0.100000	-1.180000	0.510000	0.018000	-0.040000	0.000000	30010	29882	30051	25009	24980	25000
1875	35.815849	0.028465	-0.150000	-1.190000	-0.070000	0.018000	-0.040000	0.000000	29985	29881	29993	25009	24980	25000
1876	35.845635	0.029786	-0.610000	-2.280000	0.800000	0.018000	-0.040000	0.000000	29939	29772	30080	25009	24980	25000
1877	35.875398	0.029763	-0.330000	-2.060000	1.050000	0.018000	-0.040000	0.000000	29967	29794	30105	25009	24980	25000
1878	35.905830	0.030432	-0.460000	-1.850000	0.480000	0.018000	-0.040000	0.000000	29954	29815	30048	25009	24980	25000
1879	35.936900	0.031070	-0.930000	-3.360000	1.100000	0.018000	-0.040000	0.000000	29907	29664	30110	25009	24980	25000
1880	35.971730	0.034830	-0.930000	-3.360000	1.100000	0.108000	-0.048000	0.028000	29907	29664	30110	25054	24976	25014
1881	35.971823	0.000093	-0.660000	-2.740000	-0.080000	0.108000	-0.048000	0.028000	29934	29726	29992	25054	24976	25014
1882	35.999566	0.027743	-0.660000	-2.740000	-0.080000	0.040000	-0.034000	0.024000	29934	29726	29992	25020	24983	25012
1883	35.999674	0.000108	-0.490000	-2.740000	0.820000	0.040000	-0.034000	0.024000	29951	29726	30082	25020	24983	25012
1884	36.034009	0.034336	-0.490000	-2.740000	0.820000	0.064000	-0.012000	0.016000	29951	29726	30082	25032	24994	25008
1885	36.034099	0.000090	-0.760000	-2.040000	1.070000	0.064000	-0.012000	0.016000	29924	29796	30107	25032	24994	25008
1886	36.064848	0.030749	-0.450000	-1.190000	-0.050000	0.064000	-0.012000	0.016000	29955	29881	29995	25032	24994	25008
1887	36.097833	0.032985	-0.450000	-1.190000	-0.050000	-0.030000	-0.034000	0.002000	29955	29881	29995	24985	24983	25001
1888	36.097929	0.000096	0.010000	-2.100000	0.540000	-0.030000	-0.034000	0.002000	30001	29790	30054	24985	24983	25001
1889	36.132399	0.034470	-0.240000	-1.730000	-0.040000	-0.030000	-0.034000	0.002000	29976	29827	29996	24985	24983	25001
1890	36.161708	0.029309	-0.240000	-1.730000	-0.040000	0.020000	-0.028000	0.000000	29976	29827	29996	25010	24986	25000
1891	36.161803	0.000094	-0.830000	-1.930000	0.500000	0.020000	-0.028000	0.000000	29917	29807	30050	25010	24986	25000
1892	36.198932	0.037129	-0.020000	-1.600000	1.060000	0.020000	-0.028000	0.000000	29998	29840	30106	25010	24986	25000
1893	36.233321	0.034390	0.040000	-1.590000	0.230000	0.020000	-0.028000	0.000000	30004	29841	30023	25010	24986	25000
1894	36.266383	0.033061	0.040000	-1.590000	0.230000	0.048000	0.002000	-0.004000	30004	29841	30023	25024	25001	24998
1895	36.266459	0.000076	-0.190000	-1.620000	0.530000	0.048000	0.002000	-0.004000	29981	29838	30053	25024	25001	24998
1896	36.302593	0.036135	0.180000	-1.210000	0.260000	0.048000	0.002000	-0.004000	30018	29879	30026	25024	25001	24998
1897	36.334051	0.031458	0.350000	-1.830000	0.840000	0.048000	0.002000	-0.004000	30035	29817	30084	25024	25001	24998
1898	36.363933	0.029882	-0.260000	-1.040000	0.550000	0.048000	0.002000	-0.004000	29974	29896	30055	25024	25001	24998
1899	36.397289	0.033355	-0.260000	-1.040000	0.550000	0.046000	-0.014000	-0.020000	29974	29896	30055	25023	24993	24990
1900	36.397363	0.000074	-0.010000	-1.090000	0.790000	0.046000	-0.014000	-0.020000	29999	29891	30079	25023	24993	24990
1901	36.428036	0.030673	-0.010000	-1.090000	0.790000	0.028000	-0.004000	-0.010000	29999	29891	30079	25014	24998	24995
1902	36.428139	0.000104	-0.210000	-0.610000	0.010000	0.028000	-0.004000	-0.010000	29979	29939	30001	25014	24998	24995
1903	36.467560	0.039420	-0.190000	-0.630000	-0.250000	0.028000	-0.004000	-0.010000	29981	29937	29975	25014	24998	24995
1904	36.500161	0.032602	0.110000	0.140000	0.220000	0.028000	-0.004000	-0.010000	30011	30014	30022	25014	24998	24995
1905	36.535168	0.035007	-0.250000	-0.230000	0.540000	0.028000	-0.004000	-0.010000	29975	29977	30054	25014	24998	24995
1906	36.566635	0.031467	-0.250000	-0.230000	0.540000	-0.024000	-0.004000	-0.002000	29975	29977	30054	24988	24998	24999
1907	36.566720	0.000085	-1.750000	-1.080000	0.600000	-0.024000	-0.004000	-0.002000	29825	29892	30060	24988	24998	24999
1908	36.597651	0.030931	-0.350000	-1.010000	0.260000	-0.024000	-0.004000	-0.002000	29965	29899	30026	24988	24998	24999
1909	36.630390	0.032740	-0.360000	-1.100000	0.250000	-0.024000	-0.004000	-0.002000	29964	29890	30025	24988	24998	24999
1910	36.664430	0.034040	-0.360000	-1.100000	0.250000	0.060000	-0.014000	0.006000	29964	29890	30025	25030	24993	25003
1911	36.664515	0.000085	-0.280000	-0.830000	0.280000	0.060000	-0.014000	0.006000	29972	29917	30028	25030	24993	25003
1912	36.698923	0.034408	-0.280000	-0.830000	0.280000	0.044000	0.002000	-0.004000	29972	29917	30028	25022	25001	24998
1913	36.699001	0.000078	-0.220000	-0.310000	-0.300000	0.044000	0.002000	-0.004000	29978	29969	29970	25022	25001	24998
1914	36.727197	0.028197	-0.040000	-1.200000	-0.040000	0.044000	0.002000	-0.004000	29996	29880	29996	25022	25001	24998
1915	36.760024	0.032826	-0.160000	-1.220000	-0.040000	0.044000	0.002000	-0.004000	29984	29878	29996	25022	25001	24998
1916	36.789512	0.029488	-0.370000	-0.710000	-0.010000	0.044000	0.002000	-0.004000	29963	29929	29999	25022	25001	24998
1917	36.819713	0.030201	-0.190000	-1.370000	0.240000	0.044000	0.002000	-0.004000	29981	29863	30024	25022	25001	24998
1918	36.850849	0.031136	-0.190000	-1.370000	0.240000	0.068000	-0.010000	0.006000	29981	29863	30024	25034	24995	25003
1919	36.850915	0.000066	-0.220000	-1.300000	0.550000	0.068000	-0.010000	0.006000	29978	29870	30055	25034	24995	25003
1920	36.884320	0.033405	-0.830000	-1.080000	1.090000	0.068000	-0.010000	0.006000	29917	29892	30109	25034	24995	25003
1921	36.921244	0.036924	-0.290000	-1.370000	1.040000	0.068000	-0.010000	0.006000	29971	29863	30104	25034	24995	25003
1922	36.954155	0.032911	-0.290000	-1.370000	1.040000	0.048000	0.000000	-0.004000	29971	29863	30104	25024	25000	24998
1923	36.954272	0.000117	-0.290000	-1.370000	1.040000	0.026000	-0.010000	0.014000	29971	29863	30104	25013	24995	25007
1924	36.954311	0.000039	-0.450000	-1.210000	-0.050000	0.026000	-0.010000	0.014000	29955	29879	29995	25013	24995	25007
1925	36.984472	0.030161	-0.460000	-1.430000	0.770000	0.026000	-0.010000	0.014000	29954	29857	30077	25013	24995	25007
1926	37.014267	0.029795	-0.460000	-1.430000	0.770000	0.044000	-0.032000	0.010000	29954	29857	30077	25022	24984	25005
1927	37.014374	0.000107	-0.460000	-1.430000	0.770000	0.026000	-0.024000	-0.014000	29954	29857	30077	25013	24988	24993
1928	37.014420	0.000047	-0.250000	-0.630000	0.550000	0.026000	-0.024000	-0.014000	29975	29937	30055	25013	24988	24993
1929	37.046749	0.032328	0.270000	-0.980000	0.490000	0.026000	-0.024000	-0.014000	30027	29902	30049	25013	24988	24993
1930	37.075323	0.028575	0.270000	-0.980000	0.490000	-0.004000	0.016000	-0.012000	30027	29902	30049	24998	25008	24994
1931	37.075404	0.000081	-0.220000	-0.330000	-0.320000	-0.004000	0.016000	-0.012000	29978	29967	29968	24998	25008	24994
1932	37.105400	0.029996	-0.220000	-0.330000	-0.320000	-0.018000	-0.014000	-0.010000	29978	29967	29968	24991	24993	24995
1933	37.105478	0.000078	-0.290000	-0.790000	-0.010000	-0.018000	-0.014000	-0.010000	29971	29921	29999	24991	24993	24995
1934	37.139499	0.034021	-0.630000	-1.780000	0.230000	-0.018000	-0.014000	-0.010000	29937	29822	30023	24991	24993	24995
1935	37.173241	0.033742	-0.270000	-0.320000	-0.560000	-0.018000	-0.014000	-0.010000	29973	29968	29944	24991	24993	24995
1936	37.205524	0.032283	-0.650000	-1.220000	0.520000	-0.018000	-0.014000	-0.010000	29935	29878	30052	24991	24993	24995
1937	37.234255	0.028731	-0.290000	-1.160000	0.570000	-0.018000	-0.014000	-0.010000	29971	29884	30057	24991	24993	24995
1938	37.263975	0.029720	-0.360000	-0.600000	-0.020000	-0.018000	-0.014000	-0.010000	29964	29940	29998	24991	24993	24995
1939	37.295981	0.032006	-0.360000	-0.600000	-0.020000	-0.024000	-0.026000	-0.006000	29964	29940	29998	24988	24987	24997
1940	37.296059	0.000078	-0.820000	-1.340000	0.500000	-0.024000	-0.026000	-0.006000	29918	29866	30050	24988	24987	24997
1941	37.328887	0.032828	-0.730000	-0.920000	-0.570000	-0.024000	-0.026000	-0.006000	29927	29908	29943	24988	24987	24997
1942	37.364116	0.035229	-0.730000	-0.920000	-0.570000	-0.020000	-0.056000	0.006000	29927	29908	29943	24990	24972	25003
1943	37.364192	0.000076	-0.270000	-1.550000	0.280000	-0.020000	-0.056000	0.006000	29973	29845	30028	24990	24972	25003
1944	37.396446	0.032255	-0.270000	-1.550000	0.280000	0.046000	-0.008000	0.002000	29973	29845	30028	25023	24996	25001
1945	37.396549	0.000103	-0.590000	-1.700000	0.800000	0.046000	-0.008000	0.002000	29941	29830	30080	25023	24996	25001
1946	37.425409	0.028860	-0.590000	-1.700000	0.800000	0.058000	-0.046000	-0.002000	29941	29830	30080	25029	24977	24999
1947	37.425494	0.000084	-0.590000	-1.700000	0.800000	0.036000	-0.024000	-0.010000	29941	29830	30080	25018	24988	24995
1948	37.425532	0.000038	-0.300000	-0.780000	1.070000	0.036000	-0.024000	-0.010000	29970	29922	30107	25018	24988	24995
1949	37.455547	0.030016	-0.300000	-0.780000	1.070000	0.072000	-0.012000	0.012000	29970	29922	30107	25036	24994	25006
1950	37.455628	0.000081	-0.560000	-1.210000	1.140000	0.072000	-0.012000	0.012000	29944	29879	30114	25036	24994	25006
1951	37.488600	0.032972	0.530000	-0.620000	0.230000	0.072000	-0.012000	0.012000	30053	29938	30023	25036	24994	25006
1952	37.516422	0.027822	0.070000	-0.750000	0.230000	0.072000	-0.012000	0.012000	30007	29925	30023	25036	24994	25006
1953	37.545046	0.028624	0.320000	0.340000	-0.610000	0.072000	-0.012000	0.012000	30032	30034	29939	25036	24994	25006
1954	37.577002	0.031956	-0.390000	-0.590000	0.810000	0.072000	-0.012000	0.012000	29961	29941	30081	25036	24994	25006
1955	37.604675	0.027672	-0.260000	0.080000	-0.570000	0.072000	-0.012000	0.012000	29974	30008	29943	25036	24994	25006
1956	37.639274	0.034599	-0.260000	0.080000	-0.570000	-0.018000	-0.024000	-0.008000	29974	30008	29943	24991	24988	24996
1957	37.639415	0.000142	-0.520000	-0.840000	-0.030000	-0.018000	-0.024000	-0.008000	29948	29916	29997	24991	24988	24996
1958	37.666643	0.027227	-0.640000	-0.590000	0.460000	-0.018000	-0.024000	-0.008000	29936	29941	30046	24991	24988	24996
1959	37.692759	0.026116	-0.640000	-0.590000	0.460000	0.050000	-0.030000	-0.008000	29936	29941	30046	25025	24985	24996
1960	37.692827	0.000068	-0.330000	-0.370000	-0.310000	0.050000	-0.030000	-0.008000	29967	29963	29969	25025	24985	24996
1961	37.719529	0.026703	0.040000	-0.240000	1.090000	0.050000	-0.030000	-0.008000	30004	29976	30109	25025	24985	24996
1962	37.750387	0.030857	-0.270000	-0.520000	0.730000	0.050000	-0.030000	-0.008000	29973	29948	30073	25025	24985	24996
1963	37.787315	0.036928	-0.210000	0.190000	0.550000	0.050000	-0.030000	-0.008000	29979	30019	30055	25025	24985	24996
1964	37.826791	0.039476	-0.210000	0.190000	0.550000	-0.034000	-0.022000	0.002000	29979	30019	30055	24983	24989	25001
1965	37.826864	0.000073	-0.210000	0.190000	0.550000	0.004000	-0.002000	0.014000	29979	30019	30055	25002	24999	25007
1966	37.826887	0.000023	-0.070000	-0.050000	0.240000	0.004000	-0.002000	0.014000	29993	29995	30024	25002	24999	25007
1967	37.855478	0.028591	-0.140000	-0.090000	0.230000	0.004000	-0.002000	0.014000	29986	29991	30023	25002	24999	25007
1968	37.886075	0.030598	-0.140000	-0.090000	0.230000	0.012000	0.002000	0.000000	29986	29991	30023	25006	25001	25000
1969	37.886156	0.000081	-0.450000	-0.150000	-0.350000	0.012000	0.002000	0.000000	29955	29985	29965	25006	25001	25000
1970	37.919016	0.032860	-0.120000	0.210000	-0.010000	0.012000	0.002000	0.000000	29988	30021	29999	25006	25001	25000
1971	37.950386	0.031370	-0.450000	-0.770000	0.770000	0.012000	0.002000	0.000000	29955	29923	30077	25006	25001	25000
1972	37.980520	0.030134	0.180000	0.020000	0.170000	0.012000	0.002000	0.000000	30018	30002	30017	25006	25001	25000
1973	38.014600	0.034080	0.180000	0.020000	0.170000	-0.008000	0.026000	-0.010000	30018	30002	30017	24996	25013	24995
1974	38.014677	0.000077	0.010000	0.410000	-0.070000	-0.008000	0.026000	-0.010000	30001	30041	29993	24996	25013	24995
1975	38.047506	0.032829	0.010000	-0.140000	0.810000	-0.008000	0.026000	-0.010000	30001	29986	30081	24996	25013	24995
1976	38.074433	0.026927	-0.070000	-0.350000	0.520000	-0.008000	0.026000	-0.010000	29993	29965	30052	24996	25013	24995
1977	38.105207	0.030774	-0.160000	0.020000	0.490000	-0.008000	0.026000	-0.010000	29984	30002	30049	24996	25013	24995
1978	38.139354	0.034147	-0.160000	0.020000	0.490000	0.004000	0.004000	0.008000	29984	30002	30049	25002	25002	25004
1979	38.139427	0.000073	-0.360000	-1.190000	1.060000	0.004000	0.004000	0.008000	29964	29881	30106	25002	25002	25004
1980	38.165969	0.026542	-0.110000	0.140000	-0.610000	0.004000	0.004000	0.008000	29989	30014	29939	25002	25002	25004
1981	38.200972	0.035004	-0.110000	0.140000	-0.610000	-0.016000	-0.006000	0.000000	29989	30014	29939	24992	24997	25000
1982	38.201060	0.000088	-0.570000	-0.020000	0.490000	-0.016000	-0.006000	0.000000	29943	29998	30049	24992	24997	25000
1983	38.233649	0.032589	-0.290000	-0.550000	-0.630000	-0.016000	-0.006000	0.000000	29971	29945	29937	24992	24997	25000
1984	38.264351	0.030702	-0.520000	-0.160000	0.810000	-0.016000	-0.006000	0.000000	29948	29984	30081	24992	24997	25000
1985	38.294374	0.030023	-0.520000	-0.160000	0.810000	0.020000	-0.032000	0.008000	29948	29984	30081	25010	24984	25004
1986	38.294442	0.000068	-0.520000	-0.160000	0.810000	0.020000	-0.032000	0.008000	29948	29984	30081	25010	24984	25004
1987	38.322607	0.028164	0.090000	0.210000	0.270000	0.020000	-0.032000	0.008000	30009	30021	30027	25010	24984	25004
1988	38.351834	0.029228	0.090000	0.100000	0.480000	0.020000	-0.032000	0.008000	30009	30010	30048	25010	24984	25004
1989	38.381909	0.030075	0.030000	-0.160000	-0.070000	0.020000	-0.032000	0.008000	30003	29984	29993	25010	24984	25004
1990	38.410191	0.028282	-0.470000	-0.110000	0.790000	0.020000	-0.032000	0.008000	29953	29989	30079	25010	24984	25004
1991	38.439264	0.029073	-0.470000	-0.110000	0.790000	0.012000	-0.028000	-0.002000	29953	29989	30079	25006	24986	24999
1992	38.439335	0.000071	-0.470000	-0.110000	0.790000	0.002000	0.026000	-0.002000	29953	29989	30079	25001	25013	24999
1993	38.439352	0.000017	-0.270000	0.760000	0.770000	0.002000	0.026000	-0.002000	29973	30076	30077	25001	25013	24999
1994	38.468141	0.028788	-0.270000	0.760000	0.770000	-0.068000	-0.010000	-0.004000	29973	30076	30077	24966	24995	24998
1995	38.468199	0.000058	0.430000	0.130000	0.810000	-0.068000	-0.010000	-0.004000	30043	30013	30081	24966	24995	24998
1996	38.498727	0.030528	0.040000	-0.110000	-0.580000	-0.068000	-0.010000	-0.004000	30004	29989	29942	24966	24995	24998
1997	38.533101	0.034375	0.040000	-0.110000	-0.580000	0.008000	0.004000	-0.008000	30004	29989	29942	25004	25002	24996
1998	38.533237	0.000136	-0.880000	-0.220000	0.280000	0.008000	0.004000	-0.008000	29912	29978	30028	25004	25002	24996
1999	38.567384	0.034147	-0.560000	-0.230000	0.800000	0.008000	0.004000	-0.008000	29944	29977	30080	25004	25002	24996
2000	38.601092	0.033708	-0.140000	-0.320000	0.800000	0.008000	0.004000	-0.008000	29986	29968	30080	25004	25002	24996
2001	38.633744	0.032653	-0.140000	-0.320000	0.800000	0.012000	-0.010000	0.002000	29986	29968	30080	25006	24995	25001
2002	38.633821	0.000077	-0.230000	-0.270000	-0.090000	0.012000	-0.010000	0.002000	29977	29973	29991	25006	24995	25001
2003	38.663509	0.029688	-0.230000	-0.270000	-0.090000	0.026000	-0.006000	-0.016000	29977	29973	29991	25013	24997	24992
2004	38.663619	0.000110	-0.320000	-0.530000	0.490000	0.026000	-0.006000	-0.016000	29968	29947	30049	25013	24997	24992
2005	38.693204	0.029585	-0.320000	-0.530000	0.490000	0.036000	-0.014000	-0.006000	29968	29947	30049	25018	24993	24997
2006	38.693286	0.000082	0.110000	0.540000	-0.340000	0.036000	-0.014000	-0.006000	30011	30054	29966	25018	24993	24997
2007	38.727281	0.033994	0.110000	0.540000	-0.340000	-0.052000	0.024000	0.000000	30011	30054	29966	24974	25012	25000
2008	38.727363	0.000082	-0.180000	-0.410000	-0.300000	-0.052000	0.024000	0.000000	29982	29959	29970	24974	25012	25000
2009	38.759732	0.032369	-0.270000	-0.360000	0.540000	-0.052000	0.024000	0.000000	29973	29964	30054	24974	25012	25000
2010	38.791537	0.031805	-0.240000	-0.150000	0.240000	-0.052000	0.024000	0.000000	29976	29985	30024	24974	25012	25000
2011	38.824050	0.032513	-0.240000	-0.150000	0.240000	0.016000	-0.006000	0.000000	29976	29985	30024	25008	24997	25000
2012	38.824123	0.000073	0.010000	-0.230000	0.540000	0.016000	-0.006000	0.000000	30001	29977	30054	25008	24997	25000
2013	38.855976	0.031853	-0.280000	-0.370000	-0.280000	0.016000	-0.006000	0.000000	29972	29963	29972	25008	24997	25000
2014	38.886989	0.031013	-0.280000	-0.370000	-0.280000	0.038000	-0.024000	0.006000	29972	29963	29972	25019	24988	25003
2015	38.887075	0.000087	-0.280000	-0.370000	-0.280000	-0.012000	-0.008000	-0.004000	29972	29963	29972	24994	24996	24998
2016	38.887096	0.000021	-0.100000	-0.050000	0.540000	-0.012000	-0.008000	-0.004000	29990	29995	30054	24994	24996	24998
2017	38.914270	0.027175	-0.100000	-0.050000	0.540000	0.018000	0.008000	-0.004000	29990	29995	30054	25009	25004	24998
2018	38.914333	0.000062	-0.050000	-0.070000	0.550000	0.018000	0.008000	-0.004000	29995	29993	30055	25009	25004	24998
2019	38.945008	0.030675	0.240000	-0.380000	0.500000	0.018000	0.008000	-0.004000	30024	29962	30050	25009	25004	24998
2020	38.979464	0.034456	0.110000	-0.720000	0.800000	0.018000	0.008000	-0.004000	30011	29928	30080	25009	25004	24998
2021	39.011306	0.031842	0.110000	-0.720000	0.800000	0.040000	-0.002000	-0.004000	30011	29928	30080	25020	24999	24998
2022	39.011388	0.000083	0.490000	-0.480000	0.530000	0.040000	-0.002000	-0.004000	30049	29952	30053	25020	24999	24998
2023	39.044721	0.033333	0.490000	-0.480000	0.530000	0.018000	0.016000	0.006000	30049	29952	30053	25009	25008	25003
2024	39.044796	0.000074	0.450000	-0.580000	0.440000	0.018000	0.016000	0.006000	30045	29942	30044	25009	25008	25003
2025	39.081275	0.036479	0.450000	-0.580000	0.440000	0.018000	0.018000	0.006000	30045	29942	30044	25009	25009	25003
2026	39.081351	0.000076	0.240000	-0.410000	0.210000	0.018000	0.018000	0.006000	30024	29959	30021	25009	25009	25003
2027	39.112482	0.031131	0.240000	-0.410000	0.210000	0.020000	0.020000	-0.010000	30024	29959	30021	25010	25010	24995
2028	39.112565	0.000083	-0.050000	-0.610000	-0.300000	0.020000	0.020000	-0.010000	29995	29939	29970	25010	25010	24995
2029	39.144994	0.032429	0.220000	0.120000	0.270000	0.020000	0.020000	-0.010000	30022	30012	30027	25010	25010	24995
2030	39.174946	0.029952	0.070000	0.290000	0.490000	0.020000	0.020000	-0.010000	30007	30029	30049	25010	25010	24995
2031	39.202617	0.027671	-0.150000	-0.410000	-0.570000	0.020000	0.020000	-0.010000	29985	29959	29943	25010	25010	24995
2032	39.230633	0.028016	0.030000	-0.290000	-0.040000	0.020000	0.020000	-0.010000	30003	29971	29996	25010	25010	24995
2033	39.268537	0.037904	0.030000	-0.290000	-0.040000	0.036000	0.026000	-0.004000	30003	29971	29996	25018	25013	24998
2034	39.268668	0.000131	0.210000	0.040000	0.810000	0.036000	0.026000	-0.004000	30021	30004	30081	25018	25013	24998
2035	39.296688	0.028020	-0.280000	-0.380000	-0.290000	0.036000	0.026000	-0.004000	29972	29962	29971	25018	25013	24998
2036	39.326561	0.029873	0.330000	0.120000	-0.360000	0.036000	0.026000	-0.004000	30033	30012	29964	25018	25013	24998
2037	39.359131	0.032569	0.330000	0.120000	-0.360000	-0.014000	0.044000	-0.026000	30033	30012	29964	24993	25022	24987
2038	39.359197	0.000066	-0.180000	-0.210000	0.250000	-0.014000	0.044000	-0.026000	29982	29979	30025	24993	25022	24987
2039	39.390352	0.031155	-0.180000	-0.210000	0.250000	-0.002000	0.012000	0.006000	29982	29979	30025	24999	25006	25003
2040	39.390430	0.000078	0.260000	0.210000	0.210000	-0.002000	0.012000	0.006000	30026	30021	30021	24999	25006	25003
2041	39.421280	0.030850	-0.540000	-0.260000	-0.040000	-0.002000	0.012000	0.006000	29946	29974	29996	24999	25006	25003
2042	39.449252	0.027973	-0.080000	-0.230000	0.800000	-0.002000	0.012000	0.006000	29992	29977	30080	24999	25006	25003
2043	39.488150	0.038898	-0.080000	-0.230000	0.800000	-0.018000	0.004000	-0.004000	29992	29977	30080	24991	25002	24998
2044	39.488238	0.000088	-0.210000	-0.580000	0.160000	-0.018000	0.004000	-0.004000	29979	29942	30016	24991	25002	24998
2045	39.522502	0.034264	-0.630000	-0.120000	0.520000	-0.018000	0.004000	-0.004000	29937	29988	30052	24991	25002	24998
2046	39.555478	0.032976	-0.630000	-0.120000	0.520000	0.012000	-0.008000	-0.004000	29937	29988	30052	25006	24996	24998
2047	39.555557	0.000079	0.210000	-0.360000	1.080000	0.012000	-0.008000	-0.004000	30021	29964	30108	25006	24996	24998
2048	39.588386	0.032829	-0.140000	-0.380000	-0.050000	0.012000	-0.008000	-0.004000	29986	29962	29995	25006	24996	24998
2049	39.620995	0.032609	-0.140000	-0.380000	-0.050000	0.066000	0.016000	-0.012000	29986	29962	29995	25033	25008	24994
2050	39.621074	0.000079	0.040000	0.170000	-0.010000	0.066000	0.016000	-0.012000	30004	30017	29999	25033	25008	24994
2051	39.656831	0.035757	0.040000	0.170000	-0.010000	0.000000	0.004000	0.026000	30004	30017	29999	25000	25002	25013
2052	39.656902	0.000071	-0.110000	0.300000	0.280000	0.000000	0.004000	0.026000	29989	30030	30028	25000	25002	25013
2053	39.689373	0.032471	0.100000	0.110000	0.460000	0.000000	0.004000	0.026000	30010	30011	30046	25000	25002	25013
2054	39.723334	0.033961	0.100000	0.110000	0.460000	0.008000	0.042000	-0.012000	30010	30011	30046	25004	25021	24994
2055	39.723402	0.000068	0.060000	-0.170000	-0.040000	0.008000	0.042000	-0.012000	30006	29983	29996	25004	25021	24994
2056	39.751747	0.028345	0.060000	-0.170000	-0.040000	0.016000	0.010000	-0.002000	30006	29983	29996	25008	25005	24999
2057	39.751861	0.000114	0.430000	0.040000	0.820000	0.016000	0.010000	-0.002000	30043	30004	30082	25008	25005	24999
2058	39.778091	0.026230	-0.260000	-0.070000	-0.320000	0.016000	0.010000	-0.002000	29974	29993	29968	25008	25005	24999
2059	39.804622	0.026531	-0.260000	-0.070000	-0.320000	0.046000	-0.006000	0.000000	29974	29993	29968	25023	24997	25000
2060	39.804710	0.000088	-0.060000	0.170000	0.510000	0.046000	-0.006000	0.000000	29994	30017	30051	25023	24997	25000
2061	39.831503	0.026793	-0.060000	0.170000	0.510000	0.022000	0.002000	0.000000	29994	30017	30051	25011	25001	25000
2062	39.831594	0.000091	0.000000	0.450000	-0.030000	0.022000	0.002000	0.000000	30000	30045	29997	25011	25001	25000
2063	39.873806	0.042212	0.000000	0.450000	-0.030000	0.016000	0.000000	0.008000	30000	30045	29997	25008	25000	25004
2064	39.873873	0.000067	0.080000	0.240000	-0.050000	0.016000	0.000000	0.008000	30008	30024	29995	25008	25000	25004
2065	39.904317	0.030443	0.090000	0.520000	0.540000	0.016000	0.000000	0.008000	30009	30052	30054	25008	25000	25004
2066	39.941295	0.036978	0.090000	0.520000	0.540000	0.014000	-0.030000	0.002000	30009	30052	30054	25007	24985	25001
2067	39.941381	0.000087	0.240000	1.130000	-0.270000	0.014000	-0.030000	0.002000	30024	30113	29973	25007	24985	25001
2068	39.972490	0.031109	0.060000	0.400000	0.280000	0.014000	-0.030000	0.002000	30006	30040	30028	25007	24985	25001
2069	40.000856	0.028366	0.060000	0.400000	0.280000	0.028000	0.014000	0.010000	30006	30040	30028	25014	25007	25005
2070	40.000934	0.000078	-0.610000	0.650000	1.430000	0.028000	0.014000	0.010000	29939	30065	30143	25014	25007	25005
2071	40.035128	0.034194	-0.410000	0.400000	-0.240000	0.028000	0.014000	0.010000	29959	30040	29976	25014	25007	25005
2072	40.064239	0.029111	-0.630000	1.010000	0.820000	0.028000	0.014000	0.010000	29937	30101	30082	25014	25007	25005
2073	40.094725	0.030486	-0.280000	1.180000	0.280000	0.028000	0.014000	0.010000	29972	30118	30028	25014	25007	25005
2074	40.126032	0.031307	-0.670000	1.150000	-0.020000	0.028000	0.014000	0.010000	29933	30115	29998	25014	25007	25005
2075	40.157393	0.031361	-0.670000	1.150000	-0.020000	-0.004000	0.020000	-0.012000	29933	30115	29998	24998	25010	24994
2076	40.157504	0.000111	-0.710000	1.060000	0.260000	-0.004000	0.020000	-0.012000	29929	30106	30026	24998	25010	24994
2077	40.197370	0.039866	-0.710000	1.060000	0.260000	-0.012000	-0.004000	-0.010000	29929	30106	30026	24994	24998	24995
2078	40.197530	0.000160	-0.840000	0.890000	0.600000	-0.012000	-0.004000	-0.010000	29916	30089	30060	24994	24998	24995
2079	40.231126	0.033596	-0.850000	1.390000	-0.010000	-0.012000	-0.004000	-0.010000	29915	30139	29999	24994	24998	24995
2080	40.261122	0.029996	-0.850000	1.390000	-0.010000	0.006000	-0.004000	-0.004000	29915	30139	29999	25003	24998	24998
2081	40.261303	0.000181	-1.200000	1.480000	-0.270000	0.006000	-0.004000	-0.004000	29880	30148	29973	25003	24998	24998
2082	40.299417	0.038114	-1.880000	1.200000	0.620000	0.006000	-0.004000	-0.004000	29812	30120	30062	25003	24998	24998
2083	40.338913	0.039496	-2.750000	1.250000	0.570000	0.006000	-0.004000	-0.004000	29725	30125	30057	25003	24998	24998
2084	40.370184	0.031271	-3.020000	1.490000	0.650000	0.006000	-0.004000	-0.004000	29698	30149	30065	25003	24998	24998
2085	40.399355	0.029171	-3.020000	1.490000	0.650000	0.004000	-0.070000	0.008000	29698	30149	30065	25002	24965	25004
2086	40.399422	0.000067	-3.540000	1.290000	-0.230000	0.004000	-0.070000	0.008000	29646	30129	29977	25002	24965	25004
2087	40.433217	0.033795	-3.540000	1.290000	-0.230000	0.046000	-0.090000	0.002000	29646	30129	29977	25023	24955	25001
2088	40.433314	0.000096	-3.540000	1.290000	-0.230000	0.046000	-0.090000	0.002000	29646	30129	29977	25023	24955	25001
2089	40.473382	0.040068	-2.510000	0.660000	0.330000	0.046000	-0.090000	0.002000	29749	30066	30033	25023	24955	25001
2090	40.505793	0.032411	-2.300000	1.490000	0.860000	0.046000	-0.090000	0.002000	29770	30149	30086	25023	24955	25001
2091	40.536783	0.030990	-2.300000	1.490000	0.860000	0.022000	-0.050000	0.026000	29770	30149	30086	25011	24975	25013
2092	40.536862	0.000080	-2.350000	0.780000	0.920000	0.022000	-0.050000	0.026000	29765	30078	30092	25011	24975	25013
2093	40.565454	0.028591	-2.350000	0.780000	0.920000	0.086000	-0.058000	-0.004000	29765	30078	30092	25043	24971	24998
2094	40.565523	0.000070	-2.150000	1.260000	0.350000	0.086000	-0.058000	-0.004000	29785	30126	30035	25043	24971	24998
2095	40.597061	0.031538	-2.150000	1.260000	0.350000	0.002000	-0.028000	0.000000	29785	30126	30035	25001	24986	25000
2096	40.597167	0.000106	-2.890000	0.790000	0.060000	0.002000	-0.028000	0.000000	29711	30079	30006	25001	24986	25000
2097	40.630372	0.033205	-2.890000	0.790000	0.060000	0.064000	-0.082000	-0.006000	29711	30079	30006	25032	24959	24997
2098	40.630438	0.000066	-1.920000	1.350000	0.620000	0.064000	-0.082000	-0.006000	29808	30135	30062	25032	24959	24997
2099	40.663403	0.032965	-1.970000	1.440000	0.890000	0.064000	-0.082000	-0.006000	29803	30144	30089	25032	24959	24997
2100	40.695227	0.031824	-2.840000	1.220000	0.910000	0.064000	-0.082000	-0.006000	29716	30122	30091	25032	24959	24997
2101	40.725038	0.029811	-2.010000	1.080000	-0.010000	0.064000	-0.082000	-0.006000	29799	30108	29999	25032	24959	24997
2102	40.760596	0.035558	-2.130000	1.780000	0.910000	0.064000	-0.082000	-0.006000	29787	30178	30091	25032	24959	24997
2103	40.791143	0.030547	-2.610000	1.740000	1.150000	0.064000	-0.082000	-0.006000	29739	30174	30115	25032	24959	24997
2104	40.821239	0.030096	-2.790000	1.170000	1.190000	0.064000	-0.082000	-0.006000	29721	30117	30119	25032	24959	24997
2105	40.852395	0.031156	-2.790000	1.170000	1.190000	0.042000	-0.080000	0.014000	29721	30117	30119	25021	24960	25007
2106	40.852633	0.000238	-2.850000	1.160000	1.190000	0.042000	-0.080000	0.014000	29715	30116	30119	25021	24960	25007
2107	40.880066	0.027434	-2.850000	1.160000	1.190000	-0.030000	-0.040000	-0.002000	29715	30116	30119	24985	24980	24999
2108	40.880149	0.000083	-1.950000	1.190000	1.130000	-0.030000	-0.040000	-0.002000	29805	30119	30113	24985	24980	24999
2109	40.917394	0.037245	-1.950000	1.190000	1.130000	0.014000	-0.028000	-0.018000	29805	30119	30113	25007	24986	24991
2110	40.917545	0.000151	-1.990000	2.270000	0.630000	0.014000	-0.028000	-0.018000	29801	30227	30063	25007	24986	24991
2111	40.949873	0.032328	-2.110000	1.350000	0.310000	0.014000	-0.028000	-0.018000	29789	30135	30031	25007	24986	24991
2112	40.981441	0.031568	-2.880000	1.340000	0.990000	0.014000	-0.028000	-0.018000	29712	30134	30099	25007	24986	24991
2113	41.012348	0.030908	-2.310000	1.000000	0.080000	0.014000	-0.028000	-0.018000	29769	30100	30008	25007	24986	24991
2114	41.044217	0.031868	-2.310000	1.000000	0.080000	0.056000	-0.052000	0.012000	29769	30100	30008	25028	24974	25006
2115	41.044294	0.000078	-1.980000	1.420000	0.040000	0.056000	-0.052000	0.012000	29802	30142	30004	25028	24974	25006
2116	41.081083	0.036789	-1.980000	1.420000	0.040000	-0.004000	-0.050000	0.000000	29802	30142	30004	24998	24975	25000
2117	41.081178	0.000095	-2.930000	1.920000	0.300000	-0.004000	-0.050000	0.000000	29707	30192	30030	24998	24975	25000
2118	41.111138	0.029960	-2.060000	1.820000	1.180000	-0.004000	-0.050000	0.000000	29794	30182	30118	24998	24975	25000
2119	41.141488	0.030351	-2.060000	1.820000	1.180000	-0.024000	-0.024000	-0.004000	29794	30182	30118	24988	24988	24998
2120	41.141558	0.000070	-1.970000	0.620000	-0.010000	-0.024000	-0.024000	-0.004000	29803	30062	29999	24988	24988	24998
2121	41.172988	0.031430	-1.530000	1.380000	-0.240000	-0.024000	-0.024000	-0.004000	29847	30138	29976	24988	24988	24998
2122	41.207186	0.034198	-0.970000	1.040000	0.050000	-0.024000	-0.024000	-0.004000	29903	30104	30005	24988	24988	24998
2123	41.244438	0.037253	-0.970000	1.040000	0.050000	0.036000	0.006000	-0.016000	29903	30104	30005	25018	25003	24992
2124	41.244550	0.000112	-0.360000	0.550000	1.160000	0.036000	0.006000	-0.016000	29964	30055	30116	25018	25003	24992
2125	41.273906	0.029356	-0.360000	0.550000	1.160000	0.036000	0.014000	-0.010000	29964	30055	30116	25018	25007	24995
2126	41.273982	0.000076	-0.650000	1.050000	-0.040000	0.036000	0.014000	-0.010000	29935	30105	29996	25018	25007	24995
2127	41.307232	0.033250	-0.650000	1.050000	-0.040000	0.016000	0.016000	-0.018000	29935	30105	29996	25008	25008	24991
2128	41.307382	0.000150	-0.780000	0.120000	0.540000	0.016000	0.016000	-0.018000	29922	30012	30054	25008	25008	24991
2129	41.336987	0.029606	-0.780000	0.120000	0.540000	0.092000	-0.016000	-0.016000	29922	30012	30054	25046	24992	24992
2130	41.337055	0.000068	-0.780000	0.120000	0.540000	-0.014000	0.018000	0.002000	29922	30012	30054	24993	25009	25001
2131	41.337077	0.000022	0.180000	0.670000	0.810000	-0.014000	0.018000	0.002000	30018	30067	30081	24993	25009	25001
2132	41.370193	0.033115	0.180000	0.670000	0.810000	0.006000	0.040000	-0.010000	30018	30067	30081	25003	25020	24995
2133	41.370263	0.000070	-0.290000	0.550000	0.840000	0.006000	0.040000	-0.010000	29971	30055	30084	25003	25020	24995
2134	41.397190	0.026928	-0.290000	0.550000	0.840000	0.004000	-0.010000	-0.012000	29971	30055	30084	25002	24995	24994
2135	41.397253	0.000062	0.320000	0.680000	0.260000	0.004000	-0.010000	-0.012000	30032	30068	30026	25002	24995	24994
2136	41.426603	0.029350	0.190000	0.740000	0.520000	0.004000	-0.010000	-0.012000	30019	30074	30052	25002	24995	24994
2137	41.457072	0.030469	0.190000	0.740000	0.520000	-0.030000	0.022000	-0.016000	30019	30074	30052	24985	25011	24992
2138	41.457355	0.000284	-0.100000	0.220000	0.870000	-0.030000	0.022000	-0.016000	29990	30022	30087	24985	25011	24992
2139	41.497297	0.039942	-0.180000	0.390000	0.220000	-0.030000	0.022000	-0.016000	29982	30039	30022	24985	25011	24992
2140	41.533625	0.036328	-0.180000	0.390000	0.220000	0.004000	-0.002000	-0.008000	29982	30039	30022	25002	24999	24996
2141	41.533694	0.000069	0.230000	0.030000	0.830000	0.004000	-0.002000	-0.008000	30023	30003	30083	25002	24999	24996
2142	41.566915	0.033221	-0.400000	-0.410000	0.010000	0.004000	-0.002000	-0.008000	29960	29959	30001	25002	24999	24996
2143	41.598022	0.031107	-0.450000	0.120000	-0.010000	0.004000	-0.002000	-0.008000	29955	30012	29999	25002	24999	24996
2144	41.638047	0.040025	-0.490000	-0.570000	0.570000	0.004000	-0.002000	-0.008000	29951	29943	30057	25002	24999	24996
2145	41.671467	0.033420	-0.530000	-0.220000	1.400000	0.004000	-0.002000	-0.008000	29947	29978	30140	25002	24999	24996
2146	41.707098	0.035631	-0.770000	0.210000	-0.270000	0.004000	-0.002000	-0.008000	29923	30021	29973	25002	24999	24996
2147	41.735364	0.028266	-0.340000	-0.310000	0.830000	0.004000	-0.002000	-0.008000	29966	29969	30083	25002	24999	24996
2148	41.763347	0.027983	-0.580000	0.470000	0.250000	0.004000	-0.002000	-0.008000	29942	30047	30025	25002	24999	24996
2149	41.791529	0.028182	-0.450000	0.130000	0.520000	0.004000	-0.002000	-0.008000	29955	30013	30052	25002	24999	24996
2150	41.822165	0.030635	0.050000	0.630000	0.260000	0.004000	-0.002000	-0.008000	30005	30063	30026	25002	24999	24996
2151	41.853499	0.031334	0.110000	0.470000	0.240000	0.004000	-0.002000	-0.008000	30011	30047	30024	25002	24999	24996
2152	41.885284	0.031785	-0.240000	0.040000	0.520000	0.004000	-0.002000	-0.008000	29976	30004	30052	25002	24999	24996
2153	41.917006	0.031722	-0.500000	0.510000	0.570000	0.004000	-0.002000	-0.008000	29950	30051	30057	25002	24999	24996
2154	41.946868	0.029862	-0.500000	0.510000	0.570000	-0.056000	-0.002000	-0.018000	29950	30051	30057	24972	24999	24991
2155	41.946936	0.000068	-0.070000	0.310000	0.250000	-0.056000	-0.002000	-0.018000	29993	30031	30025	24972	24999	24991
2156	41.975707	0.028772	-0.280000	-0.440000	1.140000	-0.056000	-0.002000	-0.018000	29972	29956	30114	24972	24999	24991
2157	42.005367	0.029659	0.000000	0.990000	0.580000	-0.056000	-0.002000	-0.018000	30000	30099	30058	24972	24999	24991
2158	42.036977	0.031610	-0.020000	0.290000	0.540000	-0.056000	-0.002000	-0.018000	29998	30029	30054	24972	24999	24991
2159	42.068237	0.031260	-0.020000	0.290000	0.540000	-0.020000	0.002000	-0.010000	29998	30029	30054	24990	25001	24995
2160	42.068308	0.000071	-0.080000	0.080000	0.220000	-0.020000	0.002000	-0.010000	29992	30008	30022	24990	25001	24995
2161	42.100895	0.032587	-0.100000	0.030000	0.230000	-0.020000	0.002000	-0.010000	29990	30003	30023	24990	25001	24995
2162	42.132412	0.031517	-0.630000	-0.200000	0.590000	-0.020000	0.002000	-0.010000	29937	29980	30059	24990	25001	24995
2163	42.164060	0.031648	-0.630000	-0.200000	0.590000	0.040000	-0.042000	0.004000	29937	29980	30059	25020	24979	25002
2164	42.164135	0.000075	-0.490000	0.310000	-0.030000	0.040000	-0.042000	0.004000	29951	30031	29997	25020	24979	25002
2165	42.196215	0.032080	-0.230000	-0.490000	0.530000	0.040000	-0.042000	0.004000	29977	29951	30053	25020	24979	25002
2166	42.230235	0.034020	-0.230000	-0.490000	0.530000	0.052000	-0.022000	-0.008000	29977	29951	30053	25026	24989	24996
2167	42.230300	0.000065	0.240000	0.630000	0.520000	0.052000	-0.022000	-0.008000	30024	30063	30052	25026	24989	24996
2168	42.257140	0.026840	0.240000	0.630000	0.520000	-0.016000	-0.014000	0.006000	30024	30063	30052	24992	24993	25003
2169	42.257202	0.000061	-0.210000	0.380000	-0.030000	-0.016000	-0.014000	0.006000	29979	30038	29997	24992	24993	25003
2170	42.287708	0.030507	-0.150000	0.560000	-0.560000	-0.016000	-0.014000	0.006000	29985	30056	29944	24992	24993	25003
2171	42.320921	0.033213	-0.560000	0.090000	0.800000	-0.016000	-0.014000	0.006000	29944	30009	30080	24992	24993	25003
2172	42.350411	0.029490	-0.800000	-0.540000	0.820000	-0.016000	-0.014000	0.006000	29920	29946	30082	24992	24993	25003
2173	42.384835	0.034424	-0.800000	-0.540000	0.820000	0.032000	-0.054000	0.002000	29920	29946	30082	25016	24973	25001
2174	42.384905	0.000070	-0.030000	0.480000	-0.020000	0.032000	-0.054000	0.002000	29997	30048	29998	25016	24973	25001
2175	42.416751	0.031845	-0.240000	0.260000	0.020000	0.032000	-0.054000	0.002000	29976	30026	30002	25016	24973	25001
2176	42.447434	0.030684	0.090000	0.620000	0.870000	0.032000	-0.054000	0.002000	30009	30062	30087	25016	24973	25001
2177	42.480201	0.032767	0.060000	0.570000	0.520000	0.032000	-0.054000	0.002000	30006	30057	30052	25016	24973	25001
2178	42.537394	0.057193	0.060000	0.570000	0.520000	-0.048000	0.012000	-0.002000	30006	30057	30052	24976	25006	24999
2179	42.537514	0.000120	-0.160000	-0.120000	0.550000	-0.048000	0.012000	-0.002000	29984	29988	30055	24976	25006	24999
2180	42.571662	0.034148	-0.160000	-0.120000	0.550000	0.012000	-0.010000	0.006000	29984	29988	30055	25006	24995	25003
2181	42.571766	0.000104	-0.550000	-0.030000	-0.580000	0.012000	-0.010000	0.006000	29945	29997	29942	25006	24995	25003
2182	42.602302	0.030536	-0.600000	0.280000	0.830000	0.012000	-0.010000	0.006000	29940	30028	30083	25006	24995	25003
2183	42.641261	0.038959	-0.240000	0.410000	0.590000	0.012000	-0.010000	0.006000	29976	30041	30059	25006	24995	25003
2184	42.675861	0.034600	-0.800000	0.260000	0.280000	0.012000	-0.010000	0.006000	29920	30026	30028	25006	24995	25003
2185	42.711210	0.035349	-0.330000	0.420000	-0.020000	0.012000	-0.010000	0.006000	29967	30042	29998	25006	24995	25003
2186	42.742902	0.031692	-0.330000	0.420000	-0.020000	-0.010000	0.028000	-0.010000	29967	30042	29998	24995	25014	24995
2187	42.742979	0.000077	-0.370000	0.380000	0.810000	-0.010000	0.028000	-0.010000	29963	30038	30081	24995	25014	24995
2188	42.774725	0.031746	0.030000	-0.200000	0.200000	-0.010000	0.028000	-0.010000	30003	29980	30020	24995	25014	24995
2189	42.804606	0.029881	0.030000	-0.200000	0.200000	0.008000	0.004000	-0.018000	30003	29980	30020	25004	25002	24991
2190	42.804682	0.000076	-0.450000	0.220000	0.270000	0.008000	0.004000	-0.018000	29955	30022	30027	25004	25002	24991
2191	42.838416	0.033734	-0.450000	0.220000	0.270000	-0.022000	-0.036000	-0.012000	29955	30022	30027	24989	24982	24994
2192	42.838500	0.000084	-0.830000	0.140000	0.210000	-0.022000	-0.036000	-0.012000	29917	30014	30021	24989	24982	24994
2193	42.871091	0.032591	-0.070000	0.310000	0.550000	-0.022000	-0.036000	-0.012000	29993	30031	30055	24989	24982	24994
2194	42.900357	0.029265	-0.420000	0.420000	0.840000	-0.022000	-0.036000	-0.012000	29958	30042	30084	24989	24982	24994
2195	42.939120	0.038763	-0.280000	0.080000	0.840000	-0.022000	-0.036000	-0.012000	29972	30008	30084	24989	24982	24994
2196	42.973272	0.034152	-0.790000	-0.020000	0.310000	-0.022000	-0.036000	-0.012000	29921	29998	30031	24989	24982	24994
2197	43.004533	0.031261	-0.790000	-0.020000	0.310000	0.018000	-0.034000	0.000000	29921	29998	30031	25009	24983	25000
2198	43.004611	0.000079	-0.270000	0.380000	0.800000	0.018000	-0.034000	0.000000	29973	30038	30080	25009	24983	25000
2199	43.034822	0.030211	-0.580000	-0.400000	0.900000	0.018000	-0.034000	0.000000	29942	29960	30090	25009	24983	25000
2200	43.066097	0.031275	-1.020000	-0.240000	0.290000	0.018000	-0.034000	0.000000	29898	29976	30029	25009	24983	25000
2201	43.101118	0.035021	-1.020000	-0.240000	0.290000	0.016000	-0.050000	-0.024000	29898	29976	30029	25008	24975	24988
2202	43.101198	0.000080	-0.950000	-0.060000	0.280000	0.016000	-0.050000	-0.024000	29905	29994	30028	25008	24975	24988
2203	43.134270	0.033071	-1.350000	0.520000	0.610000	0.016000	-0.050000	-0.024000	29865	30052	30061	25008	24975	24988
2204	43.165052	0.030782	-1.010000	-0.150000	0.020000	0.016000	-0.050000	-0.024000	29899	29985	30002	25008	24975	24988
2205	43.201492	0.036440	-1.010000	-0.150000	0.020000	0.008000	-0.064000	-0.020000	29899	29985	30002	25004	24968	24990
2206	43.201562	0.000070	-0.890000	-0.100000	0.880000	0.008000	-0.064000	-0.020000	29911	29990	30088	25004	24968	24990
2207	43.233994	0.032431	-0.510000	0.400000	0.290000	0.008000	-0.064000	-0.020000	29949	30040	30029	25004	24968	24990
2208	43.267314	0.033320	-0.470000	0.490000	0.520000	0.008000	-0.064000	-0.020000	29953	30049	30052	25004	24968	24990
2209	43.298891	0.031578	-0.470000	0.490000	0.520000	-0.058000	-0.038000	-0.020000	29953	30049	30052	24971	24981	24990
2210	43.298967	0.000076	-0.270000	0.160000	0.870000	-0.058000	-0.038000	-0.020000	29973	30016	30087	24971	24981	24990
2211	43.332134	0.033166	-0.270000	0.160000	0.870000	-0.012000	-0.010000	-0.004000	29973	30016	30087	24994	24995	24998
2212	43.332280	0.000146	-0.640000	-0.130000	0.580000	-0.012000	-0.010000	-0.004000	29936	29987	30058	24994	24995	24998
2213	43.362697	0.030417	-0.990000	0.370000	0.840000	-0.012000	-0.010000	-0.004000	29901	30037	30084	24994	24995	24998
2214	43.395694	0.032997	-0.890000	0.320000	0.250000	-0.012000	-0.010000	-0.004000	29911	30032	30025	24994	24995	24998
2215	43.426409	0.030715	-0.760000	0.330000	0.530000	-0.012000	-0.010000	-0.004000	29924	30033	30053	24994	24995	24998
2216	43.455737	0.029328	-1.390000	0.450000	0.570000	-0.012000	-0.010000	-0.004000	29861	30045	30057	24994	24995	24998
2217	43.484024	0.028287	-0.910000	0.250000	0.270000	-0.012000	-0.010000	-0.004000	29909	30025	30027	24994	24995	24998
2218	43.516621	0.032597	-0.910000	0.250000	0.270000	-0.032000	-0.054000	-0.020000	29909	30025	30027	24984	24973	24990
2219	43.516742	0.000121	-0.620000	0.460000	0.840000	-0.032000	-0.054000	-0.020000	29938	30046	30084	24984	24973	24990
2220	43.550503	0.033761	-0.800000	-0.470000	0.830000	-0.032000	-0.054000	-0.020000	29920	29953	30083	24984	24973	24990
2221	43.581327	0.030824	-0.800000	-0.470000	0.830000	0.036000	-0.038000	-0.030000	29920	29953	30083	25018	24981	24985
2222	43.581429	0.000102	-1.040000	-0.170000	0.830000	0.036000	-0.038000	-0.030000	29896	29983	30083	25018	24981	24985
2223	43.613643	0.032214	-1.040000	-0.170000	0.830000	0.000000	-0.044000	-0.028000	29896	29983	30083	25000	24978	24986
2224	43.613730	0.000087	-0.980000	0.250000	1.120000	0.000000	-0.044000	-0.028000	29902	30025	30112	25000	24978	24986
2225	43.646847	0.033117	-0.980000	0.250000	1.120000	-0.024000	-0.032000	-0.026000	29902	30025	30112	24988	24984	24987
2226	43.646956	0.000110	-1.260000	-0.340000	1.180000	-0.024000	-0.032000	-0.026000	29874	29966	30118	24988	24984	24987
2227	43.683382	0.036426	-1.260000	-0.340000	1.180000	-0.046000	-0.036000	-0.014000	29874	29966	30118	24977	24982	24993
2228	43.683465	0.000083	-1.120000	0.210000	0.880000	-0.046000	-0.036000	-0.014000	29888	30021	30088	24977	24982	24993
2229	43.711207	0.027742	-1.070000	0.190000	0.310000	-0.046000	-0.036000	-0.014000	29893	30019	30031	24977	24982	24993
2230	43.740296	0.029090	-0.860000	-0.140000	1.420000	-0.046000	-0.036000	-0.014000	29914	29986	30142	24977	24982	24993
2231	43.773395	0.033099	-0.710000	0.180000	1.720000	-0.046000	-0.036000	-0.014000	29929	30018	30172	24977	24982	24993
2232	43.805227	0.031831	-0.820000	0.080000	1.120000	-0.046000	-0.036000	-0.014000	29918	30008	30112	24977	24982	24993
2233	43.838243	0.033016	-1.160000	-0.210000	0.890000	-0.046000	-0.036000	-0.014000	29884	29979	30089	24977	24982	24993
2234	43.871165	0.032922	-0.720000	0.170000	1.150000	-0.046000	-0.036000	-0.014000	29928	30017	30115	24977	24982	24993
2235	43.903428	0.032264	-0.720000	0.170000	1.150000	-0.010000	-0.044000	-0.014000	29928	30017	30115	24995	24978	24993
2236	43.903524	0.000096	-0.720000	0.170000	1.150000	-0.080000	-0.044000	-0.026000	29928	30017	30115	24960	24978	24987
2237	43.903550	0.000026	-0.470000	0.170000	0.010000	-0.080000	-0.044000	-0.026000	29953	30017	30001	24960	24978	24987
2238	43.934149	0.030599	-0.470000	0.170000	0.010000	-0.012000	-0.018000	-0.010000	29953	30017	30001	24994	24991	24995
2239	43.934221	0.000072	-0.680000	0.160000	1.390000	-0.012000	-0.018000	-0.010000	29932	30016	30139	24994	24991	24995
2240	43.967975	0.033754	-0.620000	0.330000	-0.520000	-0.012000	-0.018000	-0.010000	29938	30033	29948	24994	24991	24995
2241	43.999721	0.031746	-0.660000	0.940000	0.280000	-0.012000	-0.018000	-0.010000	29934	30094	30028	24994	24991	24995
2242	44.032669	0.032947	-0.460000	0.180000	0.860000	-0.012000	-0.018000	-0.010000	29954	30018	30086	24994	24991	24995
2243	44.066523	0.033854	-0.460000	0.180000	0.860000	0.002000	-0.022000	0.002000	29954	30018	30086	25001	24989	25001
2244	44.066627	0.000104	-0.250000	-0.050000	0.840000	0.002000	-0.022000	0.002000	29975	29995	30084	25001	24989	25001
2245	44.103383	0.036756	-0.430000	0.310000	0.860000	0.002000	-0.022000	0.002000	29957	30031	30086	25001	24989	25001
2246	44.143569	0.040186	-0.900000	0.380000	0.600000	0.002000	-0.022000	0.002000	29910	30038	30060	25001	24989	25001
2247	44.178731	0.035162	-0.900000	0.380000	0.600000	-0.034000	-0.076000	-0.004000	29910	30038	30060	24983	24962	24998
2248	44.178826	0.000095	-0.920000	-0.280000	0.020000	-0.034000	-0.076000	-0.004000	29908	29972	30002	24983	24962	24998
2249	44.209054	0.030228	-0.660000	0.460000	0.850000	-0.034000	-0.076000	-0.004000	29934	30046	30085	24983	24962	24998
2250	44.239324	0.030270	-0.170000	0.800000	0.530000	-0.034000	-0.076000	-0.004000	29983	30080	30053	24983	24962	24998
2251	44.276881	0.037556	-0.170000	0.800000	0.530000	-0.030000	-0.018000	-0.016000	29983	30080	30053	24985	24991	24992
2252	44.276978	0.000098	-0.390000	0.340000	0.510000	-0.030000	-0.018000	-0.016000	29961	30034	30051	24985	24991	24992
2253	44.311988	0.035010	-0.370000	0.220000	-0.540000	-0.030000	-0.018000	-0.016000	29963	30022	29946	24985	24991	24992
2254	44.347592	0.035604	-1.030000	0.270000	-0.260000	-0.030000	-0.018000	-0.016000	29897	30027	29974	24985	24991	24992
2255	44.383605	0.036013	-0.540000	0.420000	0.580000	-0.030000	-0.018000	-0.016000	29946	30042	30058	24985	24991	24992
2256	44.417197	0.033592	-0.170000	0.700000	0.840000	-0.030000	-0.018000	-0.016000	29983	30070	30084	24985	24991	24992
2257	44.448301	0.031104	-0.170000	0.700000	0.840000	-0.032000	-0.012000	-0.012000	29983	30070	30084	24984	24994	24994
2258	44.448372	0.000071	0.180000	0.390000	1.100000	-0.032000	-0.012000	-0.012000	30018	30039	30110	24984	24994	24994
2259	44.475830	0.027458	0.400000	0.700000	3.120000	-0.032000	-0.012000	-0.012000	30040	30070	30312	24984	24994	24994
2260	44.506998	0.031168	0.400000	0.700000	3.120000	0.086000	-0.110000	-0.040000	30040	30070	30312	25043	24945	24980
2261	44.507094	0.000096	0.900000	0.320000	2.590000	0.086000	-0.110000	-0.040000	30090	30032	30259	25043	24945	24980
2262	44.539616	0.032522	0.470000	1.170000	1.980000	0.086000	-0.110000	-0.040000	30047	30117	30198	25043	24945	24980
2263	44.573245	0.033629	-0.020000	0.780000	1.710000	0.086000	-0.110000	-0.040000	29998	30078	30171	25043	24945	24980
2264	44.601320	0.028075	-0.020000	0.780000	1.710000	0.006000	-0.034000	-0.018000	29998	30078	30171	25003	24983	24991
2265	44.601419	0.000099	-0.020000	0.780000	1.710000	0.008000	-0.002000	-0.016000	29998	30078	30171	25004	24999	24992
2266	44.601469	0.000050	-0.200000	1.120000	0.880000	0.008000	-0.002000	-0.016000	29980	30112	30088	25004	24999	24992
2267	44.636513	0.035044	0.030000	0.740000	1.650000	0.008000	-0.002000	-0.016000	30003	30074	30165	25004	24999	24992
2268	44.671891	0.035377	0.060000	0.790000	1.140000	0.008000	-0.002000	-0.016000	30006	30079	30114	25004	24999	24992
2269	44.707734	0.035843	0.730000	1.620000	0.820000	0.008000	-0.002000	-0.016000	30073	30162	30082	25004	24999	24992
2270	44.738791	0.031057	0.730000	1.620000	0.820000	-0.066000	0.010000	-0.018000	30073	30162	30082	24967	25005	24991
2271	44.738870	0.000080	0.730000	1.620000	0.820000	-0.066000	0.010000	-0.018000	30073	30162	30082	24967	25005	24991
2272	44.774261	0.035390	0.280000	1.560000	1.140000	-0.066000	0.010000	-0.018000	30028	30156	30114	24967	25005	24991
2273	44.805974	0.031713	0.280000	1.560000	1.140000	-0.018000	-0.068000	-0.014000	30028	30156	30114	24991	24966	24993
2274	44.806065	0.000092	-0.070000	0.830000	1.420000	-0.018000	-0.068000	-0.014000	29993	30083	30142	24991	24966	24993
2275	44.838554	0.032488	-0.070000	1.340000	0.840000	-0.018000	-0.068000	-0.014000	29993	30134	30084	24991	24966	24993
2276	44.870163	0.031609	-0.070000	1.340000	0.840000	0.010000	-0.044000	-0.028000	29993	30134	30084	25005	24978	24986
2277	44.870251	0.000088	0.220000	0.710000	2.320000	0.010000	-0.044000	-0.028000	30022	30071	30232	25005	24978	24986
2278	44.903456	0.033205	0.300000	0.730000	3.770000	0.010000	-0.044000	-0.028000	30030	30073	30377	25005	24978	24986
2279	44.931373	0.027917	0.090000	0.500000	2.920000	0.010000	-0.044000	-0.028000	30009	30050	30292	25005	24978	24986
2280	44.961371	0.029999	0.090000	0.500000	2.920000	0.126000	-0.164000	-0.048000	30009	30050	30292	25063	24918	24976
2281	44.961477	0.000106	0.880000	0.930000	3.470000	0.126000	-0.164000	-0.048000	30088	30093	30347	25063	24918	24976
2282	44.994797	0.033319	0.720000	0.780000	3.490000	0.126000	-0.164000	-0.048000	30072	30078	30349	25063	24918	24976
2283	45.026449	0.031653	0.690000	1.000000	3.150000	0.126000	-0.164000	-0.048000	30069	30100	30315	25063	24918	24976
2284	45.058044	0.031595	0.690000	1.000000	3.150000	0.078000	-0.138000	-0.056000	30069	30100	30315	25039	24931	24972
2285	45.058117	0.000073	0.240000	0.980000	3.180000	0.078000	-0.138000	-0.056000	30024	30098	30318	25039	24931	24972
2286	45.085080	0.026963	0.240000	0.980000	3.180000	0.066000	-0.110000	-0.050000	30024	30098	30318	25033	24945	24975
2287	45.085152	0.000072	-0.160000	0.730000	2.910000	0.066000	-0.110000	-0.050000	29984	30073	30291	25033	24945	24975
2288	45.114612	0.029461	-0.160000	0.730000	2.910000	0.220000	-0.282000	-0.060000	29984	30073	30291	25110	24859	24970
2289	45.114710	0.000098	-0.250000	0.810000	2.630000	0.220000	-0.282000	-0.060000	29975	30081	30263	25110	24859	24970
2290	45.144119	0.029409	-0.250000	0.810000	2.630000	0.064000	-0.168000	-0.066000	29975	30081	30263	25032	24916	24967
2291	45.144237	0.000118	0.350000	0.740000	1.430000	0.064000	-0.168000	-0.066000	30035	30074	30143	25032	24916	24967
2292	45.174875	0.030638	-0.100000	0.320000	0.550000	0.064000	-0.168000	-0.066000	29990	30032	30055	25032	24916	24967
2293	45.205013	0.030138	-0.100000	0.320000	0.550000	0.046000	-0.026000	-0.028000	29990	30032	30055	25023	24987	24986
2294	45.205089	0.000076	-0.180000	0.520000	0.570000	0.046000	-0.026000	-0.028000	29982	30052	30057	25023	24987	24986
2295	45.233817	0.028728	-0.180000	0.870000	0.850000	0.046000	-0.026000	-0.028000	29982	30087	30085	25023	24987	24986
2296	45.265727	0.031911	-0.180000	0.870000	0.850000	-0.006000	-0.060000	-0.028000	29982	30087	30085	24997	24970	24986
2297	45.265845	0.000118	0.350000	1.820000	0.860000	-0.006000	-0.060000	-0.028000	30035	30182	30086	24997	24970	24986
2298	45.294011	0.028166	-0.760000	0.960000	0.290000	-0.006000	-0.060000	-0.028000	29924	30096	30029	24997	24970	24986
2299	45.322400	0.028389	-0.030000	1.270000	0.970000	-0.006000	-0.060000	-0.028000	29997	30127	30097	24997	24970	24986
2300	45.351419	0.029019	-0.030000	1.270000	0.970000	-0.046000	-0.024000	-0.006000	29997	30127	30097	24977	24988	24997
2301	45.351562	0.000143	-0.050000	0.770000	0.890000	-0.046000	-0.024000	-0.006000	29995	30077	30089	24977	24988	24997
2302	45.384925	0.033364	-0.050000	0.770000	0.890000	0.020000	-0.040000	-0.010000	29995	30077	30089	25010	24980	24995
2303	45.385122	0.000196	-0.170000	0.590000	1.160000	0.020000	-0.040000	-0.010000	29983	30059	30116	25010	24980	24995
2304	45.417336	0.032215	-0.170000	0.590000	1.160000	0.072000	-0.062000	-0.044000	29983	30059	30116	25036	24969	24978
2305	45.417460	0.000124	-0.330000	0.930000	1.160000	0.072000	-0.062000	-0.044000	29967	30093	30116	25036	24969	24978
2306	45.448739	0.031279	-0.130000	1.160000	1.170000	0.072000	-0.062000	-0.044000	29987	30116	30117	25036	24969	24978
2307	45.479662	0.030923	0.040000	1.470000	0.280000	0.072000	-0.062000	-0.044000	30004	30147	30028	25036	24969	24978
2308	45.507314	0.027652	0.520000	1.160000	0.520000	0.072000	-0.062000	-0.044000	30052	30116	30052	25036	24969	24978
2309	45.540203	0.032888	0.520000	1.160000	0.520000	-0.012000	0.044000	0.000000	30052	30116	30052	24994	25022	25000
2310	45.540291	0.000088	0.470000	1.570000	-0.020000	-0.012000	0.044000	0.000000	30047	30157	29998	24994	25022	25000
2311	45.569448	0.029157	0.350000	1.350000	0.310000	-0.012000	0.044000	0.000000	30035	30135	30031	24994	25022	25000
2312	45.600965	0.031517	0.250000	1.130000	0.300000	-0.012000	0.044000	0.000000	30025	30113	30030	24994	25022	25000
2313	45.631668	0.030704	-0.120000	1.000000	0.020000	-0.012000	0.044000	0.000000	29988	30100	30002	24994	25022	25000
2314	45.663297	0.031628	-0.120000	1.000000	0.020000	-0.014000	-0.004000	-0.004000	29988	30100	30002	24993	24998	24998
2315	45.663374	0.000077	0.000000	0.640000	0.260000	-0.014000	-0.004000	-0.004000	30000	30064	30026	24993	24998	24998
2316	45.695327	0.031953	0.000000	0.640000	0.260000	-0.032000	-0.042000	-0.020000	30000	30064	30026	24984	24979	24990
2317	45.695397	0.000070	0.020000	1.110000	0.340000	-0.032000	-0.042000	-0.020000	30002	30111	30034	24984	24979	24990
2318	45.725388	0.029991	0.020000	1.110000	0.340000	0.000000	0.002000	-0.014000	30002	30111	30034	25000	25001	24993
2319	45.725458	0.000070	-0.280000	0.830000	1.460000	0.000000	0.002000	-0.014000	29972	30083	30146	25000	25001	24993
2320	45.759684	0.034226	0.120000	1.260000	0.820000	0.000000	0.002000	-0.014000	30012	30126	30082	25000	25001	24993
2321	45.789425	0.029741	0.060000	0.960000	0.010000	0.000000	0.002000	-0.014000	30006	30096	30001	25000	25001	24993
2322	45.821189	0.031763	0.060000	0.960000	0.010000	0.002000	0.000000	-0.014000	30006	30096	30001	25001	25000	24993
2323	45.821321	0.000132	-0.190000	0.650000	0.330000	0.002000	0.000000	-0.014000	29981	30065	30033	25001	25000	24993
2324	45.847028	0.025707	-0.170000	1.290000	0.290000	0.002000	0.000000	-0.014000	29983	30129	30029	25001	25000	24993
2325	45.885285	0.038258	-0.100000	1.500000	0.030000	0.002000	0.000000	-0.014000	29990	30150	30003	25001	25000	24993
2326	45.922553	0.037267	0.010000	1.200000	0.860000	0.002000	0.000000	-0.014000	30001	30120	30086	25001	25000	24993
2327	45.956213	0.033660	-0.370000	1.930000	-0.290000	0.002000	0.000000	-0.014000	29963	30193	29971	25001	25000	24993
2328	45.988442	0.032230	-0.370000	1.930000	-0.290000	-0.080000	-0.036000	-0.012000	29963	30193	29971	24960	24982	24994
2329	45.988566	0.000124	-0.080000	1.910000	0.570000	-0.080000	-0.036000	-0.012000	29992	30191	30057	24960	24982	24994
2330	46.021708	0.033142	-0.080000	1.910000	0.570000	-0.052000	-0.006000	-0.016000	29992	30191	30057	24974	24997	24992
2331	46.021784	0.000076	0.050000	1.430000	0.270000	-0.052000	-0.006000	-0.016000	30005	30143	30027	24974	24997	24992
2332	46.052618	0.030834	0.330000	1.430000	0.290000	-0.052000	-0.006000	-0.016000	30033	30143	30029	24974	24997	24992
2333	46.085861	0.033243	0.330000	1.430000	0.290000	-0.030000	0.018000	-0.016000	30033	30143	30029	24985	25009	24992
2334	46.085936	0.000075	0.090000	1.730000	0.300000	-0.030000	0.018000	-0.016000	30009	30173	30030	24985	25009	24992
2335	46.117259	0.031324	0.090000	1.730000	0.300000	-0.054000	0.020000	-0.014000	30009	30173	30030	24973	25010	24993
2336	46.117332	0.000073	-0.080000	1.190000	0.630000	-0.054000	0.020000	-0.014000	29992	30119	30063	24973	25010	24993
2337	46.145045	0.027713	-0.130000	1.720000	-0.220000	-0.054000	0.020000	-0.014000	29987	30172	29978	24973	25010	24993
2338	46.176656	0.031611	-0.130000	1.720000	-0.220000	-0.052000	-0.016000	0.000000	29987	30172	29978	24974	24992	25000
2339	46.176727	0.000071	0.470000	1.620000	0.590000	-0.052000	-0.016000	0.000000	30047	30162	30059	24974	24992	25000
2340	46.205351	0.028624	0.460000	1.350000	0.590000	-0.052000	-0.016000	0.000000	30046	30135	30059	24974	24992	25000
2341	46.234269	0.028917	-0.160000	1.070000	0.870000	-0.052000	-0.016000	0.000000	29984	30107	30087	24974	24992	25000
2342	46.269084	0.034815	-0.160000	1.070000	0.870000	-0.020000	-0.020000	-0.002000	29984	30107	30087	24990	24990	24999
2343	46.269146	0.000062	0.030000	1.230000	0.870000	-0.020000	-0.020000	-0.002000	30003	30123	30087	24990	24990	24999
2344	46.295891	0.026745	-0.350000	0.960000	0.580000	-0.020000	-0.020000	-0.002000	29965	30096	30058	24990	24990	24999
2345	46.324755	0.028864	-0.350000	0.960000	0.580000	-0.008000	-0.040000	-0.014000	29965	30096	30058	24996	24980	24993
2346	46.324855	0.000101	-0.690000	1.470000	-0.500000	-0.008000	-0.040000	-0.014000	29931	30147	29950	24996	24980	24993
2347	46.371327	0.046471	0.740000	1.300000	0.860000	-0.008000	-0.040000	-0.014000	30074	30130	30086	24996	24980	24993
2348	46.404064	0.032737	0.740000	1.300000	0.860000	-0.016000	0.070000	-0.020000	30074	30130	30086	24992	25035	24990
2349	46.404267	0.000203	-0.490000	1.240000	0.050000	-0.016000	0.070000	-0.020000	29951	30124	30005	24992	25035	24990
2350	46.435171	0.030904	0.150000	1.410000	0.620000	-0.016000	0.070000	-0.020000	30015	30141	30062	24992	25035	24990
2351	46.462375	0.027204	0.110000	1.490000	0.280000	-0.016000	0.070000	-0.020000	30011	30149	30028	24992	25035	24990
2352	46.490447	0.028071	-0.180000	1.020000	0.870000	-0.016000	0.070000	-0.020000	29982	30102	30087	24992	25035	24990
2353	46.519901	0.029455	-0.620000	1.080000	-0.220000	-0.016000	0.070000	-0.020000	29938	30108	29978	24992	25035	24990
2354	46.557330	0.037429	-0.620000	1.080000	-0.220000	0.014000	-0.042000	0.008000	29938	30108	29978	25007	24979	25004
2355	46.557449	0.000119	0.230000	1.220000	1.520000	0.014000	-0.042000	0.008000	30023	30122	30152	25007	24979	25004
2356	46.594407	0.036958	0.230000	1.220000	1.520000	-0.036000	0.008000	-0.024000	30023	30122	30152	24982	25004	24988
2357	46.594470	0.000062	0.430000	0.480000	0.840000	-0.036000	0.008000	-0.024000	30043	30048	30084	24982	25004	24988
2358	46.624818	0.030349	-0.290000	1.420000	-0.250000	-0.036000	0.008000	-0.024000	29971	30142	29975	24982	25004	24988
2359	46.656713	0.031895	-0.290000	1.420000	-0.250000	-0.076000	-0.008000	0.008000	29971	30142	29975	24962	24996	25004
2360	46.656794	0.000081	-0.600000	0.910000	0.870000	-0.076000	-0.008000	0.008000	29940	30091	30087	24962	24996	25004
2361	46.688302	0.031508	-0.730000	0.970000	0.890000	-0.076000	-0.008000	0.008000	29927	30097	30089	24962	24996	25004
2362	46.721359	0.033057	-0.690000	1.110000	1.190000	-0.076000	-0.008000	0.008000	29931	30111	30119	24962	24996	25004
2363	46.754470	0.033110	-0.040000	0.710000	0.590000	-0.076000	-0.008000	0.008000	29996	30071	30059	24962	24996	25004
2364	46.788010	0.033540	-0.040000	0.710000	0.590000	-0.040000	-0.018000	-0.006000	29996	30071	30059	24980	24991	24997
2365	46.788210	0.000201	-0.630000	0.620000	1.710000	-0.040000	-0.018000	-0.006000	29937	30062	30171	24980	24991	24997
2366	46.827580	0.039370	-0.630000	0.620000	1.710000	-0.026000	-0.040000	-0.008000	29937	30062	30171	24987	24980	24996
2367	46.827695	0.000115	0.370000	1.320000	-0.310000	-0.026000	-0.040000	-0.008000	30037	30132	29969	24987	24980	24996
2368	46.862686	0.034990	-0.540000	1.440000	1.130000	-0.026000	-0.040000	-0.008000	29946	30144	30113	24987	24980	24996
2369	46.896810	0.034124	-0.210000	0.620000	1.420000	-0.026000	-0.040000	-0.008000	29979	30062	30142	24987	24980	24996
2370	46.930484	0.033674	-0.210000	0.620000	1.420000	-0.020000	-0.004000	-0.004000	29979	30062	30142	24990	24998	24998
2371	46.930574	0.000090	-0.680000	1.900000	0.570000	-0.020000	-0.004000	-0.004000	29932	30190	30057	24990	24998	24998
2372	46.958603	0.028029	-0.590000	2.000000	0.580000	-0.020000	-0.004000	-0.004000	29941	30200	30058	24990	24998	24998
2373	46.989592	0.030989	0.020000	2.410000	1.680000	-0.020000	-0.004000	-0.004000	30002	30241	30168	24990	24998	24998
2374	47.021556	0.031964	0.020000	2.410000	1.680000	-0.140000	-0.014000	0.028000	30002	30241	30168	24930	24993	25014
2375	47.021627	0.000071	1.240000	2.500000	1.400000	-0.140000	-0.014000	0.028000	30124	30250	30140	24930	24993	25014
2376	47.055571	0.033944	1.240000	2.500000	1.400000	-0.158000	0.064000	0.042000	30124	30250	30140	24921	25032	25021
2377	47.055713	0.000142	0.530000	1.380000	1.670000	-0.158000	0.064000	0.042000	30053	30138	30167	24921	25032	25021
2378	47.085229	0.029516	0.360000	1.770000	-0.050000	-0.158000	0.064000	0.042000	30036	30177	29995	24921	25032	25021
2379	47.116263	0.031034	-0.090000	1.030000	1.130000	-0.158000	0.064000	0.042000	29991	30103	30113	24921	25032	25021
2380	47.147875	0.031613	-1.550000	0.380000	-0.510000	-0.158000	0.064000	0.042000	29845	30038	29949	24921	25032	25021
2381	47.178919	0.031044	-1.390000	0.320000	-0.530000	-0.158000	0.064000	0.042000	29861	30032	29947	24921	25032	25021
2382	47.215376	0.036457	-0.720000	0.650000	-0.040000	-0.158000	0.064000	0.042000	29928	30065	29996	24921	25032	25021
2383	47.243761	0.028385	-1.740000	-1.010000	1.680000	-0.158000	0.064000	0.042000	29826	29899	30168	24921	25032	25021
2384	47.275025	0.031264	-1.770000	-0.670000	0.280000	-0.158000	0.064000	0.042000	29823	29933	30028	24921	25032	25021
2385	47.306629	0.031603	-1.610000	-0.600000	0.300000	-0.158000	0.064000	0.042000	29839	29940	30030	24921	25032	25021
2386	47.336878	0.030250	-1.610000	-0.600000	0.300000	-0.030000	-0.060000	0.038000	29839	29940	30030	24985	24970	25019
2387	47.336956	0.000078	-0.520000	1.240000	0.260000	-0.030000	-0.060000	0.038000	29948	30124	30026	24985	24970	25019
2388	47.370546	0.033590	-0.520000	1.240000	0.260000	-0.094000	-0.012000	0.004000	29948	30124	30026	24953	24994	25002
2389	47.370614	0.000068	-0.360000	1.270000	0.580000	-0.094000	-0.012000	0.004000	29964	30127	30058	24953	24994	25002
2390	47.399529	0.028915	-2.250000	-0.200000	-0.280000	-0.094000	-0.012000	0.004000	29775	29980	29972	24953	24994	25002
2391	47.429166	0.029637	-2.680000	-1.230000	-0.250000	-0.094000	-0.012000	0.004000	29732	29877	29975	24953	24994	25002
2392	47.460290	0.031124	-2.960000	-1.800000	-0.820000	-0.094000	-0.012000	0.004000	29704	29820	29918	24953	24994	25002
2393	47.487295	0.027004	-2.960000	-1.800000	-0.820000	0.016000	-0.088000	0.044000	29704	29820	29918	25008	24956	25022
2394	47.487464	0.000170	-2.990000	-1.850000	-1.090000	0.016000	-0.088000	0.044000	29701	29815	29891	25008	24956	25022
2395	47.514548	0.027084	-2.990000	-1.850000	-1.090000	0.042000	-0.096000	0.034000	29701	29815	29891	25021	24952	25017
2396	47.514642	0.000094	-1.670000	-1.870000	-0.490000	0.042000	-0.096000	0.034000	29833	29813	29951	25021	24952	25017
2397	47.541561	0.026918	-1.670000	-1.870000	-0.490000	0.050000	-0.064000	0.004000	29833	29813	29951	25025	24968	25002
2398	47.541643	0.000083	-1.690000	-2.680000	-1.380000	0.050000	-0.064000	0.004000	29831	29732	29862	25025	24968	25002
2399	47.572767	0.031123	-1.950000	-4.670000	-2.440000	0.050000	-0.064000	0.004000	29805	29533	29756	25025	24968	25002
2400	47.606717	0.033950	-1.840000	-4.990000	-3.280000	0.050000	-0.064000	0.004000	29816	29501	29672	25025	24968	25002
2401	47.639497	0.032780	-2.130000	-7.320000	-3.260000	0.050000	-0.064000	0.004000	29787	29268	29674	25025	24968	25002
2402	47.670027	0.030530	-2.250000	-7.310000	-3.270000	0.050000	-0.064000	0.004000	29775	29269	29673	25025	24968	25002
2403	47.701731	0.031704	-2.030000	-9.340000	-5.180000	0.050000	-0.064000	0.004000	29797	29066	29482	25025	24968	25002
2404	47.738435	0.036704	-2.030000	-9.340000	-5.180000	0.300000	-0.120000	-0.058000	29797	29066	29482	25150	24940	24971
2405	47.738516	0.000082	-1.500000	-10.430000	-6.000000	0.300000	-0.120000	-0.058000	29850	28957	29400	25150	24940	24971
2406	47.770725	0.032208	-1.500000	-10.430000	-6.000000	0.338000	-0.076000	-0.108000	29850	28957	29400	25169	24962	24946
2407	47.770789	0.000064	-1.940000	-12.200000	-6.280000	0.338000	-0.076000	-0.108000	29806	28780	29372	25169	24962	24946
2408	47.801606	0.030817	-1.940000	-12.200000	-6.280000	0.434000	-0.128000	-0.130000	29806	28780	29372	25217	24936	24935
2409	47.801687	0.000081	-1.790000	-12.120000	-5.730000	0.434000	-0.128000	-0.130000	29821	28788	29427	25217	24936	24935
2410	47.833293	0.031606	-1.790000	-14.050000	-6.040000	0.434000	-0.128000	-0.130000	29821	28595	29396	25217	24936	24935
2411	47.862632	0.029339	-1.790000	-14.050000	-6.040000	0.482000	-0.132000	-0.188000	29821	28595	29396	25241	24934	24906
2412	47.862713	0.000082	-0.920000	-15.880000	-5.720000	0.482000	-0.132000	-0.188000	29908	28412	29428	25241	24934	24906
2413	47.892637	0.029924	-0.920000	-15.880000	-5.720000	0.574000	-0.112000	-0.218000	29908	28412	29428	25287	24944	24891
2414	47.892714	0.000076	-0.900000	-17.430000	-6.560000	0.574000	-0.112000	-0.218000	29910	28257	29344	25287	24944	24891
2415	47.923760	0.031046	-0.860000	-19.680000	-6.580000	0.574000	-0.112000	-0.218000	29914	28032	29342	25287	24944	24891
2416	47.955999	0.032239	-0.860000	-19.680000	-6.580000	0.748000	-0.166000	-0.258000	29914	28032	29342	25374	24917	24871
2417	47.956075	0.000076	-0.600000	-22.000000	-6.870000	0.748000	-0.166000	-0.258000	29940	27800	29313	25374	24917	24871
2418	47.985448	0.029374	-0.610000	-24.690000	-7.400000	0.748000	-0.166000	-0.258000	29939	27531	29260	25374	24917	24871
2419	48.015964	0.030516	-0.610000	-24.690000	-7.400000	0.934000	-0.212000	-0.282000	29939	27531	29260	25467	24894	24859
2420	48.016109	0.000145	-0.480000	-26.540000	-8.030000	0.934000	-0.212000	-0.282000	29952	27346	29197	25467	24894	24859
2421	48.057227	0.041119	0.340000	-25.940000	-8.220000	0.934000	-0.212000	-0.282000	30034	27406	29178	25467	24894	24859
2422	48.088769	0.031542	-0.270000	-26.460000	-7.170000	0.934000	-0.212000	-0.282000	29973	27354	29283	25467	24894	24859
2423	48.121094	0.032325	-0.270000	-26.460000	-7.170000	0.710000	-0.206000	-0.148000	29973	27354	29283	25355	24897	24926
2424	48.121171	0.000077	-1.450000	-22.170000	-5.740000	0.710000	-0.206000	-0.148000	29855	27783	29426	25355	24897	24926
2425	48.162652	0.041480	-1.130000	-18.410000	-5.490000	0.710000	-0.206000	-0.148000	29887	28159	29451	25355	24897	24926
2426	48.192292	0.029640	-1.900000	-15.970000	-3.290000	0.710000	-0.206000	-0.148000	29810	28403	29671	25355	24897	24926
2427	48.221193	0.028901	-1.900000	-15.970000	-3.290000	0.282000	-0.154000	0.032000	29810	28403	29671	25141	24923	25016
2428	48.221261	0.000068	-1.390000	-10.930000	-3.590000	0.282000	-0.154000	0.032000	29861	28907	29641	25141	24923	25016
2429	48.252544	0.031283	-1.230000	-8.690000	-2.490000	0.282000	-0.154000	0.032000	29877	29131	29751	25141	24923	25016
2430	48.286816	0.034271	-1.990000	-6.570000	-1.380000	0.282000	-0.154000	0.032000	29801	29343	29862	25141	24923	25016
2431	48.319976	0.033160	-2.300000	-5.690000	-1.070000	0.282000	-0.154000	0.032000	29770	29431	29893	25141	24923	25016
2432	48.351358	0.031382	-2.440000	-4.700000	-1.620000	0.282000	-0.154000	0.032000	29756	29530	29838	25141	24923	25016
2433	48.386386	0.035028	-2.440000	-4.700000	-1.620000	0.030000	-0.160000	0.058000	29756	29530	29838	25015	24920	25029
2434	48.386470	0.000084	-3.070000	-5.180000	-1.030000	0.030000	-0.160000	0.058000	29693	29482	29897	25015	24920	25029
2435	48.419634	0.033164	-3.290000	-5.750000	-0.780000	0.030000	-0.160000	0.058000	29671	29425	29922	25015	24920	25029
2436	48.456964	0.037330	-2.880000	-5.900000	-0.740000	0.030000	-0.160000	0.058000	29712	29410	29926	25015	24920	25029
2437	48.485185	0.028221	-4.010000	-6.230000	-1.290000	0.030000	-0.160000	0.058000	29599	29377	29871	25015	24920	25029
2438	48.512793	0.027609	-4.010000	-6.230000	-1.290000	0.136000	-0.218000	-0.012000	29599	29377	29871	25068	24891	24994
2439	48.512927	0.000133	-4.210000	-5.980000	-1.590000	0.136000	-0.218000	-0.012000	29579	29402	29841	25068	24891	24994
2440	48.542831	0.029905	-3.390000	-5.570000	-0.510000	0.136000	-0.218000	-0.012000	29661	29443	29949	25068	24891	24994
2441	48.573200	0.030369	-4.170000	-5.940000	-0.240000	0.136000	-0.218000	-0.012000	29583	29406	29976	25068	24891	24994
2442	48.605170	0.031969	-4.170000	-5.940000	-0.240000	0.154000	-0.258000	-0.022000	29583	29406	29976	25077	24871	24989
2443	48.605246	0.000076	-4.140000	-5.710000	0.070000	0.154000	-0.258000	-0.022000	29586	29429	30007	25077	24871	24989
2444	48.636906	0.031660	-4.910000	-5.870000	0.910000	0.154000	-0.258000	-0.022000	29509	29413	30091	25077	24871	24989
2445	48.669972	0.033066	-4.910000	-5.870000	0.910000	0.150000	-0.278000	0.004000	29509	29413	30091	25075	24861	25002
2446	48.670057	0.000085	-5.710000	-5.990000	0.680000	0.150000	-0.278000	0.004000	29429	29401	30068	25075	24861	25002
2447	48.697174	0.027116	-5.710000	-5.990000	0.680000	0.128000	-0.292000	0.020000	29429	29401	30068	25064	24854	25010
2448	48.697243	0.000070	-5.910000	-6.240000	0.670000	0.128000	-0.292000	0.020000	29409	29376	30067	25064	24854	25010
2449	48.727185	0.029941	-6.370000	-6.150000	0.950000	0.128000	-0.292000	0.020000	29363	29385	30095	25064	24854	25010
2450	48.760230	0.033046	-6.490000	-6.640000	0.070000	0.128000	-0.292000	0.020000	29351	29336	30007	25064	24854	25010
2451	48.790679	0.030449	-6.590000	-7.160000	0.710000	0.128000	-0.292000	0.020000	29341	29284	30071	25064	24854	25010
2452	48.822223	0.031544	-6.590000	-7.160000	0.710000	0.206000	-0.320000	0.102000	29341	29284	30071	25103	24840	25051
2453	48.822329	0.000107	-6.270000	-6.770000	1.790000	0.206000	-0.320000	0.102000	29373	29323	30179	25103	24840	25051
2454	48.854047	0.031718	-6.270000	-6.770000	1.790000	0.142000	-0.250000	0.168000	29373	29323	30179	25071	24875	25084
2455	48.854131	0.000084	-5.790000	-6.870000	1.190000	0.142000	-0.250000	0.168000	29421	29313	30119	25071	24875	25084
2456	48.885756	0.031625	-5.270000	-7.000000	0.590000	0.142000	-0.250000	0.168000	29473	29300	30059	25071	24875	25084
2457	48.921538	0.035782	-5.270000	-7.030000	0.610000	0.142000	-0.250000	0.168000	29473	29297	30061	25071	24875	25084
2458	48.954990	0.033452	-4.740000	-6.170000	0.890000	0.142000	-0.250000	0.168000	29526	29383	30089	25071	24875	25084
2459	48.994435	0.039445	-4.740000	-6.170000	0.890000	0.118000	-0.180000	0.274000	29526	29383	30089	25059	24910	25137
2460	48.994508	0.000074	-4.680000	-6.850000	1.480000	0.118000	-0.180000	0.274000	29532	29315	30148	25059	24910	25137
2461	49.023660	0.029152	-3.130000	-5.370000	-0.020000	0.118000	-0.180000	0.274000	29687	29463	29998	25059	24910	25137
2462	49.055600	0.031940	-1.450000	-4.340000	0.310000	0.118000	-0.180000	0.274000	29855	29566	30031	25059	24910	25137
2463	49.085414	0.029814	-1.280000	-3.310000	0.240000	0.118000	-0.180000	0.274000	29872	29669	30024	25059	24910	25137
2464	49.114392	0.028978	-0.710000	-2.140000	0.820000	0.118000	-0.180000	0.274000	29929	29786	30082	25059	24910	25137
2465	49.146245	0.031853	-0.710000	-2.140000	0.820000	-0.012000	-0.048000	0.072000	29929	29786	30082	24994	24976	25036
2466	49.146396	0.000151	-0.170000	-0.370000	0.290000	-0.012000	-0.048000	0.072000	29983	29963	30029	24994	24976	25036
2467	49.176770	0.030374	-0.370000	0.420000	0.260000	-0.012000	-0.048000	0.072000	29963	30042	30026	24994	24976	25036
2468	49.204291	0.027521	-0.370000	0.420000	0.260000	-0.052000	-0.034000	-0.006000	29963	30042	30026	24974	24983	24997
2469	49.204361	0.000070	-0.310000	-0.330000	0.240000	-0.052000	-0.034000	-0.006000	29969	29967	30024	24974	24983	24997
2470	49.232444	0.028083	-0.350000	-0.210000	0.250000	-0.052000	-0.034000	-0.006000	29965	29979	30025	24974	24983	24997
2471	49.267273	0.034829	-0.570000	0.380000	-0.240000	-0.052000	-0.034000	-0.006000	29943	30038	29976	24974	24983	24997
2472	49.300763	0.033489	-0.260000	0.730000	0.570000	-0.052000	-0.034000	-0.006000	29974	30073	30057	24974	24983	24997
2473	49.331736	0.030974	-0.910000	0.190000	0.550000	-0.052000	-0.034000	-0.006000	29909	30019	30055	24974	24983	24997
2474	49.360445	0.028708	-0.540000	0.630000	-0.300000	-0.052000	-0.034000	-0.006000	29946	30063	29970	24974	24983	24997
2475	49.389355	0.028910	-0.540000	0.630000	-0.300000	-0.072000	-0.006000	-0.006000	29946	30063	29970	24964	24997	24997
2476	49.389420	0.000064	-0.370000	0.670000	0.000000	-0.072000	-0.006000	-0.006000	29963	30067	30000	24964	24997	24997
2477	49.419482	0.030063	0.140000	1.280000	0.550000	-0.072000	-0.006000	-0.006000	30014	30128	30055	24964	24997	24997
2478	49.449730	0.030248	-0.030000	0.770000	0.300000	-0.072000	-0.006000	-0.006000	29997	30077	30030	24964	24997	24997
2479	49.481299	0.031569	-0.460000	0.610000	0.320000	-0.072000	-0.006000	-0.006000	29954	30061	30032	24964	24997	24997
2480	49.516085	0.034786	-0.460000	0.610000	0.320000	-0.054000	-0.032000	0.004000	29954	30061	30032	24973	24984	25002
2481	49.516199	0.000114	-0.810000	-0.270000	0.330000	-0.054000	-0.032000	0.004000	29919	29973	30033	24973	24984	25002
2482	49.551852	0.035652	-0.280000	0.700000	0.250000	-0.054000	-0.032000	0.004000	29972	30070	30025	24973	24984	25002
2483	49.585961	0.034109	-0.280000	0.700000	0.250000	-0.046000	-0.018000	-0.010000	29972	30070	30025	24977	24991	24995
2484	49.586046	0.000085	-0.480000	0.590000	1.090000	-0.046000	-0.018000	-0.010000	29952	30059	30109	24977	24991	24995
2485	49.622553	0.036507	-0.200000	0.880000	0.870000	-0.046000	-0.018000	-0.010000	29980	30088	30087	24977	24991	24995
2486	49.656260	0.033706	-0.450000	0.410000	0.230000	-0.046000	-0.018000	-0.010000	29955	30041	30023	24977	24991	24995
2487	49.694158	0.037898	-0.430000	0.710000	0.560000	-0.046000	-0.018000	-0.010000	29957	30071	30056	24977	24991	24995
2488	49.731344	0.037186	-0.430000	0.710000	0.560000	-0.056000	-0.024000	-0.004000	29957	30071	30056	24972	24988	24998
2489	49.731428	0.000083	-0.840000	0.560000	0.570000	-0.056000	-0.024000	-0.004000	29916	30056	30057	24972	24988	24998
2490	49.764663	0.033235	-0.840000	0.560000	0.570000	-0.040000	-0.050000	-0.004000	29916	30056	30057	24980	24975	24998
2491	49.764778	0.000115	-0.640000	0.490000	0.860000	-0.040000	-0.050000	-0.004000	29936	30049	30086	24980	24975	24998
2492	49.796956	0.032178	-0.420000	0.270000	0.580000	-0.040000	-0.050000	-0.004000	29958	30027	30058	24980	24975	24998
2493	49.832580	0.035624	-0.200000	0.770000	0.570000	-0.040000	-0.050000	-0.004000	29980	30077	30057	24980	24975	24998
2494	49.865987	0.033407	-0.270000	0.980000	0.280000	-0.040000	-0.050000	-0.004000	29973	30098	30028	24980	24975	24998
2495	49.897314	0.031327	-0.270000	0.570000	1.390000	-0.040000	-0.050000	-0.004000	29973	30057	30139	24980	24975	24998
2496	49.931690	0.034376	-0.160000	0.920000	0.850000	-0.040000	-0.050000	-0.004000	29984	30092	30085	24980	24975	24998
2497	49.968914	0.037224	-0.160000	0.920000	0.850000	-0.068000	0.010000	0.002000	29984	30092	30085	24966	25005	25001
2498	49.969021	0.000107	-0.160000	0.920000	0.850000	-0.034000	-0.018000	-0.006000	29984	30092	30085	24983	24991	24997
2499	49.969046	0.000025	-0.750000	0.650000	0.310000	-0.034000	-0.018000	-0.006000	29925	30065	30031	24983	24991	24997
2500	50.039386	0.070339	-0.750000	0.650000	0.310000	-0.064000	-0.050000	-0.004000	29925	30065	30031	24968	24975	24998
2501	50.039557	0.000172	-0.810000	0.280000	0.880000	-0.064000	-0.050000	-0.004000	29919	30028	30088	24968	24975	24998
2502	50.076538	0.036981	-0.810000	0.280000	0.880000	-0.018000	-0.058000	0.020000	29919	30028	30088	24991	24971	25010
2503	50.076612	0.000074	-0.350000	1.270000	0.340000	-0.018000	-0.058000	0.020000	29965	30127	30034	24991	24971	25010
2504	50.108666	0.032054	-0.350000	1.270000	0.340000	-0.084000	-0.020000	-0.014000	29965	30127	30034	24958	24990	24993
2505	50.108772	0.000106	-0.120000	0.590000	0.580000	-0.084000	-0.020000	-0.014000	29988	30059	30058	24958	24990	24993
2506	50.138715	0.029944	-0.120000	0.590000	0.580000	-0.054000	-0.014000	0.004000	29988	30059	30058	24973	24993	25002
2507	50.138787	0.000072	-0.310000	0.740000	0.590000	-0.054000	-0.014000	0.004000	29969	30074	30059	24973	24993	25002
2508	50.169501	0.030714	-0.230000	0.250000	-0.310000	-0.054000	-0.014000	0.004000	29977	30025	29969	24973	24993	25002
2509	50.197823	0.028322	-0.460000	0.250000	0.570000	-0.054000	-0.014000	0.004000	29954	30025	30057	24973	24993	25002
2510	50.230821	0.032997	-0.400000	0.920000	0.320000	-0.054000	-0.014000	0.004000	29960	30092	30032	24973	24993	25002
2511	50.258853	0.028032	-0.620000	0.220000	0.320000	-0.054000	-0.014000	0.004000	29938	30022	30032	24973	24993	25002
2512	50.285731	0.026878	-0.210000	0.550000	0.560000	-0.054000	-0.014000	0.004000	29979	30055	30056	24973	24993	25002
2513	50.313414	0.027683	-0.210000	0.550000	0.560000	-0.056000	0.004000	0.004000	29979	30055	30056	24972	25002	25002
2514	50.313490	0.000076	-0.120000	0.940000	1.130000	-0.056000	0.004000	0.004000	29988	30094	30113	24972	25002	25002
2515	50.341495	0.028005	-0.120000	0.940000	1.130000	-0.072000	-0.002000	0.000000	29988	30094	30113	24964	24999	25000
2516	50.341615	0.000120	-0.560000	0.300000	-0.300000	-0.072000	-0.002000	0.000000	29944	30030	29970	24964	24999	25000
2517	50.368677	0.027062	-0.560000	0.300000	-0.300000	-0.048000	-0.048000	-0.010000	29944	30030	29970	24976	24976	24995
2518	50.368751	0.000074	-0.220000	0.750000	0.830000	-0.048000	-0.048000	-0.010000	29978	30075	30083	24976	24976	24995
2519	50.399816	0.031065	-0.440000	1.060000	0.620000	-0.048000	-0.048000	-0.010000	29956	30106	30062	24976	24976	24995
2520	50.433095	0.033279	-0.460000	0.440000	1.150000	-0.048000	-0.048000	-0.010000	29954	30044	30115	24976	24976	24995
2521	50.462635	0.029540	-0.270000	0.980000	1.090000	-0.048000	-0.048000	-0.010000	29973	30098	30109	24976	24976	24995
2522	50.490755	0.028119	-0.270000	0.980000	1.090000	-0.074000	0.004000	-0.008000	29973	30098	30109	24963	25002	24996
2523	50.490840	0.000086	-0.430000	1.090000	0.870000	-0.074000	0.004000	-0.008000	29957	30109	30087	24963	25002	24996
2524	50.518299	0.027458	-0.420000	0.490000	0.860000	-0.074000	0.004000	-0.008000	29958	30049	30086	24963	25002	24996
2525	50.547055	0.028756	-0.200000	0.850000	0.600000	-0.074000	0.004000	-0.008000	29980	30085	30060	24963	25002	24996
2526	50.582311	0.035256	-0.200000	0.850000	0.600000	-0.058000	-0.010000	-0.002000	29980	30085	30060	24971	24995	24999
2527	50.582388	0.000077	-0.310000	0.670000	0.570000	-0.058000	-0.010000	-0.002000	29969	30067	30057	24971	24995	24999
2528	50.612328	0.029940	-0.180000	1.190000	0.880000	-0.058000	-0.010000	-0.002000	29982	30119	30088	24971	24995	24999
2529	50.643352	0.031024	-0.330000	0.960000	1.120000	-0.058000	-0.010000	-0.002000	29967	30096	30112	24971	24995	24999
2530	50.672715	0.029363	-0.330000	0.960000	1.120000	-0.070000	0.002000	-0.002000	29967	30096	30112	24965	25001	24999
2531	50.672788	0.000073	-0.710000	0.840000	1.130000	-0.070000	0.002000	-0.002000	29929	30084	30113	24965	25001	24999
2532	50.702171	0.029383	-0.520000	0.420000	0.560000	-0.070000	0.002000	-0.002000	29948	30042	30056	24965	25001	24999
2533	50.735425	0.033254	-0.630000	0.640000	0.010000	-0.070000	0.002000	-0.002000	29937	30064	30001	24965	25001	24999
2534	50.767799	0.032374	0.110000	0.790000	0.270000	-0.070000	0.002000	-0.002000	30011	30079	30027	24965	25001	24999
2535	50.802336	0.034537	-0.740000	0.910000	0.280000	-0.070000	0.002000	-0.002000	29926	30091	30028	24965	25001	24999
2536	50.832676	0.030340	-0.740000	0.910000	0.280000	-0.072000	-0.030000	0.006000	29926	30091	30028	24964	24985	25003
2537	50.832819	0.000143	0.040000	1.240000	0.270000	-0.072000	-0.030000	0.006000	30004	30124	30027	24964	24985	25003
2538	50.874176	0.041357	-0.740000	0.680000	-0.020000	-0.072000	-0.030000	0.006000	29926	30068	29998	24964	24985	25003
2539	50.905441	0.031264	-0.740000	0.680000	-0.020000	-0.030000	-0.034000	0.002000	29926	30068	29998	24985	24983	25001
2540	50.905517	0.000077	-0.430000	0.280000	-0.020000	-0.030000	-0.034000	0.002000	29957	30028	29998	24985	24983	25001
2541	50.934644	0.029127	-0.490000	0.630000	0.260000	-0.030000	-0.034000	0.002000	29951	30063	30026	24985	24983	25001
2542	50.972405	0.037760	-0.220000	0.720000	0.850000	-0.030000	-0.034000	0.002000	29978	30072	30085	24985	24983	25001
2543	51.000243	0.027838	-0.220000	0.720000	0.850000	-0.066000	-0.020000	0.000000	29978	30072	30085	24967	24990	25000
2544	51.000322	0.000079	-0.510000	0.300000	0.830000	-0.066000	-0.020000	0.000000	29949	30030	30083	24967	24990	25000
2545	51.029628	0.029306	-0.510000	0.300000	0.830000	-0.050000	-0.004000	0.006000	29949	30030	30083	24975	24998	25003
2546	51.029700	0.000072	-0.510000	0.200000	0.620000	-0.050000	-0.004000	0.006000	29949	30020	30062	24975	24998	25003
2547	51.061410	0.031710	-0.060000	0.650000	0.220000	-0.050000	-0.004000	0.006000	29994	30065	30022	24975	24998	25003
2548	51.090584	0.029174	-0.110000	1.200000	0.540000	-0.050000	-0.004000	0.006000	29989	30120	30054	24975	24998	25003
2549	51.121272	0.030688	-0.110000	1.200000	0.540000	-0.086000	0.014000	-0.010000	29989	30120	30054	24957	25007	24995
2550	51.121356	0.000084	-0.260000	0.830000	0.280000	-0.086000	0.014000	-0.010000	29974	30083	30028	24957	25007	24995
2551	51.150979	0.029624	-0.950000	0.340000	0.250000	-0.086000	0.014000	-0.010000	29905	30034	30025	24957	25007	24995
2552	51.183680	0.032701	-0.950000	0.340000	0.250000	-0.004000	-0.064000	0.000000	29905	30034	30025	24998	24968	25000
2553	51.183812	0.000132	-0.700000	0.610000	0.310000	-0.004000	-0.064000	0.000000	29930	30061	30031	24998	24968	25000
2554	51.212988	0.029176	-0.800000	0.490000	0.280000	-0.004000	-0.064000	0.000000	29920	30049	30028	24998	24968	25000
2555	51.241780	0.028792	-0.800000	0.490000	0.280000	-0.014000	-0.030000	0.016000	29920	30049	30028	24993	24985	25008
2556	51.241856	0.000076	-0.520000	0.680000	0.260000	-0.014000	-0.030000	0.016000	29948	30068	30026	24993	24985	25008
2557	51.271535	0.029679	-0.460000	0.150000	0.290000	-0.014000	-0.030000	0.016000	29954	30015	30029	24993	24985	25008
2558	51.301232	0.029697	0.010000	0.880000	1.400000	-0.014000	-0.030000	0.016000	30001	30088	30140	24993	24985	25008
2559	51.328036	0.026804	-0.020000	0.760000	1.410000	-0.014000	-0.030000	0.016000	29998	30076	30141	24993	24985	25008
2560	51.360053	0.032017	-0.510000	0.690000	0.010000	-0.014000	-0.030000	0.016000	29949	30069	30001	24993	24985	25008
2561	51.393791	0.033738	-0.510000	0.690000	0.010000	-0.024000	-0.038000	0.008000	29949	30069	30001	24988	24981	25004
2562	51.393872	0.000081	-0.210000	0.610000	-0.040000	-0.024000	-0.038000	0.008000	29979	30061	29996	24988	24981	25004
2563	51.426681	0.032808	-0.210000	0.610000	-0.040000	-0.054000	-0.024000	-0.008000	29979	30061	29996	24973	24988	24996
2564	51.426759	0.000079	0.080000	0.940000	0.260000	-0.054000	-0.024000	-0.008000	30008	30094	30026	24973	24988	24996
2565	51.459976	0.033217	0.080000	0.940000	0.260000	-0.048000	0.028000	-0.018000	30008	30094	30026	24976	25014	24991
2566	51.460044	0.000069	-0.930000	-0.280000	1.120000	-0.048000	0.028000	-0.018000	29907	29972	30112	24976	25014	24991
2567	51.489137	0.029092	-0.930000	-0.280000	1.120000	0.038000	-0.062000	0.006000	29907	29972	30112	25019	24969	25003
2568	51.489216	0.000079	-0.200000	0.690000	1.160000	0.038000	-0.062000	0.006000	29980	30069	30116	25019	24969	25003
2569	51.529274	0.040058	-0.200000	0.690000	1.160000	-0.032000	-0.004000	-0.010000	29980	30069	30116	24984	24998	24995
2570	51.529367	0.000093	-0.410000	0.830000	0.560000	-0.032000	-0.004000	-0.010000	29959	30083	30056	24984	24998	24995
2571	51.559309	0.029942	0.150000	1.310000	1.130000	-0.032000	-0.004000	-0.010000	30015	30131	30113	24984	24998	24995
2572	51.591421	0.032112	0.150000	1.310000	1.130000	-0.090000	0.018000	-0.002000	30015	30131	30113	24955	25009	24999
2573	51.591506	0.000086	-0.100000	0.470000	0.520000	-0.090000	0.018000	-0.002000	29990	30047	30052	24955	25009	24999
2574	51.623395	0.031889	-0.500000	0.290000	0.310000	-0.090000	0.018000	-0.002000	29950	30029	30031	24955	25009	24999
2575	51.660489	0.037093	-0.500000	0.290000	0.310000	-0.016000	-0.032000	0.006000	29950	30029	30031	24992	24984	25003
2576	51.660556	0.000067	-0.790000	0.120000	0.560000	-0.016000	-0.032000	0.006000	29921	30012	30056	24992	24984	25003
2577	51.689719	0.029163	-0.790000	0.120000	0.560000	-0.052000	-0.034000	-0.006000	29921	30012	30056	24974	24983	24997
2578	51.689821	0.000101	-0.130000	1.260000	0.830000	-0.052000	-0.034000	-0.006000	29987	30126	30083	24974	24983	24997
2579	51.719353	0.029533	-0.130000	1.260000	0.830000	-0.052000	-0.034000	-0.006000	29987	30126	30083	24974	24983	24997
2580	51.748687	0.029334	-0.200000	0.760000	0.850000	-0.052000	-0.034000	-0.006000	29980	30076	30085	24974	24983	24997
2581	51.779311	0.030624	-0.200000	0.760000	0.850000	-0.044000	-0.010000	0.002000	29980	30076	30085	24978	24995	25001
2582	51.779391	0.000080	-0.490000	0.470000	1.160000	-0.044000	-0.010000	0.002000	29951	30047	30116	24978	24995	25001
2583	51.810032	0.030641	-0.290000	0.470000	1.160000	-0.044000	-0.010000	0.002000	29971	30047	30116	24978	24995	25001
2584	51.839143	0.029111	-0.730000	1.080000	0.580000	-0.044000	-0.010000	0.002000	29927	30108	30058	24978	24995	25001
2585	51.866447	0.027305	-0.650000	0.870000	0.590000	-0.044000	-0.010000	0.002000	29935	30087	30059	24978	24995	25001
2586	51.896556	0.030108	-0.150000	0.710000	0.320000	-0.044000	-0.010000	0.002000	29985	30071	30032	24978	24995	25001
2587	51.926013	0.029457	-0.250000	0.300000	0.780000	-0.044000	-0.010000	0.002000	29975	30030	30078	24978	24995	25001
2588	51.968149	0.042136	-0.250000	0.300000	0.780000	-0.040000	-0.022000	-0.010000	29975	30030	30078	24980	24989	24995
2589	51.968271	0.000122	-0.250000	0.300000	0.780000	-0.026000	-0.008000	-0.002000	29975	30030	30078	24987	24996	24999
2590	51.968342	0.000071	-0.850000	0.450000	0.280000	-0.026000	-0.008000	-0.002000	29915	30045	30028	24987	24996	24999
2591	51.997273	0.028931	-0.750000	1.030000	0.600000	-0.026000	-0.008000	-0.002000	29925	30103	30060	24987	24996	24999
2592	52.031936	0.034664	-0.350000	0.550000	0.580000	-0.026000	-0.008000	-0.002000	29965	30055	30058	24987	24996	24999
2593	52.064787	0.032850	-0.350000	0.550000	0.580000	-0.036000	-0.032000	0.006000	29965	30055	30058	24982	24984	25003
2594	52.064877	0.000090	-0.880000	0.310000	0.020000	-0.036000	-0.032000	0.006000	29912	30031	30002	24982	24984	25003
2595	52.100343	0.035466	-0.880000	0.310000	0.020000	-0.014000	-0.052000	0.008000	29912	30031	30002	24993	24974	25004
2596	52.100494	0.000152	-0.460000	0.840000	-0.260000	-0.014000	-0.052000	0.008000	29954	30084	29974	24993	24974	25004
2597	52.128095	0.027601	-0.460000	0.840000	-0.260000	-0.014000	-0.052000	0.008000	29954	30084	29974	24993	24974	25004
2598	52.157665	0.029569	-0.210000	0.330000	0.830000	-0.014000	-0.052000	0.008000	29979	30033	30083	24993	24974	25004
2599	52.188574	0.030909	-0.210000	0.330000	0.830000	-0.016000	-0.038000	0.000000	29979	30033	30083	24992	24981	25000
2600	52.188699	0.000126	-0.050000	0.700000	-0.030000	-0.016000	-0.038000	0.000000	29995	30070	29997	24992	24981	25000
2601	52.220716	0.032016	-0.050000	0.700000	-0.030000	-0.054000	0.008000	0.000000	29995	30070	29997	24973	25004	25000
2602	52.220782	0.000066	-1.000000	0.030000	0.300000	-0.054000	0.008000	0.000000	29900	30003	30030	24973	25004	25000
2603	52.280865	0.060083	0.060000	0.530000	0.570000	-0.054000	0.008000	0.000000	30006	30053	30057	24973	25004	25000
2604	52.311385	0.030520	-0.420000	0.970000	0.550000	-0.054000	0.008000	0.000000	29958	30097	30055	24973	25004	25000
2605	52.340349	0.028964	-0.680000	0.430000	-0.270000	-0.054000	0.008000	0.000000	29932	30043	29973	24973	25004	25000
2606	52.372535	0.032185	-0.220000	0.230000	0.010000	-0.054000	0.008000	0.000000	29978	30023	30001	24973	25004	25000
2607	52.405295	0.032760	-0.260000	-0.040000	0.550000	-0.054000	0.008000	0.000000	29974	29996	30055	24973	25004	25000
2608	52.463146	0.057851	-0.500000	0.750000	0.320000	-0.054000	0.008000	0.000000	29950	30075	30032	24973	25004	25000
2609	52.490658	0.027512	-0.500000	0.750000	0.320000	-0.026000	-0.008000	-0.008000	29950	30075	30032	24987	24996	24996
2610	52.490718	0.000060	-1.070000	0.690000	0.570000	-0.026000	-0.008000	-0.008000	29893	30069	30057	24987	24996	24996
2611	52.518990	0.028272	-0.720000	0.410000	0.220000	-0.026000	-0.008000	-0.008000	29928	30041	30022	24987	24996	24996
2612	52.547369	0.028379	-0.720000	0.410000	0.220000	-0.050000	-0.056000	-0.016000	29928	30041	30022	24975	24972	24992
2613	52.547442	0.000073	-0.380000	0.810000	0.520000	-0.050000	-0.056000	-0.016000	29962	30081	30052	24975	24972	24992
2614	52.579378	0.031936	-0.380000	0.810000	0.520000	-0.060000	-0.022000	-0.012000	29962	30081	30052	24970	24989	24994
2615	52.579442	0.000064	-0.520000	0.390000	0.300000	-0.060000	-0.022000	-0.012000	29948	30039	30030	24970	24989	24994
2616	52.608687	0.029246	-0.170000	0.100000	0.850000	-0.060000	-0.022000	-0.012000	29983	30010	30085	24970	24989	24994
2617	52.638349	0.029661	-0.170000	0.100000	0.850000	0.000000	-0.014000	-0.020000	29983	30010	30085	25000	24993	24990
2618	52.638419	0.000071	-0.810000	0.460000	1.160000	0.000000	-0.014000	-0.020000	29919	30046	30116	25000	24993	24990
2619	52.665633	0.027213	-0.880000	0.590000	0.570000	0.000000	-0.014000	-0.020000	29912	30059	30057	25000	24993	24990
2620	52.692320	0.026688	-0.630000	0.600000	0.330000	0.000000	-0.014000	-0.020000	29937	30060	30033	25000	24993	24990
2621	52.725260	0.032940	-0.630000	0.600000	0.330000	-0.048000	-0.048000	0.008000	29937	30060	30033	24976	24976	25004
2622	52.725336	0.000076	-0.240000	0.990000	0.560000	-0.048000	-0.048000	0.008000	29976	30099	30056	24976	24976	25004
2623	52.759948	0.034612	-0.460000	0.580000	0.310000	-0.048000	-0.048000	0.008000	29954	30058	30031	24976	24976	25004
2624	52.788899	0.028951	-0.460000	0.580000	0.310000	-0.010000	-0.014000	-0.010000	29954	30058	30031	24995	24993	24995
2625	52.789001	0.000102	-1.340000	0.000000	0.360000	-0.010000	-0.014000	-0.010000	29866	30000	30036	24995	24993	24995
2626	52.816512	0.027511	-0.380000	0.400000	1.140000	-0.010000	-0.014000	-0.010000	29962	30040	30114	24995	24993	24995
2627	52.845356	0.028844	-0.380000	0.400000	1.140000	-0.044000	-0.028000	-0.002000	29962	30040	30114	24978	24986	24999
2628	52.845438	0.000083	-0.660000	0.290000	0.280000	-0.044000	-0.028000	-0.002000	29934	30029	30028	24978	24986	24999
2629	52.872576	0.027137	-0.580000	0.730000	1.160000	-0.044000	-0.028000	-0.002000	29942	30073	30116	24978	24986	24999
2630	52.904502	0.031926	-0.420000	0.700000	0.560000	-0.044000	-0.028000	-0.002000	29958	30070	30056	24978	24986	24999
2631	52.941404	0.036902	-0.240000	0.720000	0.290000	-0.044000	-0.028000	-0.002000	29976	30072	30029	24978	24986	24999
2632	52.970181	0.028777	-0.660000	1.030000	1.140000	-0.044000	-0.028000	-0.002000	29934	30103	30114	24978	24986	24999
2633	53.001422	0.031241	-0.660000	1.030000	1.140000	-0.054000	-0.028000	-0.008000	29934	30103	30114	24973	24986	24996
2634	53.001492	0.000070	-0.070000	0.390000	0.860000	-0.054000	-0.028000	-0.008000	29993	30039	30086	24973	24986	24996
2635	53.032757	0.031264	-0.070000	0.390000	0.860000	-0.026000	0.002000	0.006000	29993	30039	30086	24987	25001	25003
2636	53.032850	0.000093	-0.070000	1.020000	0.570000	-0.026000	0.002000	0.006000	29993	30102	30057	24987	25001	25003
2637	53.066475	0.033625	-0.360000	0.790000	1.460000	-0.026000	0.002000	0.006000	29964	30079	30146	24987	25001	25003
2638	53.099951	0.033476	-0.360000	0.790000	1.460000	-0.064000	-0.028000	0.010000	29964	30079	30146	24968	24986	25005
2639	53.100040	0.000088	-0.510000	0.690000	0.560000	-0.064000	-0.028000	0.010000	29949	30069	30056	24968	24986	25005
2640	53.128337	0.028297	-0.610000	0.470000	0.850000	-0.064000	-0.028000	0.010000	29939	30047	30085	24968	24986	25005
2641	53.162770	0.034433	-0.200000	0.150000	0.880000	-0.064000	-0.028000	0.010000	29980	30015	30088	24968	24986	25005
2642	53.193532	0.030762	-0.450000	0.710000	1.190000	-0.064000	-0.028000	0.010000	29955	30071	30119	24968	24986	25005
2643	53.262487	0.068955	-0.450000	0.710000	1.190000	-0.060000	-0.062000	0.008000	29955	30071	30119	24970	24969	25004
2644	53.262649	0.000162	-0.450000	0.710000	1.190000	-0.034000	-0.048000	0.004000	29955	30071	30119	24983	24976	25002
2645	53.262670	0.000021	-0.880000	0.710000	0.840000	-0.034000	-0.048000	0.004000	29912	30071	30084	24983	24976	25002
2646	53.295407	0.032737	-0.250000	0.720000	0.830000	-0.034000	-0.048000	0.004000	29975	30072	30083	24983	24976	25002
2647	53.325863	0.030456	-0.310000	0.150000	1.100000	-0.034000	-0.048000	0.004000	29969	30015	30110	24983	24976	25002
2648	53.368218	0.042354	-0.690000	0.370000	1.110000	-0.034000	-0.048000	0.004000	29931	30037	30111	24983	24976	25002
2649	53.403310	0.035092	-0.590000	0.690000	1.140000	-0.034000	-0.048000	0.004000	29941	30069	30114	24983	24976	25002
2650	53.437365	0.034055	-0.450000	0.740000	0.030000	-0.034000	-0.048000	0.004000	29955	30074	30003	24983	24976	25002
2651	53.467991	0.030626	-0.450000	0.740000	0.030000	-0.080000	0.006000	-0.002000	29955	30074	30003	24960	25003	24999
2652	53.468076	0.000086	-0.110000	0.880000	0.020000	-0.080000	0.006000	-0.002000	29989	30088	30002	24960	25003	24999
2653	53.502647	0.034571	-0.110000	0.880000	0.020000	-0.064000	-0.008000	0.008000	29989	30088	30002	24968	24996	25004
2654	53.502722	0.000074	-0.110000	0.880000	0.020000	0.018000	-0.036000	0.002000	29989	30088	30002	25009	24982	25001
2655	53.502745	0.000023	-0.870000	0.310000	1.150000	0.018000	-0.036000	0.002000	29913	30031	30115	25009	24982	25001
2656	53.529233	0.026488	-0.410000	0.580000	1.160000	0.018000	-0.036000	0.002000	29959	30058	30116	25009	24982	25001
2657	53.557121	0.027888	-0.590000	0.650000	1.120000	0.018000	-0.036000	0.002000	29941	30065	30112	25009	24982	25001
2658	53.585306	0.028185	-0.360000	0.970000	1.120000	0.018000	-0.036000	0.002000	29964	30097	30112	25009	24982	25001
2659	53.623164	0.037858	-0.340000	1.120000	-0.030000	0.018000	-0.036000	0.002000	29966	30112	29997	25009	24982	25001
2660	53.654817	0.031653	-0.130000	0.690000	0.540000	0.018000	-0.036000	0.002000	29987	30069	30054	25009	24982	25001
2661	53.687099	0.032282	0.390000	0.330000	1.170000	0.018000	-0.036000	0.002000	30039	30033	30117	25009	24982	25001
2662	53.719348	0.032250	-0.690000	0.720000	0.570000	0.018000	-0.036000	0.002000	29931	30072	30057	25009	24982	25001
2663	53.750059	0.030711	-0.690000	0.720000	0.570000	-0.052000	-0.006000	-0.006000	29931	30072	30057	24974	24997	24997
2664	53.750148	0.000089	-0.960000	0.270000	0.310000	-0.052000	-0.006000	-0.006000	29904	30027	30031	24974	24997	24997
2665	53.783213	0.033064	-0.960000	0.270000	0.310000	0.000000	-0.058000	0.008000	29904	30027	30031	25000	24971	25004
2666	53.783306	0.000094	-0.960000	0.270000	0.310000	0.002000	-0.058000	-0.010000	29904	30027	30031	25001	24971	24995
2667	53.783338	0.000032	-0.570000	-0.140000	1.110000	0.002000	-0.058000	-0.010000	29943	29986	30111	25001	24971	24995
2668	53.813159	0.029821	-0.260000	0.510000	0.620000	0.002000	-0.058000	-0.010000	29974	30051	30062	25001	24971	24995
2669	53.841252	0.028093	-0.040000	1.060000	0.820000	0.002000	-0.058000	-0.010000	29996	30106	30082	25001	24971	24995
2670	53.870749	0.029497	-0.160000	0.770000	-0.010000	0.002000	-0.058000	-0.010000	29984	30077	29999	25001	24971	24995
2671	53.896989	0.026240	-0.220000	0.890000	0.310000	0.002000	-0.058000	-0.010000	29978	30089	30031	25001	24971	24995
2672	53.932999	0.036010	-0.220000	0.890000	0.310000	-0.056000	-0.012000	-0.002000	29978	30089	30031	24972	24994	24999
2673	53.933115	0.000116	-0.220000	0.890000	0.310000	-0.068000	-0.020000	-0.004000	29978	30089	30031	24966	24990	24998
2674	53.933147	0.000032	-0.460000	0.930000	0.880000	-0.068000	-0.020000	-0.004000	29954	30093	30088	24966	24990	24998
2675	53.972934	0.039787	-0.460000	0.930000	0.880000	-0.052000	0.004000	0.004000	29954	30093	30088	24974	25002	25002
2676	53.973050	0.000116	0.010000	0.630000	-0.030000	-0.052000	0.004000	0.004000	30001	30063	29997	24974	25002	25002
2677	54.004966	0.031915	-0.330000	0.590000	0.540000	-0.052000	0.004000	0.004000	29967	30059	30054	24974	25002	25002
2678	54.035315	0.030349	-0.650000	0.250000	0.880000	-0.052000	0.004000	0.004000	29935	30025	30088	24974	25002	25002
2679	54.068849	0.033534	-0.640000	0.720000	0.840000	-0.052000	0.004000	0.004000	29936	30072	30084	24974	25002	25002
2680	54.099337	0.030488	-0.070000	0.810000	1.710000	-0.052000	0.004000	0.004000	29993	30081	30171	24974	25002	25002
2681	54.130767	0.031430	-0.200000	0.540000	0.840000	-0.052000	0.004000	0.004000	29980	30054	30084	24974	25002	25002
2682	54.161615	0.030848	-0.470000	0.200000	0.300000	-0.052000	0.004000	0.004000	29953	30020	30030	24974	25002	25002
2683	54.196763	0.035148	-0.470000	0.200000	0.300000	-0.014000	-0.044000	0.010000	29953	30020	30030	24993	24978	25005
2684	54.196851	0.000088	-0.630000	0.420000	0.270000	-0.014000	-0.044000	0.010000	29937	30042	30027	24993	24978	25005
2685	54.226525	0.029674	-0.630000	0.420000	0.270000	-0.002000	-0.016000	-0.012000	29937	30042	30027	24999	24992	24994
2686	54.226655	0.000130	0.110000	1.050000	0.830000	-0.002000	-0.016000	-0.012000	30011	30105	30083	24999	24992	24994
2687	54.267122	0.040467	0.110000	1.050000	0.830000	-0.064000	0.026000	-0.016000	30011	30105	30083	24968	25013	24992
2688	54.267211	0.000088	-0.300000	0.630000	0.830000	-0.064000	0.026000	-0.016000	29970	30063	30083	24968	25013	24992
2689	54.299179	0.031968	-0.610000	0.780000	-0.240000	-0.064000	0.026000	-0.016000	29939	30078	29976	24968	25013	24992
2690	54.333210	0.034031	-0.610000	0.780000	-0.240000	-0.046000	-0.030000	0.002000	29939	30078	29976	24977	24985	25001
2691	54.333329	0.000119	-0.370000	0.830000	1.130000	-0.046000	-0.030000	0.002000	29963	30083	30113	24977	24985	25001
2692	54.368705	0.035376	-0.370000	0.830000	1.130000	-0.074000	-0.046000	-0.004000	29963	30083	30113	24963	24977	24998
2693	54.368832	0.000127	-0.340000	0.690000	0.260000	-0.074000	-0.046000	-0.004000	29966	30069	30026	24963	24977	24998
2694	54.409741	0.040909	-0.540000	0.320000	-0.050000	-0.074000	-0.046000	-0.004000	29946	30032	29995	24963	24977	24998
2695	54.444259	0.034518	-0.540000	0.320000	-0.050000	-0.016000	-0.026000	-0.010000	29946	30032	29995	24992	24987	24995
2696	54.444352	0.000093	-0.600000	0.390000	0.320000	-0.016000	-0.026000	-0.010000	29940	30039	30032	24992	24987	24995
2697	54.479227	0.034875	0.090000	0.950000	0.830000	-0.016000	-0.026000	-0.010000	30009	30095	30083	24992	24987	24995
2698	54.511904	0.032677	0.090000	0.950000	0.830000	-0.084000	0.014000	0.002000	30009	30095	30083	24958	25007	25001
2699	54.512074	0.000170	-0.400000	0.700000	-0.560000	-0.084000	0.014000	0.002000	29960	30070	29944	24958	25007	25001
2700	54.547461	0.035387	0.000000	0.150000	0.530000	-0.084000	0.014000	0.002000	30000	30015	30053	24958	25007	25001
2701	54.585598	0.038137	-0.160000	0.410000	0.000000	-0.084000	0.014000	0.002000	29984	30041	30000	24958	25007	25001
2702	54.617416	0.031818	-0.160000	0.410000	0.000000	-0.030000	-0.002000	0.000000	29984	30041	30000	24985	24999	25000
2703	54.617489	0.000073	-0.150000	0.680000	0.530000	-0.030000	-0.002000	0.000000	29985	30068	30053	24985	24999	25000
2704	54.650247	0.032758	-0.460000	0.770000	0.850000	-0.030000	-0.002000	0.000000	29954	30077	30085	24985	24999	25000
2705	54.682840	0.032593	-0.490000	0.350000	1.150000	-0.030000	-0.002000	0.000000	29951	30035	30115	24985	24999	25000
2706	54.710337	0.027497	-0.490000	0.350000	1.150000	-0.040000	-0.042000	-0.002000	29951	30035	30115	24980	24979	24999
2707	54.710420	0.000083	-0.260000	0.840000	-0.260000	-0.040000	-0.042000	-0.002000	29974	30084	29974	24980	24979	24999
2708	54.740929	0.030509	-0.810000	0.220000	0.850000	-0.040000	-0.042000	-0.002000	29919	30022	30085	24980	24979	24999
2709	54.772135	0.031206	0.080000	0.800000	0.250000	-0.040000	-0.042000	-0.002000	30008	30080	30025	24980	24979	24999
2710	54.803714	0.031579	-0.470000	0.600000	1.180000	-0.040000	-0.042000	-0.002000	29953	30060	30118	24980	24979	24999
2711	54.837115	0.033401	-0.220000	0.650000	0.560000	-0.040000	-0.042000	-0.002000	29978	30065	30056	24980	24979	24999
2712	54.866802	0.029687	-0.220000	0.650000	0.560000	-0.058000	-0.030000	-0.006000	29978	30065	30056	24971	24985	24997
2713	54.866860	0.000057	-0.220000	0.650000	0.560000	-0.022000	-0.044000	-0.008000	29978	30065	30056	24989	24978	24996
2714	54.866875	0.000015	-0.690000	0.460000	-0.270000	-0.022000	-0.044000	-0.008000	29931	30046	29973	24989	24978	24996
2715	54.898873	0.031999	-0.610000	0.230000	0.830000	-0.022000	-0.044000	-0.008000	29939	30023	30083	24989	24978	24996
2716	54.930646	0.031773	-0.810000	0.930000	0.290000	-0.022000	-0.044000	-0.008000	29919	30093	30029	24989	24978	24996
2717	54.963999	0.033353	-0.810000	0.930000	0.290000	-0.072000	-0.070000	-0.008000	29919	30093	30029	24964	24965	24996
2718	54.964074	0.000075	-0.550000	-0.090000	0.550000	-0.072000	-0.070000	-0.008000	29945	29991	30055	24964	24965	24996
2719	54.994949	0.030875	-0.250000	0.770000	0.880000	-0.072000	-0.070000	-0.008000	29975	30077	30088	24964	24965	24996
2720	55.025291	0.030342	-0.550000	0.270000	1.130000	-0.072000	-0.070000	-0.008000	29945	30027	30113	24964	24965	24996
2721	55.058974	0.033683	-0.550000	0.270000	1.130000	-0.022000	-0.038000	-0.006000	29945	30027	30113	24989	24981	24997
2722	55.059136	0.000162	0.160000	0.570000	0.250000	-0.022000	-0.038000	-0.006000	30016	30057	30025	24989	24981	24997
2723	55.089214	0.030078	-0.240000	0.570000	0.580000	-0.022000	-0.038000	-0.006000	29976	30057	30058	24989	24981	24997
2724	55.122416	0.033202	-0.240000	0.570000	0.580000	-0.046000	-0.006000	-0.012000	29976	30057	30058	24977	24997	24994
2725	55.122490	0.000074	-0.090000	0.850000	1.120000	-0.046000	-0.006000	-0.012000	29991	30085	30112	24977	24997	24994
2726	55.161533	0.039043	-0.090000	0.850000	1.120000	-0.026000	0.012000	-0.006000	29991	30085	30112	24987	25006	24997
2727	55.161599	0.000066	-0.660000	-0.220000	0.600000	-0.026000	0.012000	-0.006000	29934	29978	30060	24987	25006	24997
2728	55.191356	0.029757	-0.140000	0.730000	1.130000	-0.026000	0.012000	-0.006000	29986	30073	30113	24987	25006	24997
2729	55.224566	0.033209	-0.470000	0.720000	0.550000	-0.026000	0.012000	-0.006000	29953	30072	30055	24987	25006	24997
2730	55.254337	0.029771	-0.670000	0.730000	0.320000	-0.026000	0.012000	-0.006000	29933	30073	30032	24987	25006	24997
2731	55.286331	0.031994	-0.670000	0.730000	0.320000	-0.046000	-0.044000	-0.004000	29933	30073	30032	24977	24978	24998
2732	55.286417	0.000087	-0.440000	-0.230000	1.690000	-0.046000	-0.044000	-0.004000	29956	29977	30169	24977	24978	24998
2733	55.316350	0.029932	-0.440000	-0.230000	1.690000	0.022000	-0.044000	-0.014000	29956	29977	30169	25011	24978	24993
2734	55.316416	0.000067	-0.660000	0.600000	0.610000	0.022000	-0.044000	-0.014000	29934	30060	30061	25011	24978	24993
2735	55.344796	0.028380	-0.660000	0.600000	0.610000	-0.034000	-0.054000	0.006000	29934	30060	30061	24983	24973	25003
2736	55.344871	0.000075	-0.480000	0.100000	0.310000	-0.034000	-0.054000	0.006000	29952	30010	30031	24983	24973	25003
2737	55.377939	0.033068	-0.050000	0.780000	-0.300000	-0.034000	-0.054000	0.006000	29995	30078	29970	24983	24973	25003
2738	55.410727	0.032787	-0.050000	0.780000	-0.300000	-0.040000	0.018000	-0.002000	29995	30078	29970	24980	25009	24999
2739	55.410793	0.000066	-0.180000	0.670000	0.550000	-0.040000	0.018000	-0.002000	29982	30067	30055	24980	25009	24999
2740	55.438471	0.027678	-0.210000	1.110000	0.830000	-0.040000	0.018000	-0.002000	29979	30111	30083	24980	25009	24999
2741	55.468204	0.029732	-0.110000	0.580000	0.880000	-0.040000	0.018000	-0.002000	29989	30058	30088	24980	25009	24999
2742	55.502738	0.034535	-0.080000	1.230000	1.690000	-0.040000	0.018000	-0.002000	29992	30123	30169	24980	25009	24999
2743	55.533241	0.030502	-0.120000	0.580000	0.860000	-0.040000	0.018000	-0.002000	29988	30058	30086	24980	25009	24999
2744	55.562914	0.029673	-0.120000	0.580000	0.860000	-0.028000	0.008000	0.008000	29988	30058	30086	24986	25004	25004
2745	55.563097	0.000183	-0.230000	0.840000	0.900000	-0.028000	0.008000	0.008000	29977	30084	30090	24986	25004	25004
2746	55.594706	0.031610	-0.130000	0.610000	1.150000	-0.028000	0.008000	0.008000	29987	30061	30115	24986	25004	25004
2747	55.628828	0.034122	-0.130000	0.610000	1.150000	-0.060000	-0.032000	0.008000	29987	30061	30115	24970	24984	25004
2748	55.628994	0.000166	-0.160000	-0.030000	0.790000	-0.060000	-0.032000	0.008000	29984	29997	30079	24970	24984	25004
2749	55.659879	0.030885	-0.470000	0.930000	0.580000	-0.060000	-0.032000	0.008000	29953	30093	30058	24970	24984	25004
2750	55.692576	0.032697	-0.240000	0.950000	0.860000	-0.060000	-0.032000	0.008000	29976	30095	30086	24970	24984	25004
2751	55.721895	0.029319	-0.360000	0.200000	0.580000	-0.060000	-0.032000	0.008000	29964	30020	30058	24970	24984	25004
2752	55.757318	0.035423	-0.670000	0.080000	0.890000	-0.060000	-0.032000	0.008000	29933	30008	30089	24970	24984	25004
2753	55.791437	0.034120	-0.670000	0.540000	1.190000	-0.060000	-0.032000	0.008000	29933	30054	30119	24970	24984	25004
2754	55.831592	0.040154	-0.670000	0.540000	1.190000	-0.046000	-0.044000	0.002000	29933	30054	30119	24977	24978	25001
2755	55.831655	0.000064	-0.540000	0.700000	0.280000	-0.046000	-0.044000	0.002000	29946	30070	30028	24977	24978	25001
2756	55.863128	0.031473	-0.670000	0.180000	0.570000	-0.046000	-0.044000	0.002000	29933	30018	30057	24977	24978	25001
2757	55.892728	0.029599	-0.600000	1.050000	-0.020000	-0.046000	-0.044000	0.002000	29940	30105	29998	24977	24978	25001
2758	55.922350	0.029623	0.050000	0.000000	1.450000	-0.046000	-0.044000	0.002000	30005	30000	30145	24977	24978	25001
2759	55.955990	0.033640	0.050000	0.000000	1.450000	0.014000	-0.004000	0.008000	30005	30000	30145	25007	24998	25004
2760	55.956062	0.000072	-0.610000	0.280000	0.920000	0.014000	-0.004000	0.008000	29939	30028	30092	25007	24998	25004
2761	55.982858	0.026796	-0.530000	0.150000	-0.020000	0.014000	-0.004000	0.008000	29947	30015	29998	25007	24998	25004
2762	56.014827	0.031969	-0.530000	0.150000	-0.020000	0.004000	-0.024000	0.006000	29947	30015	29998	25002	24988	25003
2763	56.014939	0.000112	-0.500000	0.640000	0.820000	0.004000	-0.024000	0.006000	29950	30064	30082	25002	24988	25003
2764	56.048184	0.033246	-0.600000	1.150000	0.270000	0.004000	-0.024000	0.006000	29940	30115	30027	25002	24988	25003
2765	56.079693	0.031509	-0.260000	0.660000	0.030000	0.004000	-0.024000	0.006000	29974	30066	30003	25002	24988	25003
2766	56.111498	0.031805	-0.220000	0.930000	1.440000	0.004000	-0.024000	0.006000	29978	30093	30144	25002	24988	25003
2767	56.142561	0.031062	-0.220000	0.930000	1.440000	-0.054000	-0.004000	-0.016000	29978	30093	30144	24973	24998	24992
2768	56.142636	0.000076	-0.220000	0.930000	1.440000	0.008000	-0.048000	-0.006000	29978	30093	30144	25004	24976	24997
2769	56.142661	0.000024	-0.500000	0.360000	0.890000	0.008000	-0.048000	-0.006000	29950	30036	30089	25004	24976	24997
2770	56.174819	0.032158	-0.060000	0.680000	0.810000	0.008000	-0.048000	-0.006000	29994	30068	30081	25004	24976	24997
2771	56.206770	0.031951	0.030000	0.850000	1.160000	0.008000	-0.048000	-0.006000	30003	30085	30116	25004	24976	24997
2772	56.241327	0.034556	-0.310000	0.650000	0.860000	0.008000	-0.048000	-0.006000	29969	30065	30086	25004	24976	24997
2773	56.269356	0.028029	-0.470000	0.340000	0.260000	0.008000	-0.048000	-0.006000	29953	30034	30026	25004	24976	24997
2774	56.306867	0.037511	-0.470000	0.340000	0.260000	-0.088000	0.000000	0.002000	29953	30034	30026	24956	25000	25001
2775	56.306945	0.000078	-0.180000	0.740000	0.870000	-0.088000	0.000000	0.002000	29982	30074	30087	24956	25000	25001
2776	56.339499	0.032553	-0.180000	0.740000	0.870000	-0.056000	-0.004000	-0.002000	29982	30074	30087	24972	24998	24999
2777	56.339575	0.000077	-0.180000	0.740000	0.870000	-0.056000	-0.004000	-0.002000	29982	30074	30087	24972	24998	24999
2778	56.369362	0.029787	-0.580000	0.200000	0.270000	-0.056000	-0.004000	-0.002000	29942	30020	30027	24972	24998	24999
2779	56.400485	0.031123	-0.580000	0.200000	0.270000	-0.024000	-0.050000	-0.008000	29942	30020	30027	24988	24975	24996
2780	56.400588	0.000102	-0.890000	0.070000	0.840000	-0.024000	-0.050000	-0.008000	29911	30007	30084	24988	24975	24996
2781	56.430488	0.029900	-0.890000	0.070000	0.840000	0.006000	-0.060000	-0.006000	29911	30007	30084	25003	24970	24997
2782	56.430600	0.000112	-0.890000	0.070000	0.840000	-0.060000	0.006000	-0.012000	29911	30007	30084	24970	25003	24994
2783	56.430709	0.000109	-0.540000	0.620000	0.870000	-0.060000	0.006000	-0.012000	29946	30062	30087	24970	25003	24994
2784	56.463012	0.032303	-0.810000	-0.220000	0.560000	-0.060000	0.006000	-0.012000	29919	29978	30056	24970	25003	24994
2785	56.489811	0.026800	-0.810000	-0.220000	0.560000	0.040000	-0.058000	0.006000	29919	29978	30056	25020	24971	25003
2786	56.489901	0.000090	-0.220000	0.060000	0.530000	0.040000	-0.058000	0.006000	29978	30006	30053	25020	24971	25003
2787	56.515825	0.025925	-0.670000	0.430000	0.580000	0.040000	-0.058000	0.006000	29933	30043	30058	25020	24971	25003
2788	56.542884	0.027058	-1.110000	0.110000	-0.270000	0.040000	-0.058000	0.006000	29889	30011	29973	25020	24971	25003
2789	56.570700	0.027816	-0.240000	0.630000	0.810000	0.040000	-0.058000	0.006000	29976	30063	30081	25020	24971	25003
2790	56.600500	0.029800	-0.240000	0.630000	0.810000	-0.102000	-0.002000	0.000000	29976	30063	30081	24949	24999	25000
2791	56.600712	0.000212	-0.130000	1.310000	0.260000	-0.102000	-0.002000	0.000000	29987	30131	30026	24949	24999	25000
2792	56.630059	0.029347	-0.130000	1.310000	0.260000	-0.100000	-0.012000	-0.004000	29987	30131	30026	24950	24994	24998
2793	56.630117	0.000059	-0.450000	0.200000	1.080000	-0.100000	-0.012000	-0.004000	29955	30020	30108	24950	24994	24998
2794	56.659665	0.029548	-0.450000	0.200000	1.080000	-0.034000	-0.030000	-0.016000	29955	30020	30108	24983	24985	24992
2795	56.659743	0.000078	-0.450000	0.200000	1.080000	-0.028000	0.016000	-0.008000	29955	30020	30108	24986	25008	24996
2796	56.659765	0.000022	0.060000	0.820000	0.570000	-0.028000	0.016000	-0.008000	30006	30082	30057	24986	25008	24996
2797	56.687696	0.027931	-0.610000	-0.090000	1.440000	-0.028000	0.016000	-0.008000	29939	29991	30144	24986	25008	24996
2798	56.721206	0.033510	-0.350000	1.070000	0.840000	-0.028000	0.016000	-0.008000	29965	30107	30084	24986	25008	24996
2799	56.752052	0.030846	-0.350000	1.070000	0.840000	-0.062000	-0.002000	-0.004000	29965	30107	30084	24969	24999	24998
2800	56.752126	0.000074	0.160000	0.140000	-0.030000	-0.062000	-0.002000	-0.004000	30016	30014	29997	24969	24999	24998
2801	56.786069	0.033943	0.160000	0.140000	-0.030000	-0.016000	0.000000	-0.002000	30016	30014	29997	24992	25000	24999
2802	56.786152	0.000083	-0.150000	0.440000	0.850000	-0.016000	0.000000	-0.002000	29985	30044	30085	24992	25000	24999
2803	56.813796	0.027645	-0.240000	-0.010000	0.570000	-0.016000	0.000000	-0.002000	29976	29999	30057	24992	25000	24999
2804	56.846567	0.032771	0.020000	0.250000	1.420000	-0.016000	0.000000	-0.002000	30002	30025	30142	24992	25000	24999
2805	56.881706	0.035138	0.020000	0.250000	1.420000	-0.012000	0.008000	-0.006000	30002	30025	30142	24994	25004	24997
2806	56.881831	0.000126	-0.040000	0.320000	1.160000	-0.012000	0.008000	-0.006000	29996	30032	30116	24994	25004	24997
2807	56.915516	0.033685	-0.210000	1.020000	1.110000	-0.012000	0.008000	-0.006000	29979	30102	30111	24994	25004	24997
2808	56.942179	0.026662	-0.600000	0.570000	0.570000	-0.012000	0.008000	-0.006000	29940	30057	30057	24994	25004	24997
2809	56.971075	0.028896	-0.600000	0.570000	0.570000	-0.034000	-0.036000	0.006000	29940	30057	30057	24983	24982	25003
2810	56.971159	0.000084	-0.680000	0.440000	1.130000	-0.034000	-0.036000	0.006000	29932	30044	30113	24983	24982	25003
2811	56.998749	0.027590	-0.420000	0.410000	1.140000	-0.034000	-0.036000	0.006000	29958	30041	30114	24983	24982	25003
2812	57.028997	0.030249	0.440000	0.790000	0.520000	-0.034000	-0.036000	0.006000	30044	30079	30052	24983	24982	25003
2813	57.061128	0.032131	-0.330000	0.500000	0.580000	-0.034000	-0.036000	0.006000	29967	30050	30058	24983	24982	25003
2814	57.093043	0.031915	-0.330000	0.500000	0.580000	-0.002000	-0.060000	-0.008000	29967	30050	30058	24999	24970	24996
2815	57.093144	0.000101	-0.300000	-0.120000	0.830000	-0.002000	-0.060000	-0.008000	29970	29988	30083	24999	24970	24996
2816	57.127763	0.034619	-0.480000	0.010000	0.020000	-0.002000	-0.060000	-0.008000	29952	30001	30002	24999	24970	24996
2817	57.159689	0.031926	-0.520000	0.280000	0.910000	-0.002000	-0.060000	-0.008000	29948	30028	30091	24999	24970	24996
2818	57.192660	0.032971	-0.520000	0.280000	0.910000	-0.008000	-0.040000	-0.004000	29948	30028	30091	24996	24980	24998
2819	57.192740	0.000080	-0.090000	-0.120000	0.820000	-0.008000	-0.040000	-0.004000	29991	29988	30082	24996	24980	24998
2820	57.226804	0.034064	-0.470000	0.850000	0.560000	-0.008000	-0.040000	-0.004000	29953	30085	30056	24996	24980	24998
2821	57.260720	0.033916	-0.700000	0.330000	0.540000	-0.008000	-0.040000	-0.004000	29930	30033	30054	24996	24980	24998
2822	57.295212	0.034492	-0.700000	0.330000	0.540000	-0.008000	-0.038000	-0.008000	29930	30033	30054	24996	24981	24996
2823	57.295313	0.000101	-1.060000	-0.010000	1.420000	-0.008000	-0.038000	-0.008000	29894	29999	30142	24996	24981	24996
2824	57.332052	0.036739	-1.060000	-0.010000	1.420000	-0.008000	-0.038000	-0.008000	29894	29999	30142	24996	24981	24996
2825	57.365377	0.033325	-0.340000	0.950000	1.390000	-0.008000	-0.038000	-0.008000	29966	30095	30139	24996	24981	24996
2826	57.398927	0.033550	-0.780000	0.350000	0.020000	-0.008000	-0.038000	-0.008000	29922	30035	30002	24996	24981	24996
2827	57.429339	0.030412	-0.720000	-0.480000	1.120000	-0.008000	-0.038000	-0.008000	29928	29952	30112	24996	24981	24996
2828	57.463356	0.034017	-0.720000	-0.480000	1.120000	0.040000	-0.058000	-0.002000	29928	29952	30112	25020	24971	24999
2829	57.463421	0.000065	0.010000	0.600000	0.260000	0.040000	-0.058000	-0.002000	30001	30060	30026	25020	24971	24999
2830	57.492413	0.028992	0.010000	0.600000	0.260000	-0.036000	-0.030000	-0.012000	30001	30060	30026	24982	24985	24994
2831	57.492497	0.000084	-0.330000	0.340000	1.110000	-0.036000	-0.030000	-0.012000	29967	30034	30111	24982	24985	24994
2832	57.526738	0.034241	-0.450000	0.920000	0.260000	-0.036000	-0.030000	-0.012000	29955	30092	30026	24982	24985	24994
2833	57.553563	0.026825	-0.610000	1.190000	0.310000	-0.036000	-0.030000	-0.012000	29939	30119	30031	24982	24985	24994
2834	57.584417	0.030854	-0.610000	1.190000	0.310000	-0.082000	-0.020000	-0.012000	29939	30119	30031	24959	24990	24994
2835	57.584496	0.000079	-0.310000	0.430000	-0.270000	-0.082000	-0.020000	-0.012000	29969	30043	29973	24959	24990	24994
2836	57.616011	0.031515	-1.000000	0.700000	0.840000	-0.082000	-0.020000	-0.012000	29900	30070	30084	24959	24990	24994
2837	57.648238	0.032227	-0.410000	0.000000	0.320000	-0.082000	-0.020000	-0.012000	29959	30000	30032	24959	24990	24994
2838	57.681005	0.032766	-0.220000	0.420000	1.400000	-0.082000	-0.020000	-0.012000	29978	30042	30140	24959	24990	24994
2839	57.715354	0.034349	-0.200000	0.270000	0.540000	-0.082000	-0.020000	-0.012000	29980	30027	30054	24959	24990	24994
2840	57.751208	0.035854	-0.200000	0.270000	0.540000	-0.032000	-0.016000	-0.002000	29980	30027	30054	24984	24992	24999
2841	57.751280	0.000071	-0.200000	0.270000	0.540000	-0.010000	-0.064000	0.000000	29980	30027	30054	24995	24968	25000
2842	57.751299	0.000019	-0.180000	0.950000	0.870000	-0.010000	-0.064000	0.000000	29982	30095	30087	24995	24968	25000
2843	57.780934	0.029635	0.330000	0.860000	0.510000	-0.010000	-0.064000	0.000000	30033	30086	30051	24995	24968	25000
2844	57.812446	0.031511	0.330000	0.860000	0.510000	-0.056000	0.050000	-0.006000	30033	30086	30051	24972	25025	24997
2845	57.812512	0.000067	-0.390000	0.590000	0.280000	-0.056000	0.050000	-0.006000	29961	30059	30028	24972	25025	24997
2846	57.842932	0.030419	-0.390000	0.590000	0.280000	-0.040000	-0.018000	-0.008000	29961	30059	30028	24980	24991	24996
2847	57.843003	0.000071	-0.470000	-0.090000	1.170000	-0.040000	-0.018000	-0.008000	29953	29991	30117	24980	24991	24996
2848	57.873148	0.030146	-0.470000	-0.090000	1.170000	0.026000	-0.038000	0.002000	29953	29991	30117	25013	24981	25001
2849	57.873231	0.000083	-0.630000	0.300000	0.570000	0.026000	-0.038000	0.002000	29937	30030	30057	25013	24981	25001
2850	57.898929	0.025697	-0.480000	0.230000	0.880000	0.026000	-0.038000	0.002000	29952	30023	30088	25013	24981	25001
2851	57.927463	0.028534	-0.480000	0.230000	0.880000	0.002000	-0.020000	0.008000	29952	30023	30088	25001	24990	25004
2852	57.927567	0.000104	-0.400000	0.460000	0.250000	0.002000	-0.020000	0.008000	29960	30046	30025	25001	24990	25004
2853	57.958725	0.031158	-0.200000	1.010000	0.280000	0.002000	-0.020000	0.008000	29980	30101	30028	25001	24990	25004
2854	57.987993	0.029268	-0.200000	1.010000	0.280000	-0.078000	-0.008000	-0.012000	29980	30101	30028	24961	24996	24994
2855	57.988064	0.000070	-0.200000	1.010000	0.280000	-0.054000	-0.028000	-0.010000	29980	30101	30028	24973	24986	24995
2856	57.988105	0.000042	-0.090000	0.390000	0.530000	-0.054000	-0.028000	-0.010000	29991	30039	30053	24973	24986	24995
2857	58.018119	0.030014	-0.430000	0.700000	-0.020000	-0.054000	-0.028000	-0.010000	29957	30070	29998	24973	24986	24995
2858	58.045923	0.027804	-0.050000	0.580000	0.890000	-0.054000	-0.028000	-0.010000	29995	30058	30089	24973	24986	24995
2859	58.076897	0.030974	-0.600000	0.340000	-0.060000	-0.054000	-0.028000	-0.010000	29940	30034	29994	24973	24986	24995
2860	58.109065	0.032168	-0.600000	0.340000	-0.060000	-0.040000	-0.034000	-0.006000	29940	30034	29994	24980	24983	24997
2861	58.109144	0.000079	-0.320000	0.280000	0.840000	-0.040000	-0.034000	-0.006000	29968	30028	30084	24980	24983	24997
2862	58.141325	0.032181	-0.360000	0.870000	1.080000	-0.040000	-0.034000	-0.006000	29964	30087	30108	24980	24983	24997
2863	58.172573	0.031248	-0.750000	0.330000	1.120000	-0.040000	-0.034000	-0.006000	29925	30033	30112	24980	24983	24997
2864	58.201898	0.029324	-0.550000	0.510000	0.590000	-0.040000	-0.034000	-0.006000	29945	30051	30059	24980	24983	24997
2865	58.235027	0.033129	-0.190000	0.150000	1.130000	-0.040000	-0.034000	-0.006000	29981	30015	30113	24980	24983	24997
2866	58.266168	0.031141	0.050000	0.360000	0.560000	-0.040000	-0.034000	-0.006000	30005	30036	30056	24980	24983	24997
2867	58.297895	0.031727	0.050000	0.360000	0.560000	-0.028000	0.006000	-0.004000	30005	30036	30056	24986	25003	24998
2868	58.297995	0.000100	-0.070000	0.240000	0.550000	-0.028000	0.006000	-0.004000	29993	30024	30055	24986	25003	24998
2869	58.324952	0.026957	-0.010000	0.790000	0.550000	-0.028000	0.006000	-0.004000	29999	30079	30055	24986	25003	24998
2870	58.357896	0.032944	-0.140000	0.110000	0.240000	-0.028000	0.006000	-0.004000	29986	30011	30024	24986	25003	24998
2871	58.388028	0.030132	-0.390000	0.820000	0.790000	-0.028000	0.006000	-0.004000	29961	30082	30079	24986	25003	24998
2872	58.419736	0.031708	-0.390000	0.820000	0.790000	-0.072000	-0.022000	-0.014000	29961	30082	30079	24964	24989	24993
2873	58.419834	0.000098	-0.020000	1.040000	0.810000	-0.072000	-0.022000	-0.014000	29998	30104	30081	24964	24989	24993
2874	58.447337	0.027503	-0.020000	1.040000	0.810000	-0.088000	0.002000	-0.010000	29998	30104	30081	24956	25001	24995
2875	58.447407	0.000070	-0.340000	0.600000	0.580000	-0.088000	0.002000	-0.010000	29966	30060	30058	24956	25001	24995
2876	58.476084	0.028676	-0.120000	0.000000	0.820000	-0.088000	0.002000	-0.010000	29988	30000	30082	24956	25001	24995
2877	58.505178	0.029094	0.340000	0.810000	-0.020000	-0.088000	0.002000	-0.010000	30034	30081	29998	24956	25001	24995
2878	58.532178	0.027000	0.340000	0.810000	-0.020000	-0.058000	0.030000	0.000000	30034	30081	29998	24971	25015	25000
2879	58.532245	0.000067	0.340000	0.810000	-0.020000	-0.052000	0.000000	-0.004000	30034	30081	29998	24974	25000	24998
2880	58.532264	0.000020	-0.060000	1.240000	0.000000	-0.052000	0.000000	-0.004000	29994	30124	30000	24974	25000	24998
2881	58.558213	0.025949	-0.690000	0.240000	0.840000	-0.052000	0.000000	-0.004000	29931	30024	30084	24974	25000	24998
2882	58.591261	0.033048	-0.140000	0.610000	0.270000	-0.052000	0.000000	-0.004000	29986	30061	30027	24974	25000	24998
2883	58.622988	0.031728	0.080000	1.030000	-0.070000	-0.052000	0.000000	-0.004000	30008	30103	29993	24974	25000	24998
2884	58.656610	0.033622	-0.340000	1.050000	0.880000	-0.052000	0.000000	-0.004000	29966	30105	30088	24974	25000	24998
2885	58.687446	0.030836	-0.220000	-0.160000	0.550000	-0.052000	0.000000	-0.004000	29978	29984	30055	24974	25000	24998
2886	58.719695	0.032249	-0.080000	-0.090000	1.390000	-0.052000	0.000000	-0.004000	29992	29991	30139	24974	25000	24998
2887	58.752174	0.032479	-0.440000	0.760000	0.770000	-0.052000	0.000000	-0.004000	29956	30076	30077	24974	25000	24998
2888	58.788937	0.036762	-0.440000	0.760000	0.770000	-0.058000	-0.022000	-0.014000	29956	30076	30077	24971	24989	24993
2889	58.789013	0.000077	-0.490000	0.510000	0.860000	-0.058000	-0.022000	-0.014000	29951	30051	30086	24971	24989	24993
2890	58.819989	0.030975	-0.620000	0.810000	0.310000	-0.058000	-0.022000	-0.014000	29938	30081	30031	24971	24989	24993
2891	58.853235	0.033246	-0.620000	0.810000	0.310000	-0.034000	-0.020000	0.000000	29938	30081	30031	24983	24990	25000
2892	58.853323	0.000089	-0.430000	0.590000	0.830000	-0.034000	-0.020000	0.000000	29957	30059	30083	24983	24990	25000
2893	58.883338	0.030015	-0.430000	0.590000	0.830000	-0.058000	-0.032000	-0.002000	29957	30059	30083	24971	24984	24999
2894	58.883438	0.000100	-0.430000	0.590000	0.830000	0.008000	-0.040000	-0.002000	29957	30059	30083	25004	24980	24999
2895	58.883462	0.000024	-0.360000	0.360000	0.610000	0.008000	-0.040000	-0.002000	29964	30036	30061	25004	24980	24999
2896	58.916274	0.032812	-0.360000	0.360000	0.610000	-0.010000	-0.032000	-0.006000	29964	30036	30061	24995	24984	24997
2897	58.916357	0.000083	-0.130000	0.840000	0.840000	-0.010000	-0.032000	-0.006000	29987	30084	30084	24995	24984	24997
2898	58.951353	0.034996	-0.660000	-0.120000	0.560000	-0.010000	-0.032000	-0.006000	29934	29988	30056	24995	24984	24997
2899	58.996667	0.045314	-0.330000	0.450000	0.540000	-0.010000	-0.032000	-0.006000	29967	30045	30054	24995	24984	24997
2900	59.030393	0.033726	-0.330000	0.450000	0.540000	-0.044000	-0.018000	-0.012000	29967	30045	30054	24978	24991	24994
2901	59.030541	0.000148	-0.890000	0.100000	0.590000	-0.044000	-0.018000	-0.012000	29911	30010	30059	24978	24991	24994
2902	59.066779	0.036238	-0.220000	0.490000	0.560000	-0.044000	-0.018000	-0.012000	29978	30049	30056	24978	24991	24994
2903	59.100922	0.034143	-0.220000	0.490000	0.560000	-0.032000	-0.014000	0.006000	29978	30049	30056	24984	24993	25003
2904	59.100998	0.000076	0.270000	0.420000	0.350000	-0.032000	-0.014000	0.006000	30027	30042	30035	24984	24993	25003
2905	59.128492	0.027494	0.270000	0.420000	0.350000	-0.036000	0.020000	-0.010000	30027	30042	30035	24982	25010	24995
2906	59.128553	0.000061	0.040000	0.480000	-0.200000	-0.036000	0.020000	-0.010000	30004	30048	29980	24982	25010	24995
2907	59.160258	0.031705	0.040000	0.480000	-0.200000	-0.034000	0.004000	-0.016000	30004	30048	29980	24983	25002	24992
2908	59.160359	0.000101	-0.070000	-0.150000	-0.170000	-0.034000	0.004000	-0.016000	29993	29985	29983	24983	25002	24992
2909	59.203086	0.042727	-0.070000	-0.150000	-0.170000	0.010000	-0.014000	-0.008000	29993	29985	29983	25005	24993	24996
2910	59.203198	0.000113	-0.020000	-0.170000	-0.170000	0.010000	-0.014000	-0.008000	29998	29983	29983	25005	24993	24996
2911	59.233924	0.030726	-0.020000	-0.170000	-0.170000	0.016000	-0.010000	-0.010000	29998	29983	29983	25008	24995	24995
2912	59.233991	0.000067	-0.110000	-0.100000	-0.440000	0.016000	-0.010000	-0.010000	29989	29990	29956	25008	24995	24995
2913	59.261025	0.027034	-0.110000	-0.100000	-0.440000	0.012000	-0.024000	0.002000	29989	29990	29956	25006	24988	25001
2914	59.261112	0.000087	0.130000	0.390000	-0.510000	0.012000	-0.024000	0.002000	30013	30039	29949	25006	24988	25001
2915	59.292738	0.031627	0.130000	0.390000	-0.510000	-0.022000	0.006000	-0.006000	30013	30039	29949	24989	25003	24997
2916	59.292829	0.000091	0.090000	0.410000	-0.510000	-0.022000	0.006000	-0.006000	30009	30041	29949	24989	25003	24997
2917	59.325216	0.032387	0.090000	0.410000	-0.510000	-0.026000	0.002000	-0.006000	30009	30041	29949	24987	25001	24997
2918	59.325287	0.000071	0.250000	0.230000	-0.250000	-0.026000	0.002000	-0.006000	30025	30023	29975	24987	25001	24997
2919	59.356818	0.031531	0.250000	0.230000	-0.250000	-0.018000	0.022000	-0.010000	30025	30023	29975	24991	25011	24995
2920	59.356940	0.000121	0.110000	-0.270000	-0.240000	-0.018000	0.022000	-0.010000	30011	29973	29976	24991	25011	24995
2921	59.395789	0.038849	0.110000	-0.270000	-0.240000	0.016000	-0.004000	-0.008000	30011	29973	29976	25008	24998	24996
2922	59.395973	0.000184	-0.010000	-0.260000	-0.250000	0.016000	-0.004000	-0.008000	29999	29974	29975	25008	24998	24996
2923	59.428597	0.032624	-0.010000	-0.260000	-0.250000	0.004000	-0.012000	-0.004000	29999	29974	29975	25002	24994	24998
2924	59.428673	0.000077	-0.300000	-0.350000	0.030000	0.004000	-0.012000	-0.004000	29970	29965	30003	25002	24994	24998
2925	59.465851	0.037178	-0.300000	-0.350000	0.030000	0.020000	-0.030000	0.000000	29970	29965	30003	25010	24985	25000
2926	59.465918	0.000067	-0.300000	0.180000	0.060000	0.020000	-0.030000	0.000000	29970	30018	30006	25010	24985	25000
2927	59.494076	0.028158	-0.300000	0.180000	0.060000	-0.018000	-0.016000	-0.002000	29970	30018	30006	24991	24992	24999
2928	59.494136	0.000060	-0.320000	0.220000	0.060000	-0.018000	-0.016000	-0.002000	29968	30022	30006	24991	24992	24999
2929	59.525701	0.031565	-0.320000	0.220000	0.060000	-0.022000	-0.020000	-0.004000	29968	30022	30006	24989	24990	24998
2930	59.525786	0.000085	-0.050000	0.170000	-0.220000	-0.022000	-0.020000	-0.004000	29995	30017	29978	24989	24990	24998
2931	59.553891	0.028104	-0.050000	0.170000	-0.220000	-0.016000	-0.002000	0.000000	29995	30017	29978	24992	24999	25000
2932	59.553959	0.000068	0.010000	0.170000	-0.280000	-0.016000	-0.002000	0.000000	30001	30017	29972	24992	24999	25000
2933	59.586231	0.032272	0.010000	0.170000	-0.280000	-0.022000	0.002000	-0.010000	30001	30017	29972	24989	25001	24995
2934	59.586323	0.000092	0.030000	0.130000	-0.280000	-0.022000	0.002000	-0.010000	30003	30013	29972	24989	25001	24995
2935	59.624078	0.037755	0.030000	0.130000	-0.280000	-0.018000	0.006000	-0.010000	30003	30013	29972	24991	25003	24995
2936	59.624171	0.000094	0.460000	0.280000	-0.550000	-0.018000	0.006000	-0.010000	30046	30028	29945	24991	25003	24995
2937	59.655598	0.031427	0.460000	0.280000	-0.550000	-0.028000	0.034000	-0.022000	30046	30028	29945	24986	25017	24989
2938	59.655675	0.000077	0.000000	-0.410000	-0.180000	-0.028000	0.034000	-0.022000	30000	29959	29982	24986	25017	24989
2939	59.687857	0.032182	0.070000	-0.200000	0.080000	-0.028000	0.034000	-0.022000	30007	29980	30008	24986	25017	24989
2940	59.720798	0.032941	0.220000	0.380000	0.060000	-0.028000	0.034000	-0.022000	30022	30038	30006	24986	25017	24989
2941	59.754475	0.033678	-0.630000	-0.120000	-1.270000	-0.028000	0.034000	-0.022000	29937	29988	29873	24986	25017	24989
2942	59.788872	0.034397	-0.630000	-0.120000	-1.270000	0.006000	-0.064000	0.002000	29937	29988	29873	25003	24968	25001
2943	59.788935	0.000063	0.350000	0.460000	0.370000	0.006000	-0.064000	0.002000	30035	30046	30037	25003	24968	25001
2944	59.824750	0.035815	0.350000	0.460000	0.370000	-0.036000	0.022000	-0.014000	30035	30046	30037	24982	25011	24993
2945	59.824810	0.000060	0.190000	0.370000	-0.980000	-0.036000	0.022000	-0.014000	30019	30037	29902	24982	25011	24993
2946	59.852148	0.027338	0.310000	0.520000	0.040000	-0.036000	0.022000	-0.014000	30031	30052	30004	24982	25011	24993
2947	59.881224	0.029076	-0.030000	0.180000	0.340000	-0.036000	0.022000	-0.014000	29997	30018	30034	24982	25011	24993
2948	59.913241	0.032016	0.070000	0.330000	-0.710000	-0.036000	0.022000	-0.014000	30007	30033	29929	24982	25011	24993
2949	59.946169	0.032929	0.010000	-0.130000	0.640000	-0.036000	0.022000	-0.014000	30001	29987	30064	24982	25011	24993
2950	59.979890	0.033720	0.150000	0.070000	0.060000	-0.036000	0.022000	-0.014000	30015	30007	30006	24982	25011	24993
2951	60.010177	0.030288	0.150000	0.070000	0.060000	0.002000	0.020000	-0.006000	30015	30007	30006	25001	25010	24997
2952	60.010264	0.000086	0.390000	0.260000	0.080000	0.002000	0.020000	-0.006000	30039	30026	30008	25001	25010	24997
2953	60.040493	0.030229	0.190000	0.330000	0.370000	0.002000	0.020000	-0.006000	30019	30033	30037	25001	25010	24997
2954	60.067165	0.026672	0.190000	0.330000	0.370000	-0.044000	-0.002000	-0.008000	30019	30033	30037	24978	24999	24996
2955	60.067331	0.000166	0.440000	0.590000	0.340000	-0.044000	-0.002000	-0.008000	30044	30059	30034	24978	24999	24996
2956	60.099908	0.032577	-0.210000	0.080000	0.070000	-0.044000	-0.002000	-0.008000	29979	30008	30007	24978	24999	24996
2957	60.129210	0.029302	0.010000	0.290000	0.060000	-0.044000	-0.002000	-0.008000	30001	30029	30006	24978	24999	24996
2958	60.162390	0.033180	0.130000	0.420000	-1.040000	-0.044000	-0.002000	-0.008000	30013	30042	29896	24978	24999	24996
2959	60.196519	0.034129	0.390000	0.210000	0.040000	-0.044000	-0.002000	-0.008000	30039	30021	30004	24978	24999	24996
2960	60.230895	0.034376	0.390000	0.210000	0.040000	-0.006000	-0.002000	0.002000	30039	30021	30004	24997	24999	25001
2961	60.230957	0.000062	-0.010000	0.050000	-0.490000	-0.006000	-0.002000	0.002000	29999	30005	29951	24997	24999	25001
2962	60.259556	0.028599	-0.010000	0.050000	-0.490000	-0.018000	-0.014000	-0.016000	29999	30005	29951	24991	24993	24992
2963	60.259633	0.000077	-0.180000	0.060000	-0.760000	-0.018000	-0.014000	-0.016000	29982	30006	29924	24991	24993	24992
2964	60.289370	0.029737	-0.180000	0.060000	-0.760000	-0.004000	-0.002000	0.012000	29982	30006	29924	24998	24999	25006
2965	60.289516	0.000146	0.270000	0.140000	0.050000	-0.004000	-0.002000	0.012000	30027	30014	30005	24998	24999	25006
2966	60.317906	0.028389	0.270000	0.140000	0.050000	-0.026000	0.022000	0.004000	30027	30014	30005	24987	25011	25002
2967	60.317986	0.000080	0.010000	-0.020000	0.350000	-0.026000	0.022000	0.004000	30001	29998	30035	24987	25011	25002
2968	60.349352	0.031366	0.190000	0.210000	0.340000	-0.026000	0.022000	0.004000	30019	30021	30034	24987	25011	25002
2969	60.379748	0.030396	0.190000	0.210000	0.340000	-0.012000	0.020000	-0.002000	30019	30021	30034	24994	25010	24999
2970	60.379869	0.000121	0.190000	0.210000	0.340000	-0.052000	-0.002000	-0.014000	30019	30021	30034	24974	24999	24993
2971	60.379901	0.000032	-0.130000	-0.200000	-1.050000	-0.052000	-0.002000	-0.014000	29987	29980	29895	24974	24999	24993
2972	60.412221	0.032319	-0.130000	-0.200000	-1.050000	0.042000	0.000000	-0.002000	29987	29980	29895	25021	25000	24999
2973	60.412293	0.000072	0.230000	0.690000	0.320000	0.042000	0.000000	-0.002000	30023	30069	30032	25021	25000	24999
2974	60.441952	0.029659	0.230000	0.690000	0.320000	-0.042000	0.038000	-0.014000	30023	30069	30032	24979	25019	24993
2975	60.442037	0.000085	-0.410000	0.510000	-0.770000	-0.042000	0.038000	-0.014000	29959	30051	29923	24979	25019	24993
2976	60.473124	0.031088	0.340000	0.100000	-0.220000	-0.042000	0.038000	-0.014000	30034	30010	29978	24979	25019	24993
2977	60.502498	0.029373	0.340000	0.100000	-0.220000	-0.012000	0.010000	-0.002000	30034	30010	29978	24994	25005	24999
2978	60.502559	0.000061	0.150000	0.030000	-0.230000	-0.012000	0.010000	-0.002000	30015	30003	29977	24994	25005	24999
2979	60.528585	0.026026	0.280000	0.310000	0.330000	-0.012000	0.010000	-0.002000	30028	30031	30033	24994	25005	24999
2980	60.557232	0.028648	-0.150000	-0.330000	0.040000	-0.012000	0.010000	-0.002000	29985	29967	30004	24994	25005	24999
2981	60.589257	0.032025	-0.150000	-0.330000	0.040000	0.026000	-0.018000	-0.008000	29985	29967	30004	25013	24991	24996
2982	60.589434	0.000177	0.600000	0.150000	0.020000	0.026000	-0.018000	-0.008000	30060	30015	30002	25013	24991	24996
2983	60.623235	0.033801	0.020000	-0.100000	0.090000	0.026000	-0.018000	-0.008000	30002	29990	30009	25013	24991	24996
2984	60.654493	0.031258	0.270000	1.000000	-0.510000	0.026000	-0.018000	-0.008000	30027	30100	29949	25013	24991	24996
2985	60.680083	0.025590	0.270000	1.000000	-0.510000	-0.102000	0.022000	-0.018000	30027	30100	29949	24949	25011	24991
2986	60.680147	0.000064	-0.020000	0.050000	-0.210000	-0.102000	0.022000	-0.018000	29998	30005	29979	24949	25011	24991
2987	60.710747	0.030600	0.190000	0.650000	-0.240000	-0.102000	0.022000	-0.018000	30019	30065	29976	24949	25011	24991
2988	60.742293	0.031547	0.190000	0.650000	-0.240000	-0.050000	0.026000	-0.010000	30019	30065	29976	24975	25013	24995
2989	60.742446	0.000153	0.000000	0.070000	-0.220000	-0.050000	0.026000	-0.010000	30000	30007	29978	24975	25013	24995
2990	60.769317	0.026872	-0.320000	-0.010000	-0.480000	-0.050000	0.026000	-0.010000	29968	29999	29952	24975	25013	24995
2991	60.800103	0.030786	-0.320000	-0.010000	-0.480000	0.002000	-0.020000	0.002000	29968	29999	29952	25001	24990	25001
2992	60.800205	0.000102	0.200000	0.040000	-0.750000	0.002000	-0.020000	0.002000	30020	30004	29925	25001	24990	25001
2993	60.832467	0.032262	-0.180000	-0.180000	-0.230000	0.002000	-0.020000	0.002000	29982	29982	29977	25001	24990	25001
2994	60.865355	0.032888	-0.180000	-0.180000	-0.230000	-0.072000	0.020000	-0.012000	29982	29982	29977	24964	25010	24994
2995	60.865423	0.000069	-0.060000	0.330000	0.070000	-0.072000	0.020000	-0.012000	29994	30033	30007	24964	25010	24994
2996	60.896729	0.031306	-0.060000	0.330000	0.070000	-0.032000	0.000000	-0.004000	29994	30033	30007	24984	25000	24998
2997	60.896816	0.000087	0.110000	0.090000	0.060000	-0.032000	0.000000	-0.004000	30011	30009	30006	24984	25000	24998
2998	60.924769	0.027953	-0.560000	-0.050000	-0.450000	-0.032000	0.000000	-0.004000	29944	29995	29955	24984	25000	24998
2999	60.959155	0.034386	0.180000	0.890000	0.650000	-0.032000	0.000000	-0.004000	30018	30089	30065	24984	25000	24998
3000	60.988366	0.029212	0.180000	0.890000	0.650000	-0.078000	-0.014000	0.010000	30018	30089	30065	24961	24993	25005
3001	60.988457	0.000091	-0.080000	0.520000	-0.180000	-0.078000	-0.014000	0.010000	29992	30052	29982	24961	24993	25005
3002	61.031683	0.043227	0.290000	0.760000	0.060000	-0.078000	-0.014000	0.010000	30029	30076	30006	24961	24993	25005
3003	61.069255	0.037571	0.290000	0.760000	0.060000	-0.064000	0.014000	0.000000	30029	30076	30006	24968	25007	25000
3004	61.069318	0.000063	0.270000	0.070000	-0.200000	-0.064000	0.014000	0.000000	30027	30007	29980	24968	25007	25000
3005	61.095590	0.026272	0.270000	0.070000	-0.200000	-0.002000	0.020000	-0.006000	30027	30007	29980	24999	25010	24997
3006	61.095653	0.000063	0.400000	-0.110000	-1.020000	-0.002000	0.020000	-0.006000	30040	29989	29898	24999	25010	24997
3007	61.124114	0.028461	0.100000	0.520000	0.020000	-0.002000	0.020000	-0.006000	30010	30052	30002	24999	25010	24997
3008	61.156079	0.031965	0.280000	0.510000	0.320000	-0.002000	0.020000	-0.006000	30028	30051	30032	24999	25010	24997
3009	61.188564	0.032485	0.000000	0.190000	-0.730000	-0.002000	0.020000	-0.006000	30000	30019	29927	24999	25010	24997
3010	61.218444	0.029880	0.000000	0.190000	-0.730000	0.006000	0.002000	0.006000	30000	30019	29927	25003	25001	25003
3011	61.218518	0.000075	-0.190000	0.750000	-0.470000	0.006000	0.002000	0.006000	29981	30075	29953	25003	25001	25003
3012	61.249389	0.030870	-0.190000	0.750000	-0.470000	-0.062000	-0.010000	-0.004000	29981	30075	29953	24969	24995	24998
3013	61.249455	0.000066	0.370000	-0.070000	0.080000	-0.062000	-0.010000	-0.004000	30037	29993	30008	24969	24995	24998
3014	61.279711	0.030256	0.370000	-0.070000	0.080000	0.016000	0.038000	-0.010000	30037	29993	30008	25008	25019	24995
3015	61.279793	0.000082	-0.040000	-0.190000	0.040000	0.016000	0.038000	-0.010000	29996	29981	30004	25008	25019	24995
3016	61.311471	0.031678	-0.040000	-0.190000	0.040000	-0.034000	0.008000	0.014000	29996	29981	30004	24983	25004	25007
3017	61.311543	0.000072	-0.080000	0.410000	0.630000	-0.034000	0.008000	0.014000	29992	30041	30063	24983	25004	25007
3018	61.343851	0.032308	-0.720000	-0.470000	-0.470000	-0.034000	0.008000	0.014000	29928	29953	29953	24983	25004	25007
3019	61.377198	0.033346	-0.240000	-0.010000	-0.510000	-0.034000	0.008000	0.014000	29976	29999	29949	24983	25004	25007
3020	61.404067	0.026869	-0.240000	-0.010000	-0.510000	0.040000	-0.020000	0.006000	29976	29999	29949	25020	24990	25003
3021	61.404132	0.000065	0.380000	0.360000	-0.500000	0.040000	-0.020000	0.006000	30038	30036	29950	25020	24990	25003
3022	61.436287	0.032156	-0.330000	-0.730000	-0.510000	0.040000	-0.020000	0.006000	29967	29927	29949	25020	24990	25003
3023	61.470949	0.034662	-0.330000	-0.730000	-0.510000	0.078000	-0.020000	-0.016000	29967	29927	29949	25039	24990	24992
3024	61.471041	0.000092	0.210000	0.340000	-0.200000	0.078000	-0.020000	-0.016000	30021	30034	29980	25039	24990	24992
3025	61.500107	0.029066	0.210000	0.340000	-0.200000	-0.026000	-0.010000	-0.010000	30021	30034	29980	24987	24995	24995
3026	61.500217	0.000110	-0.020000	0.100000	-0.230000	-0.026000	-0.010000	-0.010000	29998	30010	29977	24987	24995	24995
3027	61.531790	0.031573	0.570000	0.390000	-0.220000	-0.026000	-0.010000	-0.010000	30057	30039	29978	24987	24995	24995
3028	61.559363	0.027573	0.330000	0.520000	0.050000	-0.026000	-0.010000	-0.010000	30033	30052	30005	24987	24995	24995
3029	61.589754	0.030391	0.400000	0.070000	0.640000	-0.026000	-0.010000	-0.010000	30040	30007	30064	24987	24995	24995
3030	61.621078	0.031324	0.330000	0.480000	-0.490000	-0.026000	-0.010000	-0.010000	30033	30048	29951	24987	24995	24995
3031	61.653531	0.032453	0.000000	0.010000	0.090000	-0.026000	-0.010000	-0.010000	30000	30001	30009	24987	24995	24995
3032	61.692618	0.039087	-0.260000	0.140000	-0.760000	-0.026000	-0.010000	-0.010000	29974	30014	29924	24987	24995	24995
3033	61.727164	0.034546	-0.260000	0.140000	-0.760000	-0.006000	-0.006000	-0.004000	29974	30014	29924	24997	24997	24998
3034	61.727251	0.000087	-0.190000	-0.290000	0.620000	-0.006000	-0.006000	-0.004000	29981	29971	30062	24997	24997	24998
3035	61.758856	0.031605	-0.190000	-0.290000	0.620000	0.020000	-0.028000	-0.002000	29981	29971	30062	25010	24986	24999
3036	61.758938	0.000082	0.400000	0.530000	0.340000	0.020000	-0.028000	-0.002000	30040	30053	30034	25010	24986	24999
3037	61.789808	0.030870	0.430000	-0.060000	0.370000	0.020000	-0.028000	-0.002000	30043	29994	30037	25010	24986	24999
3038	61.821057	0.031249	0.430000	-0.060000	0.370000	0.008000	0.016000	0.000000	30043	29994	30037	25004	25008	25000
3039	61.821141	0.000084	0.230000	-0.090000	0.070000	0.008000	0.016000	0.000000	30023	29991	30007	25004	25008	25000
3040	61.856128	0.034987	0.180000	0.150000	0.320000	0.008000	0.016000	0.000000	30018	30015	30032	25004	25008	25000
3041	61.887533	0.031405	0.180000	0.150000	0.320000	-0.014000	0.026000	-0.006000	30018	30015	30032	24993	25013	24997
3042	61.887667	0.000135	0.090000	0.470000	-0.790000	-0.014000	0.026000	-0.006000	30009	30047	29921	24993	25013	24997
3043	61.923266	0.035598	0.090000	0.470000	-0.790000	0.002000	0.004000	-0.014000	30009	30047	29921	25001	25002	24993
3044	61.923357	0.000092	-0.260000	0.110000	-0.490000	0.002000	0.004000	-0.014000	29974	30011	29951	25001	25002	24993
3045	61.958211	0.034854	0.330000	0.490000	0.050000	0.002000	0.004000	-0.014000	30033	30049	30005	25001	25002	24993
3046	61.990672	0.032461	0.330000	0.490000	0.050000	-0.026000	0.042000	-0.004000	30033	30049	30005	24987	25021	24998
3047	61.990736	0.000064	0.450000	0.550000	0.050000	-0.026000	0.042000	-0.004000	30045	30055	30005	24987	25021	24998
3048	62.017112	0.026376	0.070000	-0.270000	0.300000	-0.026000	0.042000	-0.004000	30007	29973	30030	24987	25021	24998
3049	62.046529	0.029417	0.070000	-0.270000	0.300000	-0.054000	0.036000	-0.006000	30007	29973	30030	24973	25018	24997
3050	62.046596	0.000066	0.800000	0.490000	-0.780000	-0.054000	0.036000	-0.006000	30080	30049	29922	24973	25018	24997
3051	62.080955	0.034359	-0.060000	0.260000	-0.440000	-0.054000	0.036000	-0.006000	29994	30026	29956	24973	25018	24997
3052	62.112990	0.032035	0.660000	0.460000	0.030000	-0.054000	0.036000	-0.006000	30066	30046	30003	24973	25018	24997
3053	62.141008	0.028017	0.660000	0.460000	0.030000	-0.040000	0.056000	-0.006000	30066	30046	30003	24980	25028	24997
3054	62.141074	0.000066	0.340000	-0.090000	-0.230000	-0.040000	0.056000	-0.006000	30034	29991	29977	24980	25028	24997
3055	62.173691	0.032617	0.340000	-0.090000	-0.230000	-0.002000	0.010000	-0.020000	30034	29991	29977	24999	25005	24990
3056	62.173764	0.000073	-0.280000	0.200000	0.090000	-0.002000	0.010000	-0.020000	29972	30020	30009	24999	25005	24990
3057	62.205374	0.031610	0.200000	-0.040000	-0.230000	-0.002000	0.010000	-0.020000	30020	29996	29977	24999	25005	24990
3058	62.234079	0.028705	0.200000	-0.040000	-0.230000	-0.008000	0.000000	-0.006000	30020	29996	29977	24996	25000	24997
3059	62.234160	0.000081	0.800000	-0.170000	0.670000	-0.008000	0.000000	-0.006000	30080	29983	30067	24996	25000	24997
3060	62.266236	0.032075	0.800000	-0.170000	0.670000	0.010000	0.052000	-0.006000	30080	29983	30067	25005	25026	24997
3061	62.266310	0.000074	0.820000	0.150000	0.650000	0.010000	0.052000	-0.006000	30082	30015	30065	25005	25026	24997
3062	62.293330	0.027021	-0.330000	0.710000	-0.190000	0.010000	0.052000	-0.006000	29967	30071	29981	25005	25026	24997
3063	62.319436	0.026106	-0.330000	0.710000	-0.190000	-0.002000	0.030000	-0.004000	29967	30071	29981	24999	25015	24998
3064	62.319524	0.000088	0.520000	-0.070000	-0.480000	-0.002000	0.030000	-0.004000	30052	29993	29952	24999	25015	24998
3065	62.346143	0.026619	0.520000	-0.070000	-0.480000	-0.004000	0.016000	-0.002000	30052	29993	29952	24998	25008	24999
3066	62.346221	0.000078	0.290000	0.120000	1.240000	-0.004000	0.016000	-0.002000	30029	30012	30124	24998	25008	24999
3067	62.373142	0.026921	0.260000	0.520000	0.340000	-0.004000	0.016000	-0.002000	30026	30052	30034	24998	25008	24999
3068	62.401279	0.028137	0.410000	0.140000	0.320000	-0.004000	0.016000	-0.002000	30041	30014	30032	24998	25008	24999
3069	62.433610	0.032331	0.410000	0.140000	0.320000	-0.018000	0.036000	0.004000	30041	30014	30032	24991	25018	25002
3070	62.433685	0.000075	0.380000	0.460000	-0.780000	-0.018000	0.036000	0.004000	30038	30046	29922	24991	25018	25002
3071	62.464704	0.031019	0.380000	0.460000	-0.780000	-0.034000	0.024000	-0.022000	30038	30046	29922	24983	25012	24989
3072	62.464785	0.000081	-0.260000	-0.010000	0.340000	-0.034000	0.024000	-0.022000	29974	29999	30034	24983	25012	24989
3073	62.494751	0.029966	-0.260000	-0.010000	0.340000	0.010000	-0.012000	0.002000	29974	29999	30034	25005	24994	25001
3074	62.494823	0.000072	-0.050000	0.320000	0.260000	0.010000	-0.012000	0.002000	29995	30032	30026	25005	24994	25001
3075	62.525593	0.030770	-0.050000	0.320000	0.260000	-0.006000	0.026000	0.000000	29995	30032	30026	24997	25013	25000
3076	62.525674	0.000081	-0.280000	-0.200000	0.680000	-0.006000	0.026000	0.000000	29972	29980	30068	24997	25013	25000
3077	62.558313	0.032639	0.010000	-0.090000	0.310000	-0.006000	0.026000	0.000000	30001	29991	30031	24997	25013	25000
3078	62.586827	0.028513	0.010000	-0.090000	0.310000	-0.032000	-0.036000	-0.008000	30001	29991	30031	24984	24982	24996
3079	62.586914	0.000088	0.260000	0.290000	0.060000	-0.032000	-0.036000	-0.008000	30026	30029	30006	24984	24982	24996
3080	62.617889	0.030974	0.260000	0.290000	0.060000	-0.020000	0.014000	0.006000	30026	30029	30006	24990	25007	25003
3081	62.618011	0.000123	0.260000	0.290000	0.060000	-0.056000	0.002000	0.004000	30026	30029	30006	24972	25001	25002
3082	62.618077	0.000065	0.010000	-0.090000	0.080000	-0.056000	0.002000	0.004000	30001	29991	30008	24972	25001	25002
3083	62.652265	0.034189	0.580000	0.100000	0.000000	-0.056000	0.002000	0.004000	30058	30010	30000	24972	25001	25002
3084	62.682935	0.030670	0.580000	0.100000	0.000000	-0.056000	0.002000	0.004000	30058	30010	30000	24972	25001	25002
3085	62.712495	0.029560	0.240000	0.230000	0.090000	-0.056000	0.002000	0.004000	30024	30023	30009	24972	25001	25002
3086	62.744959	0.032464	0.420000	0.130000	-0.220000	-0.056000	0.002000	0.004000	30042	30013	29978	24972	25001	25002
3087	62.777148	0.032189	0.220000	-0.110000	0.320000	-0.056000	0.002000	0.004000	30022	29989	30032	24972	25001	25002
3088	62.809309	0.032161	0.220000	-0.110000	0.320000	0.004000	0.014000	-0.014000	30022	29989	30032	25002	25007	24993
3089	62.809387	0.000078	0.380000	0.290000	-0.490000	0.004000	0.014000	-0.014000	30038	30029	29951	25002	25007	24993
3090	62.842273	0.032886	-0.020000	-0.480000	0.050000	0.004000	0.014000	-0.014000	29998	29952	30005	25002	25007	24993
3091	62.870499	0.028226	-0.290000	0.530000	0.040000	0.004000	0.014000	-0.014000	29971	30053	30004	25002	25007	24993
3092	62.903115	0.032616	0.230000	0.600000	-0.520000	0.004000	0.014000	-0.014000	30023	30060	29948	25002	25007	24993
3093	62.934921	0.031806	0.230000	0.600000	-0.520000	-0.046000	0.028000	-0.006000	30023	30060	29948	24977	25014	24997
3094	62.935010	0.000090	0.230000	0.600000	-0.520000	-0.042000	0.056000	-0.008000	30023	30060	29948	24979	25028	24996
3095	62.935036	0.000026	0.650000	0.180000	0.050000	-0.042000	0.056000	-0.008000	30065	30018	30005	24979	25028	24996
3096	62.968868	0.033832	0.580000	-0.060000	0.910000	-0.042000	0.056000	-0.008000	30058	29994	30091	24979	25028	24996
3097	62.998549	0.029681	0.580000	-0.060000	0.910000	-0.026000	0.024000	0.012000	30058	29994	30091	24987	25012	25006
3098	62.998619	0.000070	0.580000	-0.060000	0.910000	-0.008000	0.044000	0.000000	30058	29994	30091	24996	25022	25000
3099	62.998642	0.000023	0.160000	0.260000	0.090000	-0.008000	0.044000	0.000000	30016	30026	30009	24996	25022	25000
3100	63.030201	0.031559	0.260000	0.270000	-0.750000	-0.008000	0.044000	0.000000	30026	30027	29925	24996	25022	25000
3101	63.066113	0.035912	0.260000	0.270000	-0.750000	-0.026000	0.020000	0.008000	30026	30027	29925	24987	25010	25004
3102	63.066274	0.000160	0.210000	0.370000	0.020000	-0.026000	0.020000	0.008000	30021	30037	30002	24987	25010	25004
3103	63.101824	0.035551	0.180000	-0.110000	0.050000	-0.026000	0.020000	0.008000	30018	29989	30005	24987	25010	25004
3104	63.131881	0.030057	0.420000	0.130000	-0.780000	-0.026000	0.020000	0.008000	30042	30013	29922	24987	25010	25004
3105	63.167463	0.035582	0.270000	0.180000	-1.030000	-0.026000	0.020000	0.008000	30027	30018	29897	24987	25010	25004
3106	63.201524	0.034060	-0.400000	-0.240000	-0.480000	-0.026000	0.020000	0.008000	29960	29976	29952	24987	25010	25004
3107	63.232411	0.030887	-0.400000	-0.240000	-0.480000	0.048000	-0.020000	0.004000	29960	29976	29952	25024	24990	25002
3108	63.232493	0.000083	0.310000	0.120000	0.030000	0.048000	-0.020000	0.004000	30031	30012	30003	25024	24990	25002
3109	63.265487	0.032993	0.310000	0.120000	0.030000	-0.024000	0.024000	0.000000	30031	30012	30003	24988	25012	25000
3110	63.265582	0.000096	0.160000	0.060000	0.110000	-0.024000	0.024000	0.000000	30016	30006	30011	24988	25012	25000
3111	63.292650	0.027067	0.050000	-0.580000	0.330000	-0.024000	0.024000	0.000000	30005	29942	30033	24988	25012	25000
3112	63.319361	0.026711	-0.060000	-0.180000	0.090000	-0.024000	0.024000	0.000000	29994	29982	30009	24988	25012	25000
3113	63.350067	0.030706	-0.060000	-0.180000	0.090000	0.018000	-0.008000	0.004000	29994	29982	30009	25009	24996	25002
3114	63.350146	0.000080	-0.050000	0.490000	-0.440000	0.018000	-0.008000	0.004000	29995	30049	29956	25009	24996	25002
3115	63.382757	0.032611	0.320000	0.190000	0.070000	0.018000	-0.008000	0.004000	30032	30019	30007	25009	24996	25002
3116	63.413925	0.031167	0.140000	-0.020000	-0.230000	0.018000	-0.008000	0.004000	30014	29998	29977	25009	24996	25002
3117	63.445874	0.031949	-0.240000	-0.320000	0.070000	0.018000	-0.008000	0.004000	29976	29968	30007	25009	24996	25002
3118	63.473759	0.027885	0.340000	-0.100000	-0.500000	0.018000	-0.008000	0.004000	30034	29990	29950	25009	24996	25002
3119	63.501435	0.027676	0.340000	-0.100000	-0.500000	-0.012000	0.020000	0.000000	30034	29990	29950	24994	25010	25000
3120	63.501512	0.000077	0.440000	0.600000	-0.520000	-0.012000	0.020000	0.000000	30044	30060	29948	24994	25010	25000
3121	63.532703	0.031191	0.180000	-0.300000	-0.020000	-0.012000	0.020000	0.000000	30018	29970	29998	24994	25010	25000
3122	63.563785	0.031082	0.590000	0.370000	-0.240000	-0.012000	0.020000	0.000000	30059	30037	29976	24994	25010	25000
3123	63.597022	0.033237	0.590000	0.370000	-0.240000	-0.034000	0.050000	0.002000	30059	30037	29976	24983	25025	25001
3124	63.597094	0.000072	-0.190000	-0.160000	-0.740000	-0.034000	0.050000	0.002000	29981	29984	29926	24983	25025	25001
3125	63.627132	0.030038	-0.190000	-0.160000	-0.740000	0.032000	0.002000	0.014000	29981	29984	29926	25016	25001	25007
3126	63.627271	0.000139	-0.240000	-0.670000	0.060000	0.032000	0.002000	0.014000	29976	29933	30006	25016	25001	25007
3127	63.666500	0.039229	-0.240000	-0.670000	0.060000	0.066000	-0.026000	0.004000	29976	29933	30006	25033	24987	25002
3128	63.666573	0.000073	0.140000	0.000000	0.080000	0.066000	-0.026000	0.004000	30014	30000	30008	25033	24987	25002
3129	63.700405	0.033832	0.550000	0.010000	0.310000	0.066000	-0.026000	0.004000	30055	30001	30031	25033	24987	25002
3130	63.731409	0.031003	0.550000	0.010000	0.310000	-0.010000	0.040000	0.000000	30055	30001	30031	24995	25020	25000
3131	63.731483	0.000074	0.170000	-0.150000	0.070000	-0.010000	0.040000	0.000000	30017	29985	30007	24995	25020	25000
3132	63.761490	0.030007	-0.110000	0.210000	-0.190000	-0.010000	0.040000	0.000000	29989	30021	29981	24995	25020	25000
3133	63.791100	0.029610	-0.110000	0.210000	-0.190000	-0.020000	-0.018000	0.004000	29989	30021	29981	24990	24991	25002
3134	63.791170	0.000070	0.070000	0.300000	0.360000	-0.020000	-0.018000	0.004000	30007	30030	30036	24990	24991	25002
3135	63.821159	0.029990	-0.710000	-0.600000	0.060000	-0.020000	-0.018000	0.004000	29929	29940	30006	24990	24991	25002
3136	63.851736	0.030577	0.010000	-0.100000	0.020000	-0.020000	-0.018000	0.004000	30001	29990	30002	24990	24991	25002
3137	63.884147	0.032410	0.390000	0.140000	0.910000	-0.020000	-0.018000	0.004000	30039	30014	30091	24990	24991	25002
3138	63.917041	0.032894	0.310000	-0.220000	0.030000	-0.020000	-0.018000	0.004000	30031	29978	30003	24990	24991	25002
3139	63.952510	0.035469	0.310000	-0.220000	0.030000	0.014000	0.018000	-0.014000	30031	29978	30003	25007	25009	24993
3140	63.952603	0.000093	0.130000	-0.110000	-0.750000	0.014000	0.018000	-0.014000	30013	29989	29925	25007	25009	24993
3141	63.986346	0.033743	0.140000	0.310000	-0.770000	0.014000	0.018000	-0.014000	30014	30031	29923	25007	25009	24993
3142	64.014449	0.028103	0.250000	-0.090000	0.320000	0.014000	0.018000	-0.014000	30025	29991	30032	25007	25009	24993
3143	64.040078	0.025629	0.310000	-0.480000	-0.780000	0.014000	0.018000	-0.014000	30031	29952	29922	25007	25009	24993
3144	64.071772	0.031694	0.210000	0.440000	0.040000	0.014000	0.018000	-0.014000	30021	30044	30004	25007	25009	24993
3145	64.103250	0.031479	0.300000	0.190000	-0.210000	0.014000	0.018000	-0.014000	30030	30019	29979	25007	25009	24993
3146	64.134392	0.031141	0.300000	0.190000	-0.210000	-0.022000	0.034000	-0.010000	30030	30019	29979	24989	25017	24995
3147	64.134466	0.000074	0.100000	-0.360000	0.350000	-0.022000	0.034000	-0.010000	30010	29964	30035	24989	25017	24995
3148	64.167895	0.033429	0.190000	0.390000	0.040000	-0.022000	0.034000	-0.010000	30019	30039	30004	24989	25017	24995
3149	64.199318	0.031423	-0.140000	0.190000	0.060000	-0.022000	0.034000	-0.010000	29986	30019	30006	24989	25017	24995
3150	64.229277	0.029959	-0.380000	-0.120000	0.010000	-0.022000	0.034000	-0.010000	29962	29988	30001	24989	25017	24995
3151	64.262575	0.033298	-0.380000	-0.120000	0.010000	-0.012000	-0.038000	-0.012000	29962	29988	30001	24994	24981	24994
3152	64.262681	0.000106	0.110000	-0.570000	0.070000	-0.012000	-0.038000	-0.012000	30011	29943	30007	24994	24981	24994
3153	64.294750	0.032069	0.110000	-0.570000	0.070000	0.060000	0.004000	-0.008000	30011	29943	30007	25030	25002	24996
3154	64.294822	0.000072	-0.060000	-0.350000	0.060000	0.060000	0.004000	-0.008000	29994	29965	30006	25030	25002	24996
3155	64.326684	0.031862	0.440000	-0.170000	-0.170000	0.060000	0.004000	-0.008000	30044	29983	29983	25030	25002	24996
3156	64.355647	0.028963	-0.130000	0.060000	-0.470000	0.060000	0.004000	-0.008000	29987	30006	29953	25030	25002	24996
3157	64.395340	0.039694	-0.130000	0.060000	-0.470000	-0.022000	-0.052000	-0.002000	29987	30006	29953	24989	24974	24999
3158	64.395403	0.000063	-0.090000	-0.040000	0.080000	-0.022000	-0.052000	-0.002000	29991	29996	30008	24989	24974	24999
3159	64.424834	0.029431	0.060000	-0.250000	-0.490000	-0.022000	-0.052000	-0.002000	30006	29975	29951	24989	24974	24999
3160	64.468293	0.043459	0.440000	-0.160000	0.060000	-0.022000	-0.052000	-0.002000	30044	29984	30006	24989	24974	24999
3161	64.499711	0.031418	0.060000	-0.040000	-0.800000	-0.022000	-0.052000	-0.002000	30006	29996	29920	24989	24974	24999
3162	64.536408	0.036697	0.130000	0.220000	0.030000	-0.022000	-0.052000	-0.002000	30013	30022	30003	24989	24974	24999
3163	64.569147	0.032740	0.400000	0.180000	0.070000	-0.022000	-0.052000	-0.002000	30040	30018	30007	24989	24974	24999
3164	64.602428	0.033280	-0.260000	-0.700000	0.040000	-0.022000	-0.052000	-0.002000	29974	29930	30004	24989	24974	24999
3165	64.631898	0.029470	0.400000	0.260000	0.620000	-0.022000	-0.052000	-0.002000	30040	30026	30062	24989	24974	24999
3166	64.663564	0.031666	0.110000	-0.210000	-0.210000	-0.022000	-0.052000	-0.002000	30011	29979	29979	24989	24974	24999
3167	64.695782	0.032218	0.110000	-0.210000	-0.210000	0.028000	0.006000	0.002000	30011	29979	29979	25014	25003	25001
3168	64.695858	0.000076	0.190000	0.060000	-0.190000	0.028000	0.006000	0.002000	30019	30006	29981	25014	25003	25001
3169	64.728440	0.032582	0.280000	0.040000	0.340000	0.028000	0.006000	0.002000	30028	30004	30034	25014	25003	25001
3170	64.759646	0.031207	0.280000	0.040000	0.340000	0.002000	0.022000	-0.014000	30028	30004	30034	25001	25011	24993
3171	64.759727	0.000081	0.030000	-0.190000	-0.470000	0.002000	0.022000	-0.014000	30003	29981	29953	25001	25011	24993
3172	64.789425	0.029697	0.030000	-0.190000	-0.470000	0.018000	0.004000	0.004000	30003	29981	29953	25009	25002	25002
3173	64.789490	0.000066	0.030000	-0.190000	-0.470000	0.018000	0.004000	0.004000	30003	29981	29953	25009	25002	25002
3174	64.820623	0.031133	-0.160000	-0.210000	-0.770000	0.018000	0.004000	0.004000	29984	29979	29923	25009	25002	25002
3175	64.854046	0.033423	-0.160000	-0.210000	-0.770000	-0.016000	-0.036000	0.002000	29984	29979	29923	24992	24982	25001
3176	64.854113	0.000067	0.210000	0.330000	0.910000	-0.016000	-0.036000	0.002000	30021	30033	30091	24992	24982	25001
3177	64.885277	0.031164	-0.140000	0.000000	0.060000	-0.016000	-0.036000	0.002000	29986	30000	30006	24992	24982	25001
3178	64.920471	0.035195	-0.120000	0.390000	-0.510000	-0.016000	-0.036000	0.002000	29988	30039	29949	24992	24982	25001
3179	64.955405	0.034934	-0.120000	0.390000	-0.510000	-0.038000	-0.006000	0.002000	29988	30039	29949	24981	24997	25001
3180	64.955485	0.000079	-0.020000	-0.060000	-0.760000	-0.038000	-0.006000	0.002000	29998	29994	29924	24981	24997	25001
3181	64.987179	0.031694	0.150000	-0.150000	0.610000	-0.038000	-0.006000	0.002000	30015	29985	30061	24981	24997	25001
3182	65.018681	0.031502	0.150000	-0.150000	0.610000	0.014000	0.012000	-0.004000	30015	29985	30061	25007	25006	24998
3183	65.018752	0.000071	0.460000	0.380000	-0.230000	0.014000	0.012000	-0.004000	30046	30038	29977	25007	25006	24998
3184	65.044999	0.026247	0.460000	0.380000	-0.230000	-0.064000	0.022000	0.004000	30046	30038	29977	24968	25011	25002
3185	65.045061	0.000062	-0.020000	-0.020000	0.320000	-0.064000	0.022000	0.004000	29998	29998	30032	24968	25011	25002
3186	65.075852	0.030791	-0.020000	-0.020000	0.320000	-0.008000	-0.006000	-0.014000	29998	29998	30032	24996	24997	24993
3187	65.075929	0.000076	0.010000	-0.360000	-0.260000	-0.008000	-0.006000	-0.014000	30001	29964	29974	24996	24997	24993
3188	65.109201	0.033273	0.010000	-0.360000	-0.260000	0.006000	-0.014000	-0.006000	30001	29964	29974	25003	24993	24997
3189	65.109271	0.000069	0.310000	0.220000	-0.500000	0.006000	-0.014000	-0.006000	30031	30022	29950	25003	24993	24997
3190	65.135945	0.026675	0.310000	0.220000	-0.500000	-0.026000	0.012000	-0.004000	30031	30022	29950	24987	25006	24998
3191	65.136008	0.000062	0.290000	0.450000	0.630000	-0.026000	0.012000	-0.004000	30029	30045	30063	24987	25006	24998
3192	65.165290	0.029282	0.290000	0.450000	0.630000	-0.038000	0.036000	-0.010000	30029	30045	30063	24981	25018	24995
3193	65.165370	0.000080	0.210000	0.260000	0.020000	-0.038000	0.036000	-0.010000	30021	30026	30002	24981	25018	24995
3194	65.193229	0.027859	0.210000	0.260000	0.020000	-0.024000	0.024000	-0.008000	30021	30026	30002	24988	25012	24996
3195	65.193290	0.000061	-0.070000	0.260000	0.100000	-0.024000	0.024000	-0.008000	29993	30026	30010	24988	25012	24996
3196	65.224835	0.031545	-0.070000	0.260000	0.100000	-0.020000	-0.006000	-0.008000	29993	30026	30010	24990	24997	24996
3197	65.224952	0.000116	0.220000	0.080000	-0.510000	-0.020000	-0.006000	-0.008000	30022	30008	29949	24990	24997	24996
3198	65.262789	0.037837	0.280000	0.080000	-0.520000	-0.020000	-0.006000	-0.008000	30028	30008	29948	24990	24997	24996
3199	65.296796	0.034007	0.000000	-0.350000	-0.500000	-0.020000	-0.006000	-0.008000	30000	29965	29950	24990	24997	24996
3200	65.330088	0.033292	0.090000	-0.590000	0.030000	-0.020000	-0.006000	-0.008000	30009	29941	30003	24990	24997	24996
3201	65.367215	0.037127	0.300000	-0.120000	0.060000	-0.020000	-0.006000	-0.008000	30030	29988	30006	24990	24997	24996
3202	65.397575	0.030360	0.300000	-0.120000	0.060000	-0.002000	0.020000	0.000000	30030	29988	30006	24999	25010	25000
3203	65.397644	0.000070	0.300000	-0.120000	0.060000	0.068000	0.304000	0.028000	30030	29988	30006	25034	25152	25014
3204	65.397666	0.000022	2.180000	0.340000	-0.910000	0.068000	0.304000	0.028000	30218	30034	29909	25034	25152	25014
3205	65.431567	0.033901	1.660000	-0.250000	-1.120000	0.068000	0.304000	0.028000	30166	29975	29888	25034	25152	25014
3206	65.466621	0.035054	1.660000	-0.250000	-1.120000	0.034000	0.294000	0.000000	30166	29975	29888	25017	25147	25000
3207	65.466698	0.000078	0.130000	-0.170000	-0.800000	0.034000	0.294000	0.000000	30013	29983	29920	25017	25147	25000
3208	65.499913	0.033214	0.130000	-0.170000	-0.800000	0.074000	0.132000	0.018000	30013	29983	29920	25037	25066	25009
3209	65.499974	0.000061	0.130000	-0.170000	-0.800000	0.126000	0.028000	0.016000	30013	29983	29920	25063	25014	25008
3210	65.499992	0.000018	0.400000	-0.280000	-0.540000	0.126000	0.028000	0.016000	30040	29972	29946	25063	25014	25008
3211	65.527899	0.027907	-0.710000	-0.560000	-2.640000	0.126000	0.028000	0.016000	29929	29944	29736	25063	25014	25008
3212	65.557787	0.029888	-0.710000	-0.560000	-2.640000	0.198000	-0.118000	-0.016000	29929	29944	29736	25099	24941	24992
3213	65.557865	0.000078	0.120000	0.070000	-2.180000	0.198000	-0.118000	-0.016000	30012	30007	29782	25099	24941	24992
3214	65.585379	0.027514	0.120000	0.070000	-2.180000	0.092000	-0.016000	-0.026000	30012	30007	29782	25046	24992	24987
3215	65.585439	0.000060	0.310000	0.070000	0.020000	0.092000	-0.016000	-0.026000	30031	30007	30002	25046	24992	24987
3216	65.618609	0.033171	0.310000	0.070000	0.020000	-0.020000	0.000000	-0.002000	30031	30007	30002	24990	25000	24999
3217	65.618687	0.000078	0.360000	-0.030000	0.880000	-0.020000	0.000000	-0.002000	30036	29997	30088	24990	25000	24999
3218	65.649523	0.030835	-0.060000	-0.750000	-0.200000	-0.020000	0.000000	-0.002000	29994	29925	29980	24990	25000	24999
3219	65.680314	0.030792	2.630000	-1.660000	-0.700000	-0.020000	0.000000	-0.002000	30263	29834	29930	24990	25000	24999
3220	65.710447	0.030132	1.110000	-3.910000	-0.300000	-0.020000	0.000000	-0.002000	30111	29609	29970	24990	25000	24999
3221	65.741795	0.031348	1.110000	-3.910000	-0.300000	-0.020000	0.000000	-0.002000	30111	29609	29970	24990	25000	24999
3222	65.775188	0.033393	1.470000	-2.200000	-1.740000	-0.020000	0.000000	-0.002000	30147	29780	29826	24990	25000	24999
3223	65.809356	0.034168	1.470000	-2.200000	-1.740000	0.650000	0.318000	0.036000	30147	29780	29826	25325	25159	25018
3224	65.809438	0.000082	1.630000	-1.340000	-1.720000	0.650000	0.318000	0.036000	30163	29866	29828	25325	25159	25018
3225	65.841137	0.031699	0.650000	-0.470000	-1.160000	0.650000	0.318000	0.036000	30065	29953	29884	25325	25159	25018
3226	65.874528	0.033391	1.200000	-0.750000	-0.930000	0.650000	0.318000	0.036000	30120	29925	29907	25325	25159	25018
3227	65.907131	0.032603	2.120000	-1.140000	-1.250000	0.650000	0.318000	0.036000	30212	29886	29875	25325	25159	25018
3228	65.939811	0.032680	2.120000	-1.140000	-1.250000	0.044000	0.434000	0.004000	30212	29886	29875	25022	25217	25002
3229	65.939962	0.000152	0.920000	0.200000	0.260000	0.044000	0.434000	0.004000	30092	30020	30026	25022	25217	25002
3230	65.974766	0.034804	0.920000	0.200000	0.260000	-0.146000	0.386000	0.012000	30092	30020	30026	24927	25193	25006
3231	65.974843	0.000076	1.130000	-0.040000	0.800000	-0.146000	0.386000	0.012000	30113	29996	30080	24927	25193	25006
3232	66.007014	0.032172	2.040000	-1.100000	0.410000	-0.146000	0.386000	0.012000	30204	29890	30041	24927	25193	25006
3233	66.036059	0.029044	2.040000	-1.100000	0.410000	0.252000	0.658000	0.008000	30204	29890	30041	25126	25329	25004
3234	66.036125	0.000066	2.040000	-1.100000	0.410000	0.536000	0.918000	-0.014000	30204	29890	30041	25268	25459	24993
3235	66.036153	0.000028	2.910000	-1.390000	1.500000	0.536000	0.918000	-0.014000	30291	29861	30150	25268	25459	24993
3236	66.063324	0.027171	2.340000	-0.700000	-0.720000	0.536000	0.918000	-0.014000	30234	29930	29928	25268	25459	24993
3237	66.095170	0.031845	1.820000	-0.290000	-1.220000	0.536000	0.918000	-0.014000	30182	29971	29878	25268	25459	24993
3238	66.128947	0.033778	1.820000	-0.290000	-1.220000	0.032000	0.766000	-0.066000	30182	29971	29878	25016	25383	24967
3239	66.129009	0.000062	2.420000	-0.560000	-1.510000	0.032000	0.766000	-0.066000	30242	29944	29849	25016	25383	24967
3240	66.161273	0.032264	2.810000	-0.360000	-1.500000	0.032000	0.766000	-0.066000	30281	29964	29850	25016	25383	24967
3241	66.190353	0.029080	2.810000	-0.360000	-1.500000	0.176000	0.692000	-0.108000	30281	29964	29850	25088	25346	24946
3242	66.190414	0.000062	2.170000	-0.910000	-1.250000	0.176000	0.692000	-0.108000	30217	29909	29875	25088	25346	24946
3243	66.228215	0.037800	2.170000	-0.910000	-1.250000	0.248000	0.606000	-0.120000	30217	29909	29875	25124	25303	24940
3244	66.228293	0.000078	2.170000	-0.910000	-1.250000	0.078000	0.650000	-0.116000	30217	29909	29875	25039	25325	24942
3245	66.228319	0.000026	2.750000	-0.860000	-1.810000	0.078000	0.650000	-0.116000	30275	29914	29819	25039	25325	24942
3246	66.256268	0.027949	2.020000	0.110000	-0.870000	0.078000	0.650000	-0.116000	30202	30011	29913	25039	25325	24942
3247	66.284297	0.028030	2.300000	0.870000	-0.110000	0.078000	0.650000	-0.116000	30230	30087	29989	25039	25325	24942
3248	66.314929	0.030632	2.300000	0.870000	-0.110000	-0.196000	0.668000	-0.120000	30230	30087	29989	24902	25334	24940
3249	66.315149	0.000219	2.250000	0.710000	-0.120000	-0.196000	0.668000	-0.120000	30225	30071	29988	24902	25334	24940
3250	66.347406	0.032257	1.990000	0.320000	-1.170000	-0.196000	0.668000	-0.120000	30199	30032	29883	24902	25334	24940
3251	66.382272	0.034867	1.990000	0.320000	-1.170000	0.014000	0.636000	-0.142000	30199	30032	29883	25007	25318	24929
3252	66.382349	0.000077	1.990000	0.320000	-1.170000	0.062000	0.752000	-0.164000	30199	30032	29883	25031	25376	24918
3253	66.382375	0.000026	2.400000	-0.070000	-1.490000	0.062000	0.752000	-0.164000	30240	29993	29851	25031	25376	24918
3254	66.417894	0.035519	2.410000	0.050000	-2.340000	0.062000	0.752000	-0.164000	30241	30005	29766	25031	25376	24918
3255	66.450368	0.032474	2.020000	-0.880000	-1.470000	0.062000	0.752000	-0.164000	30202	29912	29853	25031	25376	24918
3256	66.481385	0.031016	2.020000	-0.880000	-1.470000	0.030000	0.774000	-0.228000	30202	29912	29853	25015	25387	24886
3257	66.481469	0.000084	2.960000	-0.050000	-2.910000	0.030000	0.774000	-0.228000	30296	29995	29709	25015	25387	24886
3258	66.518853	0.037384	3.360000	-1.100000	-3.810000	0.030000	0.774000	-0.228000	30336	29890	29619	25015	25387	24886
3259	66.547727	0.028874	3.310000	-0.480000	-2.980000	0.030000	0.774000	-0.228000	30331	29952	29702	25015	25387	24886
3260	66.578258	0.030530	3.310000	-0.480000	-2.980000	-0.004000	1.166000	-0.202000	30331	29952	29702	24998	25583	24899
3261	66.578334	0.000076	3.130000	-0.760000	-3.560000	-0.004000	1.166000	-0.202000	30313	29924	29644	24998	25583	24899
3262	66.608557	0.030223	3.890000	0.430000	-3.820000	-0.004000	1.166000	-0.202000	30389	30043	29618	24998	25583	24899
3263	66.635801	0.027245	4.150000	0.890000	-5.250000	-0.004000	1.166000	-0.202000	30415	30089	29475	24998	25583	24899
3264	66.664967	0.029166	4.150000	0.890000	-5.250000	-0.510000	1.482000	-0.180000	30415	30089	29475	24745	25741	24910
3265	66.665089	0.000122	4.810000	1.820000	-5.530000	-0.510000	1.482000	-0.180000	30481	30182	29447	24745	25741	24910
3266	66.693299	0.028210	4.480000	1.280000	-5.550000	-0.510000	1.482000	-0.180000	30448	30128	29445	24745	25741	24910
3267	66.725180	0.031881	4.480000	1.280000	-5.550000	-0.552000	1.770000	-0.238000	30448	30128	29445	24724	25885	24881
3268	66.725266	0.000086	5.060000	1.340000	-5.620000	-0.552000	1.770000	-0.238000	30506	30134	29438	24724	25885	24881
3269	66.757362	0.032096	5.150000	-0.200000	-5.890000	-0.552000	1.770000	-0.238000	30515	29980	29411	24724	25885	24881
3270	66.788038	0.030676	5.150000	-0.200000	-5.890000	-0.412000	2.006000	-0.252000	30515	29980	29411	24794	26003	24874
3271	66.788147	0.000109	5.680000	0.630000	-6.420000	-0.412000	2.006000	-0.252000	30568	30063	29358	24794	26003	24874
3272	66.820130	0.031983	5.460000	0.880000	-6.970000	-0.412000	2.006000	-0.252000	30546	30088	29303	24794	26003	24874
3273	66.850633	0.030502	5.460000	0.880000	-6.970000	-0.578000	2.132000	-0.270000	30546	30088	29303	24711	26066	24865
3274	66.850715	0.000082	5.550000	0.610000	-7.010000	-0.578000	2.132000	-0.270000	30555	30061	29299	24711	26066	24865
3275	66.876734	0.026019	5.550000	0.610000	-7.010000	-0.538000	1.966000	-0.230000	30555	30061	29299	24731	25983	24885
3276	66.876804	0.000071	4.960000	0.590000	-8.590000	-0.538000	1.966000	-0.230000	30496	30059	29141	24731	25983	24885
3277	66.907448	0.030644	5.120000	0.500000	-10.530000	-0.538000	1.966000	-0.230000	30512	30050	28947	24731	25983	24885
3278	66.939815	0.032367	5.300000	-0.150000	-9.930000	-0.538000	1.966000	-0.230000	30530	29985	29007	24731	25983	24885
3279	66.974161	0.034346	5.300000	-0.150000	-9.930000	-0.132000	1.794000	-0.294000	30530	29985	29007	24934	25897	24853
3280	66.974249	0.000088	4.510000	-0.470000	-12.130000	-0.132000	1.794000	-0.294000	30451	29953	28787	24934	25897	24853
3281	67.005684	0.031435	4.350000	-0.010000	-13.140000	-0.132000	1.794000	-0.294000	30435	29999	28686	24934	25897	24853
3282	67.038545	0.032861	4.350000	-0.010000	-13.140000	-0.206000	1.588000	-0.314000	30435	29999	28686	24897	25794	24843
3283	67.038635	0.000089	4.290000	0.620000	-14.550000	-0.206000	1.588000	-0.314000	30429	30062	28545	24897	25794	24843
3284	67.074208	0.035573	4.290000	0.620000	-14.550000	-0.500000	1.588000	-0.302000	30429	30062	28545	24750	25794	24849
3285	67.074300	0.000092	5.260000	2.130000	-15.670000	-0.500000	1.588000	-0.302000	30526	30213	28433	24750	25794	24849
3286	67.106196	0.031896	5.000000	1.650000	-15.620000	-0.500000	1.588000	-0.302000	30500	30165	28438	24750	25794	24849
3287	67.139903	0.033707	4.740000	1.170000	-15.400000	-0.500000	1.588000	-0.302000	30474	30117	28460	24750	25794	24849
3288	67.171896	0.031992	5.430000	1.010000	-14.090000	-0.500000	1.588000	-0.302000	30543	30101	28591	24750	25794	24849
3289	67.207263	0.035368	5.430000	1.010000	-14.090000	-0.622000	2.002000	-0.386000	30543	30101	28591	24689	26001	24807
3290	67.207371	0.000108	5.530000	0.940000	-14.090000	-0.622000	2.002000	-0.386000	30553	30094	28591	24689	26001	24807
3291	67.242533	0.035162	5.530000	0.940000	-14.090000	-0.592000	2.058000	-0.406000	30553	30094	28591	24704	26029	24797
3292	67.242621	0.000088	6.490000	1.960000	-14.670000	-0.592000	2.058000	-0.406000	30649	30196	28533	24704	26029	24797
3293	67.277673	0.035052	6.490000	1.960000	-14.670000	-0.786000	2.260000	-0.412000	30649	30196	28533	24607	26130	24794
3294	67.277748	0.000074	6.490000	2.700000	-14.740000	-0.786000	2.260000	-0.412000	30649	30270	28526	24607	26130	24794
3295	67.306383	0.028635	6.490000	2.700000	-14.740000	-0.966000	2.394000	-0.442000	30649	30270	28526	24517	26197	24779
3296	67.306453	0.000071	6.410000	2.920000	-15.570000	-0.966000	2.394000	-0.442000	30641	30292	28443	24517	26197	24779
3297	67.337349	0.030895	7.230000	3.010000	-16.190000	-0.966000	2.394000	-0.442000	30723	30301	28381	24517	26197	24779
3298	67.369585	0.032236	7.370000	2.870000	-15.090000	-0.966000	2.394000	-0.442000	30737	30287	28491	24517	26197	24779
3299	67.402036	0.032451	7.370000	2.870000	-15.090000	-1.108000	2.720000	-0.388000	30737	30287	28491	24446	26360	24806
3300	67.402109	0.000074	6.940000	2.360000	-14.820000	-1.108000	2.720000	-0.388000	30694	30236	28518	24446	26360	24806
3301	67.434966	0.032856	6.940000	2.360000	-14.820000	-1.256000	3.158000	-0.452000	30694	30236	28518	24372	26579	24774
3302	67.435121	0.000155	8.550000	3.350000	-14.910000	-1.256000	3.158000	-0.452000	30855	30335	28509	24372	26579	24774
3303	67.468151	0.033030	3.660000	1.590000	-12.690000	-1.256000	3.158000	-0.452000	30366	30159	28731	24372	26579	24774
3304	67.515366	0.047215	3.660000	1.590000	-12.690000	-0.738000	1.972000	-0.290000	30366	30159	28731	24631	25986	24855
3305	67.515439	0.000073	5.440000	1.620000	-12.750000	-0.738000	1.972000	-0.290000	30544	30162	28725	24631	25986	24855
3306	67.544229	0.028790	6.730000	2.080000	-13.020000	-0.738000	1.972000	-0.290000	30673	30208	28698	24631	25986	24855
3307	67.577119	0.032889	6.450000	0.480000	-10.770000	-0.738000	1.972000	-0.290000	30645	30048	28923	24631	25986	24855
3308	67.605299	0.028180	4.790000	-0.830000	-9.510000	-0.738000	1.972000	-0.290000	30479	29917	29049	24631	25986	24855
3309	67.637176	0.031877	2.440000	1.450000	-11.350000	-0.738000	1.972000	-0.290000	30244	30145	28865	24631	25986	24855
3310	67.664122	0.026945	1.420000	2.620000	-13.050000	-0.738000	1.972000	-0.290000	30142	30262	28695	24631	25986	24855
3311	67.697563	0.033442	2.720000	2.470000	-16.540000	-0.738000	1.972000	-0.290000	30272	30247	28346	24631	25986	24855
3312	67.728468	0.030904	2.720000	2.470000	-16.540000	-1.174000	1.194000	-0.292000	30272	30247	28346	24413	25597	24854
3313	67.728548	0.000080	3.960000	2.730000	-17.000000	-1.174000	1.194000	-0.292000	30396	30273	28300	24413	25597	24854
3314	67.755665	0.027117	3.960000	2.730000	-17.000000	-1.426000	2.102000	-0.490000	30396	30273	28300	24287	26051	24755
3315	67.755732	0.000068	4.710000	2.750000	-18.660000	-1.426000	2.102000	-0.490000	30471	30275	28134	24287	26051	24755
3316	67.786349	0.030617	5.400000	2.720000	-20.340000	-1.426000	2.102000	-0.490000	30540	30272	27966	24287	26051	24755
3317	67.815927	0.029578	5.400000	2.720000	-20.340000	-1.524000	2.372000	-0.492000	30540	30272	27966	24238	26186	24754
3318	67.816006	0.000079	6.750000	1.310000	-23.210000	-1.524000	2.372000	-0.492000	30675	30131	27679	24238	26186	24754
3319	67.847556	0.031550	6.250000	3.340000	-21.850000	-1.524000	2.372000	-0.492000	30625	30334	27815	24238	26186	24754
3320	67.877513	0.029957	6.250000	3.340000	-21.850000	-1.394000	2.526000	-0.398000	30625	30334	27815	24303	26263	24801
3321	67.877592	0.000079	6.930000	3.470000	-19.050000	-1.394000	2.526000	-0.398000	30693	30347	28095	24303	26263	24801
3322	67.905370	0.027778	6.930000	3.470000	-19.050000	-1.132000	2.174000	-0.226000	30693	30347	28095	24434	26087	24887
3323	67.905441	0.000071	7.540000	1.980000	-19.170000	-1.132000	2.174000	-0.226000	30754	30198	28083	24434	26087	24887
3324	67.934439	0.028997	7.710000	2.240000	-18.550000	-1.132000	2.174000	-0.226000	30771	30224	28145	24434	26087	24887
3325	67.967866	0.033427	7.710000	2.240000	-18.550000	-0.796000	2.246000	-0.322000	30771	30224	28145	24602	26123	24839
3326	67.967945	0.000079	6.020000	3.070000	-17.110000	-0.796000	2.246000	-0.322000	30602	30307	28289	24602	26123	24839
3327	67.999407	0.031462	7.040000	0.750000	-17.180000	-0.796000	2.246000	-0.322000	30704	30075	28282	24602	26123	24839
3328	68.033194	0.033787	7.040000	0.750000	-17.180000	-0.402000	2.172000	-0.240000	30704	30075	28282	24799	26086	24880
3329	68.033276	0.000082	7.040000	0.750000	-17.180000	-0.684000	2.336000	-0.328000	30704	30075	28282	24658	26168	24836
3330	68.033301	0.000025	7.040000	0.750000	-17.180000	-0.700000	1.932000	-0.230000	30704	30075	28282	24650	25966	24885
3331	68.033321	0.000020	7.040000	0.750000	-17.180000	-0.688000	2.196000	-0.278000	30704	30075	28282	24656	26098	24861
3332	68.033340	0.000019	6.640000	1.550000	-14.470000	-0.688000	2.196000	-0.278000	30664	30155	28553	24656	26098	24861
3333	68.065255	0.031915	6.470000	2.130000	-14.730000	-0.688000	2.196000	-0.278000	30647	30213	28527	24656	26098	24861
3334	68.102444	0.037189	6.470000	2.130000	-14.730000	-0.764000	2.356000	-0.334000	30647	30213	28527	24618	26178	24833
3335	68.102538	0.000094	7.290000	1.820000	-16.410000	-0.764000	2.356000	-0.334000	30729	30182	28359	24618	26178	24833
3336	68.135576	0.033038	5.770000	3.170000	-15.550000	-0.764000	2.356000	-0.334000	30577	30317	28445	24618	26178	24833
3337	68.168191	0.032616	5.770000	3.170000	-15.550000	-1.136000	2.454000	-0.420000	30577	30317	28445	24432	26227	24790
3338	68.168273	0.000082	7.050000	2.430000	-17.330000	-1.136000	2.454000	-0.420000	30705	30243	28267	24432	26227	24790
3339	68.201918	0.033645	7.050000	2.430000	-17.330000	-1.048000	2.994000	-0.474000	30705	30243	28267	24476	26497	24763
3340	68.202001	0.000084	7.670000	2.800000	-17.030000	-1.048000	2.994000	-0.474000	30767	30280	28297	24476	26497	24763
3341	68.237214	0.035213	8.250000	3.220000	-16.490000	-1.048000	2.994000	-0.474000	30825	30322	28351	24476	26497	24763
3342	68.270555	0.033340	8.250000	3.220000	-16.490000	-1.406000	3.262000	-0.434000	30825	30322	28351	24297	26631	24783
3343	68.270636	0.000082	8.260000	2.640000	-16.610000	-1.406000	3.262000	-0.434000	30826	30264	28339	24297	26631	24783
3344	68.308568	0.037931	8.260000	2.640000	-16.610000	-1.266000	3.458000	-0.438000	30826	30264	28339	24367	26729	24781
3345	68.308641	0.000073	9.350000	3.290000	-15.590000	-1.266000	3.458000	-0.438000	30935	30329	28441	24367	26729	24781
3346	68.340256	0.031615	9.870000	4.460000	-15.350000	-1.266000	3.458000	-0.438000	30987	30446	28465	24367	26729	24781
3347	68.374329	0.034073	9.800000	3.640000	-15.850000	-1.266000	3.458000	-0.438000	30980	30364	28415	24367	26729	24781
3348	68.408330	0.034001	9.800000	3.640000	-15.850000	-1.590000	3.868000	-0.462000	30980	30364	28415	24205	26934	24769
3349	68.408417	0.000087	9.480000	4.590000	-15.880000	-1.590000	3.868000	-0.462000	30948	30459	28412	24205	26934	24769
3350	68.441570	0.033153	9.480000	4.590000	-15.880000	-1.806000	3.838000	-0.536000	30948	30459	28412	24097	26919	24732
3351	68.441674	0.000104	10.690000	5.320000	-16.150000	-1.806000	3.838000	-0.536000	31069	30532	28385	24097	26919	24732
3352	68.476214	0.034540	10.690000	5.320000	-16.150000	-1.920000	4.172000	-0.562000	31069	30532	28385	24040	27086	24719
3353	68.476286	0.000072	10.970000	5.960000	-17.250000	-1.920000	4.172000	-0.562000	31097	30596	28275	24040	27086	24719
3354	68.502564	0.026278	10.970000	5.960000	-17.250000	-1.988000	4.228000	-0.552000	31097	30596	28275	24006	27114	24724
3355	68.502670	0.000106	10.830000	5.450000	-17.250000	-1.988000	4.228000	-0.552000	31083	30545	28275	24006	27114	24724
3356	68.531254	0.028583	5.920000	4.400000	-17.090000	-1.988000	4.228000	-0.552000	30592	30440	28291	24006	27114	24724
3357	68.557189	0.025935	5.920000	4.400000	-17.090000	-1.608000	3.310000	-0.470000	30592	30440	28291	24196	26655	24765
3358	68.557258	0.000069	5.340000	0.670000	-14.020000	-1.608000	3.310000	-0.470000	30534	30067	28598	24196	26655	24765
3359	68.588450	0.031193	5.340000	0.670000	-14.020000	-0.480000	2.844000	-0.238000	30534	30067	28598	24760	26422	24881
3360	68.588533	0.000082	4.740000	1.600000	-13.970000	-0.480000	2.844000	-0.238000	30474	30160	28603	24760	26422	24881
3361	68.622281	0.033748	6.090000	1.710000	-13.440000	-0.480000	2.844000	-0.238000	30609	30171	28656	24760	26422	24881
3362	68.649337	0.027056	6.120000	0.390000	-12.210000	-0.480000	2.844000	-0.238000	30612	30039	28779	24760	26422	24881
3363	68.676478	0.027141	6.860000	-0.570000	-11.040000	-0.480000	2.844000	-0.238000	30686	29943	28896	24760	26422	24881
3364	68.722841	0.046363	6.860000	-0.570000	-11.040000	0.578000	1.086000	0.004000	30686	29943	28896	25289	25543	25002
3365	68.722936	0.000095	3.680000	-0.600000	-13.640000	0.578000	1.086000	0.004000	30368	29940	28636	25289	25543	25002
3366	68.755953	0.033017	3.510000	0.060000	-15.070000	0.578000	1.086000	0.004000	30351	30006	28493	25289	25543	25002
3367	68.791644	0.035690	3.510000	0.060000	-15.070000	-0.198000	1.276000	-0.174000	30351	30006	28493	24901	25638	24913
3368	68.791786	0.000142	3.880000	1.510000	-16.210000	-0.198000	1.276000	-0.174000	30388	30151	28379	24901	25638	24913
3369	68.831737	0.039952	4.430000	2.490000	-16.870000	-0.198000	1.276000	-0.174000	30443	30249	28313	24901	25638	24913
3370	68.865117	0.033380	3.920000	4.150000	-17.370000	-0.198000	1.276000	-0.174000	30392	30415	28263	24901	25638	24913
3371	68.899164	0.034046	4.270000	4.240000	-17.760000	-0.198000	1.276000	-0.174000	30427	30424	28224	24901	25638	24913
3372	68.935246	0.036082	4.490000	4.170000	-18.020000	-0.198000	1.276000	-0.174000	30449	30417	28198	24901	25638	24913
3373	68.965750	0.030505	4.490000	4.170000	-18.020000	-1.732000	2.978000	-0.458000	30449	30417	28198	24134	26489	24771
3374	68.966054	0.000303	4.600000	1.880000	-18.390000	-1.732000	2.978000	-0.458000	30460	30188	28161	24134	26489	24771
3375	68.994263	0.028209	6.350000	1.600000	-18.990000	-1.732000	2.978000	-0.458000	30635	30160	28101	24134	26489	24771
3376	69.025822	0.031559	6.350000	1.600000	-18.990000	-0.868000	3.038000	-0.308000	30635	30160	28101	24566	26519	24846
3377	69.025898	0.000076	6.350000	1.600000	-18.990000	-0.868000	3.038000	-0.308000	30635	30160	28101	24566	26519	24846
3378	69.056769	0.030871	6.570000	1.470000	-17.070000	-0.868000	3.038000	-0.308000	30657	30147	28293	24566	26519	24846
3379	69.083370	0.026601	4.720000	1.860000	-14.130000	-0.868000	3.038000	-0.308000	30472	30186	28587	24566	26519	24846
3380	69.110104	0.026734	4.720000	1.860000	-14.130000	-0.702000	2.028000	-0.052000	30472	30186	28587	24649	26014	24974
3381	69.110169	0.000064	5.680000	0.650000	-15.540000	-0.702000	2.028000	-0.052000	30568	30065	28446	24649	26014	24974
3382	69.141535	0.031367	6.500000	0.990000	-14.220000	-0.702000	2.028000	-0.052000	30650	30099	28578	24649	26014	24974
3383	69.168863	0.027327	6.260000	1.070000	-14.740000	-0.702000	2.028000	-0.052000	30626	30107	28526	24649	26014	24974
3384	69.199085	0.030222	5.230000	0.760000	-15.000000	-0.702000	2.028000	-0.052000	30523	30076	28500	24649	26014	24974
3385	69.229133	0.030048	4.540000	1.360000	-15.480000	-0.702000	2.028000	-0.052000	30454	30136	28452	24649	26014	24974
3386	69.257478	0.028345	4.540000	1.360000	-15.480000	-0.660000	2.082000	-0.148000	30454	30136	28452	24670	26041	24926
3387	69.257544	0.000066	5.130000	1.210000	-15.020000	-0.660000	2.082000	-0.148000	30513	30121	28498	24670	26041	24926
3388	69.284695	0.027150	5.130000	1.210000	-15.020000	-0.818000	2.290000	-0.178000	30513	30121	28498	24591	26145	24911
3389	69.284780	0.000085	4.990000	2.000000	-15.580000	-0.818000	2.290000	-0.178000	30499	30200	28442	24591	26145	24911
3390	69.316082	0.031301	6.050000	1.910000	-14.860000	-0.818000	2.290000	-0.178000	30605	30191	28514	24591	26145	24911
3391	69.358502	0.042421	6.050000	1.910000	-14.860000	-1.268000	2.388000	-0.192000	30605	30191	28514	24366	26194	24904
3392	69.358595	0.000093	4.620000	2.940000	-13.880000	-1.268000	2.388000	-0.192000	30462	30294	28612	24366	26194	24904
3393	69.392355	0.033760	4.690000	1.900000	-14.190000	-1.268000	2.388000	-0.192000	30469	30190	28581	24366	26194	24904
3394	69.425252	0.032897	6.570000	2.600000	-13.970000	-1.268000	2.388000	-0.192000	30657	30260	28603	24366	26194	24904
3395	69.457251	0.031999	3.750000	2.760000	-12.450000	-1.268000	2.388000	-0.192000	30375	30276	28755	24366	26194	24904
3396	69.494033	0.036782	4.510000	0.960000	-14.660000	-1.268000	2.388000	-0.192000	30451	30096	28534	24366	26194	24904
3397	69.522976	0.028943	5.520000	2.590000	-11.680000	-1.268000	2.388000	-0.192000	30552	30259	28832	24366	26194	24904
3398	69.553892	0.030916	5.520000	2.590000	-11.680000	-0.866000	2.116000	-0.152000	30552	30259	28832	24567	26058	24924
3399	69.553959	0.000067	4.790000	2.570000	-12.800000	-0.866000	2.116000	-0.152000	30479	30257	28720	24567	26058	24924
3400	69.586297	0.032338	5.210000	1.980000	-14.180000	-0.866000	2.116000	-0.152000	30521	30198	28582	24567	26058	24924
3401	69.614598	0.028302	5.210000	1.980000	-14.180000	-1.078000	2.460000	-0.332000	30521	30198	28582	24461	26230	24834
3402	69.614765	0.000167	5.370000	2.980000	-13.630000	-1.078000	2.460000	-0.332000	30537	30298	28637	24461	26230	24834
3403	69.652293	0.037528	4.450000	3.820000	-13.860000	-1.078000	2.460000	-0.332000	30445	30382	28614	24461	26230	24834
3404	69.682929	0.030635	4.450000	3.820000	-13.860000	-1.274000	2.524000	-0.356000	30445	30382	28614	24363	26262	24822
3405	69.683007	0.000078	6.070000	3.480000	-13.640000	-1.274000	2.524000	-0.356000	30607	30348	28636	24363	26262	24822
3406	69.708996	0.025989	6.070000	3.480000	-13.640000	-1.138000	2.658000	-0.378000	30607	30348	28636	24431	26329	24811
3407	69.709080	0.000084	4.850000	2.680000	-13.050000	-1.138000	2.658000	-0.378000	30485	30268	28695	24431	26329	24811
3408	69.734693	0.025613	5.180000	1.730000	-13.270000	-1.138000	2.658000	-0.378000	30518	30173	28673	24431	26329	24811
3409	69.763540	0.028847	5.180000	1.730000	-13.270000	-0.730000	2.128000	-0.324000	30518	30173	28673	24635	26064	24838
3410	69.763598	0.000059	4.560000	2.930000	-12.710000	-0.730000	2.128000	-0.324000	30456	30293	28729	24635	26064	24838
3411	69.790091	0.026493	4.560000	2.930000	-12.710000	-0.604000	1.880000	-0.420000	30456	30293	28729	24698	25940	24790
3412	69.790186	0.000095	4.950000	2.370000	-12.930000	-0.604000	1.880000	-0.420000	30495	30237	28707	24698	25940	24790
3413	69.819536	0.029349	3.840000	2.650000	-12.600000	-0.604000	1.880000	-0.420000	30384	30265	28740	24698	25940	24790
3414	69.852408	0.032872	3.170000	2.590000	-13.650000	-0.604000	1.880000	-0.420000	30317	30259	28635	24698	25940	24790
3415	69.886470	0.034062	4.140000	2.680000	-14.530000	-0.604000	1.880000	-0.420000	30414	30268	28547	24698	25940	24790
3416	69.920160	0.033689	4.140000	2.680000	-14.530000	-0.798000	1.788000	-0.520000	30414	30268	28547	24601	25894	24740
3417	69.920244	0.000085	3.180000	2.530000	-13.970000	-0.798000	1.788000	-0.520000	30318	30253	28603	24601	25894	24740
3418	69.947295	0.027050	3.180000	2.530000	-13.970000	-0.864000	1.730000	-0.414000	30318	30253	28603	24568	25865	24793
3419	69.947378	0.000083	4.170000	2.420000	-14.280000	-0.864000	1.730000	-0.414000	30417	30242	28572	24568	25865	24793
3420	69.980529	0.033151	3.370000	1.020000	-15.170000	-0.864000	1.730000	-0.414000	30337	30102	28483	24568	25865	24793
3421	70.009005	0.028477	3.370000	1.020000	-15.170000	-0.790000	1.630000	-0.234000	30337	30102	28483	24605	25815	24883
3422	70.009078	0.000072	3.980000	2.580000	-14.830000	-0.790000	1.630000	-0.234000	30398	30258	28517	24605	25815	24883
3423	70.040465	0.031388	3.930000	2.990000	-14.320000	-0.790000	1.630000	-0.234000	30393	30299	28568	24605	25815	24883
3424	70.073450	0.032985	4.460000	2.860000	-14.290000	-0.790000	1.630000	-0.234000	30446	30286	28571	24605	25815	24883
3425	70.101061	0.027611	4.460000	2.860000	-14.290000	-0.674000	1.806000	-0.270000	30446	30286	28571	24663	25903	24865
3426	70.101130	0.000069	3.390000	0.320000	-15.740000	-0.674000	1.806000	-0.270000	30339	30032	28426	24663	25903	24865
3427	70.128270	0.027140	5.020000	1.950000	-15.440000	-0.674000	1.806000	-0.270000	30502	30195	28456	24663	25903	24865
3428	70.156759	0.028489	4.850000	2.090000	-14.660000	-0.674000	1.806000	-0.270000	30485	30209	28534	24663	25903	24865
3429	70.193116	0.036357	5.710000	1.220000	-16.280000	-0.674000	1.806000	-0.270000	30571	30122	28372	24663	25903	24865
3430	70.226452	0.033336	5.710000	1.220000	-16.280000	-0.336000	1.846000	-0.172000	30571	30122	28372	24832	25923	24914
3431	70.226539	0.000086	5.100000	1.260000	-15.170000	-0.336000	1.846000	-0.172000	30510	30126	28483	24832	25923	24914
3432	70.259978	0.033440	5.100000	1.260000	-15.170000	-0.454000	1.732000	-0.138000	30510	30126	28483	24773	25866	24931
3433	70.260062	0.000083	4.720000	1.200000	-15.730000	-0.454000	1.732000	-0.138000	30472	30120	28427	24773	25866	24931
3434	70.293036	0.032974	5.780000	1.740000	-16.830000	-0.454000	1.732000	-0.138000	30578	30174	28317	24773	25866	24931
3435	70.324272	0.031236	4.950000	1.420000	-17.310000	-0.454000	1.732000	-0.138000	30495	30142	28269	24773	25866	24931
3436	70.354897	0.030625	4.950000	1.420000	-17.310000	-0.282000	1.530000	-0.002000	30495	30142	28269	24859	25765	24999
3437	70.354976	0.000079	5.100000	1.330000	-15.970000	-0.282000	1.530000	-0.002000	30510	30133	28403	24859	25765	24999
3438	70.389851	0.034875	4.240000	1.480000	-16.530000	-0.282000	1.530000	-0.002000	30424	30148	28347	24859	25765	24999
3439	70.418597	0.028746	4.370000	1.660000	-16.180000	-0.282000	1.530000	-0.002000	30437	30166	28382	24859	25765	24999
3440	70.454331	0.035735	4.360000	1.450000	-16.440000	-0.282000	1.530000	-0.002000	30436	30145	28356	24859	25765	24999
3441	70.482830	0.028498	4.360000	1.450000	-16.440000	-0.220000	1.326000	0.022000	30436	30145	28356	24890	25663	25011
3442	70.482921	0.000091	3.690000	1.670000	-16.480000	-0.220000	1.326000	0.022000	30369	30167	28352	24890	25663	25011
3443	70.510987	0.028066	4.790000	1.080000	-17.340000	-0.220000	1.326000	0.022000	30479	30108	28266	24890	25663	25011
3444	70.537359	0.026372	4.460000	0.940000	-17.030000	-0.220000	1.326000	0.022000	30446	30094	28297	24890	25663	25011
3445	70.563829	0.026470	3.970000	1.310000	-17.550000	-0.220000	1.326000	0.022000	30397	30131	28245	24890	25663	25011
3446	70.596358	0.032529	3.970000	1.310000	-17.550000	-0.202000	1.384000	0.002000	30397	30131	28245	24899	25692	25001
3447	70.596460	0.000102	5.000000	1.990000	-17.060000	-0.202000	1.384000	0.002000	30500	30199	28294	24899	25692	25001
3448	70.629098	0.032638	5.060000	1.510000	-17.340000	-0.202000	1.384000	0.002000	30506	30151	28266	24899	25692	25001
3449	70.661155	0.032056	5.060000	1.510000	-17.340000	-0.296000	1.582000	-0.082000	30506	30151	28266	24852	25791	24959
3450	70.661239	0.000085	4.330000	1.540000	-16.760000	-0.296000	1.582000	-0.082000	30433	30154	28324	24852	25791	24959
3451	70.695510	0.034271	4.330000	1.540000	-16.760000	-0.224000	1.490000	-0.090000	30433	30154	28324	24888	25745	24955
3452	70.695584	0.000074	5.390000	1.470000	-17.650000	-0.224000	1.490000	-0.090000	30539	30147	28235	24888	25745	24955
3453	70.723258	0.027674	5.390000	1.470000	-17.650000	-0.238000	1.698000	-0.136000	30539	30147	28235	24881	25849	24932
3454	70.723326	0.000068	5.070000	1.660000	-17.910000	-0.238000	1.698000	-0.136000	30507	30166	28209	24881	25849	24932
3455	70.753223	0.029897	4.720000	1.370000	-16.770000	-0.238000	1.698000	-0.136000	30472	30137	28323	24881	25849	24932
3456	70.785327	0.032104	4.570000	1.840000	-17.080000	-0.238000	1.698000	-0.136000	30457	30184	28292	24881	25849	24932
3457	70.817553	0.032226	5.160000	0.900000	-16.760000	-0.238000	1.698000	-0.136000	30516	30090	28324	24881	25849	24932
3458	70.849269	0.031716	5.160000	0.900000	-16.760000	0.036000	1.632000	-0.160000	30516	30090	28324	25018	25816	24920
3459	70.849352	0.000083	5.160000	0.900000	-16.760000	0.072000	1.650000	-0.168000	30516	30090	28324	25036	25825	24916
3460	70.849385	0.000033	4.380000	0.300000	-15.960000	0.072000	1.650000	-0.168000	30438	30030	28404	25036	25825	24916
3461	70.879736	0.030351	4.380000	0.300000	-15.960000	0.178000	1.574000	-0.114000	30438	30030	28404	25089	25787	24943
3462	70.879812	0.000076	4.490000	-0.060000	-16.840000	0.178000	1.574000	-0.114000	30449	29994	28316	25089	25787	24943
3463	70.910886	0.031074	4.490000	-0.060000	-16.840000	0.250000	1.586000	-0.086000	30449	29994	28316	25125	25793	24957
3464	70.911047	0.000161	4.450000	1.050000	-15.990000	0.250000	1.586000	-0.086000	30445	30105	28401	25125	25793	24957
3465	70.944383	0.033336	4.450000	1.050000	-15.990000	0.124000	1.510000	-0.046000	30445	30105	28401	25062	25755	24977
3466	70.944462	0.000080	5.450000	0.820000	-16.010000	0.124000	1.510000	-0.046000	30545	30082	28399	25062	25755	24977
3467	70.979275	0.034813	5.450000	0.820000	-16.010000	0.200000	1.594000	-0.036000	30545	30082	28399	25100	25797	24982
3468	70.979413	0.000137	4.140000	1.160000	-16.230000	0.200000	1.594000	-0.036000	30414	30116	28377	25100	25797	24982
3469	71.008308	0.028896	4.140000	1.160000	-16.230000	0.148000	1.522000	-0.038000	30414	30116	28377	25074	25761	24981
3470	71.008387	0.000078	4.880000	1.080000	-17.380000	0.148000	1.522000	-0.038000	30488	30108	28262	25074	25761	24981
3471	71.036514	0.028127	4.880000	1.080000	-17.380000	0.226000	1.634000	-0.040000	30488	30108	28262	25113	25817	24980
3472	71.036580	0.000067	5.550000	0.110000	-16.830000	0.226000	1.634000	-0.040000	30555	30011	28317	25113	25817	24980
3473	71.069454	0.032873	5.550000	0.110000	-16.830000	0.246000	1.714000	-0.072000	30555	30011	28317	25123	25857	24964
3474	71.069547	0.000093	4.140000	1.070000	-15.700000	0.246000	1.714000	-0.072000	30414	30107	28430	25123	25857	24964
3475	71.096956	0.027409	4.140000	1.070000	-15.700000	0.140000	1.634000	-0.086000	30414	30107	28430	25070	25817	24957
3476	71.097041	0.000085	4.260000	1.090000	-16.250000	0.140000	1.634000	-0.086000	30426	30109	28375	25070	25817	24957
3477	71.136228	0.039187	4.510000	-0.570000	-17.400000	0.140000	1.634000	-0.086000	30451	29943	28260	25070	25817	24957
3478	71.166633	0.030405	4.510000	-0.570000	-17.400000	0.490000	1.572000	-0.002000	30451	29943	28260	25245	25786	24999
3479	71.166703	0.000070	4.860000	-0.240000	-16.280000	0.490000	1.572000	-0.002000	30486	29976	28372	25245	25786	24999
3480	71.198979	0.032276	4.020000	-0.180000	-15.670000	0.490000	1.572000	-0.002000	30402	29982	28433	25245	25786	24999
3481	71.230286	0.031307	4.020000	-0.180000	-15.670000	0.504000	1.498000	0.014000	30402	29982	28433	25252	25749	25007
3482	71.230367	0.000081	3.800000	-0.300000	-15.680000	0.504000	1.498000	0.014000	30380	29970	28432	25252	25749	25007
3483	71.262843	0.032476	4.900000	-1.110000	-16.800000	0.504000	1.498000	0.014000	30490	29889	28320	25252	25749	25007
3484	71.290698	0.027855	5.210000	-0.140000	-17.120000	0.504000	1.498000	0.014000	30521	29986	28288	25252	25749	25007
3485	71.321009	0.030311	5.210000	-0.140000	-17.120000	0.596000	1.742000	-0.042000	30521	29986	28288	25298	25871	24979
3486	71.321084	0.000075	4.300000	0.280000	-16.500000	0.596000	1.742000	-0.042000	30430	30028	28350	25298	25871	24979
3487	71.353098	0.032014	4.300000	0.280000	-16.500000	0.606000	1.620000	-0.048000	30430	30028	28350	25303	25810	24976
3488	71.353281	0.000183	4.090000	0.270000	-16.500000	0.606000	1.620000	-0.048000	30409	30027	28350	25303	25810	24976
3489	71.384670	0.031389	4.770000	0.300000	-17.890000	0.606000	1.620000	-0.048000	30477	30030	28211	25303	25810	24976
3490	71.412721	0.028051	4.320000	-0.900000	-16.530000	0.606000	1.620000	-0.048000	30432	29910	28347	25303	25810	24976
3491	71.444937	0.032216	4.320000	-0.900000	-16.530000	0.782000	1.656000	0.002000	30432	29910	28347	25391	25828	25001
3492	71.445042	0.000105	4.260000	-1.000000	-17.620000	0.782000	1.656000	0.002000	30426	29900	28238	25391	25828	25001
3493	71.475286	0.030244	4.260000	-1.000000	-17.620000	0.832000	1.584000	0.032000	30426	29900	28238	25416	25792	25016
3494	71.475351	0.000066	3.920000	-0.500000	-17.620000	0.832000	1.584000	0.032000	30392	29950	28238	25416	25792	25016
3495	71.502720	0.027369	3.920000	-0.500000	-17.620000	0.740000	1.556000	0.056000	30392	29950	28238	25370	25778	25028
3496	71.502778	0.000057	3.700000	-0.440000	-17.040000	0.740000	1.556000	0.056000	30370	29956	28296	25370	25778	25028
3497	71.531190	0.028412	3.190000	-1.590000	-17.070000	0.740000	1.556000	0.056000	30319	29841	28293	25370	25778	25028
3498	71.561339	0.030149	3.160000	-0.750000	-16.770000	0.740000	1.556000	0.056000	30316	29925	28323	25370	25778	25028
3499	71.591430	0.030091	3.380000	-0.700000	-16.520000	0.740000	1.556000	0.056000	30338	29930	28348	25370	25778	25028
3500	71.620381	0.028951	4.440000	-0.840000	-16.550000	0.740000	1.556000	0.056000	30444	29916	28345	25370	25778	25028
3501	71.652966	0.032584	3.380000	-1.360000	-17.570000	0.740000	1.556000	0.056000	30338	29864	28243	25370	25778	25028
3502	71.684283	0.031318	3.380000	-1.360000	-17.570000	1.068000	1.588000	-0.014000	30338	29864	28243	25534	25794	24993
3503	71.684363	0.000080	3.380000	-1.360000	-17.570000	1.064000	1.562000	0.004000	30338	29864	28243	25532	25781	25002
3504	71.684384	0.000022	3.850000	-0.970000	-17.080000	1.064000	1.562000	0.004000	30385	29903	28292	25532	25781	25002
3505	71.715909	0.031524	3.850000	-0.970000	-17.080000	1.094000	1.294000	0.030000	30385	29903	28292	25547	25647	25015
3506	71.715988	0.000080	2.780000	-0.600000	-16.480000	1.094000	1.294000	0.030000	30278	29940	28352	25547	25647	25015
3507	71.748471	0.032482	2.780000	-0.600000	-16.480000	1.056000	1.398000	0.034000	30278	29940	28352	25528	25699	25017
3508	71.748555	0.000085	2.390000	-1.930000	-17.550000	1.056000	1.398000	0.034000	30239	29807	28245	25528	25699	25017
3509	71.782172	0.033616	2.390000	-1.930000	-17.550000	1.218000	1.338000	-0.028000	30239	29807	28245	25609	25669	24986
3510	71.782412	0.000240	2.680000	-0.690000	-18.620000	1.218000	1.338000	-0.028000	30268	29931	28138	25609	25669	24986
3511	71.815502	0.033090	2.750000	-0.220000	-17.510000	1.218000	1.338000	-0.028000	30275	29978	28249	25609	25669	24986
3512	71.851437	0.035935	2.510000	-0.780000	-17.520000	1.218000	1.338000	-0.028000	30251	29922	28248	25609	25669	24986
3513	71.882297	0.030860	2.510000	-0.780000	-17.520000	1.092000	1.402000	-0.100000	30251	29922	28248	25546	25701	24950
3514	71.882377	0.000080	2.520000	-0.940000	-17.270000	1.092000	1.402000	-0.100000	30252	29906	28273	25546	25701	24950
3515	71.908844	0.026467	2.620000	-1.540000	-16.730000	1.092000	1.402000	-0.100000	30262	29846	28327	25546	25701	24950
3516	71.942436	0.033592	2.970000	-2.130000	-18.610000	1.092000	1.402000	-0.100000	30297	29787	28139	25546	25701	24950
3517	71.971346	0.028910	2.970000	-2.130000	-18.610000	1.328000	1.412000	-0.008000	30297	29787	28139	25664	25706	24996
3518	71.971427	0.000081	1.080000	-1.190000	-17.940000	1.328000	1.412000	-0.008000	30108	29881	28206	25664	25706	24996
3519	72.003204	0.031777	2.090000	-1.550000	-17.450000	1.328000	1.412000	-0.008000	30209	29845	28255	25664	25706	24996
3520	72.036599	0.033396	2.090000	-1.550000	-17.450000	1.384000	1.252000	-0.082000	30209	29845	28255	25692	25626	24959
3521	72.036684	0.000085	1.950000	-1.440000	-18.260000	1.384000	1.252000	-0.082000	30195	29856	28174	25692	25626	24959
3522	72.069617	0.032933	1.950000	-1.440000	-18.260000	1.444000	1.260000	-0.222000	30195	29856	28174	25722	25630	24889
3523	72.069698	0.000081	1.850000	-0.980000	-17.450000	1.444000	1.260000	-0.222000	30185	29902	28255	25722	25630	24889
3524	72.100996	0.031297	1.710000	-1.150000	-17.980000	1.444000	1.260000	-0.222000	30171	29885	28202	25722	25630	24889
3525	72.129012	0.028016	1.570000	-1.040000	-17.450000	1.444000	1.260000	-0.222000	30157	29896	28255	25722	25630	24889
3526	72.155145	0.026133	0.910000	-1.750000	-18.210000	1.444000	1.260000	-0.222000	30091	29825	28179	25722	25630	24889
3527	72.185490	0.030345	0.910000	-1.750000	-18.210000	1.644000	1.350000	-0.468000	30091	29825	28179	25822	25675	24766
3528	72.185561	0.000071	1.980000	-0.430000	-17.440000	1.644000	1.350000	-0.468000	30198	29957	28256	25822	25675	24766
3529	72.216839	0.031278	2.140000	-0.560000	-17.870000	1.644000	1.350000	-0.468000	30214	29944	28213	25822	25675	24766
3530	72.249278	0.032439	2.140000	-0.560000	-17.870000	1.710000	1.352000	-0.550000	30214	29944	28213	25855	25676	24725
3531	72.249368	0.000090	1.890000	-0.480000	-17.890000	1.710000	1.352000	-0.550000	30189	29952	28211	25855	25676	24725
3532	72.285224	0.035856	1.610000	-1.320000	-18.350000	1.710000	1.352000	-0.550000	30161	29868	28165	25855	25676	24725
3533	72.320617	0.035393	0.390000	-1.060000	-17.260000	1.710000	1.352000	-0.550000	30039	29894	28274	25855	25676	24725
3534	72.353570	0.032953	0.530000	-1.000000	-16.940000	1.710000	1.352000	-0.550000	30053	29900	28306	25855	25676	24725
3535	72.390186	0.036616	0.530000	-1.000000	-16.940000	1.468000	0.544000	-0.450000	30053	29900	28306	25734	25272	24775
3536	72.390250	0.000065	0.860000	2.680000	-15.610000	1.468000	0.544000	-0.450000	30086	30268	28439	25734	25272	24775
3537	72.419429	0.029179	0.100000	-1.260000	-15.850000	1.468000	0.544000	-0.450000	30010	29874	28415	25734	25272	24775
3538	72.450238	0.030809	0.200000	-0.250000	-15.110000	1.468000	0.544000	-0.450000	30020	29975	28489	25734	25272	24775
3539	72.481854	0.031615	0.200000	-0.250000	-15.110000	1.122000	0.518000	-0.318000	30020	29975	28489	25561	25259	24841
3540	72.481962	0.000108	0.990000	0.660000	-14.000000	1.122000	0.518000	-0.318000	30099	30066	28600	25561	25259	24841
3541	72.514661	0.032699	0.620000	-0.620000	-14.840000	1.122000	0.518000	-0.318000	30062	29938	28516	25561	25259	24841
3542	72.544909	0.030249	0.210000	-0.500000	-14.240000	1.122000	0.518000	-0.318000	30021	29950	28576	25561	25259	24841
3543	72.575271	0.030362	0.210000	-0.500000	-14.240000	1.010000	0.514000	-0.248000	30021	29950	28576	25505	25257	24876
3544	72.575352	0.000081	1.200000	0.880000	-13.190000	1.010000	0.514000	-0.248000	30120	30088	28681	25505	25257	24876
3545	72.605356	0.030004	1.200000	0.880000	-13.190000	0.916000	0.512000	-0.234000	30120	30088	28681	25458	25256	24883
3546	72.605438	0.000082	0.600000	-0.010000	-13.690000	0.916000	0.512000	-0.234000	30060	29999	28631	25458	25256	24883
3547	72.636368	0.030930	0.870000	-0.260000	-13.480000	0.916000	0.512000	-0.234000	30087	29974	28652	25458	25256	24883
3548	72.667365	0.030998	1.550000	0.450000	-11.860000	0.916000	0.512000	-0.234000	30155	30045	28814	25458	25256	24883
3549	72.697221	0.029855	1.550000	0.450000	-11.860000	0.786000	0.634000	-0.234000	30155	30045	28814	25393	25317	24883
3550	72.697298	0.000077	0.400000	-0.230000	-12.120000	0.786000	0.634000	-0.234000	30040	29977	28788	25393	25317	24883
3551	72.729862	0.032565	1.000000	0.560000	-12.060000	0.786000	0.634000	-0.234000	30100	30056	28794	25393	25317	24883
3552	72.760750	0.030888	1.000000	0.560000	-12.060000	0.684000	0.516000	-0.212000	30100	30056	28794	25342	25258	24894
3553	72.760827	0.000077	0.590000	0.690000	-12.050000	0.684000	0.516000	-0.212000	30059	30069	28795	25342	25258	24894
3554	72.789062	0.028235	0.590000	0.690000	-12.050000	0.672000	0.460000	-0.230000	30059	30069	28795	25336	25230	24885
3555	72.789136	0.000074	0.450000	0.260000	-11.520000	0.672000	0.460000	-0.230000	30045	30026	28848	25336	25230	24885
3556	72.817085	0.027949	0.490000	1.530000	-10.930000	0.672000	0.460000	-0.230000	30049	30153	28907	25336	25230	24885
3557	72.848650	0.031565	-0.130000	0.490000	-10.950000	0.672000	0.460000	-0.230000	29987	30049	28905	25336	25230	24885
3558	72.899637	0.050987	-0.130000	0.490000	-10.950000	0.672000	0.460000	-0.230000	29987	30049	28905	25336	25230	24885
3559	72.930132	0.030495	0.160000	1.910000	-10.100000	0.672000	0.460000	-0.230000	30016	30191	28990	25336	25230	24885
3560	72.957289	0.027158	-0.050000	1.250000	-10.350000	0.672000	0.460000	-0.230000	29995	30125	28965	25336	25230	24885
3561	72.986652	0.029363	-0.050000	1.250000	-10.350000	0.582000	0.264000	-0.296000	29995	30125	28965	25291	25132	24852
3562	72.986719	0.000067	-0.050000	1.250000	-10.350000	0.606000	0.320000	-0.322000	29995	30125	28965	25303	25160	24839
3563	72.986743	0.000023	0.120000	1.150000	-9.560000	0.606000	0.320000	-0.322000	30012	30115	29044	25303	25160	24839
3564	73.017175	0.030433	-0.350000	1.290000	-10.650000	0.606000	0.320000	-0.322000	29965	30129	28935	25303	25160	24839
3565	73.049170	0.031995	0.550000	1.470000	-10.890000	0.606000	0.320000	-0.322000	30055	30147	28911	25303	25160	24839
3566	73.083281	0.034111	0.010000	0.580000	-12.830000	0.606000	0.320000	-0.322000	30001	30058	28717	25303	25160	24839
3567	73.116924	0.033643	0.020000	0.850000	-12.460000	0.606000	0.320000	-0.322000	30002	30085	28754	25303	25160	24839
3568	73.144542	0.027618	0.020000	0.850000	-12.460000	1.120000	0.340000	-0.596000	30002	30085	28754	25560	25170	24702
3569	73.144623	0.000081	-0.820000	-1.220000	-15.430000	1.120000	0.340000	-0.596000	29918	29878	28457	25560	25170	24702
3570	73.178340	0.033717	-0.820000	-1.220000	-15.430000	1.454000	0.192000	-0.728000	29918	29878	28457	25727	25096	24636
3571	73.178425	0.000085	-0.480000	-0.650000	-16.530000	1.454000	0.192000	-0.728000	29952	29935	28347	25727	25096	24636
3572	73.222535	0.044110	-0.480000	-0.650000	-16.530000	1.528000	0.304000	-0.874000	29952	29935	28347	25764	25152	24563
3573	73.222636	0.000101	-0.310000	0.780000	-14.630000	1.528000	0.304000	-0.874000	29969	30078	28537	25764	25152	24563
3574	73.251404	0.028769	-0.310000	0.780000	-14.630000	1.504000	0.412000	-0.978000	29969	30078	28537	25752	25206	24511
3575	73.251468	0.000064	-0.360000	0.350000	-15.740000	1.504000	0.412000	-0.978000	29964	30035	28426	25752	25206	24511
3576	73.281641	0.030173	-0.370000	-1.990000	-21.650000	1.504000	0.412000	-0.978000	29963	29801	27835	25752	25206	24511
3577	73.308828	0.027187	-0.770000	-2.350000	-23.150000	1.504000	0.412000	-0.978000	29923	29765	27685	25752	25206	24511
3578	73.341565	0.032737	-0.770000	-2.350000	-23.150000	2.924000	0.662000	-1.130000	29923	29765	27685	26462	25331	24435
3579	73.341692	0.000127	0.340000	-1.510000	-21.360000	2.924000	0.662000	-1.130000	30034	29849	27864	26462	25331	24435
3580	73.374194	0.032501	0.340000	-1.510000	-21.360000	2.432000	0.998000	-1.262000	30034	29849	27864	26216	25499	24369
3581	73.374259	0.000065	0.550000	-1.180000	-21.660000	2.432000	0.998000	-1.262000	30055	29882	27834	26216	25499	24369
3582	73.401750	0.027491	-0.820000	-2.320000	-21.450000	2.432000	0.998000	-1.262000	29918	29768	27855	26216	25499	24369
3583	73.429082	0.027332	-0.820000	-2.320000	-21.450000	2.532000	0.196000	-1.356000	29918	29768	27855	26266	25098	24322
3584	73.429166	0.000084	-0.620000	-1.010000	-21.430000	2.532000	0.196000	-1.356000	29938	29899	27857	26266	25098	24322
3585	73.456526	0.027360	-0.360000	-1.070000	-21.390000	2.532000	0.196000	-1.356000	29964	29893	27861	26266	25098	24322
3586	73.488501	0.031974	-0.270000	-0.770000	-20.630000	2.532000	0.196000	-1.356000	29973	29923	27937	26266	25098	24322
3587	73.517104	0.028604	-0.380000	-1.310000	-21.390000	2.532000	0.196000	-1.356000	29962	29869	27861	26266	25098	24322
3588	73.549620	0.032516	-0.530000	0.120000	-21.120000	2.532000	0.196000	-1.356000	29947	30012	27888	26266	25098	24322
3589	73.580241	0.030621	-0.470000	-1.350000	-21.600000	2.532000	0.196000	-1.356000	29953	29865	27840	26266	25098	24322
3590	73.609368	0.029126	-0.550000	-0.130000	-21.650000	2.532000	0.196000	-1.356000	29945	29987	27835	26266	25098	24322
3591	73.640930	0.031562	-0.550000	-0.130000	-21.650000	2.524000	0.340000	-1.932000	29945	29987	27835	26262	25170	24034
3592	73.641004	0.000074	-0.570000	-0.530000	-22.140000	2.524000	0.340000	-1.932000	29943	29947	27786	26262	25170	24034
3593	73.673015	0.032011	-0.570000	-0.530000	-22.140000	2.624000	0.298000	-1.990000	29943	29947	27786	26312	25149	24005
3594	73.673097	0.000081	-0.540000	-0.870000	-20.750000	2.624000	0.298000	-1.990000	29946	29913	27925	26312	25149	24005
3595	73.706695	0.033599	-0.770000	-0.820000	-21.840000	2.624000	0.298000	-1.990000	29923	29918	27816	26312	25149	24005
3596	73.740164	0.033469	-0.770000	-0.820000	-21.840000	2.744000	0.200000	-2.044000	29923	29918	27816	26372	25100	23978
3597	73.740242	0.000077	-0.010000	-0.490000	-22.630000	2.744000	0.200000	-2.044000	29999	29951	27737	26372	25100	23978
3598	73.773213	0.032972	0.040000	0.630000	-21.600000	2.744000	0.200000	-2.044000	30004	30063	27840	26372	25100	23978
3599	73.807427	0.034213	0.040000	0.630000	-21.600000	2.452000	0.328000	-2.070000	30004	30063	27840	26226	25164	23965
3600	73.807536	0.000110	-0.450000	-0.530000	-21.030000	2.452000	0.328000	-2.070000	29955	29947	27897	26226	25164	23965
3601	73.846598	0.039061	-0.450000	-0.530000	-21.030000	2.594000	0.254000	-2.038000	29955	29947	27897	26297	25127	23981
3602	73.846705	0.000108	-0.040000	-1.740000	-19.930000	2.594000	0.254000	-2.038000	29996	29826	28007	26297	25127	23981
3603	73.882389	0.035684	-0.470000	-1.810000	-21.710000	2.594000	0.254000	-2.038000	29953	29819	27829	26297	25127	23981
3604	73.910514	0.028125	-0.470000	-1.810000	-21.710000	2.456000	0.222000	-1.666000	29953	29819	27829	26228	25111	24167
3605	73.910576	0.000063	-0.950000	-2.400000	-21.750000	2.456000	0.222000	-1.666000	29905	29760	27825	26228	25111	24167
3606	73.938700	0.028123	-0.950000	-2.400000	-21.750000	2.318000	0.498000	-1.298000	29905	29760	27825	26159	25249	24351
3607	73.938855	0.000156	0.030000	-2.230000	-20.760000	2.318000	0.498000	-1.298000	30003	29777	27924	26159	25249	24351
3608	73.971948	0.033093	0.030000	-2.230000	-20.760000	2.270000	0.502000	-1.302000	30003	29777	27924	26135	25251	24349
3609	73.972025	0.000077	0.030000	-2.230000	-20.760000	2.270000	0.502000	-1.302000	30003	29777	27924	26135	25251	24349
3610	74.003729	0.031704	0.030000	-2.230000	-20.760000	2.270000	0.502000	-1.302000	30003	29777	27924	26135	25251	24349
3611	74.003829	0.000100	0.030000	-2.230000	-20.760000	2.266000	0.412000	-1.288000	30003	29777	27924	26133	25206	24356
3612	74.003854	0.000025	1.350000	-2.320000	-21.390000	2.266000	0.412000	-1.288000	30135	29768	27861	26133	25206	24356
3613	74.037127	0.033272	1.350000	-2.320000	-21.390000	2.444000	0.690000	-1.148000	30135	29768	27861	26222	25345	24426
3614	74.037201	0.000075	1.090000	-2.110000	-21.460000	2.444000	0.690000	-1.148000	30109	29789	27854	26222	25345	24426
3615	74.069203	0.032002	1.020000	-2.470000	-19.490000	2.444000	0.690000	-1.148000	30102	29753	28051	26222	25345	24426
3616	74.101734	0.032531	1.090000	-2.500000	-19.500000	2.444000	0.690000	-1.148000	30109	29750	28050	26222	25345	24426
3617	74.135209	0.033475	1.740000	-3.920000	-21.490000	2.444000	0.690000	-1.148000	30174	29608	27851	26222	25345	24426
3618	74.167337	0.032128	1.740000	-3.920000	-21.490000	2.610000	0.776000	-0.814000	30174	29608	27851	26305	25388	24593
3619	74.167418	0.000082	1.420000	-2.950000	-19.850000	2.610000	0.776000	-0.814000	30142	29705	28015	26305	25388	24593
3620	74.201187	0.033768	1.820000	-2.850000	-18.220000	2.610000	0.776000	-0.814000	30182	29715	28178	26305	25388	24593
3621	74.230220	0.029033	1.820000	-2.850000	-18.220000	2.380000	0.650000	-0.610000	30182	29715	28178	26190	25325	24695
3622	74.230292	0.000072	1.960000	-3.480000	-18.210000	2.380000	0.650000	-0.610000	30196	29652	28179	26190	25325	24695
3623	74.263351	0.033059	1.960000	-3.480000	-18.210000	2.516000	0.536000	-0.430000	30196	29652	28179	26258	25268	24785
3624	74.263441	0.000089	1.460000	-3.050000	-17.440000	2.516000	0.536000	-0.430000	30146	29695	28256	26258	25268	24785
3625	74.291981	0.028541	2.140000	-3.310000	-16.320000	2.516000	0.536000	-0.430000	30214	29669	28368	26258	25268	24785
3626	74.323333	0.031352	1.980000	-3.540000	-15.810000	2.516000	0.536000	-0.430000	30198	29646	28419	26258	25268	24785
3627	74.351417	0.028084	1.980000	-3.540000	-15.810000	2.802000	0.778000	-0.262000	30198	29646	28419	26401	25389	24869
3628	74.351486	0.000069	1.820000	-4.190000	-16.630000	2.802000	0.778000	-0.262000	30182	29581	28337	26401	25389	24869
3629	74.379383	0.027897	1.820000	-4.190000	-16.630000	2.972000	0.648000	-0.200000	30182	29581	28337	26486	25324	24900
3630	74.379468	0.000086	2.360000	-4.030000	-15.780000	2.972000	0.648000	-0.200000	30236	29597	28422	26486	25324	24900
3631	74.406481	0.027012	2.340000	-3.820000	-15.770000	2.972000	0.648000	-0.200000	30234	29618	28423	26486	25324	24900
3632	74.442295	0.035815	2.560000	-4.230000	-13.870000	2.972000	0.648000	-0.200000	30256	29577	28613	26486	25324	24900
3633	74.471332	0.029037	2.560000	-4.230000	-13.870000	3.222000	0.916000	-0.168000	30256	29577	28613	26611	25458	24916
3634	74.471413	0.000081	2.660000	-4.890000	-14.630000	3.222000	0.916000	-0.168000	30266	29511	28537	26611	25458	24916
3635	74.498531	0.027117	2.350000	-5.000000	-14.300000	3.222000	0.916000	-0.168000	30235	29500	28570	26611	25458	24916
3636	74.538602	0.040072	2.350000	-5.000000	-14.300000	3.222000	0.916000	-0.168000	30235	29500	28570	26611	25458	24916
3637	74.573776	0.035174	2.510000	-5.360000	-13.840000	3.222000	0.916000	-0.168000	30251	29464	28616	26611	25458	24916
3638	74.607941	0.034165	2.510000	-5.360000	-13.840000	3.552000	0.700000	-0.122000	30251	29464	28616	26776	25350	24939
3639	74.608024	0.000083	1.710000	-5.370000	-12.350000	3.552000	0.700000	-0.122000	30171	29463	28765	26776	25350	24939
3640	74.642012	0.033988	1.770000	-6.700000	-13.470000	3.552000	0.700000	-0.122000	30177	29330	28653	26776	25350	24939
3641	74.675329	0.033317	1.020000	-6.550000	-13.340000	3.552000	0.700000	-0.122000	30102	29345	28666	26776	25350	24939
3642	74.703426	0.028097	1.280000	-7.700000	-11.680000	3.552000	0.700000	-0.122000	30128	29230	28832	26776	25350	24939
3643	74.744554	0.041128	1.280000	-7.700000	-11.680000	4.186000	0.418000	-0.096000	30128	29230	28832	27093	25209	24952
3644	74.744707	0.000153	1.230000	-7.060000	-12.970000	4.186000	0.418000	-0.096000	30123	29294	28703	27093	25209	24952
3645	74.777373	0.032665	2.060000	-7.700000	-11.920000	4.186000	0.418000	-0.096000	30206	29230	28808	27093	25209	24952
3646	74.810788	0.033415	2.060000	-7.700000	-11.920000	4.326000	0.412000	-0.158000	30206	29230	28808	27163	25206	24921
3647	74.810865	0.000077	1.850000	-7.920000	-11.920000	4.326000	0.412000	-0.158000	30185	29208	28808	27163	25206	24921
3648	74.843686	0.032821	1.040000	-7.990000	-12.380000	4.326000	0.412000	-0.158000	30104	29201	28762	27163	25206	24921
3649	74.875545	0.031859	1.210000	-8.300000	-12.350000	4.326000	0.412000	-0.158000	30121	29170	28765	27163	25206	24921
3650	74.907622	0.032077	1.210000	-8.300000	-12.350000	4.630000	0.380000	-0.164000	30121	29170	28765	27315	25190	24918
3651	74.907726	0.000104	1.300000	-9.790000	-12.480000	4.630000	0.380000	-0.164000	30130	29021	28752	27315	25190	24918
3652	74.942480	0.034754	1.300000	-9.790000	-12.480000	4.882000	0.346000	-0.152000	30130	29021	28752	27441	25173	24924
3653	74.942654	0.000174	1.300000	-9.790000	-12.480000	4.940000	0.552000	-0.158000	30130	29021	28752	27470	25276	24921
3654	74.942739	0.000085	1.960000	-9.440000	-11.500000	4.940000	0.552000	-0.158000	30196	29056	28850	27470	25276	24921
3655	74.972886	0.030147	1.960000	-9.440000	-11.500000	4.892000	0.584000	-0.140000	30196	29056	28850	27446	25292	24930
3656	74.972956	0.000071	1.080000	-10.630000	-12.210000	4.892000	0.584000	-0.140000	30108	28937	28779	27446	25292	24930
3657	75.002090	0.029134	1.990000	-11.030000	-11.920000	4.892000	0.584000	-0.140000	30199	28897	28808	27446	25292	24930
3658	75.032867	0.030778	2.080000	-11.320000	-11.880000	4.892000	0.584000	-0.140000	30208	28868	28812	27446	25292	24930
3659	75.065351	0.032484	2.080000	-11.320000	-11.880000	5.274000	0.736000	-0.136000	30208	28868	28812	27637	25368	24932
3660	75.065430	0.000078	2.200000	-11.340000	-11.610000	5.274000	0.736000	-0.136000	30220	28866	28839	27637	25368	24932
3661	75.092092	0.026663	1.720000	-12.280000	-11.780000	5.274000	0.736000	-0.136000	30172	28772	28822	27637	25368	24932
3662	75.124653	0.032561	2.730000	-12.100000	-11.000000	5.274000	0.736000	-0.136000	30273	28790	28900	27637	25368	24932
3663	75.158911	0.034258	2.390000	-12.940000	-10.160000	5.274000	0.736000	-0.136000	30239	28706	28984	27637	25368	24932
3664	75.191799	0.032888	2.600000	-10.940000	-9.030000	5.274000	0.736000	-0.136000	30260	28906	29097	27637	25368	24932
3665	75.222099	0.030300	2.600000	-10.940000	-9.030000	5.006000	0.860000	-0.136000	30260	28906	29097	27503	25430	24932
3666	75.222178	0.000079	1.580000	-8.440000	-9.230000	5.006000	0.860000	-0.136000	30158	29156	29077	27503	25430	24932
3667	75.253948	0.031770	1.580000	-8.440000	-9.230000	4.268000	0.744000	-0.120000	30158	29156	29077	27134	25372	24940
3668	75.254021	0.000074	0.410000	-6.230000	-8.590000	4.268000	0.744000	-0.120000	30041	29377	29141	27134	25372	24940
3669	75.281313	0.027292	0.190000	-4.220000	-7.310000	4.268000	0.744000	-0.120000	30019	29578	29269	27134	25372	24940
3670	75.311281	0.029968	0.190000	-4.220000	-7.310000	2.656000	0.158000	0.004000	30019	29578	29269	26328	25079	25002
3671	75.311373	0.000092	0.190000	-4.220000	-7.310000	2.258000	0.022000	0.010000	30019	29578	29269	26129	25011	25005
3672	75.311427	0.000054	0.190000	-4.220000	-7.310000	1.674000	0.052000	-0.010000	30019	29578	29269	25837	25026	24995
3673	75.311451	0.000024	0.190000	-4.220000	-7.310000	1.252000	0.062000	-0.038000	30019	29578	29269	25626	25031	24981
3674	75.311480	0.000029	-0.830000	0.210000	-2.710000	1.252000	0.062000	-0.038000	29917	30021	29729	25626	25031	24981
3675	75.344864	0.033384	-0.690000	1.450000	-1.600000	1.252000	0.062000	-0.038000	29931	30145	29840	25626	25031	24981
3676	75.376075	0.031211	-0.650000	1.600000	-1.620000	1.252000	0.062000	-0.038000	29935	30160	29838	25626	25031	24981
3677	75.407257	0.031182	-0.650000	1.600000	-1.620000	0.196000	0.112000	-0.128000	29935	30160	29838	25098	25056	24936
3678	75.407318	0.000061	-0.650000	1.600000	-1.620000	-0.044000	-0.042000	-0.064000	29935	30160	29838	24978	24979	24968
3679	75.407335	0.000017	-1.390000	3.030000	-1.510000	-0.044000	-0.042000	-0.064000	29861	30303	29849	24978	24979	24968
3680	75.439388	0.032054	-1.390000	3.030000	-1.510000	-0.170000	-0.106000	-0.086000	29861	30303	29849	24915	24947	24957
3681	75.439475	0.000087	-1.370000	2.280000	-1.520000	-0.170000	-0.106000	-0.086000	29863	30228	29848	24915	24947	24957
3682	75.468503	0.029028	-0.430000	3.560000	-0.710000	-0.170000	-0.106000	-0.086000	29957	30356	29929	24915	24947	24957
3683	75.498319	0.029816	-0.430000	3.560000	-0.710000	-0.290000	-0.088000	-0.068000	29957	30356	29929	24855	24956	24966
3684	75.498383	0.000064	-0.370000	3.420000	-0.690000	-0.290000	-0.088000	-0.068000	29963	30342	29931	24855	24956	24966
3685	75.526193	0.027809	-0.370000	3.420000	-0.690000	-0.320000	-0.066000	-0.040000	29963	30342	29931	24840	24967	24980
3686	75.526263	0.000070	-0.980000	3.120000	-0.710000	-0.320000	-0.066000	-0.040000	29902	30312	29929	24840	24967	24980
3687	75.556113	0.029850	-0.510000	3.330000	-2.060000	-0.320000	-0.066000	-0.040000	29949	30333	29794	24840	24967	24980
3688	75.587592	0.031479	-0.510000	3.330000	-2.060000	-0.302000	-0.044000	-0.030000	29949	30333	29794	24849	24978	24985
3689	75.587711	0.000119	-0.940000	3.190000	-1.520000	-0.302000	-0.044000	-0.030000	29906	30319	29848	24849	24978	24985
3690	75.620151	0.032441	-0.940000	3.190000	-1.520000	-0.280000	-0.054000	-0.020000	29906	30319	29848	24860	24973	24990
3691	75.620229	0.000078	-0.660000	3.700000	-1.270000	-0.280000	-0.054000	-0.020000	29934	30370	29873	24860	24973	24990
3692	75.651817	0.031588	-1.040000	3.190000	-1.750000	-0.280000	-0.054000	-0.020000	29896	30319	29825	24860	24973	24990
3693	75.685193	0.033375	-0.660000	3.480000	-1.810000	-0.280000	-0.054000	-0.020000	29934	30348	29819	24860	24973	24990
3694	75.725425	0.040232	-0.630000	3.250000	-0.970000	-0.280000	-0.054000	-0.020000	29937	30325	29903	24860	24973	24990
3695	75.758452	0.033027	-0.630000	3.250000	-0.970000	-0.280000	-0.042000	-0.046000	29937	30325	29903	24860	24979	24977
3696	75.758534	0.000081	-0.630000	3.250000	-0.970000	-0.312000	-0.070000	-0.050000	29937	30325	29903	24844	24965	24975
3697	75.758558	0.000024	-0.850000	3.320000	-1.240000	-0.312000	-0.070000	-0.050000	29915	30332	29876	24844	24965	24975
3698	75.789661	0.031104	0.430000	2.900000	-1.610000	-0.312000	-0.070000	-0.050000	30043	30290	29839	24844	24965	24975
3699	75.820923	0.031262	-0.320000	3.070000	-3.130000	-0.312000	-0.070000	-0.050000	29968	30307	29687	24844	24965	24975
3700	75.848682	0.027759	-0.320000	3.070000	-3.130000	-0.234000	-0.026000	-0.058000	29968	30307	29687	24883	24987	24971
3701	75.848790	0.000108	-0.530000	3.490000	-2.360000	-0.234000	-0.026000	-0.058000	29947	30349	29764	24883	24987	24971
3702	75.877249	0.028459	-0.190000	4.570000	-1.310000	-0.234000	-0.026000	-0.058000	29981	30457	29869	24883	24987	24971
3703	75.908390	0.031142	-0.100000	3.740000	-1.250000	-0.234000	-0.026000	-0.058000	29990	30374	29875	24883	24987	24971
3704	75.946793	0.038403	-0.100000	3.740000	-1.250000	-0.184000	0.070000	-0.072000	29990	30374	29875	24908	25035	24964
3705	75.946879	0.000086	-0.100000	3.740000	-1.250000	-0.110000	0.068000	-0.056000	29990	30374	29875	24945	25034	24972
3706	75.946906	0.000027	-0.410000	3.150000	-1.560000	-0.110000	0.068000	-0.056000	29959	30315	29844	24945	25034	24972
3707	75.980554	0.033647	-0.190000	3.420000	-1.550000	-0.110000	0.068000	-0.056000	29981	30342	29845	24945	25034	24972
3708	76.009331	0.028778	-0.540000	2.900000	-1.000000	-0.110000	0.068000	-0.056000	29946	30290	29900	24945	25034	24972
3709	76.035720	0.026388	-0.540000	2.900000	-1.000000	-0.080000	-0.026000	-0.046000	29946	30290	29900	24960	24987	24977
3710	76.035800	0.000080	-0.680000	2.570000	0.060000	-0.080000	-0.026000	-0.046000	29932	30257	30006	24960	24987	24977
3711	76.067862	0.032062	-0.680000	2.570000	0.060000	-0.018000	-0.008000	-0.050000	29932	30257	30006	24991	24996	24975
3712	76.067947	0.000085	-0.740000	2.880000	-1.030000	-0.018000	-0.008000	-0.050000	29926	30288	29897	24991	24996	24975
3713	76.100569	0.032622	-0.740000	2.880000	-1.030000	-0.090000	0.070000	-0.056000	29926	30288	29897	24955	25035	24972
3714	76.100643	0.000074	-0.800000	2.790000	-0.720000	-0.090000	0.070000	-0.056000	29920	30279	29928	24955	25035	24972
3715	76.131134	0.030491	-0.800000	2.790000	-0.720000	-0.130000	-0.034000	-0.044000	29920	30279	29928	24935	24983	24978
3716	76.131207	0.000073	-0.450000	3.480000	-1.010000	-0.130000	-0.034000	-0.044000	29955	30348	29899	24935	24983	24978
3717	76.159448	0.028241	-0.550000	2.780000	-0.440000	-0.130000	-0.034000	-0.044000	29945	30278	29956	24935	24983	24978
3718	76.191997	0.032549	-0.550000	2.780000	-0.440000	-0.174000	-0.114000	-0.028000	29945	30278	29956	24913	24943	24986
3719	76.192072	0.000075	-1.180000	2.970000	-1.240000	-0.174000	-0.114000	-0.028000	29882	30297	29876	24913	24943	24986
3720	76.225445	0.033373	-1.180000	2.970000	-1.240000	-0.242000	-0.094000	-0.026000	29882	30297	29876	24879	24953	24987
3721	76.225530	0.000085	-1.320000	2.990000	-1.530000	-0.242000	-0.094000	-0.026000	29868	30299	29847	24879	24953	24987
3722	76.257533	0.032002	-1.000000	3.250000	-0.670000	-0.242000	-0.094000	-0.026000	29900	30325	29933	24879	24953	24987
3723	76.285407	0.027874	-0.620000	3.420000	-1.270000	-0.242000	-0.094000	-0.026000	29938	30342	29873	24879	24953	24987
3724	76.318410	0.033003	-0.620000	3.420000	-1.270000	-0.338000	-0.058000	-0.018000	29938	30342	29873	24831	24971	24991
3725	76.318491	0.000081	-0.710000	3.570000	-1.210000	-0.338000	-0.058000	-0.018000	29929	30357	29879	24831	24971	24991
3726	76.345486	0.026995	-0.210000	3.610000	-1.260000	-0.338000	-0.058000	-0.018000	29979	30361	29874	24831	24971	24991
3727	76.377272	0.031786	-0.450000	3.980000	-0.170000	-0.338000	-0.058000	-0.018000	29955	30398	29983	24831	24971	24991
3728	76.410586	0.033314	-0.450000	3.980000	-0.170000	-0.362000	0.008000	-0.032000	29955	30398	29983	24819	25004	24984
3729	76.410647	0.000061	-0.230000	3.630000	-1.250000	-0.362000	0.008000	-0.032000	29977	30363	29875	24819	25004	24984
3730	76.440242	0.029594	-0.230000	3.630000	-1.250000	-0.324000	-0.014000	-0.022000	29977	30363	29875	24838	24993	24989
3731	76.440317	0.000076	-0.230000	3.630000	-1.250000	-0.264000	-0.068000	-0.030000	29977	30363	29875	24868	24966	24985
3732	76.440343	0.000025	-0.440000	3.490000	-1.250000	-0.264000	-0.068000	-0.030000	29956	30349	29875	24868	24966	24985
3733	76.474015	0.033673	-0.330000	4.010000	-2.070000	-0.264000	-0.068000	-0.030000	29967	30401	29793	24868	24966	24985
3734	76.510228	0.036213	-0.330000	4.010000	-2.070000	-0.282000	-0.064000	-0.034000	29967	30401	29793	24859	24968	24983
3735	76.510357	0.000128	-0.500000	3.890000	-2.050000	-0.282000	-0.064000	-0.034000	29950	30389	29795	24859	24968	24983
3736	76.544356	0.033999	-0.770000	3.540000	-2.090000	-0.282000	-0.064000	-0.034000	29923	30354	29791	24859	24968	24983
3737	76.578997	0.034641	-0.710000	3.500000	-1.280000	-0.282000	-0.064000	-0.034000	29929	30350	29872	24859	24968	24983
3738	76.611303	0.032306	-0.710000	3.500000	-1.280000	-0.300000	-0.046000	-0.038000	29929	30350	29872	24850	24977	24981
3739	76.611368	0.000065	-0.920000	3.440000	-1.010000	-0.300000	-0.046000	-0.038000	29908	30344	29899	24850	24977	24981
3740	76.643328	0.031960	-0.920000	3.440000	-1.010000	-0.302000	-0.076000	-0.044000	29908	30344	29899	24849	24962	24978
3741	76.643409	0.000081	-0.820000	3.760000	-1.220000	-0.302000	-0.076000	-0.044000	29918	30376	29878	24849	24962	24978
3742	76.676528	0.033119	-0.820000	3.760000	-1.220000	-0.320000	-0.062000	-0.020000	29918	30376	29878	24840	24969	24990
3743	76.676607	0.000079	-1.020000	3.300000	-1.810000	-0.320000	-0.062000	-0.020000	29898	30330	29819	24840	24969	24990
3744	76.709140	0.032534	-1.020000	3.300000	-1.810000	-0.296000	-0.082000	-0.042000	29898	30330	29819	24852	24959	24979
3745	76.709223	0.000083	-1.400000	3.340000	-1.790000	-0.296000	-0.082000	-0.042000	29860	30334	29821	24852	24959	24979
3746	76.742776	0.033553	-1.120000	3.590000	-1.790000	-0.296000	-0.082000	-0.042000	29888	30359	29821	24852	24959	24979
3747	76.770428	0.027652	-1.120000	3.590000	-1.790000	-0.258000	-0.106000	-0.024000	29888	30359	29821	24871	24947	24988
3748	76.770492	0.000064	-1.480000	2.860000	-1.250000	-0.258000	-0.106000	-0.024000	29852	30286	29875	24871	24947	24988
3749	76.801773	0.031281	-0.680000	3.060000	-0.990000	-0.258000	-0.106000	-0.024000	29932	30306	29901	24871	24947	24988
3750	76.834973	0.033200	-0.680000	3.060000	-0.990000	-0.282000	-0.072000	-0.044000	29932	30306	29901	24859	24964	24978
3751	76.835109	0.000136	-1.060000	3.390000	-1.550000	-0.282000	-0.072000	-0.044000	29894	30339	29845	24859	24964	24978
3752	76.867765	0.032656	-1.060000	3.390000	-1.550000	-0.302000	-0.088000	-0.034000	29894	30339	29845	24849	24956	24983
3753	76.867852	0.000087	-0.700000	3.980000	-1.800000	-0.302000	-0.088000	-0.034000	29930	30398	29820	24849	24956	24983
3754	76.894502	0.026650	-0.700000	3.980000	-1.800000	-0.320000	-0.030000	-0.022000	29930	30398	29820	24840	24985	24989
3755	76.894581	0.000079	-0.180000	4.060000	-1.280000	-0.320000	-0.030000	-0.022000	29982	30406	29872	24840	24985	24989
3756	76.924775	0.030194	-0.480000	4.220000	-1.250000	-0.320000	-0.030000	-0.022000	29952	30422	29875	24840	24985	24989
3757	76.955843	0.031069	-0.480000	4.220000	-1.250000	-0.344000	-0.038000	-0.036000	29952	30422	29875	24828	24981	24982
3758	76.955939	0.000096	-0.940000	3.700000	-1.270000	-0.344000	-0.038000	-0.036000	29906	30370	29873	24828	24981	24982
3759	76.989752	0.033812	-0.940000	3.700000	-1.270000	-0.312000	-0.060000	-0.036000	29906	30370	29873	24844	24970	24982
3760	76.989833	0.000081	-0.600000	3.610000	-1.220000	-0.312000	-0.060000	-0.036000	29940	30361	29878	24844	24970	24982
3761	77.021072	0.031239	-0.510000	3.530000	-1.540000	-0.312000	-0.060000	-0.036000	29949	30353	29846	24844	24970	24982
3762	77.055204	0.034132	-0.380000	3.280000	-1.530000	-0.312000	-0.060000	-0.036000	29962	30328	29847	24844	24970	24982
3763	77.084566	0.029362	-0.270000	3.970000	-1.260000	-0.312000	-0.060000	-0.036000	29973	30397	29874	24844	24970	24982
3764	77.115215	0.030650	-0.270000	3.970000	-1.260000	-0.328000	-0.002000	-0.032000	29973	30397	29874	24836	24999	24984
3765	77.115288	0.000072	-0.490000	4.040000	-1.530000	-0.328000	-0.002000	-0.032000	29951	30404	29847	24836	24999	24984
3766	77.147564	0.032277	-0.490000	4.040000	-1.530000	-0.346000	-0.024000	-0.032000	29951	30404	29847	24827	24988	24984
3767	77.147634	0.000070	-0.760000	3.420000	-1.290000	-0.346000	-0.024000	-0.032000	29924	30342	29871	24827	24988	24984
3768	77.179817	0.032183	-0.170000	3.890000	-1.800000	-0.346000	-0.024000	-0.032000	29983	30389	29820	24827	24988	24984
3769	77.213232	0.033415	-0.660000	3.880000	-1.250000	-0.346000	-0.024000	-0.032000	29934	30388	29875	24827	24988	24984
3770	77.241127	0.027895	-0.660000	3.880000	-1.250000	-0.300000	-0.040000	-0.038000	29934	30388	29875	24850	24980	24981
3771	77.241192	0.000065	-0.660000	3.880000	-1.250000	-0.320000	-0.028000	-0.036000	29934	30388	29875	24840	24986	24982
3772	77.241210	0.000018	-0.500000	3.990000	-1.250000	-0.320000	-0.028000	-0.036000	29950	30399	29875	24840	24986	24982
3773	77.273084	0.031873	-0.470000	3.340000	-0.970000	-0.320000	-0.028000	-0.036000	29953	30334	29903	24840	24986	24982
3774	77.306699	0.033616	-0.470000	3.340000	-0.970000	-0.292000	-0.044000	-0.044000	29953	30334	29903	24854	24978	24978
3775	77.306770	0.000070	-0.570000	3.260000	-2.060000	-0.292000	-0.044000	-0.044000	29943	30326	29794	24854	24978	24978
3776	77.333200	0.026430	-0.570000	3.260000	-2.060000	-0.294000	-0.046000	-0.038000	29943	30326	29794	24853	24977	24981
3777	77.333264	0.000064	-0.850000	4.010000	-1.550000	-0.294000	-0.046000	-0.038000	29915	30401	29845	24853	24977	24981
3778	77.359428	0.026164	-0.850000	4.010000	-1.550000	-0.290000	-0.008000	-0.036000	29915	30401	29845	24855	24996	24982
3779	77.359498	0.000070	-0.600000	3.790000	-1.530000	-0.290000	-0.008000	-0.036000	29940	30379	29847	24855	24996	24982
3780	77.385605	0.026107	-0.990000	3.350000	-1.230000	-0.290000	-0.008000	-0.036000	29901	30335	29877	24855	24996	24982
3781	77.417079	0.031474	-1.430000	3.250000	-1.230000	-0.290000	-0.008000	-0.036000	29857	30325	29877	24855	24996	24982
3782	77.451384	0.034304	-1.430000	3.250000	-1.230000	-0.278000	-0.110000	-0.018000	29857	30325	29877	24861	24945	24991
3783	77.451456	0.000073	-0.160000	4.650000	-2.110000	-0.278000	-0.110000	-0.018000	29984	30465	29789	24861	24945	24991
3784	77.479121	0.027665	-0.160000	4.650000	-2.110000	-0.394000	-0.006000	-0.042000	29984	30465	29789	24803	24997	24979
3785	77.479200	0.000079	-1.330000	3.460000	-2.100000	-0.394000	-0.006000	-0.042000	29867	30346	29790	24803	24997	24979
3786	77.505239	0.026039	-1.330000	3.460000	-2.100000	-0.286000	-0.096000	-0.042000	29867	30346	29790	24857	24952	24979
3787	77.505304	0.000065	-0.290000	4.000000	-1.270000	-0.286000	-0.096000	-0.042000	29971	30400	29873	24857	24952	24979
3788	77.535625	0.030322	-0.290000	4.000000	-1.270000	-0.334000	-0.022000	-0.040000	29971	30400	29873	24833	24989	24980
3789	77.535703	0.000078	-0.830000	3.940000	-2.070000	-0.334000	-0.022000	-0.040000	29917	30394	29793	24833	24989	24980
3790	77.567296	0.031593	-0.590000	3.700000	-1.780000	-0.334000	-0.022000	-0.040000	29941	30370	29822	24833	24989	24980
3791	77.600461	0.033164	-0.500000	3.490000	-1.260000	-0.334000	-0.022000	-0.040000	29950	30349	29874	24833	24989	24980
3792	77.633926	0.033465	-0.570000	3.550000	-2.350000	-0.334000	-0.022000	-0.040000	29943	30355	29765	24833	24989	24980
3793	77.661441	0.027515	-0.860000	4.030000	-2.320000	-0.334000	-0.022000	-0.040000	29914	30403	29768	24833	24989	24980
3794	77.687919	0.026478	-0.860000	4.030000	-2.320000	-0.272000	-0.080000	-0.032000	29914	30403	29768	24864	24960	24984
3795	77.687983	0.000064	-0.860000	4.030000	-2.320000	-0.298000	-0.056000	-0.026000	29914	30403	29768	24851	24972	24987
3796	77.688000	0.000018	-0.650000	3.400000	-1.510000	-0.298000	-0.056000	-0.026000	29935	30340	29849	24851	24972	24987
3797	77.718972	0.030972	-0.690000	3.620000	-2.040000	-0.298000	-0.056000	-0.026000	29931	30362	29796	24851	24972	24987
3798	77.751352	0.032380	-0.070000	3.950000	-1.000000	-0.298000	-0.056000	-0.026000	29993	30395	29900	24851	24972	24987
3799	77.784625	0.033273	-0.070000	3.950000	-1.000000	-0.326000	0.000000	-0.024000	29993	30395	29900	24837	25000	24988
3800	77.784704	0.000080	-0.640000	3.970000	-2.630000	-0.326000	0.000000	-0.024000	29936	30397	29737	24837	25000	24988
3801	77.820029	0.035325	-0.640000	3.970000	-2.630000	-0.326000	-0.040000	-0.036000	29936	30397	29737	24837	24980	24982
3802	77.820152	0.000123	-0.740000	3.630000	-1.530000	-0.326000	-0.040000	-0.036000	29926	30363	29847	24837	24980	24982
3803	77.849495	0.029343	-0.820000	3.960000	-1.280000	-0.326000	-0.040000	-0.036000	29918	30396	29872	24837	24980	24982
3804	77.879953	0.030457	-0.540000	3.490000	-1.260000	-0.326000	-0.040000	-0.036000	29946	30349	29874	24837	24980	24982
3805	77.912543	0.032591	-0.840000	3.090000	-1.800000	-0.326000	-0.040000	-0.036000	29916	30309	29820	24837	24980	24982
3806	77.945305	0.032762	-0.840000	3.090000	-1.800000	-0.252000	-0.072000	-0.026000	29916	30309	29820	24874	24964	24987
3807	77.945382	0.000077	-1.080000	3.630000	-1.490000	-0.252000	-0.072000	-0.026000	29892	30363	29851	24874	24964	24987
3808	77.978208	0.032825	-0.520000	3.820000	-1.580000	-0.252000	-0.072000	-0.026000	29948	30382	29842	24874	24964	24987
3809	78.008841	0.030633	-0.450000	4.060000	-1.560000	-0.252000	-0.072000	-0.026000	29955	30406	29844	24874	24964	24987
3810	78.039995	0.031154	-0.750000	2.920000	-1.220000	-0.252000	-0.072000	-0.026000	29925	30292	29878	24874	24964	24987
3811	78.067351	0.027356	-0.490000	4.010000	-1.540000	-0.252000	-0.072000	-0.026000	29951	30401	29846	24874	24964	24987
3812	78.098746	0.031395	-0.500000	3.610000	-1.240000	-0.252000	-0.072000	-0.026000	29950	30361	29876	24874	24964	24987
3813	78.128120	0.029374	-0.570000	4.070000	-1.800000	-0.252000	-0.072000	-0.026000	29943	30407	29820	24874	24964	24987
3814	78.158067	0.029947	-0.570000	4.070000	-1.800000	-0.332000	-0.022000	-0.044000	29943	30407	29820	24834	24989	24978
3815	78.158142	0.000075	-0.570000	4.070000	-1.800000	-0.374000	-0.018000	-0.032000	29943	30407	29820	24813	24991	24984
3816	78.158163	0.000022	-0.750000	4.340000	-1.520000	-0.374000	-0.018000	-0.032000	29925	30434	29848	24813	24991	24984
3817	78.184974	0.026811	-0.770000	4.020000	-1.750000	-0.374000	-0.018000	-0.032000	29923	30402	29825	24813	24991	24984
3818	78.211648	0.026673	-0.770000	4.020000	-1.750000	-0.330000	-0.062000	-0.026000	29923	30402	29825	24835	24969	24987
3819	78.211762	0.000114	-0.650000	4.030000	-1.830000	-0.330000	-0.062000	-0.026000	29935	30403	29817	24835	24969	24987
3820	78.249192	0.037431	-1.110000	3.100000	-1.520000	-0.330000	-0.062000	-0.026000	29889	30310	29848	24835	24969	24987
3821	78.285204	0.036011	-0.380000	4.300000	-1.240000	-0.330000	-0.062000	-0.026000	29962	30430	29876	24835	24969	24987
3822	78.317382	0.032179	-0.380000	4.300000	-1.240000	-0.362000	-0.028000	-0.038000	29962	30430	29876	24819	24986	24981
3823	78.317466	0.000083	-0.510000	3.370000	-1.820000	-0.362000	-0.028000	-0.038000	29949	30337	29818	24819	24986	24981
3824	78.350673	0.033207	-0.450000	3.610000	-1.830000	-0.362000	-0.028000	-0.038000	29955	30361	29817	24819	24986	24981
3825	78.383851	0.033178	-0.450000	3.610000	-1.830000	-0.282000	-0.082000	-0.022000	29955	30361	29817	24859	24959	24989
3826	78.383923	0.000072	-0.450000	3.610000	-1.830000	-0.336000	-0.022000	-0.052000	29955	30361	29817	24832	24989	24974
3827	78.383948	0.000025	-0.710000	3.690000	-0.980000	-0.336000	-0.022000	-0.052000	29929	30369	29902	24832	24989	24974
3828	78.417188	0.033241	-0.710000	3.690000	-0.980000	-0.320000	-0.056000	-0.030000	29929	30369	29902	24840	24972	24985
3829	78.417256	0.000067	-0.390000	3.780000	-1.780000	-0.320000	-0.056000	-0.030000	29961	30378	29822	24840	24972	24985
3830	78.447297	0.030041	-1.010000	3.750000	-1.800000	-0.320000	-0.056000	-0.030000	29899	30375	29820	24840	24972	24985
3831	78.476689	0.029392	-1.010000	3.750000	-1.800000	-0.304000	-0.072000	-0.032000	29899	30375	29820	24848	24964	24984
3832	78.476755	0.000066	-0.620000	3.160000	-1.550000	-0.304000	-0.072000	-0.032000	29938	30316	29845	24848	24964	24984
3833	78.504038	0.027284	-0.620000	3.160000	-1.550000	-0.258000	-0.050000	-0.038000	29938	30316	29845	24871	24975	24981
3834	78.504100	0.000062	-0.800000	3.770000	-1.230000	-0.258000	-0.050000	-0.038000	29920	30377	29877	24871	24975	24981
3835	78.532926	0.028826	-0.300000	4.360000	-1.820000	-0.258000	-0.050000	-0.038000	29970	30436	29818	24871	24975	24981
3836	78.564277	0.031351	-0.890000	4.020000	-1.530000	-0.258000	-0.050000	-0.038000	29911	30402	29847	24871	24975	24981
3837	78.594611	0.030334	-0.610000	3.820000	-2.050000	-0.258000	-0.050000	-0.038000	29939	30382	29795	24871	24975	24981
3838	78.623392	0.028781	-0.840000	4.380000	-0.960000	-0.258000	-0.050000	-0.038000	29916	30438	29904	24871	24975	24981
3839	78.655508	0.032116	-0.740000	3.580000	-1.260000	-0.258000	-0.050000	-0.038000	29926	30358	29874	24871	24975	24981
3840	78.688411	0.032903	-0.740000	3.580000	-1.260000	-0.312000	-0.064000	-0.040000	29926	30358	29874	24844	24968	24980
3841	78.688493	0.000083	-0.850000	3.550000	-1.260000	-0.312000	-0.064000	-0.040000	29915	30355	29874	24844	24968	24980
3842	78.720493	0.032000	-0.730000	3.760000	-0.990000	-0.312000	-0.064000	-0.040000	29927	30376	29901	24844	24968	24980
3843	78.752675	0.032182	-0.870000	4.080000	-1.520000	-0.312000	-0.064000	-0.040000	29913	30408	29848	24844	24968	24980
3844	78.780853	0.028178	-0.720000	3.610000	-1.250000	-0.312000	-0.064000	-0.040000	29928	30361	29875	24844	24968	24980
3845	78.809525	0.028672	-1.290000	3.230000	-1.510000	-0.312000	-0.064000	-0.040000	29871	30323	29849	24844	24968	24980
3846	78.843963	0.034438	-0.760000	3.480000	-1.280000	-0.312000	-0.064000	-0.040000	29924	30348	29872	24844	24968	24980
3847	78.876979	0.033016	-0.760000	3.480000	-1.280000	-0.302000	-0.058000	-0.034000	29924	30348	29872	24849	24971	24983
3848	78.877055	0.000076	-0.520000	3.310000	-0.750000	-0.302000	-0.058000	-0.034000	29948	30331	29925	24849	24971	24983
3849	78.909664	0.032608	-1.130000	2.980000	-2.050000	-0.302000	-0.058000	-0.034000	29887	30298	29795	24849	24971	24983
3850	78.941925	0.032261	-1.090000	3.490000	-0.420000	-0.302000	-0.058000	-0.034000	29891	30349	29958	24849	24971	24983
3851	78.975875	0.033950	-1.090000	3.490000	-0.420000	-0.284000	-0.070000	-0.034000	29891	30349	29958	24858	24965	24983
3852	78.975959	0.000084	-1.090000	3.490000	-0.420000	-0.346000	-0.038000	-0.030000	29891	30349	29958	24827	24981	24985
3853	78.975988	0.000029	-0.400000	3.840000	-1.250000	-0.346000	-0.038000	-0.030000	29960	30384	29875	24827	24981	24985
3854	79.003745	0.027757	-0.740000	3.970000	-1.250000	-0.346000	-0.038000	-0.030000	29926	30397	29875	24827	24981	24985
3855	79.032774	0.029029	-0.890000	3.800000	-1.540000	-0.346000	-0.038000	-0.030000	29911	30380	29846	24827	24981	24985
3856	79.063304	0.030530	-0.750000	4.020000	-1.780000	-0.346000	-0.038000	-0.030000	29925	30402	29822	24827	24981	24985
3857	79.090204	0.026900	-0.750000	4.020000	-1.780000	-0.326000	-0.044000	-0.034000	29925	30402	29822	24837	24978	24983
3858	79.090288	0.000084	-1.030000	3.580000	-2.300000	-0.326000	-0.044000	-0.034000	29897	30358	29770	24837	24978	24983
3859	79.117160	0.026871	-1.030000	3.580000	-2.300000	-0.276000	-0.068000	-0.024000	29897	30358	29770	24862	24966	24988
3860	79.117229	0.000069	-0.900000	3.950000	-2.320000	-0.276000	-0.068000	-0.024000	29910	30395	29768	24862	24966	24988
3861	79.148079	0.030850	-0.760000	3.870000	-2.060000	-0.276000	-0.068000	-0.024000	29924	30387	29794	24862	24966	24988
3862	79.177557	0.029478	-0.760000	3.870000	-2.060000	-0.310000	-0.046000	-0.044000	29924	30387	29794	24845	24977	24978
3863	79.177632	0.000075	-0.690000	3.510000	-1.510000	-0.310000	-0.046000	-0.044000	29931	30351	29849	24845	24977	24978
3864	79.204685	0.027053	-0.240000	3.650000	-1.230000	-0.310000	-0.046000	-0.044000	29976	30365	29877	24845	24977	24978
3865	79.230975	0.026290	-0.600000	3.520000	-1.290000	-0.310000	-0.046000	-0.044000	29940	30352	29871	24845	24977	24978
3866	79.262569	0.031594	-0.230000	3.810000	-1.800000	-0.310000	-0.046000	-0.044000	29977	30381	29820	24845	24977	24978
3867	79.295939	0.033370	-0.210000	3.790000	-2.050000	-0.310000	-0.046000	-0.044000	29979	30379	29795	24845	24977	24978
3868	79.329531	0.033592	-0.910000	3.840000	-1.500000	-0.310000	-0.046000	-0.044000	29909	30384	29850	24845	24977	24978
3869	79.361441	0.031910	-0.610000	3.660000	-0.750000	-0.310000	-0.046000	-0.044000	29939	30366	29925	24845	24977	24978
3870	79.394611	0.033170	-0.610000	3.660000	-0.750000	-0.310000	-0.042000	-0.032000	29939	30366	29925	24845	24979	24984
3871	79.394700	0.000089	-0.370000	3.840000	-1.520000	-0.310000	-0.042000	-0.032000	29963	30384	29848	24845	24979	24984
3872	79.427381	0.032681	-0.370000	3.840000	-1.520000	-0.320000	-0.032000	-0.038000	29963	30384	29848	24840	24984	24981
3873	79.427461	0.000081	-1.000000	3.770000	-1.240000	-0.320000	-0.032000	-0.038000	29900	30377	29876	24840	24984	24981
3874	79.459790	0.032329	-0.440000	4.080000	-2.060000	-0.320000	-0.032000	-0.038000	29956	30408	29794	24840	24984	24981
3875	79.487515	0.027725	-0.440000	4.080000	-2.060000	-0.322000	-0.020000	-0.048000	29956	30408	29794	24839	24990	24976
3876	79.487597	0.000082	-0.640000	3.970000	-1.790000	-0.322000	-0.020000	-0.048000	29936	30397	29821	24839	24990	24976
3877	79.518343	0.030746	-0.640000	3.970000	-1.790000	-0.342000	-0.026000	-0.038000	29936	30397	29821	24829	24987	24981
3878	79.518423	0.000079	-0.420000	3.860000	-1.810000	-0.342000	-0.026000	-0.038000	29958	30386	29819	24829	24987	24981
3879	79.550727	0.032304	-0.600000	3.390000	-1.530000	-0.342000	-0.026000	-0.038000	29940	30339	29847	24829	24987	24981
3880	79.583426	0.032699	-0.600000	3.390000	-1.530000	-0.276000	-0.044000	-0.026000	29940	30339	29847	24862	24978	24987
3881	79.583512	0.000086	-0.780000	3.990000	-1.500000	-0.276000	-0.044000	-0.026000	29922	30399	29850	24862	24978	24987
3882	79.617019	0.033507	-0.350000	4.190000	-2.330000	-0.276000	-0.044000	-0.026000	29965	30419	29767	24862	24978	24987
3883	79.643686	0.026666	-0.350000	4.190000	-2.330000	-0.322000	-0.020000	-0.036000	29965	30419	29767	24839	24990	24982
3884	79.643751	0.000066	-0.710000	3.600000	-1.790000	-0.322000	-0.020000	-0.036000	29929	30360	29821	24839	24990	24982
3885	79.673245	0.029494	-0.710000	3.600000	-1.790000	-0.324000	-0.074000	-0.050000	29929	30360	29821	24838	24963	24975
3886	79.673324	0.000079	-0.380000	3.990000	-1.240000	-0.324000	-0.074000	-0.050000	29962	30399	29876	24838	24963	24975
3887	79.704833	0.031508	-0.380000	3.990000	-1.240000	-0.324000	-0.040000	-0.032000	29962	30399	29876	24838	24980	24984
3888	79.704893	0.000060	-0.460000	3.800000	-1.500000	-0.324000	-0.040000	-0.032000	29954	30380	29850	24838	24980	24984
3889	79.741210	0.036317	-0.460000	3.800000	-1.500000	-0.320000	-0.044000	-0.036000	29954	30380	29850	24840	24978	24982
3890	79.741293	0.000083	-0.500000	3.750000	-1.510000	-0.320000	-0.044000	-0.036000	29950	30375	29849	24840	24978	24982
3891	79.775848	0.034555	-0.180000	4.150000	-1.550000	-0.320000	-0.044000	-0.036000	29982	30415	29845	24840	24978	24982
3892	79.809213	0.033365	-0.180000	4.150000	-1.550000	-0.352000	-0.030000	-0.040000	29982	30415	29845	24824	24985	24980
3893	79.809367	0.000154	-0.500000	4.310000	-1.010000	-0.352000	-0.030000	-0.040000	29950	30431	29899	24824	24985	24980
3894	79.852175	0.042808	-0.790000	3.770000	-1.810000	-0.352000	-0.030000	-0.040000	29921	30377	29819	24824	24985	24980
3895	79.886394	0.034219	-0.930000	3.460000	-1.510000	-0.352000	-0.030000	-0.040000	29907	30346	29849	24824	24985	24980
3896	79.921228	0.034835	-1.040000	4.160000	-1.490000	-0.352000	-0.030000	-0.040000	29896	30416	29851	24824	24985	24980
3897	79.955327	0.034098	-1.040000	4.160000	-1.490000	-0.346000	-0.074000	-0.044000	29896	30416	29851	24827	24963	24978
3898	79.955450	0.000123	-0.860000	3.690000	-1.210000	-0.346000	-0.074000	-0.044000	29914	30369	29879	24827	24963	24978
3899	79.989128	0.033678	-0.470000	3.720000	-1.510000	-0.346000	-0.074000	-0.044000	29953	30372	29849	24827	24963	24978
3900	80.015689	0.026561	-0.470000	3.720000	-1.510000	-0.284000	-0.026000	-0.042000	29953	30372	29849	24858	24987	24979
3901	80.015917	0.000228	-0.670000	3.870000	-1.800000	-0.284000	-0.026000	-0.042000	29933	30387	29820	24858	24987	24979
3902	80.046802	0.030886	-1.040000	3.830000	-1.780000	-0.284000	-0.026000	-0.042000	29896	30383	29822	24858	24987	24979
3903	80.073758	0.026956	-0.630000	4.210000	-2.310000	-0.284000	-0.026000	-0.042000	29937	30421	29769	24858	24987	24979
3904	80.100778	0.027019	-0.830000	3.660000	-1.810000	-0.284000	-0.026000	-0.042000	29917	30366	29819	24858	24987	24979
3905	80.129344	0.028567	-0.830000	3.660000	-1.810000	-0.328000	-0.036000	-0.034000	29917	30366	29819	24836	24982	24983
3906	80.129426	0.000082	-0.160000	3.870000	-2.060000	-0.328000	-0.036000	-0.034000	29984	30387	29794	24836	24982	24983
3907	80.163459	0.034033	-0.160000	3.870000	-2.060000	-0.288000	-0.040000	-0.046000	29984	30387	29794	24856	24980	24977
3908	80.163532	0.000073	-0.570000	3.840000	-1.800000	-0.288000	-0.040000	-0.046000	29943	30384	29820	24856	24980	24977
3909	80.190994	0.027462	-0.570000	3.840000	-1.800000	-0.288000	-0.058000	-0.036000	29943	30384	29820	24856	24971	24982
3910	80.191104	0.000109	-0.830000	3.170000	-1.260000	-0.288000	-0.058000	-0.036000	29917	30317	29874	24856	24971	24982
3911	80.221488	0.030384	-0.570000	4.150000	-2.330000	-0.288000	-0.058000	-0.036000	29943	30415	29767	24856	24971	24982
3912	80.256243	0.034755	-0.570000	4.150000	-2.330000	-0.334000	-0.036000	-0.034000	29943	30415	29767	24833	24982	24983
3913	80.256334	0.000090	-0.640000	3.440000	-1.220000	-0.334000	-0.036000	-0.034000	29936	30344	29878	24833	24982	24983
3914	80.289383	0.033050	-0.170000	4.240000	-1.290000	-0.334000	-0.036000	-0.034000	29983	30424	29871	24833	24982	24983
3915	80.317075	0.027691	-0.640000	4.240000	-1.830000	-0.334000	-0.036000	-0.034000	29936	30424	29817	24833	24982	24983
3916	80.347503	0.030428	-1.050000	3.790000	-1.780000	-0.334000	-0.036000	-0.034000	29895	30379	29822	24833	24982	24983
3917	80.378188	0.030685	-1.050000	3.790000	-1.780000	-0.326000	-0.092000	-0.024000	29895	30379	29822	24837	24954	24988
3918	80.378265	0.000077	-0.950000	3.720000	-1.780000	-0.326000	-0.092000	-0.024000	29905	30372	29822	24837	24954	24988
3919	80.412564	0.034299	-1.080000	3.540000	-1.500000	-0.326000	-0.092000	-0.024000	29892	30354	29850	24837	24954	24988
3920	80.440438	0.027874	-1.080000	3.540000	-1.500000	-0.326000	-0.046000	-0.032000	29892	30354	29850	24837	24977	24984
3921	80.440515	0.000077	-1.080000	3.540000	-1.500000	-0.298000	-0.054000	-0.030000	29892	30354	29850	24851	24973	24985
3922	80.440547	0.000032	-0.610000	3.560000	-2.060000	-0.298000	-0.054000	-0.030000	29939	30356	29794	24851	24973	24985
3923	80.470044	0.029497	-0.840000	4.200000	-2.590000	-0.298000	-0.054000	-0.030000	29916	30420	29741	24851	24973	24985
3924	80.497480	0.027436	-0.500000	3.580000	-2.040000	-0.298000	-0.054000	-0.030000	29950	30358	29796	24851	24973	24985
3925	80.522940	0.025460	-0.500000	3.580000	-2.040000	-0.280000	-0.036000	-0.020000	29950	30358	29796	24860	24982	24990
3926	80.522999	0.000059	-0.830000	3.770000	-1.220000	-0.280000	-0.036000	-0.020000	29917	30377	29878	24860	24982	24990
3927	80.548156	0.025157	-0.800000	4.000000	-1.510000	-0.280000	-0.036000	-0.020000	29920	30400	29849	24860	24982	24990
3928	80.577507	0.029351	-0.490000	3.650000	-1.780000	-0.280000	-0.036000	-0.020000	29951	30365	29822	24860	24982	24990
3929	80.603523	0.026016	-0.490000	3.650000	-1.780000	-0.298000	-0.042000	-0.036000	29951	30365	29822	24851	24979	24982
3930	80.603581	0.000058	-0.450000	4.080000	-1.500000	-0.298000	-0.042000	-0.036000	29955	30408	29850	24851	24979	24982
3931	80.632527	0.028946	-0.350000	4.050000	-1.500000	-0.298000	-0.042000	-0.036000	29965	30405	29850	24851	24979	24982
3932	80.663366	0.030839	-0.350000	4.050000	-1.500000	-0.324000	-0.044000	-0.038000	29965	30405	29850	24838	24978	24981
3933	80.663441	0.000075	-0.310000	3.900000	-0.960000	-0.324000	-0.044000	-0.038000	29969	30390	29904	24838	24978	24981
3934	80.694916	0.031475	-0.310000	3.900000	-0.960000	-0.328000	-0.038000	-0.032000	29969	30390	29904	24836	24981	24984
3935	80.694999	0.000083	-0.720000	3.290000	-1.290000	-0.328000	-0.038000	-0.032000	29928	30329	29871	24836	24981	24984
3936	80.727144	0.032145	-0.590000	4.360000	-2.070000	-0.328000	-0.038000	-0.032000	29941	30436	29793	24836	24981	24984
3937	80.760170	0.033026	-0.320000	3.390000	-0.450000	-0.328000	-0.038000	-0.032000	29968	30339	29955	24836	24981	24984
3938	80.792950	0.032780	-0.320000	3.390000	-0.450000	-0.278000	-0.014000	-0.040000	29968	30339	29955	24861	24993	24980
3939	80.793030	0.000080	-0.210000	4.120000	-1.530000	-0.278000	-0.014000	-0.040000	29979	30412	29847	24861	24993	24980
3940	80.824979	0.031949	-0.300000	4.250000	-1.550000	-0.278000	-0.014000	-0.040000	29970	30425	29845	24861	24993	24980
3941	80.857321	0.032342	-0.680000	3.980000	-2.640000	-0.278000	-0.014000	-0.040000	29932	30398	29736	24861	24993	24980
3942	80.888519	0.031198	-0.700000	4.150000	-1.500000	-0.278000	-0.014000	-0.040000	29930	30415	29850	24861	24993	24980
3943	80.920333	0.031814	-0.610000	4.010000	-0.730000	-0.278000	-0.014000	-0.040000	29939	30401	29927	24861	24993	24980
3944	80.954193	0.033860	-0.610000	4.010000	-0.730000	-0.334000	-0.034000	-0.040000	29939	30401	29927	24833	24983	24980
3945	80.954265	0.000072	-0.540000	3.960000	-0.980000	-0.334000	-0.034000	-0.040000	29946	30396	29902	24833	24983	24980
3946	80.985651	0.031386	-0.540000	3.960000	-0.980000	-0.330000	-0.036000	-0.028000	29946	30396	29902	24835	24982	24986
3947	80.985727	0.000076	-0.700000	3.900000	-1.230000	-0.330000	-0.036000	-0.028000	29930	30390	29877	24835	24982	24986
3948	81.015226	0.029500	-0.190000	3.840000	-0.740000	-0.330000	-0.036000	-0.028000	29981	30384	29926	24835	24982	24986
3949	81.055510	0.040284	-0.190000	3.840000	-0.740000	-0.334000	-0.016000	-0.038000	29981	30384	29926	24833	24992	24981
3950	81.055588	0.000078	-0.350000	3.950000	-0.720000	-0.334000	-0.016000	-0.038000	29965	30395	29928	24833	24992	24981
3951	81.084574	0.028986	-0.350000	3.950000	-0.720000	-0.326000	-0.016000	-0.030000	29965	30395	29928	24837	24992	24985
3952	81.084722	0.000149	-0.500000	4.050000	-0.700000	-0.326000	-0.016000	-0.030000	29950	30405	29930	24837	24992	24985
3953	81.111457	0.026735	-0.480000	3.940000	-1.030000	-0.326000	-0.016000	-0.030000	29952	30394	29897	24837	24992	24985
3954	81.139250	0.027793	-0.390000	3.990000	-0.990000	-0.326000	-0.016000	-0.030000	29961	30399	29901	24837	24992	24985
3955	81.166299	0.027049	-0.920000	4.100000	-1.280000	-0.326000	-0.016000	-0.030000	29908	30410	29872	24837	24992	24985
3956	81.197912	0.031613	-0.920000	4.100000	-1.280000	-0.342000	-0.080000	-0.046000	29908	30410	29872	24829	24960	24977
3957	81.198088	0.000176	-0.970000	4.100000	-1.270000	-0.342000	-0.080000	-0.046000	29903	30410	29873	24829	24960	24977
3958	81.235015	0.036927	-1.030000	3.770000	-1.820000	-0.342000	-0.080000	-0.046000	29897	30377	29818	24829	24960	24977
3959	81.265614	0.030599	-1.030000	3.770000	-1.820000	-0.302000	-0.062000	-0.026000	29897	30377	29818	24849	24969	24987
3960	81.265708	0.000093	-1.030000	3.770000	-1.820000	-0.354000	-0.038000	-0.042000	29897	30377	29818	24823	24981	24979
3961	81.265753	0.000045	-0.540000	3.610000	-0.740000	-0.354000	-0.038000	-0.042000	29946	30361	29926	24823	24981	24979
3962	81.302898	0.037145	-0.540000	3.610000	-0.740000	-0.294000	-0.016000	-0.032000	29946	30361	29926	24853	24992	24984
3963	81.302987	0.000089	-0.960000	3.920000	-1.550000	-0.294000	-0.016000	-0.032000	29904	30392	29845	24853	24992	24984
3964	81.335221	0.032234	-0.960000	3.920000	-1.550000	-0.302000	-0.052000	-0.032000	29904	30392	29845	24849	24974	24984
3965	81.335291	0.000070	-0.610000	4.010000	-2.640000	-0.302000	-0.052000	-0.032000	29939	30401	29736	24849	24974	24984
3966	81.364895	0.029604	-0.610000	4.010000	-2.640000	-0.332000	-0.024000	-0.028000	29939	30401	29736	24834	24988	24986
3967	81.364964	0.000069	-0.690000	4.290000	-1.520000	-0.332000	-0.024000	-0.028000	29931	30429	29848	24834	24988	24986
3968	81.394938	0.029974	-0.960000	3.660000	-2.030000	-0.332000	-0.024000	-0.028000	29904	30366	29797	24834	24988	24986
3969	81.423921	0.028983	-0.960000	3.660000	-2.030000	-0.286000	-0.064000	-0.026000	29904	30366	29797	24857	24968	24987
3970	81.423983	0.000062	-0.830000	4.110000	-2.340000	-0.286000	-0.064000	-0.026000	29917	30411	29766	24857	24968	24987
3971	81.454257	0.030274	-1.130000	4.070000	-2.370000	-0.286000	-0.064000	-0.026000	29887	30407	29763	24857	24968	24987
3972	81.486305	0.032048	-0.420000	3.720000	-2.340000	-0.286000	-0.064000	-0.026000	29958	30372	29766	24857	24968	24987
3973	81.515307	0.029001	-0.420000	3.720000	-2.340000	-0.326000	-0.018000	-0.030000	29958	30372	29766	24837	24991	24985
3974	81.515373	0.000066	-0.390000	3.240000	-1.290000	-0.326000	-0.018000	-0.030000	29961	30324	29871	24837	24991	24985
3975	81.547349	0.031976	-0.390000	3.240000	-1.290000	-0.280000	-0.032000	-0.046000	29961	30324	29871	24860	24984	24977
3976	81.547439	0.000090	-0.590000	3.910000	-1.510000	-0.280000	-0.032000	-0.046000	29941	30391	29849	24860	24984	24977
3977	81.581284	0.033845	-1.050000	3.560000	-1.790000	-0.280000	-0.032000	-0.046000	29895	30356	29821	24860	24984	24977
3978	81.615186	0.033901	-0.300000	3.750000	-1.250000	-0.280000	-0.032000	-0.046000	29970	30375	29875	24860	24984	24977
3979	81.641967	0.026781	-0.300000	3.750000	-1.250000	-0.308000	-0.012000	-0.028000	29970	30375	29875	24846	24994	24986
3980	81.642035	0.000069	-0.350000	4.170000	-1.270000	-0.308000	-0.012000	-0.028000	29965	30417	29873	24846	24994	24986
3981	81.673154	0.031119	-0.210000	4.470000	-1.260000	-0.308000	-0.012000	-0.028000	29979	30447	29874	24846	24994	24986
3982	81.716655	0.043501	-0.790000	3.580000	-1.790000	-0.308000	-0.012000	-0.028000	29921	30358	29821	24846	24994	24986
3983	81.744429	0.027774	-0.790000	3.580000	-1.790000	-0.276000	-0.034000	-0.032000	29921	30358	29821	24862	24983	24984
3984	81.744533	0.000105	-0.610000	3.660000	-1.800000	-0.276000	-0.034000	-0.032000	29939	30366	29820	24862	24983	24984
3985	81.774966	0.030433	-0.610000	3.660000	-1.800000	-0.326000	-0.040000	-0.050000	29939	30366	29820	24837	24980	24975
3986	81.775037	0.000070	-0.510000	3.860000	-0.730000	-0.326000	-0.040000	-0.050000	29949	30386	29927	24837	24980	24975
3987	81.805201	0.030164	-0.950000	3.970000	-1.200000	-0.326000	-0.040000	-0.050000	29905	30397	29880	24837	24980	24975
3988	81.836784	0.031583	-0.950000	3.970000	-1.200000	-0.320000	-0.060000	-0.022000	29905	30397	29880	24840	24970	24989
3989	81.836875	0.000092	-0.700000	3.990000	-1.250000	-0.320000	-0.060000	-0.022000	29930	30399	29875	24840	24970	24989
3990	81.869525	0.032649	-0.700000	3.990000	-1.250000	-0.328000	-0.052000	-0.020000	29930	30399	29875	24836	24974	24990
3991	81.869601	0.000076	-0.700000	3.990000	-1.250000	-0.290000	-0.054000	-0.028000	29930	30399	29875	24855	24973	24986
3992	81.869628	0.000027	-0.840000	3.640000	-1.490000	-0.290000	-0.054000	-0.028000	29916	30364	29851	24855	24973	24986
3993	81.901026	0.031398	-0.590000	3.900000	-2.070000	-0.290000	-0.054000	-0.028000	29941	30390	29793	24855	24973	24986
3994	81.930129	0.029103	-0.590000	3.900000	-2.070000	-0.306000	-0.028000	-0.018000	29941	30390	29793	24847	24986	24991
3995	81.930205	0.000075	-0.450000	3.860000	-1.530000	-0.306000	-0.028000	-0.018000	29955	30386	29847	24847	24986	24991
3996	81.959124	0.028919	-0.530000	3.500000	-1.510000	-0.306000	-0.028000	-0.018000	29947	30350	29849	24847	24986	24991
3997	81.990798	0.031674	-0.530000	3.500000	-1.510000	-0.288000	-0.044000	-0.038000	29947	30350	29849	24856	24978	24981
3998	81.990901	0.000103	-0.530000	3.500000	-1.510000	-0.304000	-0.026000	-0.036000	29947	30350	29849	24848	24987	24982
3999	81.990925	0.000024	-0.110000	4.360000	-0.750000	-0.304000	-0.026000	-0.036000	29989	30436	29925	24848	24987	24982
4000	82.018710	0.027785	-0.110000	4.360000	-0.750000	-0.298000	-0.050000	-0.040000	29989	30436	29925	24851	24975	24980
4001	82.018826	0.000116	-1.080000	3.590000	-1.800000	-0.298000	-0.050000	-0.040000	29892	30359	29820	24851	24975	24980
4002	82.049184	0.030357	-0.160000	4.270000	-1.830000	-0.298000	-0.050000	-0.040000	29984	30427	29817	24851	24975	24980
4003	82.079005	0.029821	-0.160000	4.270000	-1.830000	-0.348000	-0.016000	-0.036000	29984	30427	29817	24826	24992	24982
4004	82.079085	0.000081	-0.160000	4.270000	-1.830000	-0.328000	-0.042000	-0.028000	29984	30427	29817	24836	24979	24986
4005	82.079107	0.000022	-0.880000	3.750000	-1.550000	-0.328000	-0.042000	-0.028000	29912	30375	29845	24836	24979	24986
4006	82.104989	0.025881	-0.580000	3.960000	-1.800000	-0.328000	-0.042000	-0.028000	29942	30396	29820	24836	24979	24986
4007	82.137013	0.032024	-0.580000	3.960000	-1.800000	-0.314000	-0.040000	-0.034000	29942	30396	29820	24843	24980	24983
4008	82.137099	0.000085	-1.000000	3.520000	-1.540000	-0.314000	-0.040000	-0.034000	29900	30352	29846	24843	24980	24983
4009	82.169150	0.032051	-1.000000	3.520000	-1.540000	-0.280000	-0.066000	-0.042000	29900	30352	29846	24860	24967	24979
4010	82.169223	0.000073	-0.520000	3.670000	-1.560000	-0.280000	-0.066000	-0.042000	29948	30367	29844	24860	24967	24979
4011	82.202498	0.033275	-0.310000	3.980000	-0.970000	-0.280000	-0.066000	-0.042000	29969	30398	29903	24860	24967	24979
4012	82.236052	0.033554	-0.940000	3.350000	-1.290000	-0.280000	-0.066000	-0.042000	29906	30335	29871	24860	24967	24979
4013	82.268114	0.032062	-0.940000	3.350000	-1.290000	-0.272000	-0.056000	-0.036000	29906	30335	29871	24864	24972	24982
4014	82.268217	0.000103	-0.440000	4.020000	-2.100000	-0.272000	-0.056000	-0.036000	29956	30402	29790	24864	24972	24982
4015	82.297435	0.029218	-0.740000	4.000000	-1.780000	-0.272000	-0.056000	-0.036000	29926	30400	29822	24864	24972	24982
4016	82.331243	0.033808	-0.050000	4.340000	-0.960000	-0.272000	-0.056000	-0.036000	29995	30434	29904	24864	24972	24982
4017	82.361528	0.030286	-0.050000	4.340000	-0.960000	-0.334000	0.018000	-0.036000	29995	30434	29904	24833	25009	24982
4018	82.361623	0.000095	-0.450000	3.520000	-1.810000	-0.334000	0.018000	-0.036000	29955	30352	29819	24833	25009	24982
4019	82.388592	0.026969	-0.450000	3.520000	-1.810000	-0.286000	-0.032000	-0.022000	29955	30352	29819	24857	24984	24989
4020	82.388673	0.000080	-0.450000	3.520000	-1.810000	-0.308000	-0.044000	-0.040000	29955	30352	29819	24846	24978	24980
4021	82.388690	0.000017	-0.410000	3.890000	-1.510000	-0.308000	-0.044000	-0.040000	29959	30389	29849	24846	24978	24980
4022	82.414852	0.026163	-0.410000	3.770000	-1.250000	-0.308000	-0.044000	-0.040000	29959	30377	29875	24846	24978	24980
4023	82.441040	0.026188	-0.410000	3.770000	-1.250000	-0.314000	-0.034000	-0.034000	29959	30377	29875	24843	24983	24983
4024	82.441104	0.000064	-0.440000	3.900000	-2.060000	-0.314000	-0.034000	-0.034000	29956	30390	29794	24843	24983	24983
4025	82.471160	0.030056	0.090000	4.800000	-1.250000	-0.314000	-0.034000	-0.034000	30009	30480	29875	24843	24983	24983
4026	82.496812	0.025653	0.090000	4.800000	-1.250000	-0.396000	0.012000	-0.028000	30009	30480	29875	24802	25006	24986
4027	82.496962	0.000150	-0.530000	4.310000	-2.350000	-0.396000	0.012000	-0.028000	29947	30431	29765	24802	25006	24986
4028	82.526823	0.029861	-0.780000	3.630000	-2.040000	-0.396000	0.012000	-0.028000	29922	30363	29796	24802	25006	24986
4029	82.558239	0.031416	-0.780000	3.630000	-2.040000	-0.294000	-0.058000	-0.042000	29922	30363	29796	24853	24971	24979
4030	82.558310	0.000072	0.030000	4.420000	-1.540000	-0.294000	-0.058000	-0.042000	30003	30442	29846	24853	24971	24979
4031	82.590312	0.032002	0.030000	4.420000	-1.540000	-0.340000	0.022000	-0.044000	30003	30442	29846	24830	25011	24978
4032	82.590377	0.000065	0.030000	4.420000	-1.540000	-0.318000	-0.048000	-0.050000	30003	30442	29846	24841	24976	24975
4033	82.590398	0.000021	-0.490000	3.320000	-1.820000	-0.318000	-0.048000	-0.050000	29951	30332	29818	24841	24976	24975
4034	82.621713	0.031316	-0.490000	3.610000	-1.530000	-0.318000	-0.048000	-0.050000	29951	30361	29847	24841	24976	24975
4035	82.648930	0.027217	-0.480000	3.790000	-1.810000	-0.318000	-0.048000	-0.050000	29952	30379	29819	24841	24976	24975
4036	82.675299	0.026368	-0.480000	3.790000	-1.810000	-0.314000	-0.030000	-0.024000	29952	30379	29819	24843	24985	24988
4037	82.675376	0.000078	-1.000000	3.540000	-1.270000	-0.314000	-0.030000	-0.024000	29900	30354	29873	24843	24985	24988
4038	82.704383	0.029007	-1.000000	3.540000	-1.270000	-0.272000	-0.070000	-0.026000	29900	30354	29873	24864	24965	24987
4039	82.704450	0.000067	-0.230000	4.760000	-0.980000	-0.272000	-0.070000	-0.026000	29977	30476	29902	24864	24965	24987
4040	82.733081	0.028631	-0.670000	3.490000	-2.060000	-0.272000	-0.070000	-0.026000	29933	30349	29794	24864	24965	24987
4041	82.763129	0.030048	-0.670000	3.490000	-2.060000	-0.346000	-0.014000	-0.030000	29933	30349	29794	24827	24993	24985
4042	82.763211	0.000082	-0.170000	4.300000	-1.810000	-0.346000	-0.014000	-0.030000	29983	30430	29819	24827	24993	24985
4043	82.794868	0.031657	-0.170000	4.300000	-1.810000	-0.340000	-0.008000	-0.036000	29983	30430	29819	24830	24996	24982
4044	82.794943	0.000075	-0.170000	4.300000	-1.810000	-0.308000	-0.054000	-0.034000	29983	30430	29819	24846	24973	24983
4045	82.794969	0.000026	-0.060000	4.340000	-1.530000	-0.308000	-0.054000	-0.034000	29994	30434	29847	24846	24973	24983
4046	82.825254	0.030285	-0.970000	3.330000	-1.500000	-0.308000	-0.054000	-0.034000	29903	30333	29850	24846	24973	24983
4047	82.855850	0.030596	-0.630000	4.540000	-0.940000	-0.308000	-0.054000	-0.034000	29937	30454	29906	24846	24973	24983
4048	82.883408	0.027558	-0.530000	4.110000	-0.930000	-0.308000	-0.054000	-0.034000	29947	30411	29907	24846	24973	24983
4049	82.914610	0.031202	-0.530000	4.110000	-0.930000	-0.318000	-0.030000	-0.038000	29947	30411	29907	24841	24985	24981
4050	82.914716	0.000106	-0.330000	4.010000	-0.960000	-0.318000	-0.030000	-0.038000	29967	30401	29904	24841	24985	24981
4051	82.944475	0.029759	-1.150000	3.550000	-2.340000	-0.318000	-0.030000	-0.038000	29885	30355	29766	24841	24985	24981
4052	82.972318	0.027843	-0.450000	4.060000	-1.530000	-0.318000	-0.030000	-0.038000	29955	30406	29847	24841	24985	24981
4053	82.998581	0.026263	-0.450000	4.060000	-1.530000	-0.316000	-0.022000	-0.036000	29955	30406	29847	24842	24989	24982
4054	82.998645	0.000064	-0.320000	3.810000	-1.000000	-0.316000	-0.022000	-0.036000	29968	30381	29900	24842	24989	24982
4055	83.028399	0.029754	-0.320000	3.810000	-1.000000	-0.308000	-0.016000	-0.040000	29968	30381	29900	24846	24992	24980
4056	83.028478	0.000079	-0.770000	4.070000	-1.550000	-0.308000	-0.016000	-0.040000	29923	30407	29845	24846	24992	24980
4057	83.059727	0.031249	-0.770000	4.070000	-1.550000	-0.326000	-0.038000	-0.034000	29923	30407	29845	24837	24981	24983
4058	83.059798	0.000071	-0.770000	4.070000	-1.550000	-0.332000	-0.014000	-0.034000	29923	30407	29845	24834	24993	24983
4059	83.059817	0.000019	-0.070000	4.190000	-1.010000	-0.332000	-0.014000	-0.034000	29993	30419	29899	24834	24993	24983
4060	83.086212	0.026395	-0.610000	3.900000	-1.200000	-0.332000	-0.014000	-0.034000	29939	30390	29880	24834	24993	24983
4061	83.115027	0.028815	-0.610000	3.900000	-1.200000	-0.324000	-0.052000	-0.032000	29939	30390	29880	24838	24974	24984
4062	83.115124	0.000097	-0.780000	3.390000	-1.230000	-0.324000	-0.052000	-0.032000	29922	30339	29877	24838	24974	24984
4063	83.145515	0.030390	-0.780000	3.390000	-1.230000	-0.280000	-0.060000	-0.024000	29922	30339	29877	24860	24970	24988
4064	83.145577	0.000062	-0.730000	3.760000	-1.250000	-0.280000	-0.060000	-0.024000	29927	30376	29875	24860	24970	24988
4065	83.177347	0.031770	-0.730000	3.760000	-1.250000	-0.296000	-0.040000	-0.032000	29927	30376	29875	24852	24980	24984
4066	83.177433	0.000086	-0.730000	3.760000	-1.250000	-0.290000	-0.050000	-0.026000	29927	30376	29875	24855	24975	24987
4067	83.177461	0.000028	-0.740000	3.910000	-1.260000	-0.290000	-0.050000	-0.026000	29926	30391	29874	24855	24975	24987
4068	83.211596	0.034135	-1.050000	4.220000	-1.750000	-0.290000	-0.050000	-0.026000	29895	30422	29825	24855	24975	24987
4069	83.242923	0.031327	-0.650000	4.000000	-1.480000	-0.290000	-0.050000	-0.026000	29935	30400	29852	24855	24975	24987
4070	83.276351	0.033427	-0.770000	3.870000	-1.510000	-0.290000	-0.050000	-0.026000	29923	30387	29849	24855	24975	24987
4071	83.304376	0.028025	-0.630000	3.560000	-1.840000	-0.290000	-0.050000	-0.026000	29937	30356	29816	24855	24975	24987
4072	83.334405	0.030029	-0.120000	4.530000	-1.860000	-0.290000	-0.050000	-0.026000	29988	30453	29814	24855	24975	24987
4073	83.362887	0.028482	-0.120000	4.530000	-1.860000	-0.372000	-0.014000	-0.042000	29988	30453	29814	24814	24993	24979
4074	83.362954	0.000067	-0.120000	4.530000	-1.860000	-0.372000	-0.014000	-0.042000	29988	30453	29814	24814	24993	24979
4075	83.394178	0.031224	-0.500000	3.880000	-1.000000	-0.372000	-0.014000	-0.042000	29950	30388	29900	24814	24993	24979
4076	83.424508	0.030330	-0.640000	4.090000	-1.250000	-0.372000	-0.014000	-0.042000	29936	30409	29875	24814	24993	24979
4077	83.454242	0.029734	-0.640000	4.090000	-1.250000	-0.308000	-0.042000	-0.030000	29936	30409	29875	24846	24979	24985
4078	83.454301	0.000060	-0.450000	4.210000	-1.260000	-0.308000	-0.042000	-0.030000	29955	30421	29874	24846	24979	24985
4079	83.481911	0.027610	-0.450000	3.820000	-0.960000	-0.308000	-0.042000	-0.030000	29955	30382	29904	24846	24979	24985
4080	83.516391	0.034480	-0.450000	3.820000	-0.960000	-0.304000	-0.020000	-0.022000	29955	30382	29904	24848	24990	24989
4081	83.516466	0.000074	-0.480000	4.260000	-1.550000	-0.304000	-0.020000	-0.022000	29952	30426	29845	24848	24990	24989
4082	83.548918	0.032452	-0.430000	3.420000	-1.250000	-0.304000	-0.020000	-0.022000	29957	30342	29875	24848	24990	24989
4083	83.585310	0.036393	-0.430000	3.420000	-1.250000	-0.290000	-0.038000	-0.036000	29957	30342	29875	24855	24981	24982
4084	83.585402	0.000092	-0.340000	4.070000	-1.560000	-0.290000	-0.038000	-0.036000	29966	30407	29844	24855	24981	24982
4085	83.612425	0.027023	-0.340000	4.070000	-1.560000	-0.340000	-0.018000	-0.030000	29966	30407	29844	24830	24991	24985
4086	83.612502	0.000077	-1.280000	4.160000	-1.530000	-0.340000	-0.018000	-0.030000	29872	30416	29847	24830	24991	24985
4087	83.647392	0.034890	-0.130000	3.910000	-1.020000	-0.340000	-0.018000	-0.030000	29987	30391	29898	24830	24991	24985
4088	83.681349	0.033956	-0.980000	3.660000	-1.250000	-0.340000	-0.018000	-0.030000	29902	30366	29875	24830	24991	24985
4089	83.712374	0.031026	-0.200000	4.460000	-1.290000	-0.340000	-0.018000	-0.030000	29980	30446	29871	24830	24991	24985
4090	83.746954	0.034580	-0.580000	4.330000	-2.020000	-0.340000	-0.018000	-0.030000	29942	30433	29798	24830	24991	24985
4091	83.780976	0.034022	-1.030000	3.600000	-1.230000	-0.340000	-0.018000	-0.030000	29897	30360	29877	24830	24991	24985
4092	83.807464	0.026488	-0.730000	4.020000	-1.280000	-0.340000	-0.018000	-0.030000	29927	30402	29872	24830	24991	24985
4093	83.835070	0.027606	-0.730000	4.020000	-1.280000	-0.336000	-0.046000	-0.026000	29927	30402	29872	24832	24977	24987
4094	83.835281	0.000211	-0.670000	3.920000	-1.010000	-0.336000	-0.046000	-0.026000	29933	30392	29899	24832	24977	24987
4095	83.865147	0.029866	-0.410000	4.380000	-1.240000	-0.336000	-0.046000	-0.026000	29959	30438	29876	24832	24977	24987
4096	83.897737	0.032589	-0.410000	4.380000	-1.240000	-0.302000	-0.052000	-0.026000	29959	30438	29876	24849	24974	24987
4097	83.897810	0.000074	-0.980000	3.500000	-1.530000	-0.302000	-0.052000	-0.026000	29902	30350	29847	24849	24974	24987
4098	83.924250	0.026439	-0.560000	3.890000	-1.790000	-0.302000	-0.052000	-0.026000	29944	30389	29821	24849	24974	24987
4099	83.952279	0.028030	-0.570000	3.580000	-0.970000	-0.302000	-0.052000	-0.026000	29943	30358	29903	24849	24974	24987
4100	83.984608	0.032328	-0.480000	4.330000	-1.220000	-0.302000	-0.052000	-0.026000	29952	30433	29878	24849	24974	24987
4101	84.014417	0.029809	-0.480000	4.330000	-1.220000	-0.346000	-0.040000	-0.026000	29952	30433	29878	24827	24980	24987
4102	84.014494	0.000077	-0.280000	4.250000	-2.090000	-0.346000	-0.040000	-0.026000	29972	30425	29791	24827	24980	24987
4103	84.042197	0.027703	-0.100000	3.830000	-1.280000	-0.346000	-0.040000	-0.026000	29990	30383	29872	24827	24980	24987
4104	84.072801	0.030604	-0.100000	3.830000	-1.280000	-0.322000	-0.008000	-0.026000	29990	30383	29872	24839	24996	24987
4105	84.072885	0.000084	-0.340000	3.920000	-1.270000	-0.322000	-0.008000	-0.026000	29966	30392	29873	24839	24996	24987
4106	84.106874	0.033989	-0.500000	3.310000	-1.530000	-0.322000	-0.008000	-0.026000	29950	30331	29847	24839	24996	24987
4107	84.137106	0.030232	-0.500000	3.310000	-1.530000	-0.268000	-0.042000	-0.036000	29950	30331	29847	24866	24979	24982
4108	84.137172	0.000067	-0.410000	3.580000	-1.520000	-0.268000	-0.042000	-0.036000	29959	30358	29848	24866	24979	24982
4109	84.168295	0.031123	-0.450000	3.860000	-1.220000	-0.268000	-0.042000	-0.036000	29955	30386	29878	24866	24979	24982
4110	84.201023	0.032728	-0.450000	3.860000	-1.220000	-0.306000	-0.030000	-0.032000	29955	30386	29878	24847	24985	24984
4111	84.201114	0.000090	-0.230000	4.330000	-1.570000	-0.306000	-0.030000	-0.032000	29977	30433	29843	24847	24985	24984
4112	84.239333	0.038219	-0.230000	4.330000	-1.570000	-0.356000	-0.006000	-0.034000	29977	30433	29843	24822	24997	24983
4113	84.239418	0.000085	-0.470000	3.480000	-1.030000	-0.356000	-0.006000	-0.034000	29953	30348	29897	24822	24997	24983
4114	84.272583	0.033165	-0.360000	4.080000	-1.540000	-0.356000	-0.006000	-0.034000	29964	30408	29846	24822	24997	24983
4115	84.301177	0.028594	-0.360000	4.080000	-1.540000	-0.294000	-0.064000	-0.034000	29964	30408	29846	24853	24968	24983
4116	84.301277	0.000100	-0.490000	3.730000	-1.270000	-0.294000	-0.064000	-0.034000	29951	30373	29873	24853	24968	24983
4117	84.331774	0.030498	-0.570000	4.390000	-2.120000	-0.294000	-0.064000	-0.034000	29943	30439	29788	24853	24968	24983
4118	84.363311	0.031536	-0.540000	3.950000	-1.840000	-0.294000	-0.064000	-0.034000	29946	30395	29816	24853	24968	24983
4119	84.395152	0.031842	-0.540000	3.950000	-1.840000	-0.314000	-0.026000	-0.038000	29946	30395	29816	24843	24987	24981
4120	84.395237	0.000085	-0.370000	3.970000	-1.030000	-0.314000	-0.026000	-0.038000	29963	30397	29897	24843	24987	24981
4121	84.422709	0.027472	-0.670000	4.270000	-2.650000	-0.314000	-0.026000	-0.038000	29933	30427	29735	24843	24987	24981
4122	84.448458	0.025749	-0.900000	3.530000	-1.530000	-0.314000	-0.026000	-0.038000	29910	30353	29847	24843	24987	24981
4123	84.476169	0.027711	-0.680000	3.900000	-2.100000	-0.314000	-0.026000	-0.038000	29932	30390	29790	24843	24987	24981
4124	84.502669	0.026499	-1.120000	3.590000	-1.270000	-0.314000	-0.026000	-0.038000	29888	30359	29873	24843	24987	24981
4125	84.528637	0.025968	-0.980000	4.410000	-1.740000	-0.314000	-0.026000	-0.038000	29902	30441	29826	24843	24987	24981
4126	84.555111	0.026475	-0.980000	4.410000	-1.740000	-0.360000	-0.076000	-0.028000	29902	30441	29826	24820	24962	24986
4127	84.555183	0.000072	-0.980000	4.410000	-1.740000	-0.338000	-0.016000	-0.038000	29902	30441	29826	24831	24992	24981
4128	84.555202	0.000019	-0.770000	4.210000	-1.530000	-0.338000	-0.016000	-0.038000	29923	30421	29847	24831	24992	24981
4129	84.585195	0.029993	-0.410000	3.680000	-2.040000	-0.338000	-0.016000	-0.038000	29959	30368	29796	24831	24992	24981
4130	84.617459	0.032264	-0.410000	3.680000	-2.040000	-0.306000	-0.038000	-0.042000	29959	30368	29796	24847	24981	24979
4131	84.617542	0.000083	-0.580000	3.680000	-2.040000	-0.306000	-0.038000	-0.042000	29942	30368	29796	24847	24981	24979
4132	84.644917	0.027375	-0.600000	3.820000	-0.990000	-0.306000	-0.038000	-0.042000	29940	30382	29901	24847	24981	24979
4133	84.677652	0.032735	-0.720000	3.790000	-1.530000	-0.306000	-0.038000	-0.042000	29928	30379	29847	24847	24981	24979
4134	84.711453	0.033802	-0.400000	4.160000	-0.720000	-0.306000	-0.038000	-0.042000	29960	30416	29928	24847	24981	24979
4135	84.745161	0.033708	-0.210000	4.170000	-1.250000	-0.306000	-0.038000	-0.042000	29979	30417	29875	24847	24981	24979
4136	84.778327	0.033166	-0.210000	4.170000	-1.250000	-0.338000	-0.012000	-0.040000	29979	30417	29875	24831	24994	24980
4137	84.778436	0.000109	-0.670000	4.320000	-2.650000	-0.338000	-0.012000	-0.040000	29933	30432	29735	24831	24994	24980
4138	84.811249	0.032813	-0.670000	4.320000	-2.650000	-0.352000	-0.034000	-0.038000	29933	30432	29735	24824	24983	24981
4139	84.811332	0.000083	-1.220000	3.780000	-1.850000	-0.352000	-0.034000	-0.038000	29878	30378	29815	24824	24983	24981
4140	84.843442	0.032110	-0.720000	4.200000	-2.080000	-0.352000	-0.034000	-0.038000	29928	30420	29792	24824	24983	24981
4141	84.876952	0.033511	-0.740000	4.360000	-2.070000	-0.352000	-0.034000	-0.038000	29926	30436	29793	24824	24983	24981
4142	84.908798	0.031846	-0.660000	3.630000	-1.270000	-0.352000	-0.034000	-0.038000	29934	30363	29873	24824	24983	24981
4143	84.941555	0.032757	-0.540000	3.500000	-1.260000	-0.352000	-0.034000	-0.038000	29946	30350	29874	24824	24983	24981
4144	84.969214	0.027659	-0.780000	3.600000	-1.240000	-0.352000	-0.034000	-0.038000	29922	30360	29876	24824	24983	24981
4145	84.998440	0.029226	-0.850000	3.510000	-1.250000	-0.352000	-0.034000	-0.038000	29915	30351	29875	24824	24983	24981
4146	85.024950	0.026510	-1.060000	3.770000	-2.320000	-0.352000	-0.034000	-0.038000	29894	30377	29768	24824	24983	24981
4147	85.057169	0.032219	0.090000	4.260000	-1.310000	-0.352000	-0.034000	-0.038000	30009	30426	29869	24824	24983	24981
4148	85.085326	0.028157	-0.810000	3.300000	-1.250000	-0.352000	-0.034000	-0.038000	29919	30330	29875	24824	24983	24981
4149	85.117260	0.031934	-1.310000	3.300000	-1.260000	-0.352000	-0.034000	-0.038000	29869	30330	29874	24824	24983	24981
4150	85.145194	0.027934	-0.340000	3.970000	-1.260000	-0.352000	-0.034000	-0.038000	29966	30397	29874	24824	24983	24981
4151	85.173667	0.028473	-0.340000	3.970000	-1.260000	-0.310000	-0.022000	-0.044000	29966	30397	29874	24845	24989	24978
4152	85.173769	0.000102	-1.150000	3.600000	-1.780000	-0.310000	-0.022000	-0.044000	29885	30360	29822	24845	24989	24978
4153	85.209150	0.035381	-0.480000	4.000000	-2.610000	-0.310000	-0.022000	-0.044000	29952	30400	29739	24845	24989	24978
4154	85.247094	0.037945	-0.480000	4.000000	-2.610000	-0.342000	-0.044000	-0.034000	29952	30400	29739	24829	24978	24983
4155	85.247184	0.000089	-0.570000	4.560000	-1.230000	-0.342000	-0.044000	-0.034000	29943	30456	29877	24829	24978	24983
4156	85.282383	0.035199	-0.570000	4.560000	-1.230000	-0.374000	-0.042000	-0.020000	29943	30456	29877	24813	24979	24990
4157	85.282472	0.000089	-0.410000	4.100000	-1.270000	-0.374000	-0.042000	-0.020000	29959	30410	29873	24813	24979	24990
4158	85.315554	0.033082	-0.630000	3.690000	-1.810000	-0.374000	-0.042000	-0.020000	29937	30369	29819	24813	24979	24990
4159	85.342458	0.026904	-0.630000	3.690000	-1.810000	-0.294000	-0.044000	-0.042000	29937	30369	29819	24853	24978	24979
4160	85.342520	0.000062	-0.820000	3.410000	-2.080000	-0.294000	-0.044000	-0.042000	29918	30341	29792	24853	24978	24979
4161	85.369410	0.026890	-0.390000	4.410000	-1.800000	-0.294000	-0.044000	-0.042000	29961	30441	29820	24853	24978	24979
4162	85.398844	0.029434	-0.390000	4.410000	-1.800000	-0.352000	-0.014000	-0.036000	29961	30441	29820	24824	24993	24982
4163	85.398925	0.000081	-0.520000	3.360000	-2.070000	-0.352000	-0.014000	-0.036000	29948	30336	29793	24824	24993	24982
4164	85.432443	0.033519	-0.520000	3.360000	-2.070000	-0.300000	-0.074000	-0.034000	29948	30336	29793	24850	24963	24983
4165	85.432552	0.000109	-0.380000	4.160000	-2.080000	-0.300000	-0.074000	-0.034000	29962	30416	29792	24850	24963	24983
4166	85.467005	0.034453	-0.380000	4.160000	-2.080000	-0.334000	-0.018000	-0.034000	29962	30416	29792	24833	24991	24983
4167	85.467082	0.000077	-0.690000	3.930000	-2.360000	-0.334000	-0.018000	-0.034000	29931	30393	29764	24833	24991	24983
4168	85.496002	0.028921	-0.690000	3.930000	-2.360000	-0.312000	-0.036000	-0.026000	29931	30393	29764	24844	24982	24987
4169	85.496154	0.000151	-0.610000	3.820000	-0.730000	-0.312000	-0.036000	-0.026000	29939	30382	29927	24844	24982	24987
4170	85.524817	0.028663	-0.810000	3.660000	-1.770000	-0.312000	-0.036000	-0.026000	29919	30366	29823	24844	24982	24987
4171	85.554523	0.029706	-0.810000	3.660000	-1.770000	-0.306000	-0.074000	-0.022000	29919	30366	29823	24847	24963	24989
4172	85.554624	0.000101	-0.240000	4.030000	-1.240000	-0.306000	-0.074000	-0.022000	29976	30403	29876	24847	24963	24989
4173	85.586387	0.031763	-1.460000	3.710000	-2.310000	-0.306000	-0.074000	-0.022000	29854	30371	29769	24847	24963	24989
4174	85.620313	0.033926	-0.620000	4.410000	-1.800000	-0.306000	-0.074000	-0.022000	29938	30441	29820	24847	24963	24989
4175	85.659883	0.039570	-1.090000	3.670000	-2.040000	-0.306000	-0.074000	-0.022000	29891	30367	29796	24847	24963	24989
4176	85.694387	0.034504	-1.090000	3.670000	-2.040000	-0.346000	-0.126000	-0.056000	29891	30367	29796	24827	24937	24972
4177	85.694461	0.000074	-1.180000	4.410000	-2.810000	-0.346000	-0.126000	-0.056000	29882	30441	29719	24827	24937	24972
4178	85.735108	0.040647	-1.180000	4.410000	-2.810000	-0.446000	-0.142000	-0.064000	29882	30441	29719	24777	24929	24968
4179	85.735229	0.000122	-1.090000	4.480000	-1.450000	-0.446000	-0.142000	-0.064000	29891	30448	29855	24777	24929	24968
4180	85.768700	0.033471	-0.740000	3.940000	-0.970000	-0.446000	-0.142000	-0.064000	29926	30394	29903	24777	24929	24968
4181	85.800008	0.031308	-0.420000	3.740000	-1.020000	-0.446000	-0.142000	-0.064000	29958	30374	29898	24777	24929	24968
4182	85.830773	0.030765	-0.620000	3.630000	-1.250000	-0.446000	-0.142000	-0.064000	29938	30363	29875	24777	24929	24968
4183	85.862934	0.032160	-0.650000	4.300000	-1.190000	-0.446000	-0.142000	-0.064000	29935	30430	29881	24777	24929	24968
4184	85.894337	0.031404	-0.650000	4.300000	-1.190000	-0.422000	-0.040000	-0.056000	29935	30430	29881	24789	24980	24972
4185	85.894417	0.000080	-0.760000	4.850000	-0.970000	-0.422000	-0.040000	-0.056000	29924	30485	29903	24789	24980	24972
4186	85.924513	0.030095	-0.760000	4.850000	-0.970000	-0.518000	-0.026000	-0.050000	29924	30485	29903	24741	24987	24975
4187	85.924579	0.000066	-0.630000	4.160000	-0.970000	-0.518000	-0.026000	-0.050000	29937	30416	29903	24741	24987	24975
4188	85.957342	0.032763	-0.630000	4.160000	-0.970000	-0.448000	-0.040000	-0.082000	29937	30416	29903	24776	24980	24959
4189	85.957452	0.000110	-0.270000	4.080000	-1.270000	-0.448000	-0.040000	-0.082000	29973	30408	29873	24776	24980	24959
4190	85.989089	0.031637	-0.560000	3.660000	-1.230000	-0.448000	-0.040000	-0.082000	29944	30366	29877	24776	24980	24959
4191	86.015914	0.026825	-0.560000	3.660000	-1.230000	-0.346000	0.036000	-0.054000	29944	30366	29877	24827	25018	24973
4192	86.016059	0.000145	-0.290000	4.250000	-1.570000	-0.346000	0.036000	-0.054000	29971	30425	29843	24827	25018	24973
4193	86.055927	0.039868	-0.100000	3.810000	-1.830000	-0.346000	0.036000	-0.054000	29990	30381	29817	24827	25018	24973
4194	86.085304	0.029378	-0.410000	5.020000	-2.130000	-0.346000	0.036000	-0.054000	29959	30502	29787	24827	25018	24973
4195	86.120320	0.035016	-0.590000	3.780000	-1.850000	-0.346000	0.036000	-0.054000	29941	30378	29815	24827	25018	24973
4196	86.153662	0.033342	-0.590000	3.780000	-1.850000	-0.342000	0.046000	-0.056000	29941	30378	29815	24829	25023	24972
4197	86.153751	0.000090	-0.320000	3.800000	-1.570000	-0.342000	0.046000	-0.056000	29968	30380	29843	24829	25023	24972
4198	86.182849	0.029098	-0.390000	4.060000	-1.560000	-0.342000	0.046000	-0.056000	29961	30406	29844	24829	25023	24972
4199	86.210207	0.027358	-0.390000	4.060000	-1.560000	-0.294000	0.046000	-0.040000	29961	30406	29844	24853	25023	24980
4200	86.210311	0.000104	-0.450000	3.670000	-1.580000	-0.294000	0.046000	-0.040000	29955	30367	29842	24853	25023	24980
4201	86.241553	0.031243	-0.850000	3.700000	-2.640000	-0.294000	0.046000	-0.040000	29915	30370	29736	24853	25023	24980
4202	86.268269	0.026715	-0.430000	4.150000	-2.090000	-0.294000	0.046000	-0.040000	29957	30415	29791	24853	25023	24980
4203	86.297459	0.029190	-0.670000	3.560000	-1.820000	-0.294000	0.046000	-0.040000	29933	30356	29818	24853	25023	24980
4204	86.325270	0.027811	-0.670000	3.560000	-1.820000	-0.282000	-0.038000	-0.034000	29933	30356	29818	24859	24981	24983
4205	86.325355	0.000086	-0.740000	3.220000	-1.260000	-0.282000	-0.038000	-0.034000	29926	30322	29874	24859	24981	24983
4206	86.354172	0.028816	-0.910000	4.020000	-1.550000	-0.282000	-0.038000	-0.034000	29909	30402	29845	24859	24981	24983
4207	86.384456	0.030284	-0.260000	3.280000	-2.940000	-0.282000	-0.038000	-0.034000	29974	30328	29706	24859	24981	24983
4208	86.416041	0.031584	-0.260000	3.280000	-2.940000	-0.266000	0.076000	-0.070000	29974	30328	29706	24867	25038	24965
4209	86.416111	0.000070	-0.290000	3.850000	-3.460000	-0.266000	0.076000	-0.070000	29971	30385	29654	24867	25038	24965
4210	86.448606	0.032494	-0.140000	4.380000	-3.210000	-0.266000	0.076000	-0.070000	29986	30438	29679	24867	25038	24965
4211	86.480239	0.031634	-0.140000	4.380000	-3.210000	-0.338000	0.076000	-0.068000	29986	30438	29679	24831	25038	24966
4212	86.480364	0.000125	-0.180000	3.870000	-2.680000	-0.338000	0.076000	-0.068000	29982	30387	29732	24831	25038	24966
4213	86.511995	0.031631	-0.180000	3.870000	-2.680000	-0.282000	0.052000	-0.062000	29982	30387	29732	24859	25026	24969
4214	86.512063	0.000068	0.000000	3.460000	-1.340000	-0.282000	0.052000	-0.062000	30000	30346	29866	24859	25026	24969
4215	86.541225	0.029162	0.560000	2.660000	-1.350000	-0.282000	0.052000	-0.062000	30056	30266	29865	24859	25026	24969
4216	86.572434	0.031209	0.310000	1.000000	-0.280000	-0.282000	0.052000	-0.062000	30031	30100	29972	24859	25026	24969
4217	86.604671	0.032237	0.310000	1.000000	-0.280000	0.828000	0.138000	-0.042000	30031	30100	29972	25414	25069	24979
4218	86.604755	0.000084	0.080000	-0.390000	-0.820000	0.828000	0.138000	-0.042000	30008	29961	29918	25414	25069	24979
4219	86.638482	0.033727	-0.050000	-0.640000	0.000000	0.828000	0.138000	-0.042000	29995	29936	30000	25414	25069	24979
4220	86.671324	0.032842	0.460000	-0.830000	-0.530000	0.828000	0.138000	-0.042000	30046	29917	29947	25414	25069	24979
4221	86.703750	0.032425	1.090000	-1.710000	-0.600000	0.828000	0.138000	-0.042000	30109	29829	29940	25414	25069	24979
4222	86.735198	0.031448	0.110000	-3.200000	-0.520000	0.828000	0.138000	-0.042000	30011	29680	29948	25414	25069	24979
4223	86.767348	0.032150	0.110000	-3.200000	-0.520000	2.284000	0.122000	-0.008000	30011	29680	29948	26142	25061	24996
4224	86.767470	0.000122	0.110000	-3.200000	-0.520000	2.450000	0.236000	-0.026000	30011	29680	29948	26225	25118	24987
4225	86.767529	0.000059	0.880000	-3.410000	1.150000	2.450000	0.236000	-0.026000	30088	29659	30115	26225	25118	24987
4226	86.807894	0.040365	0.470000	-3.710000	0.050000	2.450000	0.236000	-0.026000	30047	29629	30005	26225	25118	24987
4227	86.846907	0.039013	0.860000	-3.500000	0.010000	2.450000	0.236000	-0.026000	30086	29650	30001	26225	25118	24987
4228	86.880273	0.033366	0.860000	-3.500000	0.010000	2.592000	0.212000	-0.090000	30086	29650	30001	26296	25106	24955
4229	86.880387	0.000114	0.600000	-3.950000	-0.500000	2.592000	0.212000	-0.090000	30060	29605	29950	26296	25106	24955
4230	86.914501	0.034114	0.600000	-3.950000	-0.500000	2.752000	0.238000	-0.102000	30060	29605	29950	26376	25119	24949
4231	86.914588	0.000087	1.030000	-3.590000	-1.310000	2.752000	0.238000	-0.102000	30103	29641	29869	26376	25119	24949
4232	86.947084	0.032495	0.800000	-4.460000	-0.750000	2.752000	0.238000	-0.102000	30080	29554	29925	26376	25119	24949
4233	86.980556	0.033473	1.430000	-5.390000	-0.140000	2.752000	0.238000	-0.102000	30143	29461	29986	26376	25119	24949
4234	87.013129	0.032572	1.480000	-5.310000	-1.480000	2.752000	0.238000	-0.102000	30148	29469	29852	26376	25119	24949
4235	87.045775	0.032646	1.480000	-5.310000	-1.480000	3.556000	0.398000	-0.152000	30148	29469	29852	26778	25199	24924
4236	87.045864	0.000089	1.420000	-4.980000	-1.690000	3.556000	0.398000	-0.152000	30142	29502	29831	26778	25199	24924
4237	87.078262	0.032398	1.640000	-5.390000	-1.640000	3.556000	0.398000	-0.152000	30164	29461	29836	26778	25199	24924
4238	87.112062	0.033801	1.240000	-5.210000	-1.600000	3.556000	0.398000	-0.152000	30124	29479	29840	26778	25199	24924
4239	87.145006	0.032944	1.240000	-5.210000	-1.600000	4.084000	0.544000	-0.198000	30124	29479	29840	27042	25272	24901
4240	87.145135	0.000129	2.090000	-5.240000	-1.320000	4.084000	0.544000	-0.198000	30209	29476	29868	27042	25272	24901
4241	87.172051	0.026916	2.090000	-5.240000	-1.320000	4.306000	0.616000	-0.256000	30209	29476	29868	27153	25308	24872
4242	87.172121	0.000070	1.520000	-3.660000	-3.470000	4.306000	0.616000	-0.256000	30152	29634	29653	27153	25308	24872
4243	87.202861	0.030740	1.520000	-3.660000	-3.470000	4.040000	0.492000	-0.288000	30152	29634	29653	27020	25246	24856
4244	87.202932	0.000072	0.630000	-2.270000	-3.860000	4.040000	0.492000	-0.288000	30063	29773	29614	27020	25246	24856
4245	87.232230	0.029297	0.630000	-2.270000	-3.860000	3.594000	0.364000	-0.272000	30063	29773	29614	26797	25182	24864
4246	87.232307	0.000078	0.760000	-1.530000	-3.650000	3.594000	0.364000	-0.272000	30076	29847	29635	26797	25182	24864
4247	87.264041	0.031734	-0.290000	-0.700000	-3.990000	3.594000	0.364000	-0.272000	29971	29930	29601	26797	25182	24864
4248	87.296216	0.032175	-0.290000	-0.700000	-3.990000	2.568000	0.160000	-0.248000	29971	29930	29601	26284	25080	24876
4249	87.296303	0.000087	-0.180000	0.790000	-2.150000	2.568000	0.160000	-0.248000	29982	30079	29785	26284	25080	24876
4250	87.328504	0.032201	-0.470000	1.070000	-2.710000	2.568000	0.160000	-0.248000	29953	30107	29729	26284	25080	24876
4251	87.363411	0.034907	-0.260000	2.100000	-2.940000	2.568000	0.160000	-0.248000	29974	30210	29706	26284	25080	24876
4252	87.397638	0.034227	-0.260000	2.100000	-2.940000	0.962000	0.060000	-0.126000	29974	30210	29706	25481	25030	24937
4253	87.397718	0.000080	-0.160000	2.500000	-2.690000	0.962000	0.060000	-0.126000	29984	30250	29731	25481	25030	24937
4254	87.428380	0.030663	-0.160000	2.500000	-2.690000	0.636000	0.108000	-0.128000	29984	30250	29731	25318	25054	24936
4255	87.428456	0.000076	-0.010000	2.850000	-2.430000	0.636000	0.108000	-0.128000	29999	30285	29757	25318	25054	24936
4256	87.460204	0.031748	-0.130000	2.050000	-1.890000	0.636000	0.108000	-0.128000	29987	30205	29811	25318	25054	24936
4257	87.487908	0.027703	-0.350000	2.990000	-2.430000	0.636000	0.108000	-0.128000	29965	30299	29757	25318	25054	24936
4258	87.519816	0.031908	-0.350000	2.990000	-2.430000	1.074000	0.058000	-0.156000	29965	30299	29757	25537	25029	24922
4259	87.519897	0.000081	-0.170000	3.630000	-4.050000	1.074000	0.058000	-0.156000	29983	30363	29595	25537	25029	24922
4260	87.551887	0.031990	-0.750000	3.260000	-4.830000	1.074000	0.058000	-0.156000	29925	30326	29517	25537	25029	24922
4261	87.584266	0.032379	-0.060000	4.770000	-6.220000	1.074000	0.058000	-0.156000	29994	30477	29378	25537	25029	24922
4262	87.617802	0.033536	-0.060000	4.770000	-6.220000	1.404000	0.142000	-0.236000	29994	30477	29378	25702	25071	24882
4263	87.617889	0.000087	-0.350000	4.720000	-5.110000	1.404000	0.142000	-0.236000	29965	30472	29489	25702	25071	24882
4264	87.651120	0.033232	-0.350000	4.720000	-5.110000	1.396000	0.072000	-0.248000	29965	30472	29489	25698	25036	24876
4265	87.651205	0.000085	-0.470000	4.750000	-5.050000	1.396000	0.072000	-0.248000	29953	30475	29495	25698	25036	24876
4266	87.685314	0.034109	-0.640000	4.880000	-4.780000	1.396000	0.072000	-0.248000	29936	30488	29522	25698	25036	24876
4267	87.713610	0.028296	-0.670000	4.960000	-4.770000	1.396000	0.072000	-0.248000	29933	30496	29523	25698	25036	24876
4268	87.746815	0.033205	-0.530000	4.750000	-5.350000	1.396000	0.072000	-0.248000	29947	30475	29465	25698	25036	24876
4269	87.778836	0.032020	-0.530000	4.750000	-5.350000	1.144000	-0.066000	-0.288000	29947	30475	29465	25572	24967	24856
4270	87.778913	0.000077	-0.530000	5.170000	-6.410000	1.144000	-0.066000	-0.288000	29947	30517	29359	25572	24967	24856
4271	87.812220	0.033307	-1.360000	5.000000	-5.610000	1.144000	-0.066000	-0.288000	29864	30500	29439	25572	24967	24856
4272	87.846725	0.034505	-1.270000	5.320000	-5.310000	1.144000	-0.066000	-0.288000	29873	30532	29469	25572	24967	24856
4273	87.881311	0.034586	-1.270000	5.320000	-5.310000	1.178000	-0.038000	-0.286000	29873	30532	29469	25589	24981	24857
4274	87.881398	0.000087	-0.420000	5.270000	-5.160000	1.178000	-0.038000	-0.286000	29958	30527	29484	25589	24981	24857
4275	87.914487	0.033089	-0.910000	5.250000	-6.180000	1.178000	-0.038000	-0.286000	29909	30525	29382	25589	24981	24857
4276	87.949266	0.034778	-0.910000	5.250000	-6.180000	1.286000	0.062000	-0.294000	29909	30525	29382	25643	25031	24853
4277	87.949363	0.000098	-0.810000	5.220000	-6.170000	1.286000	0.062000	-0.294000	29919	30522	29383	25643	25031	24853
4278	87.980403	0.031040	-0.750000	5.680000	-4.580000	1.286000	0.062000	-0.294000	29925	30568	29542	25643	25031	24853
4279	88.010134	0.029731	-0.970000	5.080000	-4.530000	1.286000	0.062000	-0.294000	29903	30508	29547	25643	25031	24853
4280	88.040989	0.030854	-0.980000	4.720000	-4.580000	1.286000	0.062000	-0.294000	29902	30472	29542	25643	25031	24853
4281	88.083484	0.042496	-1.470000	4.660000	-4.290000	1.286000	0.062000	-0.294000	29853	30466	29571	25643	25031	24853
4282	88.110089	0.026605	-1.470000	4.660000	-4.290000	1.316000	0.100000	-0.260000	29853	30466	29571	25658	25050	24870
4283	88.110153	0.000064	-1.430000	5.130000	-4.250000	1.316000	0.100000	-0.260000	29857	30513	29575	25658	25050	24870
4284	88.140503	0.030350	-0.800000	5.430000	-4.020000	1.316000	0.100000	-0.260000	29920	30543	29598	25658	25050	24870
4285	88.173008	0.032504	-1.100000	5.130000	-4.560000	1.316000	0.100000	-0.260000	29890	30513	29544	25658	25050	24870
4286	88.205226	0.032218	-1.100000	5.130000	-4.560000	1.254000	0.150000	-0.250000	29890	30513	29544	25627	25075	24875
4287	88.205310	0.000084	-0.560000	6.060000	-5.410000	1.254000	0.150000	-0.250000	29944	30606	29459	25627	25075	24875
4288	88.237639	0.032329	-0.560000	6.060000	-5.410000	1.166000	0.242000	-0.256000	29944	30606	29459	25583	25121	24872
4289	88.237721	0.000082	-0.500000	5.840000	-4.060000	1.166000	0.242000	-0.256000	29950	30584	29594	25583	25121	24872
4290	88.267971	0.030250	-0.870000	5.130000	-4.060000	1.166000	0.242000	-0.256000	29913	30513	29594	25583	25121	24872
4291	88.300677	0.032707	-1.350000	5.000000	-4.580000	1.166000	0.242000	-0.256000	29865	30500	29542	25583	25121	24872
4292	88.328987	0.028309	-1.350000	5.000000	-4.580000	1.214000	0.166000	-0.284000	29865	30500	29542	25607	25083	24858
4293	88.329079	0.000093	-0.350000	6.410000	-4.310000	1.214000	0.166000	-0.284000	29965	30641	29569	25607	25083	24858
4294	88.362011	0.032932	-0.320000	5.470000	-3.220000	1.214000	0.166000	-0.284000	29968	30547	29678	25607	25083	24858
4295	88.394891	0.032880	-0.250000	5.850000	-3.800000	1.214000	0.166000	-0.284000	29975	30585	29620	25607	25083	24858
4296	88.427008	0.032117	-0.250000	5.850000	-3.800000	1.200000	0.378000	-0.274000	29975	30585	29620	25600	25189	24863
4297	88.427122	0.000114	-0.330000	5.340000	-4.100000	1.200000	0.378000	-0.274000	29967	30534	29590	25600	25189	24863
4298	88.455935	0.028813	-0.330000	5.340000	-4.100000	1.284000	0.386000	-0.290000	29967	30534	29590	25642	25193	24855
4299	88.456005	0.000070	-0.450000	5.340000	-4.100000	1.284000	0.386000	-0.290000	29955	30534	29590	25642	25193	24855
4300	88.486752	0.030747	0.040000	5.280000	-4.320000	1.284000	0.386000	-0.290000	30004	30528	29568	25642	25193	24855
4301	88.519439	0.032686	-0.010000	5.710000	-3.550000	1.284000	0.386000	-0.290000	29999	30571	29645	25642	25193	24855
4302	88.553636	0.034198	-0.010000	5.710000	-3.550000	1.328000	0.432000	-0.262000	29999	30571	29645	25664	25216	24869
4303	88.553909	0.000272	-0.230000	5.500000	-4.050000	1.328000	0.432000	-0.262000	29977	30550	29595	25664	25216	24869
4304	88.607102	0.053193	-0.230000	5.500000	-4.050000	1.384000	0.440000	-0.266000	29977	30550	29595	25692	25220	24867
4305	88.607210	0.000109	-0.050000	5.630000	-4.090000	1.384000	0.440000	-0.266000	29995	30563	29591	25692	25220	24867
4306	88.635851	0.028641	0.300000	6.080000	-4.650000	1.384000	0.440000	-0.266000	30030	30608	29535	25692	25220	24867
4307	88.664302	0.028451	0.400000	5.980000	-4.370000	1.384000	0.440000	-0.266000	30040	30598	29563	25692	25220	24867
4308	88.693127	0.028825	0.400000	5.980000	-4.370000	1.414000	0.466000	-0.304000	30040	30598	29563	25707	25233	24848
4309	88.693191	0.000064	0.250000	5.990000	-4.380000	1.414000	0.466000	-0.304000	30025	30599	29562	25707	25233	24848
4310	88.720949	0.027758	0.250000	5.990000	-4.380000	1.418000	0.420000	-0.288000	30025	30599	29562	25709	25210	24856
4311	88.721013	0.000064	0.600000	6.060000	-4.370000	1.418000	0.420000	-0.288000	30060	30606	29563	25709	25210	24856
4312	88.748359	0.027347	0.530000	6.020000	-4.670000	1.418000	0.420000	-0.288000	30053	30602	29533	25709	25210	24856
4313	88.774307	0.025947	0.030000	5.600000	-4.890000	1.418000	0.420000	-0.288000	30003	30560	29511	25709	25210	24856
4314	88.805317	0.031011	-0.050000	6.060000	-4.590000	1.418000	0.420000	-0.288000	29995	30606	29541	25709	25210	24856
4315	88.844048	0.038731	-0.050000	6.060000	-4.590000	1.540000	0.356000	-0.322000	29995	30606	29541	25770	25178	24839
4316	88.844136	0.000088	-0.580000	5.830000	-4.580000	1.540000	0.356000	-0.322000	29942	30583	29542	25770	25178	24839
4317	88.877468	0.033332	-0.580000	5.830000	-4.580000	1.670000	0.308000	-0.318000	29942	30583	29542	25835	25154	24841
4318	88.877549	0.000081	0.370000	5.750000	-5.410000	1.670000	0.308000	-0.318000	30037	30575	29459	25835	25154	24841
4319	88.911124	0.033576	0.830000	5.660000	-5.110000	1.670000	0.308000	-0.318000	30083	30566	29489	25835	25154	24841
4320	88.942581	0.031456	0.830000	5.660000	-5.110000	1.832000	0.434000	-0.340000	30083	30566	29489	25916	25217	24830
4321	88.942662	0.000081	0.430000	5.250000	-4.040000	1.832000	0.434000	-0.340000	30043	30525	29596	25916	25217	24830
4322	88.973654	0.030993	0.430000	5.250000	-4.040000	1.926000	0.390000	-0.358000	30043	30525	29596	25963	25195	24821
4323	88.973731	0.000077	0.430000	5.170000	-4.040000	1.926000	0.390000	-0.358000	30043	30517	29596	25963	25195	24821
4324	89.003387	0.029656	0.530000	5.630000	-5.100000	1.926000	0.390000	-0.358000	30053	30563	29490	25963	25195	24821
4325	89.035257	0.031871	0.440000	6.110000	-5.630000	1.926000	0.390000	-0.358000	30044	30611	29437	25963	25195	24821
4326	89.067621	0.032364	0.580000	6.170000	-4.610000	1.926000	0.390000	-0.358000	30058	30617	29539	25963	25195	24821
4327	89.099386	0.031765	0.200000	6.190000	-5.080000	1.926000	0.390000	-0.358000	30020	30619	29492	25963	25195	24821
4328	89.130561	0.031175	0.200000	6.190000	-5.080000	2.250000	0.464000	-0.426000	30020	30619	29492	26125	25232	24787
4329	89.130640	0.000079	0.770000	6.040000	-5.650000	2.250000	0.464000	-0.426000	30077	30604	29435	26125	25232	24787
4330	89.158448	0.027808	-0.010000	6.100000	-5.640000	2.250000	0.464000	-0.426000	29999	30610	29436	26125	25232	24787
4331	89.190425	0.031977	0.240000	6.350000	-5.390000	2.250000	0.464000	-0.426000	30024	30635	29461	26125	25232	24787
4332	89.221116	0.030691	0.240000	6.350000	-5.390000	2.282000	0.526000	-0.456000	30024	30635	29461	26141	25263	24772
4333	89.221191	0.000074	0.600000	6.050000	-5.400000	2.282000	0.526000	-0.456000	30060	30605	29460	26141	25263	24772
4334	89.252435	0.031245	0.600000	6.050000	-5.400000	2.442000	0.620000	-0.438000	30060	30605	29460	26221	25310	24781
4335	89.252516	0.000081	0.600000	6.050000	-5.400000	2.574000	0.678000	-0.440000	30060	30605	29460	26287	25339	24780
4336	89.252541	0.000025	1.130000	6.300000	-5.850000	2.574000	0.678000	-0.440000	30113	30630	29415	26287	25339	24780
4337	89.283430	0.030889	1.130000	6.300000	-5.850000	2.574000	0.678000	-0.440000	30113	30630	29415	26287	25339	24780
4338	89.283514	0.000084	0.700000	5.720000	-6.700000	2.574000	0.678000	-0.440000	30070	30572	29330	26287	25339	24780
4339	89.315348	0.031834	1.210000	6.240000	-5.870000	2.574000	0.678000	-0.440000	30121	30624	29413	26287	25339	24780
4340	89.346126	0.030778	1.210000	6.240000	-5.870000	2.616000	0.714000	-0.480000	30121	30624	29413	26308	25357	24760
4341	89.346204	0.000079	1.020000	6.470000	-6.160000	2.616000	0.714000	-0.480000	30102	30647	29384	26308	25357	24760
4342	89.378594	0.032390	1.020000	6.470000	-6.160000	2.702000	0.760000	-0.508000	30102	30647	29384	26351	25380	24746
4343	89.378710	0.000116	1.380000	6.750000	-6.670000	2.702000	0.760000	-0.508000	30138	30675	29333	26351	25380	24746
4344	89.413029	0.034318	1.380000	6.750000	-6.670000	2.676000	0.760000	-0.504000	30138	30675	29333	26338	25380	24748
4345	89.413115	0.000087	1.270000	6.780000	-6.680000	2.676000	0.760000	-0.504000	30127	30678	29332	26338	25380	24748
4346	89.447300	0.034184	0.870000	6.170000	-5.560000	2.676000	0.760000	-0.504000	30087	30617	29444	26338	25380	24748
4347	89.485145	0.037846	0.690000	6.550000	-6.650000	2.676000	0.760000	-0.504000	30069	30655	29335	26338	25380	24748
4348	89.520233	0.035087	0.780000	6.650000	-6.390000	2.676000	0.760000	-0.504000	30078	30665	29361	26338	25380	24748
4349	89.548274	0.028042	1.400000	6.920000	-6.120000	2.676000	0.760000	-0.504000	30140	30692	29388	26338	25380	24748
4350	89.575282	0.027008	0.470000	6.910000	-7.180000	2.676000	0.760000	-0.504000	30047	30691	29282	26338	25380	24748
4351	89.602965	0.027683	0.910000	7.150000	-6.670000	2.676000	0.760000	-0.504000	30091	30715	29333	26338	25380	24748
4352	89.632192	0.029226	0.910000	7.150000	-6.670000	2.734000	0.708000	-0.514000	30091	30715	29333	26367	25354	24743
4353	89.632273	0.000081	0.630000	6.340000	-5.820000	2.734000	0.708000	-0.514000	30063	30634	29418	26367	25354	24743
4354	89.659946	0.027673	0.410000	6.520000	-6.620000	2.734000	0.708000	-0.514000	30041	30652	29338	26367	25354	24743
4355	89.700768	0.040822	0.260000	7.510000	-6.120000	2.734000	0.708000	-0.514000	30026	30751	29388	26367	25354	24743
4356	89.730582	0.029815	0.260000	7.510000	-6.120000	2.656000	0.654000	-0.508000	30026	30751	29388	26328	25327	24746
4357	89.730696	0.000114	0.280000	6.810000	-6.150000	2.656000	0.654000	-0.508000	30028	30681	29385	26328	25327	24746
4358	89.770100	0.039404	0.550000	6.540000	-5.830000	2.656000	0.654000	-0.508000	30055	30654	29417	26328	25327	24746
4359	89.810875	0.040775	0.550000	6.540000	-5.830000	2.612000	0.624000	-0.468000	30055	30654	29417	26306	25312	24766
4360	89.810969	0.000094	0.740000	6.410000	-5.880000	2.612000	0.624000	-0.468000	30074	30641	29412	26306	25312	24766
4361	89.844721	0.033752	0.520000	5.870000	-6.650000	2.612000	0.624000	-0.468000	30052	30587	29335	26306	25312	24766
4362	89.878969	0.034248	0.520000	5.870000	-6.650000	2.546000	0.562000	-0.454000	30052	30587	29335	26273	25281	24773
4363	89.879041	0.000072	0.590000	6.030000	-5.590000	2.546000	0.562000	-0.454000	30059	30603	29441	26273	25281	24773
4364	89.911845	0.032804	0.590000	6.030000	-5.590000	2.432000	0.536000	-0.438000	30059	30603	29441	26216	25268	24781
4365	89.911972	0.000128	0.650000	5.760000	-7.020000	2.432000	0.536000	-0.438000	30065	30576	29298	26216	25268	24781
4366	89.948214	0.036241	0.190000	6.250000	-5.350000	2.432000	0.536000	-0.438000	30019	30625	29465	26216	25268	24781
4367	89.981512	0.033299	-0.130000	5.740000	-5.860000	2.432000	0.536000	-0.438000	29987	30574	29414	26216	25268	24781
4368	90.014127	0.032615	0.430000	6.040000	-6.170000	2.432000	0.536000	-0.438000	30043	30604	29383	26216	25268	24781
4369	90.047391	0.033264	0.540000	5.800000	-5.910000	2.432000	0.536000	-0.438000	30054	30580	29409	26216	25268	24781
4370	90.079904	0.032513	0.210000	6.310000	-5.940000	2.432000	0.536000	-0.438000	30021	30631	29406	26216	25268	24781
4371	90.113543	0.033639	0.110000	5.920000	-5.640000	2.432000	0.536000	-0.438000	30011	30592	29436	26216	25268	24781
4372	90.144542	0.030999	0.110000	5.920000	-5.640000	2.370000	0.592000	-0.462000	30011	30592	29436	26185	25296	24769
4373	90.144634	0.000092	0.280000	6.170000	-6.130000	2.370000	0.592000	-0.462000	30028	30617	29387	26185	25296	24769
4374	90.172171	0.027537	-0.290000	6.150000	-6.430000	2.370000	0.592000	-0.462000	29971	30615	29357	26185	25296	24769
4375	90.204669	0.032498	-0.010000	5.840000	-6.730000	2.370000	0.592000	-0.462000	29999	30584	29327	26185	25296	24769
4376	90.237029	0.032360	0.270000	5.540000	-6.420000	2.370000	0.592000	-0.462000	30027	30554	29358	26185	25296	24769
4377	90.265056	0.028026	0.620000	6.380000	-6.200000	2.370000	0.592000	-0.462000	30062	30638	29380	26185	25296	24769
4378	90.292502	0.027446	0.180000	6.210000	-5.630000	2.370000	0.592000	-0.462000	30018	30621	29437	26185	25296	24769
4379	90.325715	0.033214	0.680000	6.150000	-5.560000	2.370000	0.592000	-0.462000	30068	30615	29444	26185	25296	24769
4380	90.354221	0.028505	0.680000	6.150000	-5.560000	2.526000	0.676000	-0.492000	30068	30615	29444	26263	25338	24754
4381	90.354313	0.000093	0.720000	6.370000	-6.170000	2.526000	0.676000	-0.492000	30072	30637	29383	26263	25338	24754
4382	90.384160	0.029847	0.720000	6.370000	-6.170000	2.490000	0.560000	-0.482000	30072	30637	29383	26245	25280	24759
4383	90.384242	0.000082	-0.030000	5.810000	-6.700000	2.490000	0.560000	-0.482000	29997	30581	29330	26245	25280	24759
4384	90.423736	0.039495	-0.030000	5.810000	-6.700000	2.538000	0.638000	-0.510000	29997	30581	29330	26269	25319	24745
4385	90.423855	0.000119	0.460000	6.340000	-6.160000	2.538000	0.638000	-0.510000	30046	30634	29384	26269	25319	24745
4386	90.458452	0.034597	0.460000	6.340000	-6.160000	2.600000	0.668000	-0.512000	30046	30634	29384	26300	25334	24744
4387	90.458533	0.000081	0.570000	6.550000	-7.210000	2.600000	0.668000	-0.512000	30057	30655	29279	26300	25334	24744
4388	90.491522	0.032989	0.400000	6.370000	-6.150000	2.600000	0.668000	-0.512000	30040	30637	29385	26300	25334	24744
4389	90.520898	0.029376	0.400000	6.370000	-6.150000	2.570000	0.644000	-0.494000	30040	30637	29385	26285	25322	24753
4390	90.520978	0.000080	0.770000	6.950000	-6.420000	2.570000	0.644000	-0.494000	30077	30695	29358	26285	25322	24753
4391	90.550211	0.029233	0.770000	6.950000	-6.420000	2.580000	0.710000	-0.502000	30077	30695	29358	26290	25355	24749
4392	90.550287	0.000077	0.390000	6.700000	-6.430000	2.580000	0.710000	-0.502000	30039	30670	29357	26290	25355	24749
4393	90.580356	0.030069	0.080000	6.430000	-6.100000	2.580000	0.710000	-0.502000	30008	30643	29390	26290	25355	24749
4394	90.610359	0.030003	0.080000	6.430000	-6.100000	2.644000	0.650000	-0.494000	30008	30643	29390	26322	25325	24753
4395	90.610436	0.000077	0.080000	6.430000	-6.100000	2.560000	0.754000	-0.472000	30008	30643	29390	26280	25377	24764
4396	90.610461	0.000025	0.770000	6.710000	-6.410000	2.560000	0.754000	-0.472000	30077	30671	29359	26280	25377	24764
4397	90.642503	0.032042	0.840000	6.350000	-6.130000	2.560000	0.754000	-0.472000	30084	30635	29387	26280	25377	24764
4398	90.673105	0.030602	0.840000	6.350000	-6.130000	2.558000	0.686000	-0.490000	30084	30635	29387	26279	25343	24755
4399	90.673185	0.000080	0.490000	6.230000	-5.600000	2.558000	0.686000	-0.490000	30049	30623	29440	26279	25343	24755
4400	90.704623	0.031438	0.730000	6.180000	-6.150000	2.558000	0.686000	-0.490000	30073	30618	29385	26279	25343	24755
4401	90.739788	0.035165	0.390000	6.080000	-5.310000	2.558000	0.686000	-0.490000	30039	30608	29469	26279	25343	24755
4402	90.773185	0.033396	0.670000	5.970000	-6.130000	2.558000	0.686000	-0.490000	30067	30597	29387	26279	25343	24755
4403	90.805860	0.032676	0.480000	5.840000	-5.560000	2.558000	0.686000	-0.490000	30048	30584	29444	26279	25343	24755
4404	90.838549	0.032688	0.230000	6.170000	-6.710000	2.558000	0.686000	-0.490000	30023	30617	29329	26279	25343	24755
4405	90.871605	0.033056	0.230000	6.170000	-6.710000	2.588000	0.658000	-0.498000	30023	30617	29329	26294	25329	24751
4406	90.871689	0.000084	0.300000	6.400000	-6.730000	2.588000	0.658000	-0.498000	30030	30640	29327	26294	25329	24751
4407	90.899162	0.027473	0.670000	6.160000	-5.310000	2.588000	0.658000	-0.498000	30067	30616	29469	26294	25329	24751
4408	90.931395	0.032233	0.960000	6.690000	-6.710000	2.588000	0.658000	-0.498000	30096	30669	29329	26294	25329	24751
4409	90.961794	0.030399	0.960000	6.690000	-6.710000	2.606000	0.752000	-0.512000	30096	30669	29329	26303	25376	24744
4410	90.961870	0.000076	0.770000	6.770000	-6.160000	2.606000	0.752000	-0.512000	30077	30677	29384	26303	25376	24744
4411	90.988442	0.026572	0.400000	6.720000	-6.660000	2.606000	0.752000	-0.512000	30040	30672	29334	26303	25376	24744
4412	91.014368	0.025926	0.680000	7.080000	-6.360000	2.606000	0.752000	-0.512000	30068	30708	29364	26303	25376	24744
4413	91.048563	0.034195	0.280000	6.450000	-7.200000	2.606000	0.752000	-0.512000	30028	30645	29280	26303	25376	24744
4414	91.083164	0.034601	0.520000	6.710000	-5.020000	2.606000	0.752000	-0.512000	30052	30671	29498	26303	25376	24744
4415	91.113653	0.030489	0.520000	6.710000	-5.020000	2.592000	0.710000	-0.512000	30052	30671	29498	26296	25355	24744
4416	91.113735	0.000082	0.570000	6.070000	-5.070000	2.592000	0.710000	-0.512000	30057	30607	29493	26296	25355	24744
4417	91.146202	0.032467	0.570000	6.070000	-5.070000	2.678000	0.742000	-0.522000	30057	30607	29493	26339	25371	24739
4418	91.146344	0.000143	0.860000	7.410000	-7.260000	2.678000	0.742000	-0.522000	30086	30741	29274	26339	25371	24739
4419	91.178326	0.031982	1.040000	6.490000	-5.580000	2.678000	0.742000	-0.522000	30104	30649	29442	26339	25371	24739
4420	91.211335	0.033009	0.550000	6.730000	-5.890000	2.678000	0.742000	-0.522000	30055	30673	29411	26339	25371	24739
4421	91.239873	0.028538	0.760000	6.470000	-5.850000	2.678000	0.742000	-0.522000	30076	30647	29415	26339	25371	24739
4422	91.267097	0.027225	0.840000	6.110000	-6.670000	2.678000	0.742000	-0.522000	30084	30611	29333	26339	25371	24739
4423	91.299158	0.032061	-0.030000	5.860000	-5.840000	2.678000	0.742000	-0.522000	29997	30586	29416	26339	25371	24739
4424	91.332778	0.033620	0.500000	7.010000	-6.130000	2.678000	0.742000	-0.522000	30050	30701	29387	26339	25371	24739
4425	91.366626	0.033848	0.620000	6.260000	-6.390000	2.678000	0.742000	-0.522000	30062	30626	29361	26339	25371	24739
4426	91.400019	0.033393	0.240000	5.970000	-6.140000	2.678000	0.742000	-0.522000	30024	30597	29386	26339	25371	24739
4427	91.426864	0.026845	0.510000	6.290000	-5.890000	2.678000	0.742000	-0.522000	30051	30629	29411	26339	25371	24739
4428	91.458304	0.031440	0.840000	6.150000	-6.120000	2.678000	0.742000	-0.522000	30084	30615	29388	26339	25371	24739
4429	91.489398	0.031094	0.160000	5.950000	-5.880000	2.678000	0.742000	-0.522000	30016	30595	29412	26339	25371	24739
4430	91.523651	0.034253	0.160000	5.950000	-5.880000	2.608000	0.648000	-0.504000	30016	30595	29412	26304	25324	24748
4431	91.523727	0.000076	0.440000	6.900000	-6.740000	2.608000	0.648000	-0.504000	30044	30690	29326	26304	25324	24748
4432	91.552057	0.028330	0.170000	6.480000	-6.390000	2.608000	0.648000	-0.504000	30017	30648	29361	26304	25324	24748
4433	91.583463	0.031406	0.170000	6.480000	-6.390000	2.604000	0.660000	-0.486000	30017	30648	29361	26302	25330	24757
4434	91.583533	0.000071	0.490000	6.380000	-6.380000	2.604000	0.660000	-0.486000	30049	30638	29362	26302	25330	24757
4435	91.614188	0.030655	0.490000	6.380000	-6.380000	2.624000	0.686000	-0.498000	30049	30638	29362	26312	25343	24751
4436	91.614257	0.000069	0.600000	7.040000	-5.860000	2.624000	0.686000	-0.498000	30060	30704	29414	26312	25343	24751
4437	91.645242	0.030985	0.580000	6.340000	-6.420000	2.624000	0.686000	-0.498000	30058	30634	29358	26312	25343	24751
4438	91.676477	0.031234	0.580000	6.340000	-6.420000	2.626000	0.696000	-0.522000	30058	30634	29358	26313	25348	24739
4439	91.676553	0.000076	0.790000	6.490000	-5.870000	2.626000	0.696000	-0.522000	30079	30649	29413	26313	25348	24739
4440	91.709238	0.032685	0.790000	6.490000	-5.870000	2.616000	0.710000	-0.522000	30079	30649	29413	26308	25355	24739
4441	91.709312	0.000074	0.760000	6.650000	-6.130000	2.616000	0.710000	-0.522000	30076	30665	29387	26308	25355	24739
4442	91.742718	0.033406	-0.290000	6.230000	-6.620000	2.616000	0.710000	-0.522000	29971	30623	29338	26308	25355	24739
4443	91.780126	0.037409	-0.290000	6.230000	-6.620000	2.668000	0.638000	-0.504000	29971	30623	29338	26334	25319	24748
4444	91.780202	0.000076	0.270000	6.010000	-6.400000	2.668000	0.638000	-0.504000	30027	30601	29360	26334	25319	24748
4445	91.807526	0.027324	0.270000	6.010000	-6.400000	2.664000	0.666000	-0.510000	30027	30601	29360	26332	25333	24745
4446	91.807664	0.000138	0.610000	6.360000	-6.950000	2.664000	0.666000	-0.510000	30061	30636	29305	26332	25333	24745
4447	91.840229	0.032565	0.610000	6.360000	-6.950000	2.640000	0.670000	-0.518000	30061	30636	29305	26320	25335	24741
4448	91.840304	0.000075	0.710000	6.490000	-6.140000	2.640000	0.670000	-0.518000	30071	30649	29386	26320	25335	24741
4449	91.872433	0.032129	0.430000	6.540000	-6.660000	2.640000	0.670000	-0.518000	30043	30654	29334	26320	25335	24741
4450	91.904305	0.031872	0.430000	6.540000	-6.660000	2.656000	0.690000	-0.502000	30043	30654	29334	26328	25345	24749
4451	91.904400	0.000094	0.250000	5.910000	-5.310000	2.656000	0.690000	-0.502000	30025	30591	29469	26328	25345	24749
4452	91.938000	0.033600	0.400000	6.600000	-5.010000	2.656000	0.690000	-0.502000	30040	30660	29499	26328	25345	24749
4453	91.972497	0.034498	0.400000	6.600000	-5.010000	2.612000	0.656000	-0.508000	30040	30660	29499	26306	25328	24746
4454	91.972574	0.000077	0.630000	6.340000	-5.620000	2.612000	0.656000	-0.508000	30063	30634	29438	26306	25328	24746
4455	91.998958	0.026384	0.630000	6.340000	-5.620000	2.692000	0.758000	-0.528000	30063	30634	29438	26346	25379	24736
4456	91.999043	0.000086	1.120000	7.000000	-5.880000	2.692000	0.758000	-0.528000	30112	30700	29412	26346	25379	24736
4457	92.027647	0.028603	1.120000	7.000000	-5.880000	2.594000	0.730000	-0.522000	30112	30700	29412	26297	25365	24739
4458	92.027713	0.000067	0.240000	6.570000	-5.870000	2.594000	0.730000	-0.522000	30024	30657	29413	26297	25365	24739
4459	92.056671	0.028958	-0.030000	6.200000	-5.820000	2.594000	0.730000	-0.522000	29997	30620	29418	26297	25365	24739
4460	92.085996	0.029325	0.030000	5.580000	-6.410000	2.594000	0.730000	-0.522000	30003	30558	29359	26297	25365	24739
4461	92.114880	0.028883	0.120000	5.780000	-6.980000	2.594000	0.730000	-0.522000	30012	30578	29302	26297	25365	24739
4462	92.145228	0.030348	0.710000	6.830000	-5.640000	2.594000	0.730000	-0.522000	30071	30683	29436	26297	25365	24739
4463	92.173258	0.028030	0.710000	6.830000	-5.640000	2.586000	0.670000	-0.500000	30071	30683	29436	26293	25335	24750
4464	92.173347	0.000089	0.180000	6.030000	-6.390000	2.586000	0.670000	-0.500000	30018	30603	29361	26293	25335	24750
4465	92.200838	0.027492	0.180000	6.030000	-6.390000	2.654000	0.604000	-0.498000	30018	30603	29361	26327	25302	24751
4466	92.200912	0.000074	0.220000	6.620000	-6.380000	2.654000	0.604000	-0.498000	30022	30662	29362	26327	25302	24751
4467	92.227303	0.026391	0.220000	6.620000	-6.380000	2.626000	0.600000	-0.506000	30022	30662	29362	26313	25300	24747
4468	92.227380	0.000077	-0.070000	6.070000	-6.370000	2.626000	0.600000	-0.506000	29993	30607	29363	26313	25300	24747
4469	92.253346	0.025966	-0.070000	6.070000	-6.370000	2.642000	0.600000	-0.500000	29993	30607	29363	26321	25300	24750
4470	92.253426	0.000080	0.080000	6.090000	-6.120000	2.642000	0.600000	-0.500000	30008	30609	29388	26321	25300	24750
4471	92.283430	0.030004	0.080000	6.090000	-6.120000	2.644000	0.676000	-0.506000	30008	30609	29388	26322	25338	24747
4472	92.283517	0.000087	0.310000	6.370000	-6.690000	2.644000	0.676000	-0.506000	30031	30637	29331	26322	25338	24747
4473	92.315845	0.032328	0.150000	6.110000	-6.340000	2.644000	0.676000	-0.506000	30015	30611	29366	26322	25338	24747
4474	92.349754	0.033909	-0.180000	5.330000	-7.240000	2.644000	0.676000	-0.506000	29982	30533	29276	26322	25338	24747
4475	92.383430	0.033676	-0.180000	5.330000	-7.240000	2.786000	0.630000	-0.528000	29982	30533	29276	26393	25315	24736
4476	92.383515	0.000085	-0.060000	6.080000	-5.850000	2.786000	0.630000	-0.528000	29994	30608	29415	26393	25315	24736
4477	92.418057	0.034542	0.100000	6.170000	-6.400000	2.786000	0.630000	-0.528000	30010	30617	29360	26393	25315	24736
4478	92.452663	0.034606	0.100000	6.170000	-6.400000	2.690000	0.674000	-0.528000	30010	30617	29360	26345	25337	24736
4479	92.452746	0.000082	0.350000	6.660000	-5.820000	2.690000	0.674000	-0.528000	30035	30666	29418	26345	25337	24736
4480	92.485466	0.032721	0.260000	6.330000	-6.410000	2.690000	0.674000	-0.528000	30026	30633	29359	26345	25337	24736
4481	92.514959	0.029492	0.490000	5.990000	-5.530000	2.690000	0.674000	-0.528000	30049	30599	29447	26345	25337	24736
4482	92.542294	0.027335	0.300000	6.310000	-6.440000	2.690000	0.674000	-0.528000	30030	30631	29356	26345	25337	24736
4483	92.571463	0.029170	0.300000	6.310000	-6.440000	2.602000	0.658000	-0.498000	30030	30631	29356	26301	25329	24751
4484	92.571559	0.000096	0.320000	6.330000	-6.370000	2.602000	0.658000	-0.498000	30032	30633	29363	26301	25329	24751
4485	92.602489	0.030930	0.240000	5.850000	-6.910000	2.602000	0.658000	-0.498000	30024	30585	29309	26301	25329	24751
4486	92.632552	0.030062	-0.100000	5.910000	-6.420000	2.602000	0.658000	-0.498000	29990	30591	29358	26301	25329	24751
4487	92.666008	0.033456	-0.100000	5.910000	-6.420000	2.586000	0.614000	-0.482000	29990	30591	29358	26293	25307	24759
4488	92.666091	0.000083	0.020000	6.270000	-7.190000	2.586000	0.614000	-0.482000	30002	30627	29281	26293	25307	24759
4489	92.698798	0.032707	0.380000	6.600000	-5.630000	2.586000	0.614000	-0.482000	30038	30660	29437	26293	25307	24759
4490	92.732914	0.034115	0.380000	6.600000	-5.630000	2.506000	0.656000	-0.490000	30038	30660	29437	26253	25328	24755
4491	92.733008	0.000095	0.190000	6.050000	-6.450000	2.506000	0.656000	-0.490000	30019	30605	29355	26253	25328	24755
4492	92.766562	0.033554	0.190000	6.050000	-6.450000	2.522000	0.592000	-0.476000	30019	30605	29355	26261	25296	24762
4493	92.766681	0.000118	0.590000	6.530000	-6.960000	2.522000	0.592000	-0.476000	30059	30653	29304	26261	25296	24762
4494	92.800873	0.034192	0.120000	5.690000	-6.150000	2.522000	0.592000	-0.476000	30012	30569	29385	26261	25296	24762
4495	92.833494	0.032622	0.060000	5.930000	-6.180000	2.522000	0.592000	-0.476000	30006	30593	29382	26261	25296	24762
4496	92.865986	0.032491	0.060000	5.930000	-6.180000	2.400000	0.522000	-0.460000	30006	30593	29382	26200	25261	24770
4497	92.866067	0.000081	-0.060000	6.100000	-6.170000	2.400000	0.522000	-0.460000	29994	30610	29383	26200	25261	24770
4498	92.897907	0.031840	0.030000	6.150000	-6.420000	2.400000	0.522000	-0.460000	30003	30615	29358	26200	25261	24770
4499	92.926301	0.028393	-0.200000	6.590000	-6.410000	2.400000	0.522000	-0.460000	29980	30659	29359	26200	25261	24770
4500	92.958133	0.031832	0.430000	5.840000	-6.130000	2.400000	0.522000	-0.460000	30043	30584	29387	26200	25261	24770
4501	92.988347	0.030215	0.320000	6.190000	-5.900000	2.400000	0.522000	-0.460000	30032	30619	29410	26200	25261	24770
4502	93.021981	0.033633	0.320000	6.190000	-5.900000	2.398000	0.544000	-0.466000	30032	30619	29410	26199	25272	24767
4503	93.022058	0.000078	0.280000	6.030000	-5.910000	2.398000	0.544000	-0.466000	30028	30603	29409	26199	25272	24767
4504	93.053586	0.031528	-0.160000	6.010000	-6.690000	2.398000	0.544000	-0.466000	29984	30601	29331	26199	25272	24767
4505	93.086116	0.032530	0.010000	5.960000	-6.770000	2.398000	0.544000	-0.466000	30001	30596	29323	26199	25272	24767
4506	93.118813	0.032697	-0.160000	5.890000	-6.720000	2.398000	0.544000	-0.466000	29984	30589	29328	26199	25272	24767
4507	93.153265	0.034452	-0.160000	5.890000	-6.720000	2.382000	0.482000	-0.462000	29984	30589	29328	26191	25241	24769
4508	93.153346	0.000082	0.360000	5.820000	-5.900000	2.382000	0.482000	-0.462000	30036	30582	29410	26191	25241	24769
4509	93.185531	0.032185	0.360000	5.820000	-5.900000	2.372000	0.542000	-0.458000	30036	30582	29410	26186	25271	24771
4510	93.185622	0.000091	0.410000	6.140000	-6.190000	2.372000	0.542000	-0.458000	30041	30614	29381	26186	25271	24771
4511	93.218082	0.032460	-0.080000	6.610000	-5.630000	2.372000	0.542000	-0.458000	29992	30661	29437	26186	25271	24771
4512	93.250540	0.032457	0.010000	5.620000	-5.280000	2.372000	0.542000	-0.458000	30001	30562	29472	26186	25271	24771
4513	93.277249	0.026709	0.400000	5.840000	-6.710000	2.372000	0.542000	-0.458000	30040	30584	29329	26186	25271	24771
4514	93.314151	0.036902	0.400000	5.840000	-6.710000	2.364000	0.514000	-0.460000	30040	30584	29329	26182	25257	24770
4515	93.314293	0.000143	0.200000	6.220000	-6.420000	2.364000	0.514000	-0.460000	30020	30622	29358	26182	25257	24770
4516	93.348602	0.034309	-0.050000	6.360000	-6.730000	2.364000	0.514000	-0.460000	29995	30636	29327	26182	25257	24770
4517	93.381285	0.032683	0.470000	6.870000	-6.470000	2.364000	0.514000	-0.460000	30047	30687	29353	26182	25257	24770
4518	93.413080	0.031794	0.470000	6.870000	-6.470000	2.340000	0.572000	-0.488000	30047	30687	29353	26170	25286	24756
4519	93.413161	0.000082	0.210000	6.500000	-6.730000	2.340000	0.572000	-0.488000	30021	30650	29327	26170	25286	24756
4520	93.445860	0.032699	0.210000	6.500000	-6.730000	2.356000	0.546000	-0.470000	30021	30650	29327	26178	25273	24765
4521	93.445991	0.000131	0.130000	6.040000	-6.470000	2.356000	0.546000	-0.470000	30013	30604	29353	26178	25273	24765
4522	93.480517	0.034526	0.070000	6.070000	-6.470000	2.356000	0.546000	-0.470000	30007	30607	29353	26178	25273	24765
4523	93.514224	0.033707	0.330000	5.360000	-6.420000	2.356000	0.546000	-0.470000	30033	30536	29358	26178	25273	24765
4524	93.540660	0.026436	0.330000	5.360000	-6.420000	2.454000	0.564000	-0.472000	30033	30536	29358	26227	25282	24764
4525	93.540724	0.000064	0.300000	6.450000	-5.930000	2.454000	0.564000	-0.472000	30030	30645	29407	26227	25282	24764
4526	93.567750	0.027026	0.160000	6.270000	-5.860000	2.454000	0.564000	-0.472000	30016	30627	29414	26227	25282	24764
4527	93.594531	0.026781	0.160000	6.270000	-5.860000	2.406000	0.596000	-0.472000	30016	30627	29414	26203	25298	24764
4528	93.594593	0.000062	0.190000	6.310000	-6.140000	2.406000	0.596000	-0.472000	30019	30631	29386	26203	25298	24764
4529	93.621733	0.027140	-0.150000	6.460000	-5.610000	2.406000	0.596000	-0.472000	29985	30646	29439	26203	25298	24764
4530	93.652482	0.030749	0.390000	5.940000	-6.160000	2.406000	0.596000	-0.472000	30039	30594	29384	26203	25298	24764
4531	93.682487	0.030006	0.390000	5.940000	-6.160000	2.462000	0.582000	-0.488000	30039	30594	29384	26231	25291	24756
4532	93.682572	0.000084	0.310000	6.830000	-5.670000	2.462000	0.582000	-0.488000	30031	30683	29433	26231	25291	24756
4533	93.715455	0.032883	0.310000	6.830000	-5.670000	2.386000	0.616000	-0.494000	30031	30683	29433	26193	25308	24753
4534	93.715549	0.000093	0.310000	6.160000	-5.870000	2.386000	0.616000	-0.494000	30031	30616	29413	26193	25308	24753
4535	93.748328	0.032779	0.410000	6.710000	-6.480000	2.386000	0.616000	-0.494000	30041	30671	29352	26193	25308	24753
4536	93.781494	0.033166	0.080000	6.060000	-6.410000	2.386000	0.616000	-0.494000	30008	30606	29359	26193	25308	24753
4537	93.814906	0.033412	0.080000	6.060000	-6.410000	2.512000	0.586000	-0.484000	30008	30606	29359	26256	25293	24758
4538	93.814990	0.000084	-0.140000	5.900000	-6.660000	2.512000	0.586000	-0.484000	29986	30590	29334	26256	25293	24758
4539	93.848173	0.033184	0.190000	6.210000	-6.410000	2.512000	0.586000	-0.484000	30019	30621	29359	26256	25293	24758
4540	93.881115	0.032942	-0.270000	6.190000	-5.840000	2.512000	0.586000	-0.484000	29973	30619	29416	26256	25293	24758
4541	93.913678	0.032563	-0.270000	6.190000	-5.840000	2.482000	0.554000	-0.488000	29973	30619	29416	26241	25277	24756
4542	93.913758	0.000080	-0.100000	5.770000	-5.860000	2.482000	0.554000	-0.488000	29990	30577	29414	26241	25277	24756
4543	93.947122	0.033364	-0.100000	5.770000	-5.860000	2.504000	0.540000	-0.474000	29990	30577	29414	26252	25270	24763
4544	93.947208	0.000085	0.080000	6.010000	-6.660000	2.504000	0.540000	-0.474000	30008	30601	29334	26252	25270	24763
4545	93.980267	0.033059	-0.350000	5.980000	-6.890000	2.504000	0.540000	-0.474000	29965	30598	29311	26252	25270	24763
4546	94.007459	0.027192	-0.100000	6.060000	-5.860000	2.504000	0.540000	-0.474000	29990	30606	29414	26252	25270	24763
4547	94.039187	0.031728	-0.050000	6.030000	-6.130000	2.504000	0.540000	-0.474000	29995	30603	29387	26252	25270	24763
4548	94.072204	0.033017	-0.050000	6.030000	-6.130000	2.518000	0.584000	-0.472000	29995	30603	29387	26259	25292	24764
4549	94.072272	0.000068	-0.060000	5.720000	-5.640000	2.518000	0.584000	-0.472000	29994	30572	29436	26259	25292	24764
4550	94.104011	0.031739	-0.190000	6.360000	-5.280000	2.518000	0.584000	-0.472000	29981	30636	29472	26259	25292	24764
4551	94.138360	0.034349	-0.090000	6.090000	-6.390000	2.518000	0.584000	-0.472000	29991	30609	29361	26259	25292	24764
4552	94.170096	0.031736	-0.090000	6.090000	-6.390000	2.532000	0.584000	-0.492000	29991	30609	29361	26266	25292	24754
4553	94.170162	0.000066	-0.260000	5.750000	-7.500000	2.532000	0.584000	-0.492000	29974	30575	29250	26266	25292	24754
4554	94.196872	0.026710	0.250000	6.080000	-6.950000	2.532000	0.584000	-0.492000	30025	30608	29305	26266	25292	24754
4555	94.227917	0.031045	0.250000	6.080000	-6.950000	2.528000	0.600000	-0.488000	30025	30608	29305	26264	25300	24756
4556	94.228004	0.000087	-0.030000	5.840000	-6.370000	2.528000	0.600000	-0.488000	29997	30584	29363	26264	25300	24756
4557	94.256394	0.028389	-0.480000	6.260000	-6.980000	2.528000	0.600000	-0.488000	29952	30626	29302	26264	25300	24756
4558	94.288948	0.032554	-0.480000	6.260000	-6.980000	2.450000	0.462000	-0.474000	29952	30626	29302	26225	25231	24763
4559	94.289090	0.000142	0.030000	6.250000	-6.950000	2.450000	0.462000	-0.474000	30003	30625	29305	26225	25231	24763
4560	94.323693	0.034603	-0.400000	5.860000	-7.490000	2.450000	0.462000	-0.474000	29960	30586	29251	26225	25231	24763
4561	94.359210	0.035518	-0.400000	5.860000	-7.490000	2.602000	0.542000	-0.458000	29960	30586	29251	26301	25271	24771
4562	94.359301	0.000091	-0.080000	5.670000	-5.620000	2.602000	0.542000	-0.458000	29992	30567	29438	26301	25271	24771
4563	94.393047	0.033746	-0.080000	5.870000	-6.110000	2.602000	0.542000	-0.458000	29992	30587	29389	26301	25271	24771
4564	94.425377	0.032329	-0.220000	5.620000	-6.390000	2.602000	0.542000	-0.458000	29978	30562	29361	26301	25271	24771
4565	94.458437	0.033060	-0.220000	5.620000	-6.390000	2.592000	0.550000	-0.494000	29978	30562	29361	26296	25275	24753
4566	94.458544	0.000107	-0.310000	6.210000	-6.670000	2.592000	0.550000	-0.494000	29969	30621	29333	26296	25275	24753
4567	94.489451	0.030907	-0.310000	6.210000	-6.670000	2.534000	0.556000	-0.484000	29969	30621	29333	26267	25278	24758
4568	94.489548	0.000097	-0.310000	6.210000	-6.670000	2.502000	0.560000	-0.508000	29969	30621	29333	26251	25280	24746
4569	94.489574	0.000026	0.100000	5.960000	-6.140000	2.502000	0.560000	-0.508000	30010	30596	29386	26251	25280	24746
4570	94.523022	0.033447	0.100000	5.960000	-6.140000	2.530000	0.598000	-0.482000	30010	30596	29386	26265	25299	24759
4571	94.523120	0.000098	-0.230000	5.730000	-6.160000	2.530000	0.598000	-0.482000	29977	30573	29384	26265	25299	24759
4572	94.554363	0.031243	-0.230000	5.730000	-6.160000	2.584000	0.646000	-0.488000	29977	30573	29384	26292	25323	24756
4573	94.554444	0.000081	0.180000	5.830000	-6.960000	2.584000	0.646000	-0.488000	30018	30583	29304	26292	25323	24756
4574	94.587414	0.032970	0.180000	5.830000	-6.960000	2.562000	0.680000	-0.506000	30018	30583	29304	26281	25340	24747
4575	94.587502	0.000087	0.230000	6.530000	-6.740000	2.562000	0.680000	-0.506000	30023	30653	29326	26281	25340	24747
4576	94.618117	0.030615	0.230000	6.530000	-6.740000	2.602000	0.630000	-0.472000	30023	30653	29326	26301	25315	24764
4577	94.618187	0.000070	0.550000	6.360000	-5.870000	2.602000	0.630000	-0.472000	30055	30636	29413	26301	25315	24764
4578	94.644784	0.026596	-0.140000	5.890000	-6.670000	2.602000	0.630000	-0.472000	29986	30589	29333	26301	25315	24764
4579	94.671355	0.026571	-0.330000	6.130000	-6.700000	2.602000	0.630000	-0.472000	29967	30613	29330	26301	25315	24764
4580	94.698340	0.026985	-0.180000	6.310000	-6.720000	2.602000	0.630000	-0.472000	29982	30631	29328	26301	25315	24764
4581	94.728758	0.030418	-0.180000	6.310000	-6.720000	2.566000	0.720000	-0.496000	29982	30631	29328	26283	25360	24752
4582	94.728849	0.000091	0.190000	6.260000	-5.570000	2.566000	0.720000	-0.496000	30019	30626	29443	26283	25360	24752
4583	94.761259	0.032410	0.190000	6.260000	-5.570000	2.592000	0.758000	-0.496000	30019	30626	29443	26296	25379	24752
4584	94.761338	0.000079	0.110000	6.430000	-6.390000	2.592000	0.758000	-0.496000	30011	30643	29361	26296	25379	24752
4585	94.795252	0.033914	-0.190000	6.270000	-6.150000	2.592000	0.758000	-0.496000	29981	30627	29385	26296	25379	24752
4586	94.829376	0.034124	-0.520000	5.760000	-6.720000	2.592000	0.758000	-0.496000	29948	30576	29328	26296	25379	24752
4587	94.861408	0.032033	-0.520000	5.760000	-6.720000	2.644000	0.710000	-0.524000	29948	30576	29328	26322	25355	24738
4588	94.861504	0.000096	-0.320000	6.070000	-6.390000	2.644000	0.710000	-0.524000	29968	30607	29361	26322	25355	24738
4589	94.888697	0.027193	-0.010000	5.800000	-6.170000	2.644000	0.710000	-0.524000	29999	30580	29383	26322	25355	24738
4590	94.919404	0.030707	-0.380000	5.750000	-6.410000	2.644000	0.710000	-0.524000	29962	30575	29359	26322	25355	24738
4591	94.946291	0.026888	-0.310000	6.530000	-6.640000	2.644000	0.710000	-0.524000	29969	30653	29336	26322	25355	24738
4592	94.972325	0.026034	-0.130000	6.530000	-6.630000	2.644000	0.710000	-0.524000	29987	30653	29337	26322	25355	24738
4593	94.997871	0.025546	0.090000	6.440000	-5.840000	2.644000	0.710000	-0.524000	30009	30644	29416	26322	25355	24738
4594	95.029294	0.031423	0.090000	6.440000	-5.840000	2.630000	0.726000	-0.538000	30009	30644	29416	26315	25363	24731
4595	95.029389	0.000095	-0.210000	6.550000	-6.390000	2.630000	0.726000	-0.538000	29979	30655	29361	26315	25363	24731
4596	95.064760	0.035371	-0.210000	6.550000	-6.390000	2.620000	0.682000	-0.536000	29979	30655	29361	26310	25341	24732
4597	95.064837	0.000077	0.340000	6.320000	-6.940000	2.620000	0.682000	-0.536000	30034	30632	29306	26310	25341	24732
4598	95.097806	0.032969	0.110000	6.120000	-5.840000	2.620000	0.682000	-0.536000	30011	30612	29416	26310	25341	24732
4599	95.129719	0.031914	0.110000	6.120000	-5.840000	2.642000	0.736000	-0.550000	30011	30612	29416	26321	25368	24725
4600	95.129789	0.000070	-0.580000	6.180000	-6.410000	2.642000	0.736000	-0.550000	29942	30618	29359	26321	25368	24725
4601	95.164143	0.034353	-0.580000	6.180000	-6.410000	2.606000	0.686000	-0.546000	29942	30618	29359	26303	25343	24727
4602	95.164296	0.000153	-0.010000	6.380000	-6.130000	2.606000	0.686000	-0.546000	29999	30638	29387	26303	25343	24727
4603	95.193403	0.029107	-0.240000	6.510000	-6.420000	2.606000	0.686000	-0.546000	29976	30651	29358	26303	25343	24727
4604	95.225301	0.031899	-0.240000	6.510000	-6.140000	2.606000	0.686000	-0.546000	29976	30651	29386	26303	25343	24727
4605	95.255846	0.030544	0.010000	6.200000	-5.910000	2.606000	0.686000	-0.546000	30001	30620	29409	26303	25343	24727
4606	95.287350	0.031505	0.130000	6.360000	-6.440000	2.606000	0.686000	-0.546000	30013	30636	29356	26303	25343	24727
4607	95.314189	0.026838	0.130000	6.360000	-6.440000	2.630000	0.756000	-0.526000	30013	30636	29356	26315	25378	24737
4608	95.314339	0.000150	0.410000	6.470000	-7.200000	2.630000	0.756000	-0.526000	30041	30647	29280	26315	25378	24737
4609	95.342279	0.027940	-0.470000	6.170000	-6.140000	2.630000	0.756000	-0.526000	29953	30617	29386	26315	25378	24737
4610	95.367988	0.025709	-0.310000	6.080000	-6.140000	2.630000	0.756000	-0.526000	29969	30608	29386	26315	25378	24737
4611	95.398681	0.030693	-0.310000	6.080000	-6.140000	2.610000	0.672000	-0.552000	29969	30608	29386	26305	25336	24724
4612	95.398759	0.000078	-0.220000	6.120000	-6.880000	2.610000	0.672000	-0.552000	29978	30612	29312	26305	25336	24724
4613	95.430879	0.032120	-0.220000	6.120000	-6.880000	2.642000	0.680000	-0.546000	29978	30612	29312	26321	25340	24727
4614	95.430952	0.000072	-0.300000	6.410000	-6.910000	2.642000	0.680000	-0.546000	29970	30641	29309	26321	25340	24727
4615	95.464499	0.033547	-0.750000	5.500000	-6.920000	2.642000	0.680000	-0.546000	29925	30550	29308	26321	25340	24727
4616	95.497009	0.032510	-0.750000	5.500000	-6.920000	2.670000	0.612000	-0.534000	29925	30550	29308	26335	25306	24733
4617	95.497136	0.000127	0.070000	6.330000	-6.440000	2.670000	0.612000	-0.534000	30007	30633	29356	26335	25306	24733
4618	95.535892	0.038756	0.180000	6.270000	-6.640000	2.670000	0.612000	-0.534000	30018	30627	29336	26335	25306	24733
4619	95.567371	0.031478	0.180000	6.270000	-6.640000	2.680000	0.770000	-0.546000	30018	30627	29336	26340	25385	24727
4620	95.567453	0.000082	0.630000	6.700000	-6.140000	2.680000	0.770000	-0.546000	30063	30670	29386	26340	25385	24727
4621	95.594153	0.026700	0.630000	6.700000	-6.140000	2.638000	0.792000	-0.544000	30063	30670	29386	26319	25396	24728
4622	95.594237	0.000084	0.630000	6.700000	-6.140000	2.738000	0.746000	-0.550000	30063	30670	29386	26369	25373	24725
4623	95.594252	0.000016	-0.100000	5.940000	-6.330000	2.738000	0.746000	-0.550000	29990	30594	29367	26369	25373	24725
4624	95.620433	0.026180	0.220000	6.200000	-6.130000	2.738000	0.746000	-0.550000	30022	30620	29387	26369	25373	24725
4625	95.657708	0.037275	-0.390000	5.850000	-5.790000	2.738000	0.746000	-0.550000	29961	30585	29421	26369	25373	24725
4626	95.692277	0.034569	-0.330000	5.610000	-7.190000	2.738000	0.746000	-0.550000	29967	30561	29281	26369	25373	24725
4627	95.725289	0.033012	-0.050000	5.920000	-6.400000	2.738000	0.746000	-0.550000	29995	30592	29360	26369	25373	24725
4628	95.759326	0.034037	0.250000	6.670000	-6.670000	2.738000	0.746000	-0.550000	30025	30667	29333	26369	25373	24725
4629	95.792057	0.032732	0.000000	6.050000	-6.680000	2.738000	0.746000	-0.550000	30000	30605	29332	26369	25373	24725
4630	95.825452	0.033395	0.600000	6.600000	-6.120000	2.738000	0.746000	-0.550000	30060	30660	29388	26369	25373	24725
4631	95.857491	0.032039	0.600000	6.600000	-6.120000	2.578000	0.768000	-0.542000	30060	30660	29388	26289	25384	24729
4632	95.857572	0.000081	0.020000	6.120000	-6.380000	2.578000	0.768000	-0.542000	30002	30612	29362	26289	25384	24729
4633	95.891991	0.034419	0.340000	6.020000	-6.170000	2.578000	0.768000	-0.542000	30034	30602	29383	26289	25384	24729
4634	95.918377	0.026387	0.300000	5.660000	-6.100000	2.578000	0.768000	-0.542000	30030	30566	29390	26289	25384	24729
4635	95.954209	0.035831	0.300000	5.660000	-6.100000	2.628000	0.744000	-0.536000	30030	30566	29390	26314	25372	24732
4636	95.954342	0.000134	0.220000	6.400000	-6.970000	2.628000	0.744000	-0.536000	30022	30640	29303	26314	25372	24732
4637	95.982316	0.027974	-0.450000	5.600000	-6.670000	2.628000	0.744000	-0.536000	29955	30560	29333	26314	25372	24732
4638	96.012743	0.030426	-0.450000	5.600000	-6.670000	2.610000	0.666000	-0.508000	29955	30560	29333	26305	25333	24746
4639	96.012820	0.000078	-0.220000	5.890000	-5.930000	2.610000	0.666000	-0.508000	29978	30589	29407	26305	25333	24746
4640	96.044792	0.031972	-0.220000	5.890000	-5.930000	2.638000	0.718000	-0.554000	29978	30589	29407	26319	25359	24723
4641	96.044868	0.000076	0.290000	5.990000	-6.380000	2.638000	0.718000	-0.554000	30029	30599	29362	26319	25359	24723
4642	96.077311	0.032443	-0.130000	5.900000	-5.580000	2.638000	0.718000	-0.554000	29987	30590	29442	26319	25359	24723
4643	96.109259	0.031948	-0.130000	5.900000	-5.580000	2.586000	0.710000	-0.536000	29987	30590	29442	26293	25355	24732
4644	96.109341	0.000082	0.450000	6.180000	-6.120000	2.586000	0.710000	-0.536000	30045	30618	29388	26293	25355	24732
4645	96.142815	0.033474	0.420000	6.480000	-6.940000	2.586000	0.710000	-0.536000	30042	30648	29306	26293	25355	24732
4646	96.171238	0.028424	0.480000	6.420000	-6.990000	2.586000	0.710000	-0.536000	30048	30642	29301	26293	25355	24732
4647	96.204216	0.032978	0.480000	6.280000	-6.410000	2.586000	0.710000	-0.536000	30048	30628	29359	26293	25355	24732
4648	96.237944	0.033728	0.140000	6.460000	-6.420000	2.586000	0.710000	-0.536000	30014	30646	29358	26293	25355	24732
4649	96.270951	0.033007	-0.390000	5.420000	-6.680000	2.586000	0.710000	-0.536000	29961	30542	29332	26293	25355	24732
4650	96.305139	0.034187	-0.500000	5.620000	-5.870000	2.586000	0.710000	-0.536000	29950	30562	29413	26293	25355	24732
4651	96.334896	0.029758	-0.500000	5.620000	-5.870000	2.520000	0.646000	-0.514000	29950	30562	29413	26260	25323	24743
4652	96.334969	0.000072	0.440000	6.360000	-5.880000	2.520000	0.646000	-0.514000	30044	30636	29412	26260	25323	24743
4653	96.367045	0.032077	-0.220000	5.690000	-6.420000	2.520000	0.646000	-0.514000	29978	30569	29358	26260	25323	24743
4654	96.399635	0.032590	-0.220000	5.690000	-6.420000	2.490000	0.706000	-0.512000	29978	30569	29358	26245	25353	24744
4655	96.399716	0.000081	-0.220000	5.690000	-6.420000	2.504000	0.660000	-0.502000	29978	30569	29358	26252	25330	24749
4656	96.399742	0.000027	0.360000	5.820000	-5.310000	2.504000	0.660000	-0.502000	30036	30582	29469	26252	25330	24749
4657	96.427869	0.028127	-0.030000	5.780000	-5.630000	2.504000	0.660000	-0.502000	29997	30578	29437	26252	25330	24749
4658	96.458968	0.031099	0.250000	6.420000	-5.660000	2.504000	0.660000	-0.502000	30025	30642	29434	26252	25330	24749
4659	96.489183	0.030215	0.250000	6.420000	-5.660000	2.374000	0.700000	-0.512000	30025	30642	29434	26187	25350	24744
4660	96.489279	0.000096	0.660000	5.320000	-5.630000	2.374000	0.700000	-0.512000	30066	30532	29437	26187	25350	24744
4661	96.516594	0.027315	0.660000	5.320000	-5.630000	2.506000	0.736000	-0.524000	30066	30532	29437	26253	25368	24738
4662	96.516677	0.000083	-0.010000	5.940000	-6.700000	2.506000	0.736000	-0.524000	29999	30594	29330	26253	25368	24738
4663	96.545095	0.028417	-0.010000	5.940000	-6.700000	2.460000	0.664000	-0.512000	29999	30594	29330	26230	25332	24744
4664	96.545175	0.000080	0.210000	6.290000	-5.340000	2.460000	0.664000	-0.512000	30021	30629	29466	26230	25332	24744
4665	96.574830	0.029654	0.210000	6.290000	-5.340000	2.400000	0.720000	-0.496000	30021	30629	29466	26200	25360	24752
4666	96.574897	0.000068	0.420000	5.780000	-5.050000	2.400000	0.720000	-0.496000	30042	30578	29495	26200	25360	24752
4667	96.605171	0.030274	0.310000	5.390000	-5.060000	2.400000	0.720000	-0.496000	30031	30539	29494	26200	25360	24752
4668	96.636768	0.031597	0.310000	5.390000	-5.060000	2.402000	0.726000	-0.506000	30031	30539	29494	26201	25363	24747
4669	96.636850	0.000082	0.230000	6.210000	-4.540000	2.402000	0.726000	-0.506000	30023	30621	29546	26201	25363	24747
4670	96.669243	0.032392	0.230000	6.210000	-4.540000	2.308000	0.748000	-0.490000	30023	30621	29546	26154	25374	24755
4671	96.669314	0.000071	-0.070000	6.350000	-5.070000	2.308000	0.748000	-0.490000	29993	30635	29493	26154	25374	24755
4672	96.700840	0.031526	0.600000	5.750000	-4.310000	2.308000	0.748000	-0.490000	30060	30575	29569	26154	25374	24755
4673	96.733355	0.032515	0.600000	5.750000	-4.310000	2.346000	0.780000	-0.480000	30060	30575	29569	26173	25390	24760
4674	96.733436	0.000081	0.310000	5.480000	-4.280000	2.346000	0.780000	-0.480000	30031	30548	29572	26173	25390	24760
4675	96.765439	0.032003	0.530000	6.000000	-4.830000	2.346000	0.780000	-0.480000	30053	30600	29517	26173	25390	24760
4676	96.797640	0.032200	0.260000	6.100000	-4.820000	2.346000	0.780000	-0.480000	30026	30610	29518	26173	25390	24760
4677	96.829053	0.031414	0.260000	6.100000	-4.820000	2.338000	0.756000	-0.504000	30026	30610	29518	26169	25378	24748
4678	96.829157	0.000104	0.170000	6.640000	-3.990000	2.338000	0.756000	-0.504000	30017	30664	29601	26169	25378	24748
4679	96.862237	0.033080	0.670000	5.560000	-5.120000	2.338000	0.756000	-0.504000	30067	30556	29488	26169	25378	24748
4680	96.894004	0.031766	0.290000	5.990000	-4.860000	2.338000	0.756000	-0.504000	30029	30599	29514	26169	25378	24748
4681	96.927948	0.033945	0.200000	5.790000	-5.400000	2.338000	0.756000	-0.504000	30020	30579	29460	26169	25378	24748
4682	96.957610	0.029661	-0.300000	5.740000	-5.390000	2.338000	0.756000	-0.504000	29970	30574	29461	26169	25378	24748
4683	96.987316	0.029706	0.510000	6.530000	-4.860000	2.338000	0.756000	-0.504000	30051	30653	29514	26169	25378	24748
4684	97.016028	0.028712	0.510000	6.530000	-4.860000	2.238000	0.750000	-0.468000	30051	30653	29514	26119	25375	24766
4685	97.016139	0.000111	0.510000	6.530000	-4.860000	2.350000	0.740000	-0.476000	30051	30653	29514	26175	25370	24762
4686	97.016185	0.000046	0.350000	6.480000	-4.590000	2.350000	0.740000	-0.476000	30035	30648	29541	26175	25370	24762
4687	97.046362	0.030177	0.230000	6.120000	-4.290000	2.350000	0.740000	-0.476000	30023	30612	29571	26175	25370	24762
4688	97.076322	0.029960	0.230000	6.120000	-4.290000	2.288000	0.720000	-0.496000	30023	30612	29571	26144	25360	24752
4689	97.076396	0.000074	0.140000	6.470000	-4.520000	2.288000	0.720000	-0.496000	30014	30647	29548	26144	25360	24752
4690	97.107483	0.031088	-0.390000	5.710000	-5.100000	2.288000	0.720000	-0.496000	29961	30571	29490	26144	25360	24752
4691	97.142836	0.035353	0.020000	5.980000	-4.770000	2.288000	0.720000	-0.496000	30002	30598	29523	26144	25360	24752
4692	97.176489	0.033653	-0.030000	6.500000	-4.870000	2.288000	0.720000	-0.496000	29997	30650	29513	26144	25360	24752
4693	97.209561	0.033072	-0.150000	6.240000	-5.300000	2.288000	0.720000	-0.496000	29985	30624	29470	26144	25360	24752
4694	97.243304	0.033742	-0.150000	6.240000	-5.300000	2.368000	0.698000	-0.498000	29985	30624	29470	26184	25349	24751
4695	97.243383	0.000079	-0.430000	5.610000	-5.090000	2.368000	0.698000	-0.498000	29957	30561	29491	26184	25349	24751
4696	97.276926	0.033543	-0.430000	5.610000	-5.090000	2.430000	0.682000	-0.496000	29957	30561	29491	26215	25341	24752
4697	97.277007	0.000080	0.160000	5.800000	-5.330000	2.430000	0.682000	-0.496000	30016	30580	29467	26215	25341	24752
4698	97.310874	0.033867	-0.380000	5.610000	-5.060000	2.430000	0.682000	-0.496000	29962	30561	29494	26215	25341	24752
4699	97.343228	0.032355	0.010000	6.240000	-5.120000	2.430000	0.682000	-0.496000	30001	30624	29488	26215	25341	24752
4700	97.370684	0.027455	0.010000	6.240000	-5.120000	2.384000	0.740000	-0.508000	30001	30624	29488	26192	25370	24746
4701	97.370771	0.000088	0.250000	5.810000	-5.340000	2.384000	0.740000	-0.508000	30025	30581	29466	26192	25370	24746
4702	97.403707	0.032936	-0.490000	5.500000	-5.020000	2.384000	0.740000	-0.508000	29951	30550	29498	26192	25370	24746
4703	97.431904	0.028196	-0.350000	5.630000	-5.640000	2.384000	0.740000	-0.508000	29965	30563	29436	26192	25370	24746
4704	97.458246	0.026342	-0.030000	6.010000	-5.080000	2.384000	0.740000	-0.508000	29997	30601	29492	26192	25370	24746
4705	97.488109	0.029863	0.000000	5.090000	-5.100000	2.384000	0.740000	-0.508000	30000	30509	29490	26192	25370	24746
4706	97.523036	0.034928	0.760000	6.120000	-5.400000	2.384000	0.740000	-0.508000	30076	30612	29460	26192	25370	24746
4707	97.554457	0.031421	-0.070000	5.700000	-4.800000	2.384000	0.740000	-0.508000	29993	30570	29520	26192	25370	24746
4708	97.582985	0.028528	0.080000	5.960000	-5.050000	2.384000	0.740000	-0.508000	30008	30596	29495	26192	25370	24746
4709	97.614847	0.031862	0.080000	5.960000	-5.050000	2.420000	0.698000	-0.476000	30008	30596	29495	26210	25349	24762
4710	97.614921	0.000074	0.080000	5.960000	-5.050000	2.442000	0.684000	-0.506000	30008	30596	29495	26221	25342	24747
4711	97.614944	0.000023	-0.230000	5.970000	-5.340000	2.442000	0.684000	-0.506000	29977	30597	29466	26221	25342	24747
4712	97.646953	0.032009	-0.230000	5.970000	-5.340000	2.448000	0.674000	-0.488000	29977	30597	29466	26224	25337	24756
4713	97.647032	0.000078	0.070000	6.260000	-5.630000	2.448000	0.674000	-0.488000	30007	30626	29437	26224	25337	24756
4714	97.678734	0.031703	0.070000	6.260000	-5.630000	2.412000	0.700000	-0.488000	30007	30626	29437	26206	25350	24756
4715	97.678805	0.000071	-0.170000	5.710000	-5.320000	2.412000	0.700000	-0.488000	29983	30571	29468	26206	25350	24756
4716	97.710505	0.031700	0.240000	5.810000	-4.780000	2.412000	0.700000	-0.488000	30024	30581	29522	26206	25350	24756
4717	97.742798	0.032293	0.240000	5.810000	-4.780000	2.496000	0.702000	-0.486000	30024	30581	29522	26248	25351	24757
4718	97.742884	0.000086	0.170000	5.360000	-5.120000	2.496000	0.702000	-0.486000	30017	30536	29488	26248	25351	24757
4719	97.770347	0.027463	0.170000	5.360000	-5.120000	2.568000	0.720000	-0.516000	30017	30536	29488	26284	25360	24742
4720	97.770419	0.000071	-0.230000	5.680000	-5.860000	2.568000	0.720000	-0.516000	29977	30568	29414	26284	25360	24742
4721	97.803210	0.032791	-0.230000	5.680000	-5.860000	2.512000	0.674000	-0.494000	29977	30568	29414	26256	25337	24753
4722	97.803291	0.000081	-0.310000	5.550000	-5.640000	2.512000	0.674000	-0.494000	29969	30555	29436	26256	25337	24753
4723	97.834924	0.031633	0.220000	6.000000	-5.300000	2.512000	0.674000	-0.494000	30022	30600	29470	26256	25337	24753
4724	97.868507	0.033583	0.220000	6.000000	-5.300000	2.524000	0.722000	-0.502000	30022	30600	29470	26262	25361	24749
4725	97.868601	0.000094	0.030000	5.710000	-5.320000	2.524000	0.722000	-0.502000	30003	30571	29468	26262	25361	24749
4726	97.902226	0.033625	0.030000	5.710000	-5.320000	2.542000	0.708000	-0.476000	30003	30571	29468	26271	25354	24762
4727	97.902347	0.000121	-0.030000	5.630000	-5.130000	2.542000	0.708000	-0.476000	29997	30563	29487	26271	25354	24762
4728	97.936495	0.034149	0.430000	5.900000	-5.930000	2.542000	0.708000	-0.476000	30043	30590	29407	26271	25354	24762
4729	97.971160	0.034664	0.430000	5.900000	-5.930000	2.486000	0.714000	-0.516000	30043	30590	29407	26243	25357	24742
4730	97.971247	0.000088	0.220000	6.140000	-4.840000	2.486000	0.714000	-0.516000	30022	30614	29516	26243	25357	24742
4731	98.001657	0.030410	0.050000	6.100000	-5.350000	2.486000	0.714000	-0.516000	30005	30610	29465	26243	25357	24742
4732	98.032088	0.030430	0.050000	6.100000	-5.350000	2.452000	0.680000	-0.512000	30005	30610	29465	26226	25340	24744
4733	98.032148	0.000060	-0.270000	5.900000	-5.310000	2.452000	0.680000	-0.512000	29973	30590	29469	26226	25340	24744
4734	98.063257	0.031109	-0.270000	5.900000	-5.310000	2.510000	0.668000	-0.496000	29973	30590	29469	26255	25334	24752
4735	98.063339	0.000081	0.180000	5.690000	-5.660000	2.510000	0.668000	-0.496000	30018	30569	29434	26255	25334	24752
4736	98.095423	0.032084	0.180000	5.690000	-5.660000	2.544000	0.726000	-0.506000	30018	30569	29434	26272	25363	24747
4737	98.095506	0.000083	0.630000	5.980000	-5.410000	2.544000	0.726000	-0.506000	30063	30598	29459	26272	25363	24747
4738	98.128550	0.033044	0.010000	5.620000	-5.030000	2.544000	0.726000	-0.506000	30001	30562	29497	26272	25363	24747
4739	98.162987	0.034437	-0.010000	5.670000	-5.040000	2.544000	0.726000	-0.506000	29999	30567	29496	26272	25363	24747
4740	98.191125	0.028138	0.010000	5.480000	-5.580000	2.544000	0.726000	-0.506000	30001	30548	29442	26272	25363	24747
4741	98.223887	0.032762	0.900000	6.230000	-5.880000	2.544000	0.726000	-0.506000	30090	30623	29412	26272	25363	24747
4742	98.252284	0.028397	0.900000	6.230000	-5.880000	2.536000	0.774000	-0.498000	30090	30623	29412	26268	25387	24751
4743	98.252384	0.000100	0.480000	6.320000	-5.640000	2.536000	0.774000	-0.498000	30048	30632	29436	26268	25387	24751
4744	98.284695	0.032311	0.480000	6.320000	-5.640000	2.554000	0.780000	-0.522000	30048	30632	29436	26277	25390	24739
4745	98.284788	0.000093	0.080000	5.670000	-6.400000	2.554000	0.780000	-0.522000	30008	30567	29360	26277	25390	24739
4746	98.318251	0.033463	0.080000	5.670000	-6.400000	2.634000	0.740000	-0.510000	30008	30567	29360	26317	25370	24745
4747	98.318332	0.000081	-0.160000	6.120000	-5.610000	2.634000	0.740000	-0.510000	29984	30612	29439	26317	25370	24745
4748	98.351780	0.033448	-0.160000	6.120000	-5.610000	2.612000	0.742000	-0.514000	29984	30612	29439	26306	25371	24743
4749	98.351869	0.000089	0.400000	6.700000	-6.150000	2.612000	0.742000	-0.514000	30040	30670	29385	26306	25371	24743
4750	98.385221	0.033352	0.400000	6.700000	-6.150000	2.524000	0.778000	-0.532000	30040	30670	29385	26262	25389	24734
4751	98.385340	0.000120	0.060000	5.410000	-5.580000	2.524000	0.778000	-0.532000	30006	30541	29442	26262	25389	24734
4752	98.418619	0.033278	0.080000	6.310000	-5.110000	2.524000	0.778000	-0.532000	30008	30631	29489	26262	25389	24734
4753	98.449098	0.030479	-0.070000	5.810000	-5.620000	2.524000	0.778000	-0.532000	29993	30581	29438	26262	25389	24734
4754	98.478112	0.029015	-0.070000	5.810000	-5.620000	2.586000	0.736000	-0.512000	29993	30581	29438	26293	25368	24744
4755	98.478187	0.000074	0.400000	5.730000	-5.080000	2.586000	0.736000	-0.512000	30040	30573	29492	26293	25368	24744
4756	98.509095	0.030908	0.420000	5.770000	-5.310000	2.586000	0.736000	-0.512000	30042	30577	29469	26293	25368	24744
4757	98.539069	0.029975	0.420000	5.770000	-5.310000	2.602000	0.794000	-0.520000	30042	30577	29469	26301	25397	24740
4758	98.539171	0.000102	0.600000	5.970000	-5.370000	2.602000	0.794000	-0.520000	30060	30597	29463	26301	25397	24740
4759	98.568116	0.028944	0.600000	6.080000	-6.120000	2.602000	0.794000	-0.520000	30060	30608	29388	26301	25397	24740
4760	98.596041	0.027926	-0.180000	5.600000	-6.170000	2.602000	0.794000	-0.520000	29982	30560	29383	26301	25397	24740
4761	98.627186	0.031144	0.160000	6.260000	-5.570000	2.602000	0.794000	-0.520000	30016	30626	29443	26301	25397	24740
4762	98.658635	0.031449	0.160000	6.260000	-5.570000	2.510000	0.758000	-0.520000	30016	30626	29443	26255	25379	24740
4763	98.658723	0.000088	0.490000	5.920000	-5.110000	2.510000	0.758000	-0.520000	30049	30592	29489	26255	25379	24740
4764	98.686317	0.027594	0.100000	5.840000	-5.610000	2.510000	0.758000	-0.520000	30010	30584	29439	26255	25379	24740
4765	98.718904	0.032587	0.250000	5.550000	-4.750000	2.510000	0.758000	-0.520000	30025	30555	29525	26255	25379	24740
4766	98.746164	0.027260	0.250000	5.550000	-4.750000	2.632000	0.836000	-0.534000	30025	30555	29525	26316	25418	24733
4767	98.746260	0.000096	0.470000	5.990000	-5.080000	2.632000	0.836000	-0.534000	30047	30599	29492	26316	25418	24733
4768	98.775010	0.028750	0.060000	5.900000	-5.310000	2.632000	0.836000	-0.534000	30006	30590	29469	26316	25418	24733
4769	98.808062	0.033051	0.060000	5.900000	-5.310000	2.630000	0.864000	-0.548000	30006	30590	29469	26315	25432	24726
4770	98.808241	0.000179	0.340000	5.290000	-4.780000	2.630000	0.864000	-0.548000	30034	30529	29522	26315	25432	24726
4771	98.842256	0.034015	0.340000	5.290000	-4.780000	2.750000	0.876000	-0.576000	30034	30529	29522	26375	25438	24712
4772	98.842335	0.000079	-0.350000	5.390000	-5.330000	2.750000	0.876000	-0.576000	29965	30539	29467	26375	25438	24712
4773	98.873204	0.030869	0.550000	5.540000	-5.310000	2.750000	0.876000	-0.576000	30055	30554	29469	26375	25438	24712
4774	98.903528	0.030324	0.220000	6.170000	-5.590000	2.750000	0.876000	-0.576000	30022	30617	29441	26375	25438	24712
4775	98.933330	0.029802	0.220000	6.170000	-5.590000	2.724000	0.902000	-0.578000	30022	30617	29441	26362	25451	24711
4776	98.933401	0.000071	0.200000	5.240000	-5.320000	2.724000	0.902000	-0.578000	30020	30524	29468	26362	25451	24711
4777	98.966929	0.033528	0.230000	6.110000	-5.290000	2.724000	0.902000	-0.578000	30023	30611	29471	26362	25451	24711
4778	98.996616	0.029687	0.230000	6.110000	-5.290000	2.876000	1.020000	-0.604000	30023	30611	29471	26438	25510	24698
4779	98.996695	0.000078	0.210000	5.650000	-5.280000	2.876000	1.020000	-0.604000	30021	30565	29472	26438	25510	24698
4780	99.026316	0.029622	0.130000	6.700000	-5.590000	2.876000	1.020000	-0.604000	30013	30670	29441	26438	25510	24698
4781	99.051785	0.025469	0.130000	6.700000	-5.590000	2.828000	0.998000	-0.620000	30013	30670	29441	26414	25499	24690
4782	99.051865	0.000080	0.850000	6.490000	-5.060000	2.828000	0.998000	-0.620000	30085	30649	29494	26414	25499	24690
4783	99.080631	0.028766	0.850000	6.490000	-5.060000	2.924000	0.992000	-0.650000	30085	30649	29494	26462	25496	24675
4784	99.080800	0.000169	0.280000	5.800000	-5.530000	2.924000	0.992000	-0.650000	30028	30580	29447	26462	25496	24675
4785	99.110711	0.029911	0.980000	6.650000	-4.720000	2.924000	0.992000	-0.650000	30098	30665	29528	26462	25496	24675
4786	99.141301	0.030590	0.980000	6.650000	-4.720000	3.072000	1.120000	-0.708000	30098	30665	29528	26536	25560	24646
4787	99.141379	0.000078	0.380000	6.150000	-5.810000	3.072000	1.120000	-0.708000	30038	30615	29419	26536	25560	24646
4788	99.173901	0.032522	0.380000	6.150000	-5.810000	3.010000	0.996000	-0.676000	30038	30615	29419	26505	25498	24662
4789	99.173970	0.000069	0.380000	6.150000	-5.810000	3.030000	1.052000	-0.700000	30038	30615	29419	26515	25526	24650
4790	99.173992	0.000022	0.400000	6.480000	-4.950000	3.030000	1.052000	-0.700000	30040	30648	29505	26515	25526	24650
4791	99.205472	0.031480	0.850000	6.180000	-5.840000	3.030000	1.052000	-0.700000	30085	30618	29416	26515	25526	24650
4792	99.238937	0.033466	0.560000	6.400000	-5.830000	3.030000	1.052000	-0.700000	30056	30640	29417	26515	25526	24650
4793	99.272231	0.033294	0.580000	6.670000	-4.990000	3.030000	1.052000	-0.700000	30058	30667	29501	26515	25526	24650
4794	99.303894	0.031663	0.120000	5.710000	-5.290000	3.030000	1.052000	-0.700000	30012	30571	29471	26515	25526	24650
4795	99.337378	0.033484	0.660000	5.430000	-4.460000	3.030000	1.052000	-0.700000	30066	30543	29554	26515	25526	24650
4796	99.370272	0.032894	0.140000	5.740000	-5.040000	3.030000	1.052000	-0.700000	30014	30574	29496	26515	25526	24650
4797	99.402562	0.032290	0.230000	5.930000	-5.060000	3.030000	1.052000	-0.700000	30023	30593	29494	26515	25526	24650
4798	99.435274	0.032712	0.460000	5.780000	-5.070000	3.030000	1.052000	-0.700000	30046	30578	29493	26515	25526	24650
4799	99.463527	0.028252	0.460000	5.780000	-5.070000	2.686000	0.872000	-0.550000	30046	30578	29493	26343	25436	24725
4800	99.463602	0.000075	0.590000	5.210000	-4.810000	2.686000	0.872000	-0.550000	30059	30521	29519	26343	25436	24725
4801	99.496590	0.032989	-0.060000	5.420000	-4.570000	2.686000	0.872000	-0.550000	29994	30542	29543	26343	25436	24725
4802	99.528359	0.031769	-0.130000	5.540000	-4.870000	2.686000	0.872000	-0.550000	29987	30554	29513	26343	25436	24725
4803	99.558772	0.030413	-0.130000	5.540000	-4.870000	2.118000	0.642000	-0.486000	29987	30554	29513	26059	25321	24757
4804	99.558853	0.000081	0.490000	5.270000	-4.050000	2.118000	0.642000	-0.486000	30049	30527	29595	26059	25321	24757
4805	99.591385	0.032532	0.050000	4.170000	-4.310000	2.118000	0.642000	-0.486000	30005	30417	29569	26059	25321	24757
4806	99.624521	0.033136	0.050000	4.170000	-4.310000	2.030000	0.548000	-0.446000	30005	30417	29569	26015	25274	24777
4807	99.624604	0.000083	-0.180000	4.800000	-4.070000	2.030000	0.548000	-0.446000	29982	30480	29593	26015	25274	24777
4808	99.655481	0.030877	-0.230000	4.690000	-4.610000	2.030000	0.548000	-0.446000	29977	30469	29539	26015	25274	24777
4809	99.682326	0.026845	-0.280000	4.410000	-4.030000	2.030000	0.548000	-0.446000	29972	30441	29597	26015	25274	24777
4810	99.712730	0.030404	-0.280000	4.410000	-4.030000	1.696000	0.410000	-0.354000	29972	30441	29597	25848	25205	24823
4811	99.712813	0.000083	0.150000	4.080000	-3.800000	1.696000	0.410000	-0.354000	30015	30408	29620	25848	25205	24823
4812	99.745465	0.032652	0.150000	4.080000	-3.800000	1.496000	0.352000	-0.320000	30015	30408	29620	25748	25176	24840
4813	99.745541	0.000076	-0.040000	4.220000	-3.020000	1.496000	0.352000	-0.320000	29996	30422	29698	25748	25176	24840
4814	99.778780	0.033240	-0.190000	3.540000	-3.260000	1.496000	0.352000	-0.320000	29981	30354	29674	25748	25176	24840
4815	99.812206	0.033426	0.150000	3.250000	-2.690000	1.496000	0.352000	-0.320000	30015	30325	29731	25748	25176	24840
4816	99.844672	0.032465	0.150000	3.250000	-2.690000	1.010000	0.178000	-0.204000	30015	30325	29731	25505	25089	24898
4817	99.844753	0.000081	0.150000	3.250000	-2.690000	0.854000	0.216000	-0.186000	30015	30325	29731	25427	25108	24907
4818	99.844779	0.000026	0.150000	3.250000	-2.690000	0.594000	0.180000	-0.164000	30015	30325	29731	25297	25090	24918
4819	99.844802	0.000023	-0.150000	3.050000	-2.690000	0.594000	0.180000	-0.164000	29985	30305	29731	25297	25090	24918
4820	99.878332	0.033530	-0.150000	3.050000	-2.690000	0.438000	0.086000	-0.122000	29985	30305	29731	25219	25043	24939
4821	99.878401	0.000069	-0.150000	3.050000	-2.690000	0.368000	0.076000	-0.106000	29985	30305	29731	25184	25038	24947
4822	99.878419	0.000018	0.010000	3.040000	-1.350000	0.368000	0.076000	-0.106000	30001	30304	29865	25184	25038	24947
4823	99.909609	0.031189	-0.450000	2.760000	-2.100000	0.368000	0.076000	-0.106000	29955	30276	29790	25184	25038	24947
4824	99.937566	0.027958	-0.100000	3.310000	-2.130000	0.368000	0.076000	-0.106000	29990	30331	29787	25184	25038	24947
4825	99.973006	0.035440	-0.100000	3.310000	-2.130000	-0.118000	-0.018000	-0.038000	29990	30331	29787	24941	24991	24981
4826	99.973129	0.000122	-0.100000	3.310000	-2.130000	-0.144000	-0.138000	-0.018000	29990	30331	29787	24928	24931	24991
4827	99.973193	0.000065	-0.830000	2.610000	-1.530000	-0.144000	-0.138000	-0.018000	29917	30261	29847	24928	24931	24991
4828	100.006468	0.033275	-0.650000	3.230000	-1.200000	-0.144000	-0.138000	-0.018000	29935	30323	29880	24928	24931	24991
4829	100.034147	0.027679	-0.830000	3.140000	-1.000000	-0.144000	-0.138000	-0.018000	29917	30314	29900	24928	24931	24991
4830	100.068315	0.034168	-1.010000	3.440000	-1.820000	-0.144000	-0.138000	-0.018000	29899	30344	29818	24928	24931	24991
4831	100.099604	0.031289	-0.290000	3.090000	-1.830000	-0.144000	-0.138000	-0.018000	29971	30309	29817	24928	24931	24991
4832	100.127481	0.027877	-0.490000	3.040000	-1.820000	-0.144000	-0.138000	-0.018000	29951	30304	29818	24928	24931	24991
4833	100.158340	0.030860	-0.820000	3.610000	-1.790000	-0.144000	-0.138000	-0.018000	29918	30361	29821	24928	24931	24991
4834	100.189185	0.030845	-0.820000	3.610000	-1.790000	-0.320000	-0.040000	-0.026000	29918	30361	29821	24840	24980	24987
4835	100.189261	0.000076	-0.700000	3.220000	-1.240000	-0.320000	-0.040000	-0.026000	29930	30322	29876	24840	24980	24987
4836	100.222823	0.033562	-0.440000	2.930000	-1.560000	-0.320000	-0.040000	-0.026000	29956	30293	29844	24840	24980	24987
4837	100.255470	0.032647	-0.440000	2.930000	-1.560000	-0.286000	-0.020000	-0.048000	29956	30293	29844	24857	24990	24976
4838	100.255549	0.000079	-0.060000	3.260000	-1.250000	-0.286000	-0.020000	-0.048000	29994	30326	29875	24857	24990	24976
4839	100.288565	0.033017	-0.060000	3.260000	-1.250000	-0.278000	-0.046000	-0.040000	29994	30326	29875	24861	24977	24980
4840	100.288703	0.000137	-0.610000	3.390000	-1.260000	-0.278000	-0.046000	-0.040000	29939	30339	29874	24861	24977	24980
4841	100.320359	0.031656	-0.680000	3.690000	-1.540000	-0.278000	-0.046000	-0.040000	29932	30369	29846	24861	24977	24980
4842	100.349212	0.028853	-0.520000	4.430000	-2.620000	-0.278000	-0.046000	-0.040000	29948	30443	29738	24861	24977	24980
4843	100.383557	0.034346	-0.110000	3.510000	-1.250000	-0.278000	-0.046000	-0.040000	29989	30351	29875	24861	24977	24980
4844	100.413667	0.030110	-0.110000	3.510000	-1.250000	-0.310000	-0.010000	-0.028000	29989	30351	29875	24845	24995	24986
4845	100.413732	0.000065	-0.150000	3.550000	-1.580000	-0.310000	-0.010000	-0.028000	29985	30355	29842	24845	24995	24986
4846	100.446788	0.033056	-0.150000	3.550000	-1.580000	-0.304000	-0.014000	-0.054000	29985	30355	29842	24848	24993	24973
4847	100.446872	0.000085	-0.150000	3.170000	-1.530000	-0.304000	-0.014000	-0.054000	29985	30317	29847	24848	24993	24973
4848	100.479136	0.032263	-0.910000	2.940000	-1.580000	-0.304000	-0.014000	-0.054000	29909	30294	29842	24848	24993	24973
4849	100.512730	0.033594	-0.910000	2.940000	-1.580000	-0.268000	-0.064000	-0.044000	29909	30294	29842	24866	24968	24978
4850	100.512805	0.000075	-0.550000	3.590000	-0.970000	-0.268000	-0.064000	-0.044000	29945	30359	29903	24866	24968	24978
4851	100.541218	0.028412	-0.550000	3.590000	-0.970000	-0.308000	-0.044000	-0.046000	29945	30359	29903	24846	24978	24977
4852	100.541311	0.000094	-0.410000	3.790000	-1.480000	-0.308000	-0.044000	-0.046000	29959	30379	29852	24846	24978	24977
4853	100.568944	0.027633	-0.410000	3.790000	-1.480000	-0.320000	-0.036000	-0.030000	29959	30379	29852	24840	24982	24985
4854	100.569014	0.000070	-1.010000	3.050000	-1.820000	-0.320000	-0.036000	-0.030000	29899	30305	29818	24840	24982	24985
4855	100.598428	0.029414	-0.890000	3.310000	-1.840000	-0.320000	-0.036000	-0.030000	29911	30331	29816	24840	24982	24985
4856	100.626284	0.027856	-0.780000	3.690000	-1.510000	-0.320000	-0.036000	-0.030000	29922	30369	29849	24840	24982	24985
4857	100.656784	0.030500	-0.160000	3.080000	-1.810000	-0.320000	-0.036000	-0.030000	29984	30308	29819	24840	24982	24985
4858	100.687631	0.030847	-0.600000	3.280000	-1.810000	-0.320000	-0.036000	-0.030000	29940	30328	29819	24840	24982	24985
4859	100.720465	0.032834	-0.450000	2.550000	-1.280000	-0.320000	-0.036000	-0.030000	29955	30255	29872	24840	24982	24985
4860	100.749737	0.029272	-0.450000	2.550000	-1.280000	-0.244000	-0.056000	-0.030000	29955	30255	29872	24878	24972	24985
4861	100.749816	0.000080	-1.000000	2.640000	-1.270000	-0.244000	-0.056000	-0.030000	29900	30264	29873	24878	24972	24985
4862	100.777234	0.027418	-1.000000	2.640000	-1.270000	-0.250000	-0.092000	-0.024000	29900	30264	29873	24875	24954	24988
4863	100.777330	0.000096	-1.000000	2.640000	-1.270000	-0.190000	-0.068000	-0.012000	29900	30264	29873	24905	24966	24994
4864	100.777351	0.000020	-2.530000	3.240000	-1.200000	-0.190000	-0.068000	-0.012000	29747	30324	29880	24905	24966	24994
4865	100.808636	0.031285	-2.060000	0.270000	-3.710000	-0.190000	-0.068000	-0.012000	29794	30027	29629	24905	24966	24994
4866	100.837039	0.028403	-2.060000	0.270000	-3.710000	-0.118000	-0.176000	-0.004000	29794	30027	29629	24941	24912	24998
4867	100.837103	0.000064	-0.680000	-1.140000	-2.720000	-0.118000	-0.176000	-0.004000	29932	29886	29728	24941	24912	24998
4868	100.866179	0.029076	-1.050000	-3.580000	0.130000	-0.118000	-0.176000	-0.004000	29895	29642	30013	24941	24912	24998
4869	100.892867	0.026687	0.100000	-3.150000	1.730000	-0.118000	-0.176000	-0.004000	30010	29685	30173	24941	24912	24998
4870	100.923592	0.030726	0.330000	-5.160000	1.180000	-0.118000	-0.176000	-0.004000	30033	29484	30118	24941	24912	24998
4871	100.957136	0.033544	1.370000	-5.750000	2.570000	-0.118000	-0.176000	-0.004000	30137	29425	30257	24941	24912	24998
4872	100.986208	0.029071	1.370000	-5.750000	2.570000	0.680000	0.014000	-0.134000	30137	29425	30257	25340	25007	24933
4873	100.986279	0.000071	1.840000	-7.700000	4.030000	0.680000	0.014000	-0.134000	30184	29230	30403	25340	25007	24933
4874	101.018397	0.032118	1.440000	-9.300000	4.310000	0.680000	0.014000	-0.134000	30144	29070	30431	25340	25007	24933
4875	101.051320	0.032923	1.440000	-9.300000	4.310000	0.862000	-0.022000	-0.148000	30144	29070	30431	25431	24989	24926
4876	101.051401	0.000081	1.840000	-10.140000	4.600000	0.862000	-0.022000	-0.148000	30184	28986	30460	25431	24989	24926
4877	101.082260	0.030859	2.490000	-11.470000	5.070000	0.862000	-0.022000	-0.148000	30249	28853	30507	25431	24989	24926
4878	101.110904	0.028644	2.490000	-11.470000	5.070000	1.036000	0.040000	-0.156000	30249	28853	30507	25518	25020	24922
4879	101.110979	0.000075	1.920000	-12.250000	6.260000	1.036000	0.040000	-0.156000	30192	28775	30626	25518	25020	24922
4880	101.142699	0.031720	2.140000	-12.380000	6.250000	1.036000	0.040000	-0.156000	30214	28762	30625	25518	25020	24922
4881	101.174641	0.031942	2.240000	-13.510000	6.490000	1.036000	0.040000	-0.156000	30224	28649	30649	25518	25020	24922
4882	101.206108	0.031467	1.780000	-14.600000	5.670000	1.036000	0.040000	-0.156000	30178	28540	30567	25518	25020	24922
4883	101.237461	0.031353	2.190000	-14.490000	5.360000	1.036000	0.040000	-0.156000	30219	28551	30536	25518	25020	24922
4884	101.269059	0.031598	2.160000	-15.940000	5.640000	1.036000	0.040000	-0.156000	30216	28406	30564	25518	25020	24922
4885	101.298654	0.029595	1.860000	-16.800000	6.240000	1.036000	0.040000	-0.156000	30186	28320	30624	25518	25020	24922
4886	101.330062	0.031408	2.090000	-16.090000	6.170000	1.036000	0.040000	-0.156000	30209	28391	30617	25518	25020	24922
4887	101.365414	0.035353	2.180000	-17.160000	6.770000	1.036000	0.040000	-0.156000	30218	28284	30677	25518	25020	24922
4888	101.400731	0.035317	1.290000	-18.180000	6.500000	1.036000	0.040000	-0.156000	30129	28182	30650	25518	25020	24922
4889	101.434756	0.034025	2.270000	-16.760000	6.560000	1.036000	0.040000	-0.156000	30227	28324	30656	25518	25020	24922
4890	101.466299	0.031543	2.270000	-16.760000	6.560000	1.468000	0.000000	-0.188000	30227	28324	30656	25734	25000	24906
4891	101.466370	0.000071	2.540000	-17.570000	6.750000	1.468000	0.000000	-0.188000	30254	28243	30675	25734	25000	24906
4892	101.492240	0.025871	2.540000	-17.570000	6.750000	1.432000	0.004000	-0.188000	30254	28243	30675	25716	25002	24906
4893	101.492315	0.000075	4.530000	-16.670000	6.740000	1.432000	0.004000	-0.188000	30453	28333	30674	25716	25002	24906
4894	101.523606	0.031291	4.520000	-15.770000	6.210000	1.432000	0.004000	-0.188000	30452	28423	30621	25716	25002	24906
4895	101.556041	0.032434	4.520000	-15.770000	6.210000	1.284000	0.154000	-0.320000	30452	28423	30621	25642	25077	24840
4896	101.556153	0.000112	5.660000	-15.080000	4.200000	1.284000	0.154000	-0.320000	30566	28492	30420	25642	25077	24840
4897	101.583659	0.027507	6.140000	-14.000000	3.860000	1.284000	0.154000	-0.320000	30614	28600	30386	25642	25077	24840
4898	101.611781	0.028122	6.140000	-14.000000	3.860000	1.052000	0.268000	-0.476000	30614	28600	30386	25526	25134	24762
4899	101.611865	0.000084	6.140000	-14.000000	3.860000	0.946000	0.210000	-0.440000	30614	28600	30386	25473	25105	24780
4900	101.611889	0.000024	4.960000	-13.330000	1.080000	0.946000	0.210000	-0.440000	30496	28667	30108	25473	25105	24780
4901	101.640916	0.029027	4.960000	-13.330000	1.080000	0.890000	0.242000	-0.452000	30496	28667	30108	25445	25121	24774
4902	101.641047	0.000131	5.780000	-12.990000	1.370000	0.890000	0.242000	-0.452000	30578	28701	30137	25445	25121	24774
4903	101.668464	0.027417	4.720000	-11.440000	1.080000	0.890000	0.242000	-0.452000	30472	28856	30108	25445	25121	24774
4904	101.699447	0.030983	4.720000	-11.440000	1.080000	0.618000	0.176000	-0.360000	30472	28856	30108	25309	25088	24820
4905	101.699552	0.000106	5.680000	-10.560000	0.490000	0.618000	0.176000	-0.360000	30568	28944	30049	25309	25088	24820
4906	101.732461	0.032909	6.960000	-11.530000	1.320000	0.618000	0.176000	-0.360000	30696	28847	30132	25309	25088	24820
4907	101.764684	0.032223	4.000000	-12.380000	-0.060000	0.618000	0.176000	-0.360000	30400	28762	29994	25309	25088	24820
4908	101.792059	0.027376	3.400000	-13.040000	2.780000	0.618000	0.176000	-0.360000	30340	28696	30278	25309	25088	24820
4909	101.823409	0.031350	3.690000	-13.510000	3.400000	0.618000	0.176000	-0.360000	30369	28649	30340	25309	25088	24820
4910	101.854746	0.031336	3.690000	-13.510000	3.400000	0.894000	0.174000	-0.296000	30369	28649	30340	25447	25087	24852
4911	101.854827	0.000081	3.030000	-15.370000	3.960000	0.894000	0.174000	-0.296000	30303	28463	30396	25447	25087	24852
4912	101.888379	0.033551	2.770000	-15.640000	5.670000	0.894000	0.174000	-0.296000	30277	28436	30567	25447	25087	24852
4913	101.914685	0.026306	2.750000	-16.550000	5.330000	0.894000	0.174000	-0.296000	30275	28345	30533	25447	25087	24852
4914	101.940955	0.026270	2.710000	-17.000000	5.330000	0.894000	0.174000	-0.296000	30271	28300	30533	25447	25087	24852
4915	101.970972	0.030017	2.230000	-17.110000	7.090000	0.894000	0.174000	-0.296000	30223	28289	30709	25447	25087	24852
4916	102.000626	0.029654	2.790000	-18.240000	6.820000	0.894000	0.174000	-0.296000	30279	28176	30682	25447	25087	24852
4917	102.028085	0.027458	2.790000	-18.240000	6.820000	1.380000	-0.088000	-0.322000	30279	28176	30682	25690	24956	24839
4918	102.028150	0.000066	3.230000	-17.910000	7.380000	1.380000	-0.088000	-0.322000	30323	28209	30738	25690	24956	24839
4919	102.058812	0.030662	3.230000	-17.910000	7.380000	1.350000	-0.076000	-0.318000	30323	28209	30738	25675	24962	24841
4920	102.058896	0.000084	3.770000	-18.720000	7.070000	1.350000	-0.076000	-0.318000	30377	28128	30707	25675	24962	24841
4921	102.087136	0.028240	3.770000	-18.720000	7.070000	1.424000	0.002000	-0.370000	30377	28128	30707	25712	25001	24815
4922	102.087204	0.000068	4.760000	-18.710000	7.070000	1.424000	0.002000	-0.370000	30476	28129	30707	25712	25001	24815
4923	102.116276	0.029072	6.020000	-18.140000	7.620000	1.424000	0.002000	-0.370000	30602	28186	30762	25712	25001	24815
4924	102.147157	0.030880	6.020000	-18.140000	7.620000	1.430000	0.108000	-0.406000	30602	28186	30762	25715	25054	24797
4925	102.147229	0.000072	6.020000	-18.140000	7.620000	1.482000	0.332000	-0.460000	30602	28186	30762	25741	25166	24770
4926	102.147250	0.000021	7.430000	-17.840000	5.820000	1.482000	0.332000	-0.460000	30743	28216	30582	25741	25166	24770
4927	102.177204	0.029954	7.540000	-18.990000	4.960000	1.482000	0.332000	-0.460000	30754	28101	30496	25741	25166	24770
4928	102.207606	0.030403	8.310000	-17.540000	3.770000	1.482000	0.332000	-0.460000	30831	28246	30377	25741	25166	24770
4929	102.237272	0.029665	7.520000	-16.980000	2.650000	1.482000	0.332000	-0.460000	30752	28302	30265	25741	25166	24770
4930	102.264497	0.027225	7.520000	-16.980000	2.650000	1.038000	0.634000	-0.324000	30752	28302	30265	25519	25317	24838
4931	102.264590	0.000093	7.730000	-16.200000	2.030000	1.038000	0.634000	-0.324000	30773	28380	30203	25519	25317	24838
4932	102.296514	0.031923	8.090000	-14.820000	0.650000	1.038000	0.634000	-0.324000	30809	28518	30065	25519	25317	24838
4933	102.324136	0.027622	8.090000	-14.820000	0.650000	0.740000	0.586000	-0.272000	30809	28518	30065	25370	25293	24864
4934	102.324207	0.000071	7.380000	-15.370000	0.660000	0.740000	0.586000	-0.272000	30738	28463	30066	25370	25293	24864
4935	102.350427	0.026219	6.400000	-15.840000	-0.140000	0.740000	0.586000	-0.272000	30640	28416	29986	25370	25293	24864
4936	102.380783	0.030356	7.080000	-15.320000	-1.510000	0.740000	0.586000	-0.272000	30708	28468	29849	25370	25293	24864
4937	102.411350	0.030567	7.180000	-13.570000	-1.440000	0.740000	0.586000	-0.272000	30718	28643	29856	25370	25293	24864
4938	102.440625	0.029275	7.050000	-13.970000	-1.470000	0.740000	0.586000	-0.272000	30705	28603	29853	25370	25293	24864
4939	102.472294	0.031670	6.670000	-13.490000	-0.690000	0.740000	0.586000	-0.272000	30667	28651	29931	25370	25293	24864
4940	102.509885	0.037591	6.670000	-13.490000	-0.690000	0.620000	0.354000	-0.408000	30667	28651	29931	25310	25177	24796
4941	102.509966	0.000080	5.740000	-13.300000	-3.090000	0.620000	0.354000	-0.408000	30574	28670	29691	25310	25177	24796
4942	102.546525	0.036559	5.740000	-13.300000	-3.090000	0.544000	0.240000	-0.396000	30574	28670	29691	25272	25120	24802
4943	102.546616	0.000091	5.500000	-12.830000	-4.150000	0.544000	0.240000	-0.396000	30550	28717	29585	25272	25120	24802
4944	102.576555	0.029939	5.500000	-12.830000	-4.150000	0.562000	0.184000	-0.440000	30550	28717	29585	25281	25092	24780
4945	102.576644	0.000089	5.070000	-11.070000	-4.610000	0.562000	0.184000	-0.440000	30507	28893	29539	25281	25092	24780
4946	102.606717	0.030073	0.520000	-9.870000	-6.480000	0.562000	0.184000	-0.440000	30052	29013	29352	25281	25092	24780
4947	102.647889	0.041172	0.520000	-9.870000	-6.480000	0.352000	0.002000	-0.354000	30052	29013	29352	25176	25001	24823
4948	102.648079	0.000190	0.520000	-9.870000	-6.480000	0.388000	0.046000	-0.276000	30052	29013	29352	25194	25023	24862
4949	102.648172	0.000093	1.890000	-10.910000	-7.070000	0.388000	0.046000	-0.276000	30189	28909	29293	25194	25023	24862
4950	102.693244	0.045072	3.160000	-10.010000	-5.220000	0.388000	0.046000	-0.276000	30316	28999	29478	25194	25023	24862
4951	102.721871	0.028627	2.370000	-9.700000	-4.650000	0.388000	0.046000	-0.276000	30237	29030	29535	25194	25023	24862
4952	102.748479	0.026608	2.370000	-9.700000	-4.650000	0.444000	0.058000	-0.178000	30237	29030	29535	25222	25029	24911
4953	102.748567	0.000088	2.320000	-10.210000	-4.370000	0.444000	0.058000	-0.178000	30232	28979	29563	25222	25029	24911
4954	102.780477	0.031910	2.980000	-9.070000	-3.320000	0.444000	0.058000	-0.178000	30298	29093	29668	25222	25029	24911
4955	102.814204	0.033727	4.190000	-8.320000	-3.320000	0.444000	0.058000	-0.178000	30419	29168	29668	25222	25029	24911
4956	102.851550	0.037346	4.190000	-8.320000	-3.320000	0.358000	0.186000	-0.096000	30419	29168	29668	25179	25093	24952
4957	102.851627	0.000077	4.190000	-8.320000	-3.320000	0.338000	0.118000	-0.054000	30419	29168	29668	25169	25059	24973
4958	102.851676	0.000049	4.250000	-8.420000	-0.890000	0.338000	0.118000	-0.054000	30425	29158	29911	25169	25059	24973
4959	102.885352	0.033676	4.260000	-6.680000	-1.730000	0.338000	0.118000	-0.054000	30426	29332	29827	25169	25059	24973
4960	102.917234	0.031882	4.540000	-5.300000	-0.550000	0.338000	0.118000	-0.054000	30454	29470	29945	25169	25059	24973
4961	102.944982	0.027748	4.360000	-5.470000	-1.170000	0.338000	0.118000	-0.054000	30436	29453	29883	25169	25059	24973
4962	102.973276	0.028294	4.800000	-4.060000	-0.870000	0.338000	0.118000	-0.054000	30480	29594	29913	25169	25059	24973
4963	103.001536	0.028260	4.800000	-4.060000	-0.870000	0.096000	0.202000	-0.108000	30480	29594	29913	25048	25101	24946
4964	103.001612	0.000076	4.240000	-4.810000	-0.850000	0.096000	0.202000	-0.108000	30424	29519	29915	25048	25101	24946
4965	103.032502	0.030890	3.870000	-3.710000	-0.890000	0.096000	0.202000	-0.108000	30387	29629	29911	25048	25101	24946
4966	103.063278	0.030775	3.870000	-3.710000	-0.890000	0.128000	0.162000	-0.094000	30387	29629	29911	25064	25081	24953
4967	103.063340	0.000063	4.640000	-4.270000	-0.320000	0.128000	0.162000	-0.094000	30464	29573	29968	25064	25081	24953
4968	103.093096	0.029756	4.010000	-3.760000	-1.150000	0.128000	0.162000	-0.094000	30401	29624	29885	25064	25081	24953
4969	103.125412	0.032316	3.350000	-3.680000	-0.540000	0.128000	0.162000	-0.094000	30335	29632	29946	25064	25081	24953
4970	103.162593	0.037181	2.520000	-3.960000	-1.380000	0.128000	0.162000	-0.094000	30252	29604	29862	25064	25081	24953
4971	103.196208	0.033614	2.200000	-4.210000	-1.610000	0.128000	0.162000	-0.094000	30220	29579	29839	25064	25081	24953
4972	103.226632	0.030424	2.200000	-4.210000	-1.610000	0.122000	-0.002000	-0.110000	30220	29579	29839	25061	24999	24945
4973	103.226715	0.000083	2.110000	-4.740000	-2.330000	0.122000	-0.002000	-0.110000	30211	29526	29767	25061	24999	24945
4974	103.257641	0.030925	2.800000	-4.270000	-0.630000	0.122000	-0.002000	-0.110000	30280	29573	29937	25061	24999	24945
4975	103.289569	0.031928	2.800000	-4.270000	-0.630000	0.094000	0.100000	-0.190000	30280	29573	29937	25047	25050	24905
4976	103.289750	0.000181	2.300000	-3.990000	-0.530000	0.094000	0.100000	-0.190000	30230	29601	29947	25047	25050	24905
4977	103.330520	0.040770	2.130000	-2.130000	-1.020000	0.094000	0.100000	-0.190000	30213	29787	29898	25047	25050	24905
4978	103.362760	0.032239	2.010000	-1.720000	-0.470000	0.094000	0.100000	-0.190000	30201	29828	29953	25047	25050	24905
4979	103.395676	0.032916	2.010000	-1.720000	-0.470000	0.026000	-0.062000	-0.258000	30201	29828	29953	25013	24969	24871
4980	103.395741	0.000065	2.050000	0.090000	-0.190000	0.026000	-0.062000	-0.258000	30205	30009	29981	25013	24969	24871
4981	103.425113	0.029372	0.110000	1.750000	-0.710000	0.026000	-0.062000	-0.258000	30011	30175	29929	25013	24969	24871
4982	103.455273	0.030160	0.410000	0.740000	-1.830000	0.026000	-0.062000	-0.258000	30041	30074	29817	25013	24969	24871
4983	103.481826	0.026553	0.130000	-1.770000	-2.950000	0.026000	-0.062000	-0.258000	30013	29823	29705	25013	24969	24871
4984	103.508376	0.026550	-2.340000	0.570000	-2.080000	0.026000	-0.062000	-0.258000	29766	30057	29792	25013	24969	24871
4985	103.541259	0.032882	-1.060000	0.550000	-1.510000	0.026000	-0.062000	-0.258000	29894	30055	29849	25013	24969	24871
4986	103.583152	0.041893	-0.170000	-0.610000	-2.370000	0.026000	-0.062000	-0.258000	29983	29939	29763	25013	24969	24871
4987	103.609544	0.026392	0.280000	0.680000	-0.370000	0.026000	-0.062000	-0.258000	30028	30068	29963	25013	24969	24871
4988	103.635475	0.025930	0.280000	0.680000	-0.370000	-0.158000	-0.162000	-0.168000	30028	30068	29963	24921	24919	24916
4989	103.635552	0.000077	0.090000	0.760000	-0.390000	-0.158000	-0.162000	-0.168000	30009	30076	29961	24921	24919	24916
4990	103.664784	0.029232	1.410000	1.190000	0.730000	-0.158000	-0.162000	-0.168000	30141	30119	30073	24921	24919	24916
4991	103.701333	0.036549	1.410000	1.190000	0.730000	-0.236000	-0.094000	-0.234000	30141	30119	30073	24882	24953	24883
4992	103.701415	0.000082	1.590000	-0.230000	-0.140000	-0.236000	-0.094000	-0.234000	30159	29977	29986	24882	24953	24883
4993	103.732600	0.031185	1.590000	-0.230000	-0.140000	-0.172000	-0.082000	-0.192000	30159	29977	29986	24914	24959	24904
4994	103.732680	0.000080	0.820000	-0.210000	0.340000	-0.172000	-0.082000	-0.192000	30082	29979	30034	24914	24959	24904
4995	103.763949	0.031269	0.890000	-2.770000	0.350000	-0.172000	-0.082000	-0.192000	30089	29723	30035	24914	24959	24904
4996	103.796037	0.032088	0.890000	-2.770000	0.350000	-0.028000	-0.012000	-0.070000	30089	29723	30035	24986	24994	24965
4997	103.796242	0.000205	0.890000	-2.770000	0.350000	0.012000	0.014000	-0.004000	30089	29723	30035	25006	25007	24998
4998	103.796298	0.000056	1.290000	-3.530000	1.700000	0.012000	0.014000	-0.004000	30129	29647	30170	25006	25007	24998
4999	103.827897	0.031599	4.230000	-3.980000	3.060000	0.012000	0.014000	-0.004000	30423	29602	30306	25006	25007	24998
5000	103.859713	0.031816	4.240000	-4.130000	3.050000	0.012000	0.014000	-0.004000	30424	29587	30305	25006	25007	24998
5001	103.896088	0.036375	6.340000	-5.870000	4.450000	0.012000	0.014000	-0.004000	30634	29413	30445	25006	25007	24998
5002	103.923421	0.027333	6.740000	-8.670000	5.880000	0.012000	0.014000	-0.004000	30674	29133	30588	25006	25007	24998
5003	103.957283	0.033863	6.740000	-8.670000	5.880000	0.504000	0.422000	-0.140000	30674	29133	30588	25252	25211	24930
5004	103.957378	0.000094	7.560000	-9.990000	7.210000	0.504000	0.422000	-0.140000	30756	29001	30721	25252	25211	24930
5005	103.990065	0.032687	7.230000	-10.020000	7.220000	0.504000	0.422000	-0.140000	30723	28998	30722	25252	25211	24930
5006	104.016459	0.026394	8.230000	-10.400000	8.360000	0.504000	0.422000	-0.140000	30823	28960	30836	25252	25211	24930
5007	104.050224	0.033765	9.450000	-12.810000	9.130000	0.504000	0.422000	-0.140000	30945	28719	30913	25252	25211	24930
5008	104.078704	0.028480	9.450000	-12.810000	9.130000	0.882000	0.638000	-0.186000	30945	28719	30913	25441	25319	24907
5009	104.078779	0.000074	9.770000	-14.510000	11.470000	0.882000	0.638000	-0.186000	30977	28549	31147	25441	25319	24907
5010	104.107918	0.029140	10.290000	-15.870000	10.570000	0.882000	0.638000	-0.186000	31029	28413	31057	25441	25319	24907
5011	104.139770	0.031851	10.290000	-15.870000	10.570000	1.038000	0.676000	-0.124000	31029	28413	31057	25519	25338	24938
5012	104.139839	0.000070	10.290000	-15.870000	10.570000	1.168000	0.782000	-0.114000	31029	28413	31057	25584	25391	24943
5013	104.139860	0.000020	12.060000	-17.890000	11.080000	1.168000	0.782000	-0.114000	31206	28211	31108	25584	25391	24943
5014	104.171011	0.031151	12.270000	-19.710000	11.360000	1.168000	0.782000	-0.114000	31227	28029	31136	25584	25391	24943
5015	104.203261	0.032250	12.270000	-19.710000	11.360000	1.252000	0.740000	-0.088000	31227	28029	31136	25626	25370	24956
5016	104.203332	0.000071	12.460000	-21.010000	11.340000	1.252000	0.740000	-0.088000	31246	27899	31134	25626	25370	24956
5017	104.235589	0.032257	11.910000	-22.150000	10.150000	1.252000	0.740000	-0.088000	31191	27785	31015	25626	25370	24956
5018	104.269118	0.033529	11.190000	-23.230000	10.240000	1.252000	0.740000	-0.088000	31119	27677	31024	25626	25370	24956
5019	104.301402	0.032284	11.090000	-24.290000	10.200000	1.252000	0.740000	-0.088000	31109	27571	31020	25626	25370	24956
5020	104.331988	0.030586	11.380000	-25.540000	9.360000	1.252000	0.740000	-0.088000	31138	27446	30936	25626	25370	24956
5021	104.363511	0.031523	11.380000	-25.540000	9.360000	1.252000	0.740000	-0.088000	31138	27446	30936	25626	25370	24956
5022	104.399426	0.035915	13.170000	-26.260000	10.140000	1.252000	0.740000	-0.088000	31317	27374	31014	25626	25370	24956
5023	104.432239	0.032813	13.170000	-26.260000	10.140000	1.500000	0.734000	0.004000	31317	27374	31014	25750	25367	25002
5024	104.432453	0.000215	13.290000	-27.210000	9.590000	1.500000	0.734000	0.004000	31329	27279	30959	25750	25367	25002
5025	104.462669	0.030216	13.510000	-27.340000	10.140000	1.500000	0.734000	0.004000	31351	27266	31014	25750	25367	25002
5026	104.489235	0.026566	14.160000	-28.580000	9.520000	1.500000	0.734000	0.004000	31416	27142	30952	25750	25367	25002
5027	104.529586	0.040351	14.160000	-28.580000	9.520000	1.590000	0.758000	0.056000	31416	27142	30952	25795	25379	25028
5028	104.529660	0.000074	14.290000	-30.860000	10.650000	1.590000	0.758000	0.056000	31429	26914	31065	25795	25379	25028
5029	104.558130	0.028470	14.180000	-31.050000	10.680000	1.590000	0.758000	0.056000	31418	26895	31068	25795	25379	25028
5030	104.589246	0.031116	15.200000	-32.160000	11.300000	1.590000	0.758000	0.056000	31520	26784	31130	25795	25379	25028
5031	104.620593	0.031347	15.370000	-33.460000	10.630000	1.590000	0.758000	0.056000	31537	26654	31063	25795	25379	25028
5032	104.653300	0.032706	15.390000	-33.340000	10.150000	1.590000	0.758000	0.056000	31539	26666	31015	25795	25379	25028
5033	104.680619	0.027320	15.390000	-33.340000	10.150000	1.822000	0.764000	0.122000	31539	26666	31015	25911	25382	25061
5034	104.680684	0.000065	15.320000	-34.030000	9.560000	1.822000	0.764000	0.122000	31532	26597	30956	25911	25382	25061
5035	104.707021	0.026336	15.560000	-34.660000	9.520000	1.822000	0.764000	0.122000	31556	26534	30952	25911	25382	25061
5036	104.737255	0.030234	15.560000	-34.660000	9.520000	1.896000	0.790000	0.178000	31556	26534	30952	25948	25395	25089
5037	104.737344	0.000089	15.380000	-34.950000	9.510000	1.896000	0.790000	0.178000	31538	26505	30951	25948	25395	25089
5038	104.769959	0.032616	14.880000	-36.380000	10.660000	1.896000	0.790000	0.178000	31488	26362	31066	25948	25395	25089
5039	104.797187	0.027227	15.220000	-36.270000	11.230000	1.896000	0.790000	0.178000	31522	26373	31123	25948	25395	25089
5040	104.827350	0.030164	16.410000	-35.850000	12.620000	1.896000	0.790000	0.178000	31641	26415	31262	25948	25395	25089
5041	104.858780	0.031430	16.410000	-35.850000	12.620000	1.966000	0.888000	0.220000	31641	26415	31262	25983	25444	25110
5042	104.858886	0.000106	16.530000	-37.580000	12.050000	1.966000	0.888000	0.220000	31653	26242	31205	25983	25444	25110
5043	104.886668	0.027781	15.890000	-37.850000	11.470000	1.966000	0.888000	0.220000	31589	26215	31147	25983	25444	25110
5044	104.916149	0.029482	15.660000	-37.210000	11.490000	1.966000	0.888000	0.220000	31566	26279	31149	25983	25444	25110
5045	104.943403	0.027254	15.660000	-37.210000	11.490000	2.064000	0.866000	0.280000	31566	26279	31149	26032	25433	25140
5046	104.943472	0.000069	16.740000	-37.230000	12.060000	2.064000	0.866000	0.280000	31674	26277	31206	26032	25433	25140
5047	104.973482	0.030010	15.810000	-38.050000	12.610000	2.064000	0.866000	0.280000	31581	26195	31261	26032	25433	25140
5048	105.003327	0.029846	15.810000	-38.050000	12.610000	2.176000	0.830000	0.252000	31581	26195	31261	26088	25415	25126
5049	105.003441	0.000114	17.830000	-37.880000	12.620000	2.176000	0.830000	0.252000	31783	26212	31262	26088	25415	25126
5050	105.033765	0.030324	17.830000	-37.880000	12.620000	2.114000	0.948000	0.218000	31783	26212	31262	26057	25474	25109
5051	105.033867	0.000102	18.450000	-37.860000	12.300000	2.114000	0.948000	0.218000	31845	26214	31230	26057	25474	25109
5052	105.067995	0.034128	17.820000	-37.510000	12.880000	2.114000	0.948000	0.218000	31782	26249	31288	26057	25474	25109
5053	105.098257	0.030262	17.820000	-37.510000	12.880000	2.078000	0.974000	0.224000	31782	26249	31288	26039	25487	25112
5054	105.098328	0.000070	18.270000	-37.650000	12.880000	2.078000	0.974000	0.224000	31827	26235	31288	26039	25487	25112
5055	105.128124	0.029796	17.610000	-37.400000	13.150000	2.078000	0.974000	0.224000	31761	26260	31315	26039	25487	25112
5056	105.159184	0.031061	17.640000	-36.790000	12.080000	2.078000	0.974000	0.224000	31764	26321	31208	26039	25487	25112
5057	105.184945	0.025761	17.640000	-36.790000	12.080000	2.044000	0.928000	0.242000	31764	26321	31208	26022	25464	25121
5058	105.185046	0.000101	17.640000	-36.790000	12.080000	2.038000	0.992000	0.208000	31764	26321	31208	26019	25496	25104
5059	105.185093	0.000047	17.770000	-34.360000	12.610000	2.038000	0.992000	0.208000	31777	26564	31261	26019	25496	25104
5060	105.223932	0.038838	17.770000	-34.360000	12.610000	1.924000	0.930000	0.230000	31777	26564	31261	25962	25465	25115
5061	105.224024	0.000092	17.620000	-33.190000	12.910000	1.924000	0.930000	0.230000	31762	26681	31291	25962	25465	25115
5062	105.258347	0.034323	17.620000	-33.190000	12.910000	1.898000	0.962000	0.238000	31762	26681	31291	25949	25481	25119
5063	105.258429	0.000082	17.730000	-31.800000	12.320000	1.898000	0.962000	0.238000	31773	26820	31232	25949	25481	25119
5064	105.285230	0.026801	17.730000	-31.800000	12.320000	1.780000	0.976000	0.192000	31773	26820	31232	25890	25488	25096
5065	105.285303	0.000073	17.600000	-30.610000	12.350000	1.780000	0.976000	0.192000	31760	26939	31235	25890	25488	25096
5066	105.317773	0.032470	16.650000	-28.060000	12.050000	1.780000	0.976000	0.192000	31665	27194	31205	25890	25488	25096
5067	105.350131	0.032358	16.650000	-28.060000	12.050000	1.554000	0.928000	0.178000	31665	27194	31205	25777	25464	25089
5068	105.350207	0.000076	16.650000	-28.060000	12.050000	1.554000	0.928000	0.178000	31665	27194	31205	25777	25464	25089
5069	105.383203	0.032996	15.190000	-27.430000	10.920000	1.554000	0.928000	0.178000	31519	27257	31092	25777	25464	25089
5070	105.415199	0.031996	14.170000	-25.610000	11.010000	1.554000	0.928000	0.178000	31417	27439	31101	25777	25464	25089
5071	105.448737	0.033537	13.740000	-23.580000	9.300000	1.554000	0.928000	0.178000	31374	27642	30930	25777	25464	25089
5072	105.480661	0.031925	12.770000	-22.570000	8.750000	1.554000	0.928000	0.178000	31277	27743	30875	25777	25464	25089
5073	105.510521	0.029859	12.770000	-22.570000	8.750000	1.110000	0.598000	0.102000	31277	27743	30875	25555	25299	25051
5074	105.510589	0.000068	8.430000	-17.350000	6.590000	1.110000	0.598000	0.102000	30843	28265	30659	25555	25299	25051
5075	105.535750	0.025161	6.820000	-14.950000	6.040000	1.110000	0.598000	0.102000	30682	28505	30604	25555	25299	25051
5076	105.566587	0.030837	6.150000	-11.530000	4.990000	1.110000	0.598000	0.102000	30615	28847	30499	25555	25299	25051
5077	105.596576	0.029989	5.030000	-8.960000	3.900000	1.110000	0.598000	0.102000	30503	29104	30390	25555	25299	25051
5078	105.630741	0.034165	5.030000	-8.960000	3.900000	0.446000	0.232000	-0.028000	30503	29104	30390	25223	25116	24986
5079	105.630835	0.000094	4.020000	-7.040000	3.650000	0.446000	0.232000	-0.028000	30402	29296	30365	25223	25116	24986
5080	105.661441	0.030606	4.020000	-7.040000	3.650000	0.212000	0.080000	-0.034000	30402	29296	30365	25106	25040	24983
5081	105.661514	0.000073	1.580000	-2.610000	2.270000	0.212000	0.080000	-0.034000	30158	29739	30227	25106	25040	24983
5082	105.694985	0.033470	1.580000	-2.610000	2.270000	0.120000	0.096000	-0.044000	30158	29739	30227	25060	25048	24978
5083	105.695050	0.000066	1.580000	-2.610000	2.270000	-0.030000	0.074000	-0.042000	30158	29739	30227	24985	25037	24979
5084	105.695083	0.000033	-0.330000	-1.200000	-0.220000	-0.030000	0.074000	-0.042000	29967	29880	29978	24985	25037	24979
5085	105.726541	0.031459	-0.330000	-1.200000	-0.220000	-0.032000	-0.042000	0.028000	29967	29880	29978	24984	24979	25014
5086	105.726617	0.000076	0.420000	-0.550000	-0.170000	-0.032000	-0.042000	0.028000	30042	29945	29983	24984	24979	25014
5087	105.758377	0.031760	0.420000	-0.550000	-0.170000	-0.188000	-0.024000	-0.026000	30042	29945	29983	24906	24988	24987
5088	105.758445	0.000067	0.420000	2.130000	-0.200000	-0.188000	-0.024000	-0.026000	30042	30213	29980	24906	24988	24987
5089	105.783878	0.025433	0.420000	2.130000	-0.200000	-0.248000	-0.012000	-0.034000	30042	30213	29980	24876	24994	24983
5090	105.783944	0.000066	0.310000	2.820000	-0.750000	-0.248000	-0.012000	-0.034000	30031	30282	29925	24876	24994	24983
5091	105.814610	0.030666	0.310000	2.820000	-0.750000	-0.276000	0.000000	-0.034000	30031	30282	29925	24862	25000	24983
5092	105.814688	0.000078	0.370000	2.480000	-0.170000	-0.276000	0.000000	-0.034000	30037	30248	29983	24862	25000	24983
5093	105.845525	0.030837	-0.210000	2.080000	-0.750000	-0.276000	0.000000	-0.034000	29979	30208	29925	24862	25000	24983
5094	105.872307	0.026782	-0.160000	2.620000	-0.690000	-0.276000	0.000000	-0.034000	29984	30262	29931	24862	25000	24983
5095	105.913882	0.041575	-0.160000	2.620000	-0.690000	-0.254000	-0.052000	-0.050000	29984	30262	29931	24873	24974	24975
5096	105.913988	0.000106	-0.040000	2.420000	-0.150000	-0.254000	-0.052000	-0.050000	29996	30242	29985	24873	24974	24975
5097	105.946712	0.032723	-0.040000	2.420000	-0.150000	-0.240000	-0.034000	-0.046000	29996	30242	29985	24880	24983	24977
5098	105.946779	0.000067	-0.260000	1.800000	-0.440000	-0.240000	-0.034000	-0.046000	29974	30180	29956	24880	24983	24977
5099	105.973943	0.027164	-0.290000	1.830000	-0.980000	-0.240000	-0.034000	-0.046000	29971	30183	29902	24880	24983	24977
5100	106.003906	0.029963	-0.290000	1.830000	-0.980000	-0.186000	-0.034000	-0.016000	29971	30183	29902	24907	24983	24992
5101	106.004082	0.000176	-0.670000	2.670000	-1.030000	-0.186000	-0.034000	-0.016000	29933	30267	29897	24907	24983	24992
5102	106.033156	0.029074	-0.040000	3.440000	-1.300000	-0.186000	-0.034000	-0.016000	29996	30344	29870	24907	24983	24992
5103	106.060834	0.027678	-0.330000	2.900000	-0.700000	-0.186000	-0.034000	-0.016000	29967	30290	29930	24907	24983	24992
5104	106.088690	0.027856	-0.330000	2.900000	-0.700000	-0.276000	-0.050000	-0.042000	29967	30290	29930	24862	24975	24979
5105	106.088758	0.000068	-0.280000	3.060000	-0.690000	-0.276000	-0.050000	-0.042000	29972	30306	29931	24862	24975	24979
5106	106.120854	0.032095	-0.150000	3.010000	-1.560000	-0.276000	-0.050000	-0.042000	29985	30301	29844	24862	24975	24979
5107	106.154590	0.033736	-0.210000	3.050000	-1.000000	-0.276000	-0.050000	-0.042000	29979	30305	29900	24862	24975	24979
5108	106.185489	0.030899	-0.060000	2.840000	-0.730000	-0.276000	-0.050000	-0.042000	29994	30284	29927	24862	24975	24979
5109	106.212484	0.026995	0.300000	3.870000	-1.320000	-0.276000	-0.050000	-0.042000	30030	30387	29868	24862	24975	24979
5110	106.244659	0.032176	0.710000	3.280000	-0.790000	-0.276000	-0.050000	-0.042000	30071	30328	29921	24862	24975	24979
5111	106.277150	0.032490	0.720000	3.050000	-1.260000	-0.276000	-0.050000	-0.042000	30072	30305	29874	24862	24975	24979
5112	106.309959	0.032809	0.540000	3.440000	-1.280000	-0.276000	-0.050000	-0.042000	30054	30344	29872	24862	24975	24979
5113	106.342132	0.032173	0.540000	3.440000	-1.280000	-0.292000	0.020000	-0.060000	30054	30344	29872	24854	25010	24970
5114	106.342221	0.000089	-0.090000	3.380000	-1.550000	-0.292000	0.020000	-0.060000	29991	30338	29845	24854	25010	24970
5115	106.373746	0.031526	0.600000	3.020000	-0.460000	-0.292000	0.020000	-0.060000	30060	30302	29954	24854	25010	24970
5116	106.401500	0.027753	0.600000	3.020000	-0.460000	-0.288000	0.006000	-0.060000	30060	30302	29954	24856	25003	24970
5117	106.401578	0.000078	-0.290000	2.670000	-0.990000	-0.288000	0.006000	-0.060000	29971	30267	29901	24856	25003	24970
5118	106.427565	0.025988	-0.290000	2.670000	-0.990000	-0.278000	-0.046000	-0.032000	29971	30267	29901	24861	24977	24984
5119	106.427658	0.000093	-0.290000	2.670000	-0.990000	-0.324000	-0.030000	-0.014000	29971	30267	29901	24838	24985	24993
5120	106.427691	0.000033	-0.490000	2.910000	-1.290000	-0.324000	-0.030000	-0.014000	29951	30291	29871	24838	24985	24993
5121	106.459992	0.032301	-0.460000	3.310000	-1.550000	-0.324000	-0.030000	-0.014000	29954	30331	29845	24838	24985	24993
5122	106.491683	0.031691	-0.520000	2.570000	-1.300000	-0.324000	-0.030000	-0.014000	29948	30257	29870	24838	24985	24993
5123	106.524515	0.032832	-0.520000	2.570000	-1.300000	-0.260000	-0.042000	-0.030000	29948	30257	29870	24870	24979	24985
5124	106.524603	0.000088	-0.370000	3.110000	-0.440000	-0.260000	-0.042000	-0.030000	29963	30311	29956	24870	24979	24985
5125	106.558328	0.033725	-0.370000	3.110000	-0.440000	-0.278000	-0.046000	-0.038000	29963	30311	29956	24861	24977	24981
5126	106.558397	0.000069	-0.100000	3.280000	-0.440000	-0.278000	-0.046000	-0.038000	29990	30328	29956	24861	24977	24981
5127	106.588671	0.030274	-0.260000	3.500000	-1.000000	-0.278000	-0.046000	-0.038000	29974	30350	29900	24861	24977	24981
5128	106.618672	0.030001	-0.260000	3.500000	-1.000000	-0.292000	-0.036000	-0.042000	29974	30350	29900	24854	24982	24979
5129	106.618741	0.000069	0.250000	3.080000	-0.710000	-0.292000	-0.036000	-0.042000	30025	30308	29929	24854	24982	24979
5130	106.649546	0.030806	0.250000	3.080000	-0.710000	-0.258000	-0.016000	-0.032000	30025	30308	29929	24871	24992	24984
5131	106.649628	0.000082	0.130000	3.350000	-1.530000	-0.258000	-0.016000	-0.032000	30013	30335	29847	24871	24992	24984
5132	106.676655	0.027027	0.130000	3.350000	-1.530000	-0.294000	-0.026000	-0.054000	30013	30335	29847	24853	24987	24973
5133	106.676719	0.000064	0.130000	3.350000	-1.530000	-0.274000	-0.024000	-0.034000	30013	30335	29847	24863	24988	24983
5134	106.676739	0.000020	-0.250000	3.500000	-1.520000	-0.274000	-0.024000	-0.034000	29975	30350	29848	24863	24988	24983
5135	106.708496	0.031756	0.280000	3.240000	-1.260000	-0.274000	-0.024000	-0.034000	30028	30324	29874	24863	24988	24983
5136	106.736628	0.028133	0.260000	3.450000	-0.720000	-0.274000	-0.024000	-0.034000	30026	30345	29928	24863	24988	24983
5137	106.776461	0.039833	0.450000	3.580000	-0.990000	-0.274000	-0.024000	-0.034000	30045	30358	29901	24863	24988	24983
5138	106.811778	0.035317	0.190000	3.430000	-1.020000	-0.274000	-0.024000	-0.034000	30019	30343	29898	24863	24988	24983
5139	106.843391	0.031613	0.190000	3.430000	-1.020000	-0.284000	0.004000	-0.060000	30019	30343	29898	24858	25002	24970
5140	106.843465	0.000074	0.220000	3.530000	-0.760000	-0.284000	0.004000	-0.060000	30022	30353	29924	24858	25002	24970
5141	106.876803	0.033338	0.220000	3.530000	-0.760000	-0.298000	-0.006000	-0.056000	30022	30353	29924	24851	24997	24972
5142	106.876872	0.000070	0.160000	3.500000	-0.760000	-0.298000	-0.006000	-0.056000	30016	30350	29924	24851	24997	24972
5143	106.907939	0.031066	0.330000	2.980000	-0.190000	-0.298000	-0.006000	-0.056000	30033	30298	29981	24851	24997	24972
5144	106.937061	0.029122	-0.430000	3.470000	-0.110000	-0.298000	-0.006000	-0.056000	29957	30347	29989	24851	24997	24972
5145	106.966426	0.029365	-0.430000	3.470000	-0.110000	-0.296000	-0.052000	-0.036000	29957	30347	29989	24852	24974	24982
5146	106.966542	0.000117	-0.060000	3.750000	-0.690000	-0.296000	-0.052000	-0.036000	29994	30375	29931	24852	24974	24982
5147	106.995939	0.029396	-0.330000	3.350000	-1.290000	-0.296000	-0.052000	-0.036000	29967	30335	29871	24852	24974	24982
5148	107.027118	0.031179	-0.220000	3.530000	-0.930000	-0.296000	-0.052000	-0.036000	29978	30353	29907	24852	24974	24982
5149	107.058401	0.031284	0.020000	3.410000	-1.510000	-0.296000	-0.052000	-0.036000	30002	30341	29849	24852	24974	24982
5150	107.089406	0.031005	0.200000	4.090000	-1.020000	-0.296000	-0.052000	-0.036000	30020	30409	29898	24852	24974	24982
5151	107.124793	0.035387	0.200000	4.090000	-1.020000	-0.350000	0.006000	-0.052000	30020	30409	29898	24825	25003	24974
5152	107.124878	0.000085	0.200000	4.090000	-1.020000	-0.278000	-0.024000	-0.038000	30020	30409	29898	24861	24988	24981
5153	107.124924	0.000047	-0.370000	3.460000	-1.550000	-0.278000	-0.024000	-0.038000	29963	30346	29845	24861	24988	24981
5154	107.155413	0.030489	-0.370000	3.460000	-1.550000	-0.314000	-0.026000	-0.042000	29963	30346	29845	24843	24987	24979
5155	107.155496	0.000083	-0.830000	3.730000	-2.370000	-0.314000	-0.026000	-0.042000	29917	30373	29763	24843	24987	24979
5156	107.186267	0.030771	-0.840000	3.380000	-2.070000	-0.314000	-0.026000	-0.042000	29916	30338	29793	24843	24987	24979
5157	107.215153	0.028886	-0.840000	3.380000	-2.070000	-0.320000	-0.052000	-0.012000	29916	30338	29793	24840	24974	24994
5158	107.215230	0.000077	-1.680000	2.370000	-1.790000	-0.320000	-0.052000	-0.012000	29832	30237	29821	24840	24974	24994
5159	107.245384	0.030154	-1.090000	3.990000	-2.060000	-0.320000	-0.052000	-0.012000	29891	30399	29794	24840	24974	24994
5160	107.276981	0.031597	-0.700000	3.250000	-2.050000	-0.320000	-0.052000	-0.012000	29930	30325	29795	24840	24974	24994
5161	107.309271	0.032290	-0.700000	3.250000	-2.050000	-0.360000	-0.040000	-0.030000	29930	30325	29795	24820	24980	24985
5162	107.309354	0.000083	-0.460000	4.010000	-1.800000	-0.360000	-0.040000	-0.030000	29954	30401	29820	24820	24980	24985
5163	107.341555	0.032200	-0.120000	4.490000	-1.270000	-0.360000	-0.040000	-0.030000	29988	30449	29873	24820	24980	24985
5164	107.368741	0.027186	-1.290000	4.200000	-2.300000	-0.360000	-0.040000	-0.030000	29871	30420	29770	24820	24980	24985
5165	107.399501	0.030760	-1.290000	4.200000	-2.300000	-0.334000	-0.222000	-0.084000	29871	30420	29770	24833	24889	24958
5166	107.399577	0.000076	-1.230000	3.070000	-3.080000	-0.334000	-0.222000	-0.084000	29877	30307	29692	24833	24889	24958
5167	107.430785	0.031208	-1.260000	3.450000	-1.460000	-0.334000	-0.222000	-0.084000	29874	30345	29854	24833	24889	24958
5168	107.463544	0.032759	-1.260000	3.920000	-1.470000	-0.334000	-0.222000	-0.084000	29874	30392	29853	24833	24889	24958
5169	107.492912	0.029367	-1.260000	3.920000	-1.470000	-0.386000	-0.068000	-0.026000	29874	30392	29853	24807	24966	24987
5170	107.492986	0.000074	-0.720000	3.810000	-1.020000	-0.386000	-0.068000	-0.026000	29928	30381	29898	24807	24966	24987
5171	107.524837	0.031852	-0.720000	3.810000	-1.020000	-0.374000	0.018000	-0.050000	29928	30381	29898	24813	25009	24975
5172	107.524940	0.000103	-0.120000	3.340000	-1.260000	-0.374000	0.018000	-0.050000	29988	30334	29874	24813	25009	24975
5173	107.552718	0.027778	-0.540000	3.880000	-1.810000	-0.374000	0.018000	-0.050000	29946	30388	29819	24813	25009	24975
5174	107.581222	0.028504	-0.540000	3.880000	-1.810000	-0.410000	-0.086000	-0.030000	29946	30388	29819	24795	24957	24985
5175	107.581304	0.000082	-1.130000	3.670000	-1.770000	-0.410000	-0.086000	-0.030000	29887	30367	29823	24795	24957	24985
5176	107.611054	0.029749	-0.760000	3.070000	-2.650000	-0.410000	-0.086000	-0.030000	29924	30307	29735	24795	24957	24985
5177	107.641215	0.030161	-0.760000	3.070000	-2.650000	-0.332000	-0.072000	-0.032000	29924	30307	29735	24834	24964	24984
5178	107.641293	0.000078	-0.670000	3.730000	-2.620000	-0.332000	-0.072000	-0.032000	29933	30373	29738	24834	24964	24984
5179	107.671479	0.030186	0.080000	3.120000	-2.910000	-0.332000	-0.072000	-0.032000	30008	30312	29709	24834	24964	24984
5180	107.703510	0.032031	0.080000	3.120000	-2.910000	-0.332000	-0.010000	-0.014000	30008	30312	29709	24834	24995	24993
5181	107.703627	0.000117	0.080000	3.120000	-2.910000	-0.338000	0.002000	-0.002000	30008	30312	29709	24831	25001	24999
5182	107.703656	0.000028	0.080000	3.120000	-2.910000	-0.304000	0.006000	-0.004000	30008	30312	29709	24848	25003	24998
5183	107.703680	0.000024	-0.400000	3.020000	-1.570000	-0.304000	0.006000	-0.004000	29960	30302	29843	24848	25003	24998
5184	107.737856	0.034177	-0.400000	3.020000	-1.570000	-0.272000	-0.042000	-0.042000	29960	30302	29843	24864	24979	24979
5185	107.737968	0.000111	0.150000	4.560000	-2.670000	-0.272000	-0.042000	-0.042000	30015	30456	29733	24864	24979	24979
5186	107.773102	0.035134	-0.170000	4.290000	-2.090000	-0.272000	-0.042000	-0.042000	29983	30429	29791	24864	24979	24979
5187	107.807803	0.034701	-0.170000	4.290000	-2.090000	-0.172000	0.046000	-0.090000	29983	30429	29791	24914	25023	24955
5188	107.807878	0.000075	-3.170000	0.930000	-2.100000	-0.172000	0.046000	-0.090000	29683	30093	29790	24914	25023	24955
5189	107.834830	0.026951	-3.170000	0.930000	-2.100000	0.170000	0.054000	-0.092000	29683	30093	29790	25085	25027	24954
5190	107.834931	0.000101	-3.200000	1.030000	-1.560000	0.170000	0.054000	-0.092000	29680	30103	29844	25085	25027	24954
5191	107.872538	0.037608	-2.720000	0.580000	-1.830000	0.170000	0.054000	-0.092000	29728	30058	29817	25085	25027	24954
5192	107.902398	0.029860	-1.700000	-0.390000	-0.750000	0.170000	0.054000	-0.092000	29830	29961	29925	25085	25027	24954
5193	107.939016	0.036617	-1.620000	-1.490000	-0.230000	0.170000	0.054000	-0.092000	29838	29851	29977	25085	25027	24954
5194	107.977133	0.038118	-2.490000	-2.550000	1.480000	0.170000	0.054000	-0.092000	29751	29745	30148	25085	25027	24954
5195	108.006627	0.029493	-3.190000	-3.420000	0.360000	0.170000	0.054000	-0.092000	29681	29658	30036	25085	25027	24954
5196	108.039150	0.032523	-3.190000	-3.420000	0.360000	1.270000	0.116000	-0.214000	29681	29658	30036	25635	25058	24893
5197	108.039233	0.000083	-3.840000	-4.640000	-0.170000	1.270000	0.116000	-0.214000	29616	29536	29983	25635	25058	24893
5198	108.072832	0.033599	-3.840000	-4.640000	-0.170000	1.466000	0.156000	-0.270000	29616	29536	29983	25733	25078	24865
5199	108.072908	0.000076	-3.860000	-4.610000	1.210000	1.466000	0.156000	-0.270000	29614	29539	30121	25733	25078	24865
5200	108.106364	0.033456	-3.860000	-4.610000	1.210000	1.564000	0.224000	-0.284000	29614	29539	30121	25782	25112	24858
5201	108.106476	0.000112	-4.930000	-4.880000	-0.170000	1.564000	0.224000	-0.284000	29507	29512	29983	25782	25112	24858
5202	108.145235	0.038759	-5.070000	-4.110000	0.380000	1.564000	0.224000	-0.284000	29493	29589	30038	25782	25112	24858
5203	108.177898	0.032663	-5.070000	-4.110000	0.380000	1.626000	0.238000	-0.330000	29493	29589	30038	25813	25119	24835
5204	108.177991	0.000093	-5.370000	-4.300000	0.380000	1.626000	0.238000	-0.330000	29463	29570	30038	25813	25119	24835
5205	108.212424	0.034433	-5.650000	-4.420000	0.110000	1.626000	0.238000	-0.330000	29435	29558	30011	25813	25119	24835
5206	108.245653	0.033229	-6.090000	-3.600000	0.680000	1.626000	0.238000	-0.330000	29391	29640	30068	25813	25119	24835
5207	108.271928	0.026275	-5.190000	-2.310000	0.940000	1.626000	0.238000	-0.330000	29481	29769	30094	25813	25119	24835
5208	108.302498	0.030570	-5.190000	-2.310000	0.940000	1.644000	0.142000	-0.300000	29481	29769	30094	25822	25071	24850
5209	108.302675	0.000177	-5.150000	-2.140000	0.340000	1.644000	0.142000	-0.300000	29485	29786	30034	25822	25071	24850
5210	108.342642	0.039968	-4.580000	-0.970000	1.820000	1.644000	0.142000	-0.300000	29542	29903	30182	25822	25071	24850
5211	108.368843	0.026201	-4.940000	-1.070000	1.520000	1.644000	0.142000	-0.300000	29506	29893	30152	25822	25071	24850
5212	108.398124	0.029281	-4.940000	-1.070000	1.520000	1.750000	0.200000	-0.300000	29506	29893	30152	25875	25100	24850
5213	108.398225	0.000100	-4.940000	-1.070000	1.520000	1.722000	0.204000	-0.328000	29506	29893	30152	25861	25102	24836
5214	108.398253	0.000028	-4.060000	-0.570000	0.110000	1.722000	0.204000	-0.328000	29594	29943	30011	25861	25102	24836
5215	108.430773	0.032520	-3.360000	-0.130000	-0.160000	1.722000	0.204000	-0.328000	29664	29987	29984	25861	25102	24836
5216	108.457970	0.027197	-1.800000	0.280000	-0.480000	1.722000	0.204000	-0.328000	29820	30028	29952	25861	25102	24836
5217	108.487485	0.029516	-1.680000	0.210000	-1.370000	1.722000	0.204000	-0.328000	29832	30021	29863	25861	25102	24836
5218	108.514666	0.027180	-2.360000	-0.310000	-0.770000	1.722000	0.204000	-0.328000	29764	29969	29923	25861	25102	24836
5219	108.542569	0.027903	-2.360000	-0.310000	-0.770000	1.712000	0.448000	-0.362000	29764	29969	29923	25856	25224	24819
5220	108.542649	0.000080	-2.360000	-0.310000	-0.770000	1.818000	0.456000	-0.374000	29764	29969	29923	25909	25228	24813
5221	108.542672	0.000023	-0.810000	-0.100000	-0.270000	1.818000	0.456000	-0.374000	29919	29990	29973	25909	25228	24813
5222	108.571283	0.028610	-0.040000	-0.300000	0.550000	1.818000	0.456000	-0.374000	29996	29970	30055	25909	25228	24813
5223	108.601984	0.030701	-0.040000	-0.300000	0.550000	1.898000	0.528000	-0.408000	29996	29970	30055	25949	25264	24796
5224	108.602072	0.000088	0.150000	-1.260000	0.900000	1.898000	0.528000	-0.408000	30015	29874	30090	25949	25264	24796
5225	108.630007	0.027935	-0.140000	-1.360000	0.390000	1.898000	0.528000	-0.408000	29986	29864	30039	25949	25264	24796
5226	108.656622	0.026615	-0.140000	-1.360000	0.390000	2.238000	0.536000	-0.442000	29986	29864	30039	26119	25268	24779
5227	108.656722	0.000100	-0.170000	-1.210000	0.390000	2.238000	0.536000	-0.442000	29983	29879	30039	26119	25268	24779
5228	108.699308	0.042586	0.700000	0.000000	1.420000	2.238000	0.536000	-0.442000	30070	30000	30142	26119	25268	24779
5229	108.730150	0.030843	1.710000	0.720000	2.530000	2.238000	0.536000	-0.442000	30171	30072	30253	26119	25268	24779
5230	108.758810	0.028660	1.710000	0.720000	2.530000	2.118000	0.610000	-0.460000	30171	30072	30253	26059	25305	24770
5231	108.758891	0.000081	1.170000	0.890000	2.050000	2.118000	0.610000	-0.460000	30117	30089	30205	26059	25305	24770
5232	108.785292	0.026402	1.170000	0.890000	2.050000	2.060000	0.560000	-0.468000	30117	30089	30205	26030	25280	24766
5233	108.785372	0.000080	1.260000	0.960000	1.160000	2.060000	0.560000	-0.468000	30126	30096	30116	26030	25280	24766
5234	108.822733	0.037360	0.790000	0.680000	0.000000	2.060000	0.560000	-0.468000	30079	30068	30000	26030	25280	24766
5235	108.849981	0.027248	0.790000	0.680000	0.000000	2.008000	0.440000	-0.460000	30079	30068	30000	26004	25220	24770
5236	108.850047	0.000066	0.690000	0.650000	0.290000	2.008000	0.440000	-0.460000	30069	30065	30029	26004	25220	24770
5237	108.880945	0.030898	0.900000	1.440000	0.050000	2.008000	0.440000	-0.460000	30090	30144	30005	26004	25220	24770
5238	108.914525	0.033580	1.130000	1.240000	0.600000	2.008000	0.440000	-0.460000	30113	30124	30060	26004	25220	24770
5239	108.947212	0.032688	0.970000	1.550000	0.900000	2.008000	0.440000	-0.460000	30097	30155	30090	26004	25220	24770
5240	108.981376	0.034164	0.900000	0.890000	0.900000	2.008000	0.440000	-0.460000	30090	30089	30090	26004	25220	24770
5241	109.014479	0.033103	1.100000	1.200000	0.910000	2.008000	0.440000	-0.460000	30110	30120	30091	26004	25220	24770
5242	109.049823	0.035345	1.100000	1.200000	0.910000	2.010000	0.508000	-0.462000	30110	30120	30091	26005	25254	24769
5243	109.049903	0.000079	1.100000	1.200000	0.910000	2.078000	0.456000	-0.472000	30110	30120	30091	26039	25228	24764
5244	109.049927	0.000024	1.460000	1.180000	1.100000	2.078000	0.456000	-0.472000	30146	30118	30110	26039	25228	24764
5245	109.083168	0.033241	1.460000	1.180000	1.100000	2.066000	0.518000	-0.456000	30146	30118	30110	26033	25259	24772
5246	109.083243	0.000075	0.860000	0.970000	0.090000	2.066000	0.518000	-0.456000	30086	30097	30009	26033	25259	24772
5247	109.116255	0.033012	0.920000	0.600000	0.060000	2.066000	0.518000	-0.456000	30092	30060	30006	26033	25259	24772
5248	109.149178	0.032923	0.600000	1.090000	0.890000	2.066000	0.518000	-0.456000	30060	30109	30089	26033	25259	24772
5249	109.176412	0.027233	0.910000	1.280000	-0.190000	2.066000	0.518000	-0.456000	30091	30128	29981	26033	25259	24772
5250	109.210298	0.033886	0.630000	0.940000	-0.730000	2.066000	0.518000	-0.456000	30063	30094	29927	26033	25259	24772
5251	109.249358	0.039060	0.630000	0.940000	-0.730000	2.140000	0.390000	-0.474000	30063	30094	29927	26070	25195	24763
5252	109.249448	0.000090	1.210000	1.740000	-1.070000	2.140000	0.390000	-0.474000	30121	30174	29893	26070	25195	24763
5253	109.281312	0.031864	1.210000	1.740000	-1.070000	1.852000	0.332000	-0.458000	30121	30174	29893	25926	25166	24771
5254	109.281438	0.000126	0.450000	2.200000	-1.310000	1.852000	0.332000	-0.458000	30045	30220	29869	25926	25166	24771
5255	109.314417	0.032979	0.450000	2.200000	-1.310000	1.814000	0.344000	-0.504000	30045	30220	29869	25907	25172	24748
5256	109.314488	0.000071	0.530000	2.840000	-0.480000	1.814000	0.344000	-0.504000	30053	30284	29952	25907	25172	24748
5257	109.342301	0.027813	0.640000	3.330000	-1.040000	1.814000	0.344000	-0.504000	30064	30333	29896	25907	25172	24748
5258	109.371793	0.029493	0.640000	3.330000	-1.040000	1.736000	0.296000	-0.506000	30064	30333	29896	25868	25148	24747
5259	109.371871	0.000078	0.400000	3.540000	-2.080000	1.736000	0.296000	-0.506000	30040	30354	29792	25868	25148	24747
5260	109.399735	0.027864	0.790000	4.380000	-2.660000	1.736000	0.296000	-0.506000	30079	30438	29734	25868	25148	24747
5261	109.431388	0.031653	0.280000	4.220000	-2.340000	1.736000	0.296000	-0.506000	30028	30422	29766	25868	25148	24747
5262	109.464541	0.033153	0.390000	4.310000	-1.850000	1.736000	0.296000	-0.506000	30039	30431	29815	25868	25148	24747
5263	109.497212	0.032671	-0.090000	4.110000	-2.350000	1.736000	0.296000	-0.506000	29991	30411	29765	25868	25148	24747
5264	109.530831	0.033619	-0.450000	4.970000	-2.040000	1.736000	0.296000	-0.506000	29955	30497	29796	25868	25148	24747
5265	109.564439	0.033608	-0.340000	5.190000	-2.120000	1.736000	0.296000	-0.506000	29966	30519	29788	25868	25148	24747
5266	109.597376	0.032937	-0.670000	5.910000	-1.850000	1.736000	0.296000	-0.506000	29933	30591	29815	25868	25148	24747
5267	109.630677	0.033301	-0.670000	5.910000	-1.850000	0.924000	0.128000	-0.474000	29933	30591	29815	25462	25064	24763
5268	109.630752	0.000075	-0.900000	6.180000	-2.640000	0.924000	0.128000	-0.474000	29910	30618	29736	25462	25064	24763
5269	109.664635	0.033883	-0.920000	6.040000	-3.430000	0.924000	0.128000	-0.474000	29908	30604	29657	25462	25064	24763
5270	109.697465	0.032830	-0.920000	6.040000	-3.430000	0.576000	0.018000	-0.446000	29908	30604	29657	25288	25009	24777
5271	109.697538	0.000073	-1.000000	7.220000	-2.270000	0.576000	0.018000	-0.446000	29900	30722	29773	25288	25009	24777
5272	109.730955	0.033417	-1.000000	7.220000	-2.270000	0.438000	-0.008000	-0.428000	29900	30722	29773	25219	24996	24786
5273	109.731029	0.000074	-1.000000	6.960000	-2.830000	0.438000	-0.008000	-0.428000	29900	30696	29717	25219	24996	24786
5274	109.770357	0.039328	-1.010000	6.860000	-3.410000	0.438000	-0.008000	-0.428000	29899	30686	29659	25219	24996	24786
5275	109.815564	0.045207	-1.010000	6.860000	-3.410000	0.470000	0.018000	-0.428000	29899	30686	29659	25235	25009	24786
5276	109.815674	0.000109	-0.680000	7.370000	-3.400000	0.470000	0.018000	-0.428000	29932	30737	29660	25235	25009	24786
5277	109.843959	0.028285	-0.870000	7.810000	-2.590000	0.470000	0.018000	-0.428000	29913	30781	29741	25235	25009	24786
5278	109.886247	0.042288	-1.260000	7.870000	-2.810000	0.470000	0.018000	-0.428000	29874	30787	29719	25235	25009	24786
5279	109.916464	0.030217	-1.530000	7.640000	-2.780000	0.470000	0.018000	-0.428000	29847	30764	29722	25235	25009	24786
5280	109.952996	0.036532	-1.010000	8.270000	-3.050000	0.470000	0.018000	-0.428000	29899	30827	29695	25235	25009	24786
5281	109.996071	0.043075	-1.010000	8.460000	-3.330000	0.470000	0.018000	-0.428000	29899	30846	29667	25235	25009	24786
5282	110.027124	0.031053	-1.010000	8.460000	-3.330000	0.218000	-0.108000	-0.510000	29899	30846	29667	25109	24946	24745
5283	110.027209	0.000085	-1.370000	8.170000	-2.850000	0.218000	-0.108000	-0.510000	29863	30817	29715	25109	24946	24745
5284	110.053233	0.026024	-1.160000	8.700000	-3.380000	0.218000	-0.108000	-0.510000	29884	30870	29662	25109	24946	24745
5285	110.085260	0.032027	-0.950000	8.640000	-3.940000	0.218000	-0.108000	-0.510000	29905	30864	29606	25109	24946	24745
5286	110.114443	0.029183	-0.900000	8.450000	-3.100000	0.218000	-0.108000	-0.510000	29910	30845	29690	25109	24946	24745
5287	110.144998	0.030555	-0.900000	8.450000	-3.100000	0.186000	0.054000	-0.446000	29910	30845	29690	25093	25027	24777
5288	110.145078	0.000080	-0.790000	8.190000	-3.130000	0.186000	0.054000	-0.446000	29921	30819	29687	25093	25027	24777
5289	110.174491	0.029412	-1.300000	8.310000	-3.380000	0.186000	0.054000	-0.446000	29870	30831	29662	25093	25027	24777
5290	110.200806	0.026316	-1.300000	8.310000	-3.380000	0.010000	0.004000	-0.390000	29870	30831	29662	25005	25002	24805
5291	110.200890	0.000084	-1.070000	7.980000	-3.350000	0.010000	0.004000	-0.390000	29893	30798	29665	25005	25002	24805
5292	110.231679	0.030789	-1.510000	8.020000	-4.000000	0.010000	0.004000	-0.390000	29849	30802	29600	25005	25002	24805
5293	110.264309	0.032629	-0.840000	7.510000	-3.130000	0.010000	0.004000	-0.390000	29916	30751	29687	25005	25002	24805
5294	110.292040	0.027732	-0.840000	7.510000	-3.130000	-0.052000	0.078000	-0.354000	29916	30751	29687	24974	25039	24823
5295	110.292111	0.000070	-0.830000	7.230000	-2.010000	-0.052000	0.078000	-0.354000	29917	30723	29799	24974	25039	24823
5296	110.319477	0.027366	-0.460000	6.820000	-2.640000	-0.052000	0.078000	-0.354000	29954	30682	29736	24974	25039	24823
5297	110.347846	0.028369	-0.670000	6.160000	-2.570000	-0.052000	0.078000	-0.354000	29933	30616	29743	24974	25039	24823
5298	110.374538	0.026692	-0.450000	5.730000	-1.210000	-0.052000	0.078000	-0.354000	29955	30573	29879	24974	25039	24823
5299	110.407405	0.032867	-0.450000	5.730000	-1.210000	-0.454000	-0.008000	-0.136000	29955	30573	29879	24773	24996	24932
5300	110.407492	0.000087	-0.870000	4.680000	-1.500000	-0.454000	-0.008000	-0.136000	29913	30468	29850	24773	24996	24932
5301	110.442693	0.035201	-0.430000	5.520000	-0.890000	-0.454000	-0.008000	-0.136000	29957	30552	29911	24773	24996	24932
5302	110.471892	0.029198	-0.430000	5.520000	-0.890000	-0.540000	-0.024000	-0.102000	29957	30552	29911	24730	24988	24949
5303	110.471986	0.000095	-0.390000	4.560000	-0.700000	-0.540000	-0.024000	-0.102000	29961	30456	29930	24730	24988	24949
5304	110.503866	0.031880	-0.600000	5.060000	-1.720000	-0.540000	-0.024000	-0.102000	29940	30506	29828	24730	24988	24949
5305	110.531595	0.027729	-0.600000	5.060000	-1.720000	-0.436000	-0.080000	-0.114000	29940	30506	29828	24782	24960	24943
5306	110.531685	0.000090	-1.050000	5.070000	-2.070000	-0.436000	-0.080000	-0.114000	29895	30507	29793	24782	24960	24943
5307	110.559780	0.028095	-0.310000	4.330000	-0.980000	-0.436000	-0.080000	-0.114000	29969	30433	29902	24782	24960	24943
5308	110.590023	0.030243	-0.190000	5.380000	-0.380000	-0.436000	-0.080000	-0.114000	29981	30538	29962	24782	24960	24943
5309	110.620161	0.030138	-0.510000	4.620000	-0.680000	-0.436000	-0.080000	-0.114000	29949	30462	29932	24782	24960	24943
5310	110.651757	0.031596	-1.190000	4.300000	-0.080000	-0.436000	-0.080000	-0.114000	29881	30430	29992	24782	24960	24943
5311	110.683899	0.032142	-1.280000	4.620000	0.200000	-0.436000	-0.080000	-0.114000	29872	30462	30020	24782	24960	24943
5312	110.725391	0.041492	-1.280000	4.620000	0.200000	-0.406000	-0.158000	-0.096000	29872	30462	30020	24797	24921	24952
5313	110.725499	0.000109	-0.500000	4.440000	0.400000	-0.406000	-0.158000	-0.096000	29950	30444	30040	24797	24921	24952
5314	110.763084	0.037584	-0.400000	4.010000	0.090000	-0.406000	-0.158000	-0.096000	29960	30401	30009	24797	24921	24952
5315	110.792201	0.029117	-0.400000	4.010000	0.090000	-0.332000	-0.116000	-0.104000	29960	30401	30009	24834	24942	24948
5316	110.792273	0.000072	-0.050000	4.890000	0.450000	-0.332000	-0.116000	-0.104000	29995	30489	30045	24834	24942	24948
5317	110.822963	0.030690	-0.360000	4.710000	0.720000	-0.332000	-0.116000	-0.104000	29964	30471	30072	24834	24942	24948
5318	110.851771	0.028808	-0.610000	4.950000	1.070000	-0.332000	-0.116000	-0.104000	29939	30495	30107	24834	24942	24948
5319	110.878824	0.027054	-0.630000	4.630000	1.360000	-0.332000	-0.116000	-0.104000	29937	30463	30136	24834	24942	24948
5320	110.910741	0.031917	-0.630000	4.630000	1.360000	-0.532000	-0.202000	-0.050000	29937	30463	30136	24734	24899	24975
5321	110.910810	0.000069	-0.500000	4.220000	1.620000	-0.532000	-0.202000	-0.050000	29950	30422	30162	24734	24899	24975
5322	110.941781	0.030971	-1.190000	4.220000	2.160000	-0.532000	-0.202000	-0.050000	29881	30422	30216	24734	24899	24975
5323	110.973416	0.031635	-0.660000	4.070000	2.510000	-0.532000	-0.202000	-0.050000	29934	30407	30251	24734	24899	24975
5324	111.001235	0.027819	-0.660000	4.070000	2.510000	-0.306000	-0.332000	-0.100000	29934	30407	30251	24847	24834	24950
5325	111.001308	0.000073	-0.960000	4.270000	2.540000	-0.306000	-0.332000	-0.100000	29904	30427	30254	24847	24834	24950
5326	111.032936	0.031628	-1.120000	3.430000	3.700000	-0.306000	-0.332000	-0.100000	29888	30343	30370	24847	24834	24950
5327	111.059838	0.026902	-1.120000	3.430000	3.700000	-0.180000	-0.506000	-0.110000	29888	30343	30370	24910	24747	24945
5328	111.059899	0.000061	-1.220000	4.160000	3.140000	-0.180000	-0.506000	-0.110000	29878	30416	30314	24910	24747	24945
5329	111.089663	0.029764	-1.220000	4.160000	3.140000	-0.210000	-0.568000	-0.130000	29878	30416	30314	24895	24716	24935
5330	111.089774	0.000111	-1.020000	4.230000	3.690000	-0.210000	-0.568000	-0.130000	29898	30423	30369	24895	24716	24935
5331	111.122998	0.033224	-1.400000	3.710000	3.700000	-0.210000	-0.568000	-0.130000	29860	30371	30370	24895	24716	24935
5332	111.153917	0.030919	-1.400000	3.710000	3.700000	-0.264000	-0.548000	-0.120000	29860	30371	30370	24868	24726	24940
5333	111.153993	0.000075	-1.380000	3.700000	4.260000	-0.264000	-0.548000	-0.120000	29862	30370	30426	24868	24726	24940
5334	111.181181	0.027188	-1.310000	3.590000	3.730000	-0.264000	-0.548000	-0.120000	29869	30359	30373	24868	24726	24940
5335	111.213284	0.032103	-0.920000	3.810000	4.250000	-0.264000	-0.548000	-0.120000	29908	30381	30425	24868	24726	24940
5336	111.244965	0.031681	-0.920000	3.810000	4.250000	-0.352000	-0.456000	-0.106000	29908	30381	30425	24824	24772	24947
5337	111.245051	0.000086	-0.990000	3.560000	4.230000	-0.352000	-0.456000	-0.106000	29901	30356	30423	24824	24772	24947
5338	111.277569	0.032518	-0.950000	4.280000	3.680000	-0.352000	-0.456000	-0.106000	29905	30428	30368	24824	24772	24947
5339	111.304824	0.027255	-0.950000	4.280000	3.680000	-0.362000	-0.454000	-0.112000	29905	30428	30368	24819	24773	24944
5340	111.304892	0.000068	-1.490000	3.590000	4.300000	-0.362000	-0.454000	-0.112000	29851	30359	30430	24819	24773	24944
5341	111.332063	0.027170	-1.490000	3.590000	4.300000	-0.290000	-0.518000	-0.124000	29851	30359	30430	24855	24741	24938
5342	111.332127	0.000065	-1.210000	3.960000	4.530000	-0.290000	-0.518000	-0.124000	29879	30396	30453	24855	24741	24938
5343	111.362160	0.030033	-1.210000	3.960000	4.530000	-0.344000	-0.522000	-0.126000	29879	30396	30453	24828	24739	24937
5344	111.362227	0.000066	-1.560000	3.940000	5.100000	-0.344000	-0.522000	-0.126000	29844	30394	30510	24828	24739	24937
5345	111.404376	0.042149	-1.190000	4.000000	4.880000	-0.344000	-0.522000	-0.126000	29881	30400	30488	24828	24739	24937
5346	111.434239	0.029863	-1.190000	4.000000	4.880000	-0.374000	-0.546000	-0.130000	29881	30400	30488	24813	24727	24935
5347	111.434362	0.000123	-1.410000	4.220000	4.890000	-0.374000	-0.546000	-0.130000	29859	30422	30489	24813	24727	24935
5348	111.470562	0.036200	-1.310000	4.580000	5.470000	-0.374000	-0.546000	-0.130000	29869	30458	30547	24813	24727	24935
5349	111.502565	0.032002	-1.570000	4.320000	5.180000	-0.374000	-0.546000	-0.130000	29843	30432	30518	24813	24727	24935
5350	111.535900	0.033336	-1.940000	4.190000	5.470000	-0.374000	-0.546000	-0.130000	29806	30419	30547	24813	24727	24935
5351	111.567303	0.031403	-1.940000	4.190000	5.470000	-0.406000	-0.820000	-0.172000	29806	30419	30547	24797	24590	24914
5352	111.567372	0.000069	-1.990000	3.630000	4.660000	-0.406000	-0.820000	-0.172000	29801	30363	30466	24797	24590	24914
5353	111.594254	0.026882	-2.220000	4.390000	5.210000	-0.406000	-0.820000	-0.172000	29778	30439	30521	24797	24590	24914
5354	111.622443	0.028189	-2.220000	4.390000	5.210000	-0.484000	-0.902000	-0.164000	29778	30439	30521	24758	24549	24918
5355	111.622510	0.000067	-2.220000	4.390000	5.210000	-0.502000	-0.858000	-0.142000	29778	30439	30521	24749	24571	24929
5356	111.622530	0.000020	-2.050000	4.650000	5.250000	-0.502000	-0.858000	-0.142000	29795	30465	30525	24749	24571	24929
5357	111.651970	0.029441	-2.050000	4.650000	5.250000	-0.562000	-0.870000	-0.154000	29795	30465	30525	24719	24565	24923
5358	111.652069	0.000099	-2.000000	4.830000	4.670000	-0.562000	-0.870000	-0.154000	29800	30483	30467	24719	24565	24923
5359	111.682930	0.030860	-2.000000	4.830000	4.670000	-0.642000	-0.874000	-0.140000	29800	30483	30467	24679	24563	24930
5360	111.683001	0.000071	-2.130000	4.860000	4.170000	-0.642000	-0.874000	-0.140000	29787	30486	30417	24679	24563	24930
5361	111.712935	0.029935	-2.130000	4.860000	4.170000	-0.636000	-0.862000	-0.146000	29787	30486	30417	24682	24569	24927
5362	111.713009	0.000074	-1.820000	4.830000	4.140000	-0.636000	-0.862000	-0.146000	29818	30483	30414	24682	24569	24927
5363	111.745026	0.032017	-1.820000	4.830000	4.140000	-0.598000	-0.862000	-0.128000	29818	30483	30414	24701	24569	24936
5364	111.745095	0.000069	-2.150000	5.680000	4.680000	-0.598000	-0.862000	-0.128000	29785	30568	30468	24701	24569	24936
5365	111.775232	0.030136	-2.210000	5.040000	4.710000	-0.598000	-0.862000	-0.128000	29779	30504	30471	24701	24569	24936
5366	111.805912	0.030681	-2.210000	5.040000	4.710000	-0.650000	-0.804000	-0.116000	29779	30504	30471	24675	24598	24942
5367	111.805985	0.000072	-1.760000	5.860000	3.210000	-0.650000	-0.804000	-0.116000	29824	30586	30321	24675	24598	24942
5368	111.836538	0.030553	-1.760000	5.860000	3.210000	-0.746000	-0.718000	-0.104000	29824	30586	30321	24627	24641	24948
5369	111.836618	0.000080	-1.760000	5.860000	3.210000	-0.662000	-0.702000	-0.122000	29824	30586	30321	24669	24649	24939
5370	111.836666	0.000048	-1.860000	4.960000	2.920000	-0.662000	-0.702000	-0.122000	29814	30496	30292	24669	24649	24939
5371	111.863816	0.027150	-1.860000	4.960000	2.920000	-0.596000	-0.630000	-0.114000	29814	30496	30292	24702	24685	24943
5372	111.863884	0.000068	-1.730000	4.440000	1.380000	-0.596000	-0.630000	-0.114000	29827	30444	30138	24702	24685	24943
5373	111.895045	0.031161	-1.180000	3.820000	1.320000	-0.596000	-0.630000	-0.114000	29882	30382	30132	24702	24685	24943
5374	111.926708	0.031663	-1.180000	3.820000	1.320000	-0.352000	-0.258000	-0.064000	29882	30382	30132	24824	24871	24968
5375	111.926831	0.000122	-1.180000	3.800000	0.110000	-0.352000	-0.258000	-0.064000	29882	30380	30011	24824	24871	24968
5376	111.962394	0.035563	-1.180000	3.800000	0.110000	-0.254000	-0.094000	-0.056000	29882	30380	30011	24873	24953	24972
5377	111.962482	0.000087	-0.570000	4.140000	-2.090000	-0.254000	-0.094000	-0.056000	29943	30414	29791	24873	24953	24972
5378	111.993941	0.031460	-1.070000	3.640000	-1.230000	-0.254000	-0.094000	-0.056000	29893	30364	29877	24873	24953	24972
5379	112.024479	0.030537	-1.070000	3.640000	-1.230000	-0.296000	-0.092000	-0.018000	29893	30364	29877	24852	24954	24991
5380	112.024557	0.000078	-0.910000	4.170000	-1.240000	-0.296000	-0.092000	-0.018000	29909	30417	29876	24852	24954	24991
5381	112.056818	0.032262	-0.880000	3.930000	-0.690000	-0.296000	-0.092000	-0.018000	29912	30393	29931	24852	24954	24991
5382	112.089093	0.032275	-0.860000	3.580000	-1.780000	-0.296000	-0.092000	-0.018000	29914	30358	29822	24852	24954	24991
5383	112.121765	0.032672	-0.860000	3.580000	-1.780000	-0.262000	-0.052000	-0.036000	29914	30358	29822	24869	24974	24982
5384	112.121871	0.000107	-0.490000	4.730000	-2.080000	-0.262000	-0.052000	-0.036000	29951	30473	29792	24869	24974	24982
5385	112.154785	0.032914	-0.490000	4.730000	-2.080000	-0.316000	-0.070000	-0.062000	29951	30473	29792	24842	24965	24969
5386	112.154857	0.000072	-0.710000	3.910000	-1.280000	-0.316000	-0.070000	-0.062000	29929	30391	29872	24842	24965	24969
5387	112.181061	0.026204	-0.950000	3.940000	-2.050000	-0.316000	-0.070000	-0.062000	29905	30394	29795	24842	24965	24969
5388	112.211892	0.030832	-0.800000	3.770000	-1.850000	-0.316000	-0.070000	-0.062000	29920	30377	29815	24842	24965	24969
5389	112.246238	0.034345	-0.680000	4.000000	-1.530000	-0.316000	-0.070000	-0.062000	29932	30400	29847	24842	24965	24969
5390	112.273339	0.027101	-0.650000	3.940000	-0.960000	-0.316000	-0.070000	-0.062000	29935	30394	29904	24842	24965	24969
5391	112.304499	0.031160	-0.840000	4.050000	-1.530000	-0.316000	-0.070000	-0.062000	29916	30405	29847	24842	24965	24969
5392	112.337345	0.032846	-0.840000	4.050000	-1.530000	-0.340000	-0.050000	-0.048000	29916	30405	29847	24830	24975	24976
5393	112.337412	0.000067	-0.600000	4.090000	-1.260000	-0.340000	-0.050000	-0.048000	29940	30409	29874	24830	24975	24976
5394	112.365186	0.027774	-0.770000	3.400000	-1.240000	-0.340000	-0.050000	-0.048000	29923	30340	29876	24830	24975	24976
5395	112.397275	0.032089	-0.770000	3.400000	-1.240000	-0.286000	-0.058000	-0.028000	29923	30340	29876	24857	24971	24986
5396	112.397357	0.000082	-0.790000	3.740000	-2.080000	-0.286000	-0.058000	-0.028000	29921	30374	29792	24857	24971	24986
5397	112.428897	0.031540	-0.740000	3.700000	-1.260000	-0.286000	-0.058000	-0.028000	29926	30370	29874	24857	24971	24986
5398	112.459812	0.030915	-0.740000	3.700000	-1.260000	-0.310000	-0.054000	-0.032000	29926	30370	29874	24845	24973	24984
5399	112.459878	0.000066	-0.770000	3.880000	-2.070000	-0.310000	-0.054000	-0.032000	29923	30388	29793	24845	24973	24984
5400	112.489223	0.029344	-0.650000	3.900000	-1.260000	-0.310000	-0.054000	-0.032000	29935	30390	29874	24845	24973	24984
5401	112.522806	0.033583	-0.950000	3.910000	-0.960000	-0.310000	-0.054000	-0.032000	29905	30391	29904	24845	24973	24984
5402	112.559822	0.037016	-1.200000	3.850000	-0.950000	-0.310000	-0.054000	-0.032000	29880	30385	29905	24845	24973	24984
5403	112.592450	0.032628	-0.800000	3.680000	-2.070000	-0.310000	-0.054000	-0.032000	29920	30368	29793	24845	24973	24984
5404	112.629927	0.037477	-0.800000	3.680000	-2.070000	-0.288000	-0.050000	-0.024000	29920	30368	29793	24856	24975	24988
5405	112.630023	0.000096	-0.870000	3.610000	-2.360000	-0.288000	-0.050000	-0.024000	29913	30361	29764	24856	24975	24988
5406	112.657499	0.027476	-0.500000	3.100000	-1.250000	-0.288000	-0.050000	-0.024000	29950	30310	29875	24856	24975	24988
5407	112.695290	0.037791	-0.500000	3.100000	-1.250000	-0.276000	-0.050000	-0.030000	29950	30310	29875	24862	24975	24985
5408	112.695372	0.000082	-0.500000	3.100000	-1.250000	-0.304000	-0.054000	-0.032000	29950	30310	29875	24848	24973	24984
5409	112.695402	0.000030	-0.950000	3.820000	-1.540000	-0.304000	-0.054000	-0.032000	29905	30382	29846	24848	24973	24984
5410	112.723445	0.028043	-0.980000	4.140000	-1.790000	-0.304000	-0.054000	-0.032000	29902	30414	29821	24848	24973	24984
5411	112.755777	0.032332	-0.980000	4.140000	-1.790000	-0.314000	-0.052000	-0.024000	29902	30414	29821	24843	24974	24988
5412	112.755898	0.000121	-1.280000	3.920000	-1.810000	-0.314000	-0.052000	-0.024000	29872	30392	29819	24843	24974	24988
5413	112.789111	0.033212	-1.000000	3.360000	-2.300000	-0.314000	-0.052000	-0.024000	29900	30336	29770	24843	24974	24988
5414	112.821634	0.032523	-1.000000	3.360000	-2.300000	-0.302000	-0.036000	-0.038000	29900	30336	29770	24849	24982	24981
5415	112.821720	0.000086	-0.860000	4.090000	-2.030000	-0.302000	-0.036000	-0.038000	29914	30409	29797	24849	24982	24981
5416	112.854204	0.032484	-0.760000	4.230000	-1.210000	-0.302000	-0.036000	-0.038000	29924	30423	29879	24849	24982	24981
5417	112.887025	0.032822	-0.690000	4.200000	-1.790000	-0.302000	-0.036000	-0.038000	29931	30420	29821	24849	24982	24981
5418	112.919836	0.032811	-0.690000	4.200000	-1.790000	-0.340000	-0.036000	-0.038000	29931	30420	29821	24830	24982	24981
5419	112.919931	0.000094	-0.860000	4.050000	-1.810000	-0.340000	-0.036000	-0.038000	29914	30405	29819	24830	24982	24981
5420	112.955087	0.035156	-0.860000	4.050000	-1.810000	-0.356000	-0.058000	-0.044000	29914	30405	29819	24822	24971	24978
5421	112.955211	0.000124	-0.730000	3.680000	-1.520000	-0.356000	-0.058000	-0.044000	29927	30368	29848	24822	24971	24978
5422	112.989953	0.034743	-0.660000	3.510000	-1.760000	-0.356000	-0.058000	-0.044000	29934	30351	29824	24822	24971	24978
5423	113.015742	0.025789	-0.850000	3.800000	-1.790000	-0.356000	-0.058000	-0.044000	29915	30380	29821	24822	24971	24978
5424	113.046054	0.030311	-0.850000	3.800000	-1.790000	-0.312000	-0.064000	-0.036000	29915	30380	29821	24844	24968	24982
5425	113.046137	0.000083	-0.720000	4.550000	-1.520000	-0.312000	-0.064000	-0.036000	29928	30455	29848	24844	24968	24982
5426	113.079627	0.033490	-0.760000	3.740000	-1.220000	-0.312000	-0.064000	-0.036000	29924	30374	29878	24844	24968	24982
5427	113.112855	0.033228	-0.530000	3.910000	-1.800000	-0.312000	-0.064000	-0.036000	29947	30391	29820	24844	24968	24982
5428	113.145523	0.032668	-0.680000	3.440000	-1.260000	-0.312000	-0.064000	-0.036000	29932	30344	29874	24844	24968	24982
5429	113.179950	0.034427	-1.040000	3.630000	-1.530000	-0.312000	-0.064000	-0.036000	29896	30363	29847	24844	24968	24982
5430	113.213469	0.033519	-1.040000	3.630000	-1.530000	-0.288000	-0.068000	-0.030000	29896	30363	29847	24856	24966	24985
5431	113.213558	0.000089	-0.620000	3.940000	-2.340000	-0.288000	-0.068000	-0.030000	29938	30394	29766	24856	24966	24985
5432	113.246817	0.033259	-0.430000	4.170000	-1.240000	-0.288000	-0.068000	-0.030000	29957	30417	29876	24856	24966	24985
5433	113.279827	0.033010	-0.430000	4.170000	-1.240000	-0.352000	-0.042000	-0.040000	29957	30417	29876	24824	24979	24980
5434	113.279913	0.000086	-0.930000	3.610000	-1.520000	-0.352000	-0.042000	-0.040000	29907	30361	29848	24824	24979	24980
5435	113.312280	0.032368	-0.230000	4.880000	-1.530000	-0.352000	-0.042000	-0.040000	29977	30488	29847	24824	24979	24980
5436	113.345276	0.032996	-0.230000	4.880000	-1.530000	-0.398000	-0.012000	-0.034000	29977	30488	29847	24801	24994	24983
5437	113.345366	0.000090	-0.710000	4.030000	-1.840000	-0.398000	-0.012000	-0.034000	29929	30403	29816	24801	24994	24983
5438	113.379530	0.034165	-0.760000	5.060000	-1.490000	-0.398000	-0.012000	-0.034000	29924	30506	29851	24801	24994	24983
5439	113.412924	0.033393	-0.800000	3.820000	-1.520000	-0.398000	-0.012000	-0.034000	29920	30382	29848	24801	24994	24983
5440	113.439978	0.027054	-0.800000	3.820000	-1.520000	-0.300000	-0.050000	-0.036000	29920	30382	29848	24850	24975	24982
5441	113.440046	0.000068	-0.180000	3.970000	-1.500000	-0.300000	-0.050000	-0.036000	29982	30397	29850	24850	24975	24982
5442	113.471997	0.031951	-0.830000	3.420000	-1.560000	-0.300000	-0.050000	-0.036000	29917	30342	29844	24850	24975	24982
5443	113.502813	0.030816	-1.160000	3.930000	-1.500000	-0.300000	-0.050000	-0.036000	29884	30393	29850	24850	24975	24982
5444	113.534355	0.031542	-1.160000	3.930000	-1.500000	-0.308000	-0.072000	-0.028000	29884	30393	29850	24846	24964	24986
5445	113.534434	0.000078	-0.640000	4.520000	-2.040000	-0.308000	-0.072000	-0.028000	29936	30452	29796	24846	24964	24986
5446	113.567554	0.033120	-0.820000	4.360000	-1.530000	-0.308000	-0.072000	-0.028000	29918	30436	29847	24846	24964	24986
5447	113.600229	0.032675	-0.530000	3.850000	-2.070000	-0.308000	-0.072000	-0.028000	29947	30385	29793	24846	24964	24986
5448	113.627258	0.027028	-0.530000	3.850000	-2.070000	-0.286000	-0.014000	-0.028000	29947	30385	29793	24857	24993	24986
5449	113.627324	0.000066	-1.010000	3.520000	-1.530000	-0.286000	-0.014000	-0.028000	29899	30352	29847	24857	24993	24986
5450	113.658221	0.030897	-1.010000	3.520000	-1.530000	-0.296000	-0.070000	-0.020000	29899	30352	29847	24852	24965	24990
5451	113.658330	0.000109	-0.610000	3.770000	-1.560000	-0.296000	-0.070000	-0.020000	29939	30377	29844	24852	24965	24990
5452	113.693760	0.035431	-0.790000	3.600000	-1.250000	-0.296000	-0.070000	-0.020000	29921	30360	29875	24852	24965	24990
5453	113.723757	0.029996	-0.790000	3.600000	-1.250000	-0.310000	-0.060000	-0.028000	29921	30360	29875	24845	24970	24986
5454	113.723843	0.000086	-0.970000	4.140000	-1.820000	-0.310000	-0.060000	-0.028000	29903	30414	29818	24845	24970	24986
5455	113.751805	0.027962	-0.950000	3.790000	-1.240000	-0.310000	-0.060000	-0.028000	29905	30379	29876	24845	24970	24986
5456	113.783592	0.031787	-0.950000	3.790000	-1.240000	-0.310000	-0.058000	-0.028000	29905	30379	29876	24845	24971	24986
5457	113.783673	0.000081	-1.180000	3.660000	-1.230000	-0.310000	-0.058000	-0.028000	29882	30366	29877	24845	24971	24986
5458	113.809755	0.026082	-0.570000	3.620000	-1.850000	-0.310000	-0.058000	-0.028000	29943	30362	29815	24845	24971	24986
5459	113.839359	0.029604	-0.570000	3.620000	-1.850000	-0.320000	-0.044000	-0.040000	29943	30362	29815	24840	24978	24980
5460	113.839443	0.000084	-1.260000	3.110000	-1.830000	-0.320000	-0.044000	-0.040000	29874	30311	29817	24840	24978	24980
5461	113.868483	0.029040	-1.260000	3.110000	-1.830000	-0.264000	-0.096000	-0.028000	29874	30311	29817	24868	24952	24986
5462	113.868545	0.000063	-1.090000	3.980000	-1.260000	-0.264000	-0.096000	-0.028000	29891	30398	29874	24868	24952	24986
5463	113.897118	0.028573	-1.090000	3.980000	-1.260000	-0.318000	-0.072000	-0.028000	29891	30398	29874	24841	24964	24986
5464	113.897200	0.000082	-0.750000	3.500000	-0.990000	-0.318000	-0.072000	-0.028000	29925	30350	29901	24841	24964	24986
5465	113.928700	0.031500	-0.640000	3.970000	-1.780000	-0.318000	-0.072000	-0.028000	29936	30397	29822	24841	24964	24986
5466	113.961163	0.032463	-0.640000	3.970000	-1.780000	-0.332000	-0.054000	-0.042000	29936	30397	29822	24834	24973	24979
5467	113.961252	0.000089	-0.350000	4.440000	-1.530000	-0.332000	-0.054000	-0.042000	29965	30444	29847	24834	24973	24979
5468	113.993309	0.032057	-0.350000	4.440000	-1.530000	-0.350000	-0.008000	-0.034000	29965	30444	29847	24825	24996	24983
5469	113.993377	0.000068	-0.310000	3.790000	-1.530000	-0.350000	-0.008000	-0.034000	29969	30379	29847	24825	24996	24983
5470	114.024812	0.031434	-0.570000	3.510000	-1.290000	-0.350000	-0.008000	-0.034000	29943	30351	29871	24825	24996	24983
5471	114.056569	0.031757	-0.760000	4.380000	-2.370000	-0.350000	-0.008000	-0.034000	29924	30438	29763	24825	24996	24983
5472	114.088894	0.032326	-0.800000	3.880000	-0.970000	-0.350000	-0.008000	-0.034000	29920	30388	29903	24825	24996	24983
5473	114.120468	0.031574	-0.800000	3.880000	-0.970000	-0.362000	-0.034000	-0.032000	29920	30388	29903	24819	24983	24984
5474	114.120541	0.000073	-0.690000	3.900000	-1.270000	-0.362000	-0.034000	-0.032000	29931	30390	29873	24819	24983	24984
5475	114.151511	0.030970	-0.690000	3.900000	-1.270000	-0.306000	-0.026000	-0.032000	29931	30390	29873	24847	24987	24984
5476	114.151597	0.000086	-1.020000	3.780000	-1.510000	-0.306000	-0.026000	-0.032000	29898	30378	29849	24847	24987	24984
5477	114.183492	0.031895	-1.020000	3.780000	-1.510000	-0.280000	-0.080000	-0.028000	29898	30378	29849	24860	24960	24986
5478	114.183592	0.000101	-1.000000	3.230000	-1.510000	-0.280000	-0.080000	-0.028000	29900	30323	29849	24860	24960	24986
5479	114.215349	0.031757	-1.000000	3.230000	-1.510000	-0.246000	-0.056000	-0.026000	29900	30323	29849	24877	24972	24987
5480	114.215433	0.000084	-0.850000	3.760000	-1.000000	-0.246000	-0.056000	-0.026000	29915	30376	29900	24877	24972	24987
5481	114.246621	0.031188	-0.930000	4.020000	-1.760000	-0.246000	-0.056000	-0.026000	29907	30402	29824	24877	24972	24987
5482	114.278736	0.032116	-0.930000	4.020000	-1.760000	-0.312000	-0.052000	-0.036000	29907	30402	29824	24844	24974	24982
5483	114.278821	0.000085	-0.150000	4.210000	-0.960000	-0.312000	-0.052000	-0.036000	29985	30421	29904	24844	24974	24982
5484	114.310746	0.031925	-0.150000	4.210000	-0.960000	-0.302000	-0.046000	-0.026000	29985	30421	29904	24849	24977	24987
5485	114.310822	0.000076	-0.280000	4.410000	-1.290000	-0.302000	-0.046000	-0.026000	29972	30441	29871	24849	24977	24987
5486	114.346704	0.035883	-0.820000	3.870000	-1.520000	-0.302000	-0.046000	-0.026000	29918	30387	29848	24849	24977	24987
5487	114.378574	0.031870	-0.820000	3.870000	-1.520000	-0.322000	-0.052000	-0.038000	29918	30387	29848	24839	24974	24981
5488	114.378660	0.000086	-0.820000	3.870000	-1.520000	-0.266000	-0.096000	-0.036000	29918	30387	29848	24867	24952	24982
5489	114.378687	0.000027	-0.710000	3.380000	-0.980000	-0.266000	-0.096000	-0.036000	29929	30338	29902	24867	24952	24982
5490	114.412689	0.034002	-0.850000	4.020000	-1.500000	-0.266000	-0.096000	-0.036000	29915	30402	29850	24867	24952	24982
5491	114.448426	0.035737	-0.850000	4.020000	-1.500000	-0.334000	-0.052000	-0.056000	29915	30402	29850	24833	24974	24972
5492	114.448531	0.000106	-0.850000	4.040000	-1.480000	-0.334000	-0.052000	-0.056000	29915	30404	29852	24833	24974	24972
5493	114.476787	0.028256	-0.150000	4.140000	-1.530000	-0.334000	-0.052000	-0.056000	29985	30414	29847	24833	24974	24972
5494	114.502719	0.025931	-0.290000	4.010000	-1.550000	-0.334000	-0.052000	-0.056000	29971	30401	29845	24833	24974	24972
5495	114.534874	0.032156	-0.930000	4.060000	-1.800000	-0.334000	-0.052000	-0.056000	29907	30406	29820	24833	24974	24972
5496	114.561504	0.026629	-0.930000	4.060000	-1.800000	-0.338000	-0.022000	-0.032000	29907	30406	29820	24831	24989	24984
5497	114.561569	0.000065	-0.390000	4.360000	-1.820000	-0.338000	-0.022000	-0.032000	29961	30436	29818	24831	24989	24984
5498	114.595672	0.034103	-0.390000	4.360000	-1.820000	-0.352000	-0.032000	-0.038000	29961	30436	29818	24824	24984	24981
5499	114.595796	0.000124	-0.560000	3.470000	-1.860000	-0.352000	-0.032000	-0.038000	29944	30347	29814	24824	24984	24981
5500	114.630237	0.034441	-0.640000	3.750000	-1.300000	-0.352000	-0.032000	-0.038000	29936	30375	29870	24824	24984	24981
5501	114.659364	0.029127	-0.550000	3.580000	-1.780000	-0.352000	-0.032000	-0.038000	29945	30358	29822	24824	24984	24981
5502	114.686699	0.027334	-0.550000	3.580000	-1.780000	-0.290000	-0.050000	-0.042000	29945	30358	29822	24855	24975	24979
5503	114.686771	0.000073	-0.700000	4.460000	-1.540000	-0.290000	-0.050000	-0.042000	29930	30446	29846	24855	24975	24979
5504	114.714062	0.027290	-1.310000	3.900000	-2.070000	-0.290000	-0.050000	-0.042000	29869	30390	29793	24855	24975	24979
5505	114.739312	0.025251	-1.170000	3.660000	-2.070000	-0.290000	-0.050000	-0.042000	29883	30366	29793	24855	24975	24979
5506	114.771333	0.032021	-0.500000	3.770000	-1.490000	-0.290000	-0.050000	-0.042000	29950	30377	29851	24855	24975	24979
5507	114.798935	0.027602	-0.360000	3.900000	-1.530000	-0.290000	-0.050000	-0.042000	29964	30390	29847	24855	24975	24979
5508	114.826156	0.027220	-0.670000	4.160000	-1.260000	-0.290000	-0.050000	-0.042000	29933	30416	29874	24855	24975	24979
5509	114.857285	0.031130	-0.670000	4.160000	-1.260000	-0.342000	-0.032000	-0.028000	29933	30416	29874	24829	24984	24986
5510	114.857416	0.000131	-0.450000	3.840000	-0.960000	-0.342000	-0.032000	-0.028000	29955	30384	29904	24829	24984	24986
5511	114.894174	0.036757	-0.450000	3.840000	-0.960000	-0.320000	-0.034000	-0.022000	29955	30384	29904	24840	24983	24989
5512	114.894264	0.000091	-0.450000	3.840000	-0.960000	-0.256000	-0.038000	-0.040000	29955	30384	29904	24872	24981	24980
5513	114.894294	0.000030	-0.490000	4.030000	-0.980000	-0.256000	-0.038000	-0.040000	29951	30403	29902	24872	24981	24980
5514	114.921521	0.027227	-0.490000	4.030000	-0.980000	-0.336000	-0.034000	-0.032000	29951	30403	29902	24832	24983	24984
5515	114.921603	0.000082	-1.110000	3.490000	-1.800000	-0.336000	-0.034000	-0.032000	29889	30349	29820	24832	24983	24984
5516	114.955827	0.034224	-0.760000	3.630000	-1.790000	-0.336000	-0.034000	-0.032000	29924	30363	29821	24832	24983	24984
5517	114.987435	0.031609	-0.430000	4.260000	-2.130000	-0.336000	-0.034000	-0.032000	29957	30426	29787	24832	24983	24984
5518	115.019940	0.032505	-0.900000	4.100000	-1.000000	-0.336000	-0.034000	-0.032000	29910	30410	29900	24832	24983	24984
5519	115.051793	0.031852	-0.870000	3.780000	-2.020000	-0.336000	-0.034000	-0.032000	29913	30378	29798	24832	24983	24984
5520	115.084999	0.033206	-1.180000	3.300000	-2.040000	-0.336000	-0.034000	-0.032000	29882	30330	29796	24832	24983	24984
5521	115.115810	0.030812	-1.180000	3.300000	-2.040000	-0.246000	-0.074000	-0.014000	29882	30330	29796	24877	24963	24993
5522	115.115884	0.000074	-1.130000	3.270000	-2.040000	-0.246000	-0.074000	-0.014000	29887	30327	29796	24877	24963	24993
5523	115.142833	0.026949	-0.650000	4.180000	-1.530000	-0.246000	-0.074000	-0.014000	29935	30418	29847	24877	24963	24993
5524	115.175265	0.032432	-0.650000	4.180000	-1.530000	-0.342000	-0.046000	-0.034000	29935	30418	29847	24829	24977	24983
5525	115.175340	0.000075	-0.710000	4.200000	-1.250000	-0.342000	-0.046000	-0.034000	29929	30420	29875	24829	24977	24983
5526	115.205714	0.030374	-0.920000	3.930000	-2.050000	-0.342000	-0.046000	-0.034000	29908	30393	29795	24829	24977	24983
5527	115.233060	0.027345	-0.580000	3.870000	-0.990000	-0.342000	-0.046000	-0.034000	29942	30387	29901	24829	24977	24983
5528	115.263304	0.030244	-0.940000	3.940000	-1.560000	-0.342000	-0.046000	-0.034000	29906	30394	29844	24829	24977	24983
5529	115.292526	0.029222	-0.870000	4.190000	-1.800000	-0.342000	-0.046000	-0.034000	29913	30419	29820	24829	24977	24983
5530	115.323176	0.030650	-0.870000	4.190000	-1.800000	-0.344000	-0.052000	-0.034000	29913	30419	29820	24828	24974	24983
5531	115.323253	0.000077	-0.400000	4.550000	-1.810000	-0.344000	-0.052000	-0.034000	29960	30455	29819	24828	24974	24983
5532	115.355228	0.031975	-0.400000	4.550000	-1.810000	-0.364000	-0.026000	-0.042000	29960	30455	29819	24818	24987	24979
5533	115.355322	0.000094	-0.800000	3.790000	-0.700000	-0.364000	-0.026000	-0.042000	29920	30379	29930	24818	24987	24979
5534	115.383049	0.027727	-0.800000	3.790000	-0.700000	-0.314000	-0.062000	-0.036000	29920	30379	29930	24843	24969	24982
5535	115.383127	0.000078	-0.760000	4.160000	-1.260000	-0.314000	-0.062000	-0.036000	29924	30416	29874	24843	24969	24982
5536	115.409840	0.026712	-0.760000	3.640000	-1.270000	-0.314000	-0.062000	-0.036000	29924	30364	29873	24843	24969	24982
5537	115.440021	0.030181	-0.760000	3.640000	-1.270000	-0.306000	-0.066000	-0.036000	29924	30364	29873	24847	24967	24982
5538	115.440087	0.000066	-0.760000	3.640000	-1.270000	-0.304000	-0.056000	-0.040000	29924	30364	29873	24848	24972	24980
5539	115.440106	0.000019	-1.050000	3.890000	-1.540000	-0.304000	-0.056000	-0.040000	29895	30389	29846	24848	24972	24980
5540	115.469938	0.029832	-0.920000	3.920000	-0.970000	-0.304000	-0.056000	-0.040000	29908	30392	29903	24848	24972	24980
5541	115.503377	0.033440	-0.590000	4.250000	-0.710000	-0.304000	-0.056000	-0.040000	29941	30425	29929	24848	24972	24980
5542	115.530252	0.026875	-0.830000	3.930000	-2.330000	-0.304000	-0.056000	-0.040000	29917	30393	29767	24848	24972	24980
5543	115.569082	0.038830	-0.700000	3.920000	-1.230000	-0.304000	-0.056000	-0.040000	29930	30392	29877	24848	24972	24980
5544	115.602222	0.033140	-0.930000	3.450000	-2.050000	-0.304000	-0.056000	-0.040000	29907	30345	29795	24848	24972	24980
5545	115.630199	0.027976	-0.810000	3.930000	-1.820000	-0.304000	-0.056000	-0.040000	29919	30393	29818	24848	24972	24980
5546	115.669289	0.039090	-0.590000	4.410000	-1.850000	-0.304000	-0.056000	-0.040000	29941	30441	29815	24848	24972	24980
5547	115.701680	0.032391	-0.480000	3.940000	-2.610000	-0.304000	-0.056000	-0.040000	29952	30394	29739	24848	24972	24980
5548	115.729252	0.027572	-1.140000	4.400000	-2.060000	-0.304000	-0.056000	-0.040000	29886	30440	29794	24848	24972	24980
5549	115.764237	0.034985	-1.140000	4.400000	-2.060000	-0.356000	-0.072000	-0.032000	29886	30440	29794	24822	24964	24984
5550	115.764345	0.000107	-0.370000	3.810000	-1.280000	-0.356000	-0.072000	-0.032000	29963	30381	29872	24822	24964	24984
5551	115.800126	0.035782	-0.370000	3.810000	-1.280000	-0.334000	-0.022000	-0.036000	29963	30381	29872	24833	24989	24982
5552	115.800223	0.000097	-0.450000	3.800000	-1.260000	-0.334000	-0.022000	-0.036000	29955	30380	29874	24833	24989	24982
5553	115.828365	0.028142	-0.940000	3.590000	-1.830000	-0.334000	-0.022000	-0.036000	29906	30359	29817	24833	24989	24982
5554	115.856979	0.028613	-0.940000	3.590000	-1.830000	-0.284000	-0.048000	-0.044000	29906	30359	29817	24858	24976	24978
5555	115.857048	0.000070	-0.420000	4.390000	-1.520000	-0.284000	-0.048000	-0.044000	29958	30439	29848	24858	24976	24978
5556	115.888730	0.031682	-0.710000	3.780000	-1.270000	-0.284000	-0.048000	-0.044000	29929	30378	29873	24858	24976	24978
5557	115.921981	0.033252	-0.900000	4.030000	-1.770000	-0.284000	-0.048000	-0.044000	29910	30403	29823	24858	24976	24978
5558	115.948851	0.026870	-0.590000	3.750000	-1.270000	-0.284000	-0.048000	-0.044000	29941	30375	29873	24858	24976	24978
5559	115.980927	0.032076	-0.880000	4.330000	-2.070000	-0.284000	-0.048000	-0.044000	29912	30433	29793	24858	24976	24978
5560	116.009257	0.028330	-0.620000	4.170000	-1.240000	-0.284000	-0.048000	-0.044000	29938	30417	29876	24858	24976	24978
5561	116.041101	0.031844	-0.620000	4.170000	-1.240000	-0.352000	-0.048000	-0.042000	29938	30417	29876	24824	24976	24979
5562	116.041206	0.000105	-1.160000	3.340000	-2.060000	-0.352000	-0.048000	-0.042000	29884	30334	29794	24824	24976	24979
5563	116.073273	0.032067	-0.920000	4.040000	-1.780000	-0.352000	-0.048000	-0.042000	29908	30404	29822	24824	24976	24979
5564	116.106913	0.033641	-0.950000	3.540000	-1.260000	-0.352000	-0.048000	-0.042000	29905	30354	29874	24824	24976	24979
5565	116.139806	0.032893	-1.340000	3.440000	-1.250000	-0.352000	-0.048000	-0.042000	29866	30344	29875	24824	24976	24979
5566	116.172976	0.033170	-1.340000	3.440000	-1.250000	-0.284000	-0.092000	-0.018000	29866	30344	29875	24858	24954	24991
5567	116.173130	0.000154	-0.700000	3.950000	-2.590000	-0.284000	-0.092000	-0.018000	29930	30395	29741	24858	24954	24991
5568	116.207268	0.034138	-0.240000	3.820000	-1.240000	-0.284000	-0.092000	-0.018000	29976	30382	29876	24858	24954	24991
5569	116.240588	0.033320	-0.240000	3.820000	-1.240000	-0.316000	-0.018000	-0.018000	29976	30382	29876	24842	24991	24991
5570	116.240668	0.000080	-0.560000	4.030000	-1.290000	-0.316000	-0.018000	-0.018000	29944	30403	29871	24842	24991	24991
5571	116.274944	0.034275	-0.740000	4.240000	-0.970000	-0.316000	-0.018000	-0.018000	29926	30424	29903	24842	24991	24991
5572	116.310260	0.035316	-0.340000	3.990000	-1.270000	-0.316000	-0.018000	-0.018000	29966	30399	29873	24842	24991	24991
5573	116.344801	0.034541	-0.340000	3.990000	-1.270000	-0.314000	-0.002000	-0.036000	29966	30399	29873	24843	24999	24982
5574	116.344896	0.000095	-1.170000	3.620000	-2.070000	-0.314000	-0.002000	-0.036000	29883	30362	29793	24843	24999	24982
5575	116.377993	0.033097	-0.490000	4.280000	-1.270000	-0.314000	-0.002000	-0.036000	29951	30428	29873	24843	24999	24982
5576	116.412052	0.034059	-0.980000	3.200000	-1.790000	-0.314000	-0.002000	-0.036000	29902	30320	29821	24843	24999	24982
5577	116.439837	0.027784	-0.980000	3.140000	-1.770000	-0.314000	-0.002000	-0.036000	29902	30314	29823	24843	24999	24982
5578	116.468235	0.028399	-0.980000	3.140000	-1.770000	-0.254000	-0.086000	-0.036000	29902	30314	29823	24873	24957	24982
5579	116.468304	0.000068	-1.360000	3.930000	-1.250000	-0.254000	-0.086000	-0.036000	29864	30393	29875	24873	24957	24982
5580	116.495576	0.027273	-0.840000	3.620000	-1.240000	-0.254000	-0.086000	-0.036000	29916	30362	29876	24873	24957	24982
5581	116.525666	0.030090	-0.840000	3.620000	-1.240000	-0.290000	-0.052000	-0.020000	29916	30362	29876	24855	24974	24990
5582	116.525721	0.000055	-0.520000	3.760000	-0.720000	-0.290000	-0.052000	-0.020000	29948	30376	29928	24855	24974	24990
5583	116.552158	0.026437	-0.550000	3.950000	-1.540000	-0.290000	-0.052000	-0.020000	29945	30395	29846	24855	24974	24990
5584	116.582699	0.030541	-0.550000	3.950000	-1.540000	-0.328000	-0.036000	-0.048000	29945	30395	29846	24836	24982	24976
5585	116.582771	0.000072	-0.550000	3.950000	-1.540000	-0.320000	-0.034000	-0.038000	29945	30395	29846	24840	24983	24981
5586	116.582802	0.000031	-0.890000	3.420000	-0.970000	-0.320000	-0.034000	-0.038000	29911	30342	29903	24840	24983	24981
5587	116.619251	0.036449	-0.970000	3.730000	-1.780000	-0.320000	-0.034000	-0.038000	29903	30373	29822	24840	24983	24981
5588	116.652918	0.033667	-0.970000	3.730000	-1.780000	-0.310000	0.004000	-0.042000	29903	30373	29822	24845	25002	24979
5589	116.653025	0.000107	-1.230000	3.810000	-1.240000	-0.310000	0.004000	-0.042000	29877	30381	29876	24845	25002	24979
5590	116.686124	0.033099	-0.610000	3.840000	-1.760000	-0.310000	0.004000	-0.042000	29939	30384	29824	24845	25002	24979
5591	116.719343	0.033219	-0.610000	3.840000	-1.760000	-0.306000	-0.046000	-0.028000	29939	30384	29824	24847	24977	24986
5592	116.719424	0.000080	-1.280000	2.880000	-1.250000	-0.306000	-0.046000	-0.028000	29872	30288	29875	24847	24977	24986
5593	116.752532	0.033108	-0.370000	4.560000	-1.240000	-0.306000	-0.046000	-0.028000	29963	30456	29876	24847	24977	24986
5594	116.786484	0.033952	-0.370000	4.560000	-1.240000	-0.366000	-0.010000	-0.038000	29963	30456	29876	24817	24995	24981
5595	116.786546	0.000063	-0.850000	3.000000	-1.220000	-0.366000	-0.010000	-0.038000	29915	30300	29878	24817	24995	24981
5596	116.816256	0.029710	-0.850000	3.000000	-1.220000	-0.364000	-0.020000	-0.036000	29915	30300	29878	24818	24990	24982
5597	116.816342	0.000085	-0.790000	3.220000	-1.810000	-0.364000	-0.020000	-0.036000	29921	30322	29819	24818	24990	24982
5598	116.849415	0.033074	-0.790000	3.220000	-1.810000	-0.336000	-0.044000	-0.036000	29921	30322	29819	24832	24978	24982
5599	116.849499	0.000083	-0.810000	4.000000	-1.510000	-0.336000	-0.044000	-0.036000	29919	30400	29849	24832	24978	24982
5600	116.882533	0.033034	-0.810000	4.000000	-1.510000	-0.348000	-0.044000	-0.048000	29919	30400	29849	24826	24978	24976
5601	116.882621	0.000088	-0.350000	3.760000	-2.010000	-0.348000	-0.044000	-0.048000	29965	30376	29799	24826	24978	24976
5602	116.915523	0.032902	-0.770000	3.880000	-1.500000	-0.348000	-0.044000	-0.048000	29923	30388	29850	24826	24978	24976
5603	116.956890	0.041366	-0.770000	3.880000	-1.500000	-0.296000	-0.038000	-0.028000	29923	30388	29850	24852	24981	24986
5604	116.956981	0.000092	-1.350000	3.610000	-1.520000	-0.296000	-0.038000	-0.028000	29865	30361	29848	24852	24981	24986
5605	116.986672	0.029690	-0.570000	3.630000	-2.340000	-0.296000	-0.038000	-0.028000	29943	30363	29766	24852	24981	24986
5606	117.017268	0.030596	-0.570000	3.630000	-2.340000	-0.296000	-0.030000	-0.038000	29943	30363	29766	24852	24985	24981
5607	117.017346	0.000079	-0.800000	3.340000	-0.980000	-0.296000	-0.030000	-0.038000	29920	30334	29902	24852	24985	24981
5608	117.051273	0.033926	-0.800000	3.340000	-0.980000	-0.270000	-0.052000	-0.032000	29920	30334	29902	24865	24974	24984
5609	117.051381	0.000108	-0.620000	3.930000	-1.200000	-0.270000	-0.052000	-0.032000	29938	30393	29880	24865	24974	24984
5610	117.085809	0.034428	-0.480000	4.920000	-1.860000	-0.270000	-0.052000	-0.032000	29952	30492	29814	24865	24974	24984
5611	117.113705	0.027896	-0.480000	4.920000	-1.860000	-0.390000	-0.014000	-0.044000	29952	30492	29814	24805	24993	24978
5612	117.113770	0.000065	-0.840000	4.050000	-1.260000	-0.390000	-0.014000	-0.044000	29916	30405	29874	24805	24993	24978
5613	117.146821	0.033050	-0.820000	3.850000	-1.520000	-0.390000	-0.014000	-0.044000	29918	30385	29848	24805	24993	24978
5614	117.178665	0.031844	-0.430000	3.880000	-2.330000	-0.390000	-0.014000	-0.044000	29957	30388	29767	24805	24993	24978
5615	117.209384	0.030719	-0.430000	3.880000	-2.330000	-0.308000	-0.022000	-0.046000	29957	30388	29767	24846	24989	24977
5616	117.209457	0.000073	-1.030000	3.920000	-1.490000	-0.308000	-0.022000	-0.046000	29897	30392	29851	24846	24989	24977
5617	117.241205	0.031748	-0.640000	3.810000	-1.800000	-0.308000	-0.022000	-0.046000	29936	30381	29820	24846	24989	24977
5618	117.272962	0.031757	-0.640000	3.810000	-1.800000	-0.296000	-0.038000	-0.020000	29936	30381	29820	24852	24981	24990
5619	117.273036	0.000074	-0.660000	3.320000	-0.980000	-0.296000	-0.038000	-0.020000	29934	30332	29902	24852	24981	24990
5620	117.306431	0.033395	-0.660000	3.320000	-0.980000	-0.272000	-0.042000	-0.036000	29934	30332	29902	24864	24979	24982
5621	117.306499	0.000068	-0.040000	4.450000	-2.090000	-0.272000	-0.042000	-0.036000	29996	30445	29791	24864	24979	24982
5622	117.337411	0.030912	-0.040000	4.450000	-2.090000	-0.378000	-0.006000	-0.030000	29996	30445	29791	24811	24997	24985
5623	117.337489	0.000079	-0.790000	4.380000	-2.060000	-0.378000	-0.006000	-0.030000	29921	30438	29794	24811	24997	24985
5624	117.370128	0.032638	-0.800000	3.490000	-1.000000	-0.378000	-0.006000	-0.030000	29920	30349	29900	24811	24997	24985
5625	117.403421	0.033293	-0.800000	3.490000	-1.000000	-0.290000	-0.050000	-0.036000	29920	30349	29900	24855	24975	24982
5626	117.403501	0.000080	-0.770000	4.260000	-1.790000	-0.290000	-0.050000	-0.036000	29923	30426	29821	24855	24975	24982
5627	117.435706	0.032206	-0.800000	3.360000	-2.060000	-0.290000	-0.050000	-0.036000	29920	30336	29794	24855	24975	24982
5628	117.466998	0.031292	-0.880000	3.550000	-1.790000	-0.290000	-0.050000	-0.036000	29912	30355	29821	24855	24975	24982
5629	117.498913	0.031914	-0.480000	4.060000	-1.270000	-0.290000	-0.050000	-0.036000	29952	30406	29873	24855	24975	24982
5630	117.529106	0.030194	-0.480000	4.060000	-1.270000	-0.332000	-0.014000	-0.048000	29952	30406	29873	24834	24993	24976
5631	117.529186	0.000079	-0.730000	4.140000	-1.500000	-0.332000	-0.014000	-0.048000	29927	30414	29850	24834	24993	24976
5632	117.562497	0.033312	-0.600000	3.850000	-1.510000	-0.332000	-0.014000	-0.048000	29940	30385	29849	24834	24993	24976
5633	117.589410	0.026912	-0.600000	3.850000	-1.510000	-0.300000	-0.026000	-0.030000	29940	30385	29849	24850	24987	24985
5634	117.589501	0.000091	-0.840000	4.010000	-1.820000	-0.300000	-0.026000	-0.030000	29916	30401	29818	24850	24987	24985
5635	117.626579	0.037077	-0.650000	3.530000	-1.560000	-0.300000	-0.026000	-0.030000	29935	30353	29844	24850	24987	24985
5636	117.660006	0.033428	-0.650000	3.530000	-1.560000	-0.302000	-0.048000	-0.040000	29935	30353	29844	24849	24976	24980
5637	117.660084	0.000078	-0.270000	3.640000	-1.220000	-0.302000	-0.048000	-0.040000	29973	30364	29878	24849	24976	24980
5638	117.694659	0.034575	-0.270000	3.640000	-1.220000	-0.302000	-0.034000	-0.034000	29973	30364	29878	24849	24983	24983
5639	117.694756	0.000097	-0.790000	3.270000	-1.510000	-0.302000	-0.034000	-0.034000	29921	30327	29849	24849	24983	24983
5640	117.729311	0.034556	-0.790000	3.270000	-1.510000	-0.266000	-0.052000	-0.036000	29921	30327	29849	24867	24974	24982
5641	117.729409	0.000098	-0.080000	3.990000	-0.720000	-0.266000	-0.052000	-0.036000	29992	30399	29928	24867	24974	24982
5642	117.763204	0.033794	-0.080000	3.990000	-0.720000	-0.328000	0.002000	-0.032000	29992	30399	29928	24836	25001	24984
5643	117.763272	0.000068	-0.690000	3.730000	-1.210000	-0.328000	0.002000	-0.032000	29931	30373	29879	24836	25001	24984
5644	117.796482	0.033210	-0.880000	3.500000	-1.490000	-0.328000	0.002000	-0.032000	29912	30350	29851	24836	25001	24984
5645	117.824635	0.028153	-0.880000	3.500000	-1.490000	-0.278000	-0.060000	-0.042000	29912	30350	29851	24861	24970	24979
5646	117.824718	0.000083	-1.460000	3.100000	-1.520000	-0.278000	-0.060000	-0.042000	29854	30310	29848	24861	24970	24979
5647	117.855434	0.030716	-1.460000	3.100000	-1.520000	-0.268000	-0.098000	-0.032000	29854	30310	29848	24866	24951	24984
5648	117.855526	0.000093	-0.880000	3.800000	-1.570000	-0.268000	-0.098000	-0.032000	29912	30380	29843	24866	24951	24984
5649	117.889407	0.033881	-0.880000	3.800000	-1.570000	-0.320000	-0.042000	-0.028000	29912	30380	29843	24840	24979	24986
5650	117.889489	0.000082	-1.040000	4.020000	-2.300000	-0.320000	-0.042000	-0.028000	29896	30402	29770	24840	24979	24986
5651	117.924254	0.034765	-0.180000	4.040000	-1.790000	-0.320000	-0.042000	-0.028000	29982	30404	29821	24840	24979	24986
5652	117.957085	0.032831	-0.490000	3.600000	-1.810000	-0.320000	-0.042000	-0.028000	29951	30360	29819	24840	24979	24986
5653	117.990779	0.033694	-0.460000	3.660000	-1.810000	-0.320000	-0.042000	-0.028000	29954	30366	29819	24840	24979	24986
5654	118.017721	0.026942	-0.600000	4.000000	-1.790000	-0.320000	-0.042000	-0.028000	29940	30400	29821	24840	24979	24986
5655	118.049000	0.031280	-0.600000	4.000000	-1.790000	-0.340000	-0.054000	-0.030000	29940	30400	29821	24830	24973	24985
5656	118.049077	0.000077	-1.180000	3.460000	-1.520000	-0.340000	-0.054000	-0.030000	29882	30346	29848	24830	24973	24985
5657	118.076681	0.027604	-0.950000	3.550000	-1.770000	-0.340000	-0.054000	-0.030000	29905	30355	29823	24830	24973	24985
5658	118.107418	0.030736	-0.950000	3.550000	-1.770000	-0.262000	-0.050000	-0.044000	29905	30355	29823	24869	24975	24978
5659	118.107602	0.000184	-0.950000	3.550000	-1.770000	-0.340000	-0.028000	-0.030000	29905	30355	29823	24830	24986	24985
5660	118.107663	0.000062	-1.070000	3.630000	-1.240000	-0.340000	-0.028000	-0.030000	29893	30363	29876	24830	24986	24985
5661	118.140669	0.033006	-0.560000	3.700000	-1.780000	-0.340000	-0.028000	-0.030000	29944	30370	29822	24830	24986	24985
5662	118.173198	0.032528	-0.510000	3.860000	-1.770000	-0.340000	-0.028000	-0.030000	29949	30386	29823	24830	24986	24985
5663	118.206541	0.033344	-0.510000	3.860000	-1.770000	-0.310000	-0.026000	-0.044000	29949	30386	29823	24845	24987	24978
5664	118.206619	0.000078	-0.380000	4.010000	-1.000000	-0.310000	-0.026000	-0.044000	29962	30401	29900	24845	24987	24978
5665	118.239818	0.033199	-0.130000	4.120000	-0.960000	-0.310000	-0.026000	-0.044000	29987	30412	29904	24845	24987	24978
5666	118.275236	0.035417	-0.130000	4.120000	-0.960000	-0.308000	-0.018000	-0.044000	29987	30412	29904	24846	24991	24978
5667	118.275408	0.000172	-1.080000	4.430000	-1.820000	-0.308000	-0.018000	-0.044000	29892	30443	29818	24846	24991	24978
5668	118.310867	0.035460	-0.560000	3.660000	-1.240000	-0.308000	-0.018000	-0.044000	29944	30366	29876	24846	24991	24978
5669	118.339358	0.028491	-0.520000	4.020000	-1.790000	-0.308000	-0.018000	-0.044000	29948	30402	29821	24846	24991	24978
5670	118.371685	0.032327	-0.810000	4.050000	-2.080000	-0.308000	-0.018000	-0.044000	29919	30405	29792	24846	24991	24978
5671	118.404755	0.033070	-0.810000	4.050000	-2.080000	-0.324000	-0.056000	-0.034000	29919	30405	29792	24838	24972	24983
5672	118.404843	0.000087	-0.160000	4.160000	-1.850000	-0.324000	-0.056000	-0.034000	29984	30416	29815	24838	24972	24983
5673	118.437217	0.032374	-0.630000	3.640000	-1.510000	-0.324000	-0.056000	-0.034000	29937	30364	29849	24838	24972	24983
5674	118.467538	0.030321	-0.630000	3.640000	-1.510000	-0.290000	-0.046000	-0.040000	29937	30364	29849	24855	24977	24980
5675	118.467611	0.000073	-0.140000	4.420000	-1.290000	-0.290000	-0.046000	-0.040000	29986	30442	29871	24855	24977	24980
5676	118.499519	0.031908	-0.140000	4.420000	-1.290000	-0.324000	-0.056000	-0.038000	29986	30442	29871	24838	24972	24981
5677	118.499602	0.000083	-1.120000	3.430000	-1.780000	-0.324000	-0.056000	-0.038000	29888	30343	29822	24838	24972	24981
5678	118.532917	0.033314	-0.370000	4.250000	-1.560000	-0.324000	-0.056000	-0.038000	29963	30425	29844	24838	24972	24981
5679	118.566458	0.033541	-0.370000	4.250000	-1.560000	-0.286000	-0.076000	-0.024000	29963	30425	29844	24857	24962	24988
5680	118.566530	0.000072	-0.370000	4.250000	-1.560000	-0.306000	-0.038000	-0.030000	29963	30425	29844	24847	24981	24985
5681	118.566553	0.000023	-0.950000	4.180000	-1.520000	-0.306000	-0.038000	-0.030000	29905	30418	29848	24847	24981	24985
5682	118.592616	0.026063	-0.160000	4.250000	-1.280000	-0.306000	-0.038000	-0.030000	29984	30425	29872	24847	24981	24985
5683	118.624164	0.031548	-0.160000	4.250000	-1.280000	-0.350000	-0.014000	-0.034000	29984	30425	29872	24825	24993	24983
5684	118.624273	0.000109	-0.740000	3.980000	-1.780000	-0.350000	-0.014000	-0.034000	29926	30398	29822	24825	24993	24983
5685	118.657109	0.032836	-1.030000	3.720000	-1.270000	-0.350000	-0.014000	-0.034000	29897	30372	29873	24825	24993	24983
5686	118.690253	0.033143	-1.030000	3.720000	-1.270000	-0.304000	-0.066000	-0.030000	29897	30372	29873	24848	24967	24985
5687	118.690333	0.000081	-1.120000	3.870000	-1.810000	-0.304000	-0.066000	-0.030000	29888	30387	29819	24848	24967	24985
5688	118.725515	0.035182	-0.580000	4.040000	-0.990000	-0.304000	-0.066000	-0.030000	29942	30404	29901	24848	24967	24985
5689	118.759505	0.033989	-0.630000	4.110000	-1.190000	-0.304000	-0.066000	-0.030000	29937	30411	29881	24848	24967	24985
5690	118.795464	0.035959	-0.630000	4.110000	-1.190000	-0.304000	-0.066000	-0.030000	29937	30411	29881	24848	24967	24985
5691	118.827041	0.031577	-0.580000	4.370000	-1.050000	-0.304000	-0.066000	-0.030000	29942	30437	29895	24848	24967	24985
5692	118.868561	0.041520	-0.630000	4.290000	-1.260000	-0.304000	-0.066000	-0.030000	29937	30429	29874	24848	24967	24985
5693	118.901226	0.032665	-0.630000	4.290000	-1.260000	-0.342000	-0.022000	-0.026000	29937	30429	29874	24829	24989	24987
5694	118.901312	0.000086	-1.250000	3.660000	-1.510000	-0.342000	-0.022000	-0.026000	29875	30366	29849	24829	24989	24987
5695	118.932174	0.030862	-0.070000	4.550000	-1.270000	-0.342000	-0.022000	-0.026000	29993	30455	29873	24829	24989	24987
5696	118.964460	0.032286	-0.070000	4.550000	-1.270000	-0.318000	-0.046000	-0.040000	29993	30455	29873	24841	24977	24980
5697	118.964581	0.000121	-0.520000	3.970000	-1.530000	-0.318000	-0.046000	-0.040000	29948	30397	29847	24841	24977	24980
5698	118.998126	0.033544	-0.430000	3.920000	-1.560000	-0.318000	-0.046000	-0.040000	29957	30392	29844	24841	24977	24980
5699	119.028736	0.030610	-0.430000	3.920000	-1.560000	-0.314000	-0.016000	-0.046000	29957	30392	29844	24843	24992	24977
5700	119.028918	0.000183	-0.430000	3.920000	-1.560000	-0.290000	-0.070000	-0.028000	29957	30392	29844	24855	24965	24986
5701	119.029012	0.000093	-0.990000	3.440000	-1.540000	-0.290000	-0.070000	-0.028000	29901	30344	29846	24855	24965	24986
5702	119.058393	0.029381	-0.380000	4.380000	-1.830000	-0.290000	-0.070000	-0.028000	29962	30438	29817	24855	24965	24986
5703	119.085376	0.026984	-0.380000	4.380000	-1.830000	-0.352000	-0.022000	-0.036000	29962	30438	29817	24824	24989	24982
5704	119.085484	0.000108	-0.970000	3.730000	-1.230000	-0.352000	-0.022000	-0.036000	29903	30373	29877	24824	24989	24982
5705	119.118741	0.033257	-0.970000	3.730000	-1.230000	-0.300000	-0.038000	-0.032000	29903	30373	29877	24850	24981	24984
5706	119.118845	0.000104	-0.810000	3.520000	-1.780000	-0.300000	-0.038000	-0.032000	29919	30352	29822	24850	24981	24984
5707	119.151215	0.032370	-0.520000	3.840000	-1.250000	-0.300000	-0.038000	-0.032000	29948	30384	29875	24850	24981	24984
5708	119.183224	0.032009	-0.710000	4.230000	-2.640000	-0.300000	-0.038000	-0.032000	29929	30423	29736	24850	24981	24984
5709	119.210727	0.027502	-0.710000	4.230000	-2.640000	-0.344000	-0.040000	-0.022000	29929	30423	29736	24828	24980	24989
5710	119.210890	0.000163	-0.710000	4.230000	-2.640000	-0.288000	-0.064000	-0.024000	29929	30423	29736	24856	24968	24988
5711	119.210972	0.000082	-0.710000	4.230000	-2.640000	-0.304000	-0.060000	-0.036000	29929	30423	29736	24848	24970	24982
5712	119.211045	0.000073	-0.860000	3.800000	-1.240000	-0.304000	-0.060000	-0.036000	29914	30380	29876	24848	24970	24982
5713	119.247890	0.036845	-0.800000	3.970000	-2.080000	-0.304000	-0.060000	-0.036000	29920	30397	29792	24848	24970	24982
5714	119.281599	0.033710	-1.200000	3.620000	-1.240000	-0.304000	-0.060000	-0.036000	29880	30362	29876	24848	24970	24982
5715	119.314497	0.032898	-1.200000	3.620000	-1.240000	-0.308000	-0.094000	-0.032000	29880	30362	29876	24846	24953	24984
5716	119.314592	0.000094	-1.090000	3.340000	-1.800000	-0.308000	-0.094000	-0.032000	29891	30334	29820	24846	24953	24984
5717	119.349013	0.034421	-0.780000	3.770000	-1.800000	-0.308000	-0.094000	-0.032000	29922	30377	29820	24846	24953	24984
5718	119.377243	0.028230	-0.930000	3.590000	-1.760000	-0.308000	-0.094000	-0.032000	29907	30359	29824	24846	24953	24984
5719	119.409519	0.032276	-0.930000	3.590000	-1.760000	-0.276000	-0.070000	-0.016000	29907	30359	29824	24862	24965	24992
5720	119.409623	0.000105	-0.540000	4.050000	-2.600000	-0.276000	-0.070000	-0.016000	29946	30405	29740	24862	24965	24992
5721	119.442437	0.032814	-0.530000	3.780000	-1.800000	-0.276000	-0.070000	-0.016000	29947	30378	29820	24862	24965	24992
5722	119.474333	0.031896	-0.260000	4.310000	-2.380000	-0.276000	-0.070000	-0.016000	29974	30431	29762	24862	24965	24992
5723	119.505729	0.031396	-0.260000	4.310000	-2.380000	-0.350000	-0.034000	-0.038000	29974	30431	29762	24825	24983	24981
5724	119.505804	0.000074	-0.750000	3.870000	-1.280000	-0.350000	-0.034000	-0.038000	29925	30387	29872	24825	24983	24981
5725	119.538431	0.032627	-0.700000	3.650000	-1.820000	-0.350000	-0.034000	-0.038000	29930	30365	29818	24825	24983	24981
5726	119.566132	0.027701	-0.730000	4.000000	-1.290000	-0.350000	-0.034000	-0.038000	29927	30400	29871	24825	24983	24981
5727	119.598704	0.032572	-0.730000	4.000000	-1.290000	-0.342000	-0.052000	-0.038000	29927	30400	29871	24829	24974	24981
5728	119.598805	0.000101	-0.170000	4.140000	-1.810000	-0.342000	-0.052000	-0.038000	29983	30414	29819	24829	24974	24981
5729	119.632830	0.034025	-0.170000	4.140000	-1.810000	-0.320000	-0.004000	-0.034000	29983	30414	29819	24840	24998	24983
5730	119.632929	0.000099	-0.490000	3.590000	-1.550000	-0.320000	-0.004000	-0.034000	29951	30359	29845	24840	24998	24983
5731	119.666185	0.033256	-0.370000	3.580000	-1.790000	-0.320000	-0.004000	-0.034000	29963	30358	29821	24840	24998	24983
5732	119.698293	0.032108	-0.430000	3.690000	-1.770000	-0.320000	-0.004000	-0.034000	29957	30369	29823	24840	24998	24983
5733	119.732080	0.033787	-0.100000	4.330000	-1.270000	-0.320000	-0.004000	-0.034000	29990	30433	29873	24840	24998	24983
5734	119.767220	0.035140	-0.570000	3.390000	-1.540000	-0.320000	-0.004000	-0.034000	29943	30339	29846	24840	24998	24983
5735	119.801138	0.033918	-0.570000	3.390000	-1.540000	-0.290000	-0.040000	-0.028000	29943	30339	29846	24855	24980	24986
5736	119.801208	0.000070	-0.590000	3.910000	-1.540000	-0.290000	-0.040000	-0.028000	29941	30391	29846	24855	24980	24986
5737	119.828958	0.027750	-0.490000	4.100000	-1.270000	-0.290000	-0.040000	-0.028000	29951	30410	29873	24855	24980	24986
5738	119.856991	0.028033	-0.490000	4.100000	-1.270000	-0.336000	-0.036000	-0.052000	29951	30410	29873	24832	24982	24974
5739	119.857065	0.000074	-0.720000	3.680000	-1.260000	-0.336000	-0.036000	-0.052000	29928	30368	29874	24832	24982	24974
5740	119.883816	0.026751	-0.720000	3.680000	-1.260000	-0.308000	-0.044000	-0.030000	29928	30368	29874	24846	24978	24985
5741	119.883880	0.000064	-0.680000	3.990000	-1.600000	-0.308000	-0.044000	-0.030000	29932	30399	29840	24846	24978	24985
5742	119.910749	0.026868	-0.680000	3.990000	-1.600000	-0.336000	-0.030000	-0.038000	29932	30399	29840	24832	24985	24981
5743	119.910824	0.000076	-0.400000	4.360000	-1.820000	-0.336000	-0.030000	-0.038000	29960	30436	29818	24832	24985	24981
5744	119.943434	0.032610	-0.600000	4.220000	-1.820000	-0.336000	-0.030000	-0.038000	29940	30422	29818	24832	24985	24981
5745	119.986594	0.043160	-0.600000	4.220000	-1.820000	-0.360000	-0.040000	-0.032000	29940	30422	29818	24820	24980	24984
5746	119.986694	0.000100	-1.100000	4.200000	-1.240000	-0.360000	-0.040000	-0.032000	29890	30420	29876	24820	24980	24984
5747	120.021489	0.034795	-1.100000	4.200000	-1.240000	-0.340000	-0.068000	-0.034000	29890	30420	29876	24830	24966	24983
5748	120.021575	0.000086	-0.380000	3.860000	-1.810000	-0.340000	-0.068000	-0.034000	29962	30386	29819	24830	24966	24983
5749	120.049433	0.027858	-0.650000	3.710000	-1.270000	-0.340000	-0.068000	-0.034000	29935	30371	29873	24830	24966	24983
5750	120.076758	0.027325	-0.650000	3.710000	-1.270000	-0.304000	-0.048000	-0.048000	29935	30371	29873	24848	24976	24976
5751	120.076873	0.000116	-0.660000	4.230000	-0.990000	-0.304000	-0.048000	-0.048000	29934	30423	29901	24848	24976	24976
5752	120.109972	0.033098	-0.660000	4.230000	-0.990000	-0.362000	-0.034000	-0.032000	29934	30423	29901	24819	24983	24984
5753	120.110103	0.000131	-0.930000	4.060000	-1.250000	-0.362000	-0.034000	-0.032000	29907	30406	29875	24819	24983	24984
5754	120.140966	0.030863	-0.930000	4.060000	-1.250000	-0.330000	-0.050000	-0.026000	29907	30406	29875	24835	24975	24987
5755	120.141078	0.000112	-1.230000	3.520000	-1.500000	-0.330000	-0.050000	-0.026000	29877	30352	29850	24835	24975	24987
5756	120.178043	0.036965	-1.230000	3.520000	-1.500000	-0.278000	-0.086000	-0.020000	29877	30352	29850	24861	24957	24990
5757	120.178121	0.000078	-0.460000	4.260000	-0.970000	-0.278000	-0.086000	-0.020000	29954	30426	29903	24861	24957	24990
5758	120.210263	0.032142	-0.460000	4.260000	-0.970000	-0.360000	-0.024000	-0.026000	29954	30426	29903	24820	24988	24987
5759	120.210360	0.000097	-0.580000	4.410000	-1.760000	-0.360000	-0.024000	-0.026000	29942	30441	29824	24820	24988	24987
5760	120.248957	0.038597	-0.550000	3.520000	-1.270000	-0.360000	-0.024000	-0.026000	29945	30352	29873	24820	24988	24987
5761	120.280602	0.031644	-0.550000	3.520000	-1.270000	-0.302000	-0.038000	-0.038000	29945	30352	29873	24849	24981	24981
5762	120.280694	0.000092	-0.520000	3.970000	-1.780000	-0.302000	-0.038000	-0.038000	29948	30397	29822	24849	24981	24981
5763	120.315479	0.034785	-0.520000	3.970000	-1.780000	-0.324000	-0.040000	-0.028000	29948	30397	29822	24838	24980	24986
5764	120.315599	0.000120	-0.730000	3.750000	-1.520000	-0.324000	-0.040000	-0.028000	29927	30375	29848	24838	24980	24986
5765	120.347290	0.031691	-0.580000	3.740000	-2.390000	-0.324000	-0.040000	-0.028000	29942	30374	29761	24838	24980	24986
5766	120.379069	0.031779	-0.580000	3.740000	-2.390000	-0.296000	-0.014000	-0.044000	29942	30374	29761	24852	24993	24978
5767	120.379145	0.000076	-0.690000	3.740000	-1.300000	-0.296000	-0.014000	-0.044000	29931	30374	29870	24852	24993	24978
5768	120.410914	0.031769	-0.520000	3.580000	-2.100000	-0.296000	-0.014000	-0.044000	29948	30358	29790	24852	24993	24978
5769	120.444881	0.033967	-0.620000	4.060000	-1.500000	-0.296000	-0.014000	-0.044000	29938	30406	29850	24852	24993	24978
5770	120.483048	0.038167	-0.620000	4.060000	-1.500000	-0.316000	-0.024000	-0.040000	29938	30406	29850	24842	24988	24980
5771	120.483234	0.000186	-0.960000	3.540000	-1.520000	-0.316000	-0.024000	-0.040000	29904	30354	29848	24842	24988	24980
5772	120.515906	0.032672	-0.990000	3.410000	-1.310000	-0.316000	-0.024000	-0.040000	29901	30341	29869	24842	24988	24980
5773	120.544573	0.028667	-0.470000	3.780000	-1.520000	-0.316000	-0.024000	-0.040000	29953	30378	29848	24842	24988	24980
5774	120.573126	0.028552	-0.970000	3.670000	-1.740000	-0.316000	-0.024000	-0.040000	29903	30367	29826	24842	24988	24980
5775	120.610133	0.037007	-0.970000	3.670000	-1.740000	-0.294000	-0.060000	-0.026000	29903	30367	29826	24853	24970	24987
5776	120.610226	0.000094	-0.630000	4.160000	-2.040000	-0.294000	-0.060000	-0.026000	29937	30416	29796	24853	24970	24987
5777	120.638794	0.028567	-0.630000	4.160000	-2.040000	-0.340000	-0.044000	-0.032000	29937	30416	29796	24830	24978	24984
5778	120.639008	0.000214	-0.200000	4.070000	-1.030000	-0.340000	-0.044000	-0.032000	29980	30407	29897	24830	24978	24984
5779	120.666749	0.027741	-0.490000	3.760000	-1.560000	-0.340000	-0.044000	-0.032000	29951	30376	29844	24830	24978	24984
5780	120.706551	0.039802	-0.200000	4.190000	-2.370000	-0.340000	-0.044000	-0.032000	29980	30419	29763	24830	24978	24984
5781	120.739169	0.032618	-0.200000	4.190000	-2.370000	-0.326000	-0.002000	-0.030000	29980	30419	29763	24837	24999	24985
5782	120.739248	0.000079	-0.860000	3.790000	-1.020000	-0.326000	-0.002000	-0.030000	29914	30379	29898	24837	24999	24985
5783	120.783330	0.044083	-0.470000	3.650000	-1.820000	-0.326000	-0.002000	-0.030000	29953	30365	29818	24837	24999	24985
5784	120.811836	0.028505	-0.750000	4.380000	-1.560000	-0.326000	-0.002000	-0.030000	29925	30438	29844	24837	24999	24985
5785	120.841092	0.029256	-0.520000	3.620000	-1.530000	-0.326000	-0.002000	-0.030000	29948	30362	29847	24837	24999	24985
5786	120.873413	0.032321	-0.810000	3.820000	-0.720000	-0.326000	-0.002000	-0.030000	29919	30382	29928	24837	24999	24985
5787	120.907220	0.033808	-0.640000	3.980000	-1.790000	-0.326000	-0.002000	-0.030000	29936	30398	29821	24837	24999	24985
5788	120.945528	0.038308	-0.640000	3.980000	-1.790000	-0.314000	-0.032000	-0.026000	29936	30398	29821	24843	24984	24987
5789	120.945621	0.000093	-1.190000	2.650000	-0.980000	-0.314000	-0.032000	-0.026000	29881	30265	29902	24843	24984	24987
5790	120.975477	0.029856	-1.190000	2.650000	-0.980000	-0.234000	-0.104000	-0.022000	29881	30265	29902	24883	24948	24989
5791	120.975604	0.000126	-1.110000	2.600000	-0.430000	-0.234000	-0.104000	-0.022000	29889	30260	29957	24883	24948	24989
5792	121.014602	0.038999	-0.980000	3.930000	-1.520000	-0.234000	-0.104000	-0.022000	29902	30393	29848	24883	24948	24989
5793	121.045518	0.030915	-0.980000	3.930000	-1.520000	-0.314000	-0.064000	-0.044000	29902	30393	29848	24843	24968	24978
5794	121.045592	0.000074	-0.840000	4.170000	-2.350000	-0.314000	-0.064000	-0.044000	29916	30417	29765	24843	24968	24978
5795	121.079218	0.033626	-0.680000	3.890000	-1.240000	-0.314000	-0.064000	-0.044000	29932	30389	29876	24843	24968	24978
5796	121.104519	0.025301	-0.680000	3.890000	-1.240000	-0.360000	-0.024000	-0.044000	29932	30389	29876	24820	24988	24978
5797	121.104577	0.000058	-0.730000	3.720000	-1.530000	-0.360000	-0.024000	-0.044000	29927	30372	29847	24820	24988	24978
5798	121.133553	0.028976	-0.960000	3.720000	-1.800000	-0.360000	-0.024000	-0.044000	29904	30372	29820	24820	24988	24978
5799	121.168961	0.035408	-0.430000	4.010000	-2.380000	-0.360000	-0.024000	-0.044000	29957	30401	29762	24820	24988	24978
5800	121.199555	0.030594	-0.430000	4.010000	-2.380000	-0.338000	-0.036000	-0.040000	29957	30401	29762	24831	24982	24980
5801	121.199652	0.000097	-0.430000	4.010000	-2.380000	-0.314000	-0.034000	-0.040000	29957	30401	29762	24843	24983	24980
5802	121.199677	0.000024	-0.560000	3.250000	-1.550000	-0.314000	-0.034000	-0.040000	29944	30325	29845	24843	24983	24980
5803	121.230752	0.031076	-0.560000	3.250000	-1.550000	-0.264000	-0.038000	-0.034000	29944	30325	29845	24868	24981	24983
5804	121.230827	0.000075	-1.110000	3.460000	-1.520000	-0.264000	-0.038000	-0.034000	29889	30346	29848	24868	24981	24983
5805	121.259497	0.028670	-0.510000	4.240000	-1.260000	-0.264000	-0.038000	-0.034000	29949	30424	29874	24868	24981	24983
5806	121.285398	0.025901	-0.510000	3.910000	-1.230000	-0.264000	-0.038000	-0.034000	29949	30391	29877	24868	24981	24983
5807	121.316413	0.031014	-0.590000	3.010000	-2.380000	-0.264000	-0.038000	-0.034000	29941	30301	29762	24868	24981	24983
5808	121.346981	0.030568	-0.630000	4.100000	-1.500000	-0.264000	-0.038000	-0.034000	29937	30410	29850	24868	24981	24983
5809	121.378533	0.031553	-0.630000	4.100000	-1.500000	-0.340000	-0.048000	-0.040000	29937	30410	29850	24830	24976	24980
5810	121.378605	0.000072	-0.420000	3.980000	-1.250000	-0.340000	-0.048000	-0.040000	29958	30398	29875	24830	24976	24980
5811	121.411097	0.032492	-0.420000	3.980000	-1.250000	-0.338000	-0.014000	-0.040000	29958	30398	29875	24831	24993	24980
5812	121.411190	0.000093	0.220000	3.390000	-1.300000	-0.338000	-0.014000	-0.040000	30022	30339	29870	24831	24993	24980
5813	121.438883	0.027693	0.220000	3.390000	-1.300000	-0.282000	-0.008000	-0.032000	30022	30339	29870	24859	24996	24984
5814	121.438965	0.000082	0.220000	3.390000	-1.300000	-0.228000	-0.094000	-0.024000	30022	30339	29870	24886	24953	24988
5815	121.438989	0.000024	-0.290000	3.110000	-1.320000	-0.228000	-0.094000	-0.024000	29971	30311	29868	24886	24953	24988
5816	121.469281	0.030292	-0.290000	3.110000	-1.320000	-0.254000	0.076000	-0.024000	29971	30311	29868	24873	25038	24988
5817	121.469387	0.000105	-0.380000	3.200000	-1.290000	-0.254000	0.076000	-0.024000	29962	30320	29871	24873	25038	24988
5818	121.502237	0.032850	-0.380000	3.200000	-1.290000	-0.244000	-0.072000	-0.028000	29962	30320	29871	24878	24964	24986
5819	121.502332	0.000095	-0.260000	3.020000	-0.990000	-0.244000	-0.072000	-0.028000	29974	30302	29901	24878	24964	24986
5820	121.533126	0.030793	-0.330000	2.850000	-0.550000	-0.244000	-0.072000	-0.028000	29967	30285	29945	24878	24964	24986
5821	121.565130	0.032004	-0.650000	2.600000	-1.230000	-0.244000	-0.072000	-0.028000	29935	30260	29877	24878	24964	24986
5822	121.591865	0.026735	-0.560000	3.750000	-1.310000	-0.244000	-0.072000	-0.028000	29944	30375	29869	24878	24964	24986
5823	121.617356	0.025491	-0.920000	2.430000	-0.710000	-0.244000	-0.072000	-0.028000	29908	30243	29929	24878	24964	24986
5824	121.651880	0.034524	-0.820000	1.910000	-0.650000	-0.244000	-0.072000	-0.028000	29918	30191	29935	24878	24964	24986
5825	121.677165	0.025285	-0.130000	2.070000	-0.490000	-0.244000	-0.072000	-0.028000	29987	30207	29951	24878	24964	24986
5826	121.706796	0.029631	-0.550000	1.210000	-0.760000	-0.244000	-0.072000	-0.028000	29945	30121	29924	24878	24964	24986
5827	121.739237	0.032441	-0.320000	2.400000	-1.010000	-0.244000	-0.072000	-0.028000	29968	30240	29899	24878	24964	24986
5828	121.765262	0.026025	-0.320000	2.400000	-1.010000	-0.202000	-0.026000	-0.034000	29968	30240	29899	24899	24987	24983
5829	121.765334	0.000072	-0.070000	2.010000	-1.030000	-0.202000	-0.026000	-0.034000	29993	30201	29897	24899	24987	24983
5830	121.797284	0.031949	-0.070000	2.010000	-1.030000	-0.120000	0.014000	-0.018000	29993	30201	29897	24940	25007	24991
5831	121.797413	0.000129	0.500000	1.640000	-0.810000	-0.120000	0.014000	-0.018000	30050	30164	29919	24940	25007	24991
5832	121.824525	0.027113	-0.280000	1.570000	-0.990000	-0.120000	0.014000	-0.018000	29972	30157	29901	24940	25007	24991
5833	121.857562	0.033036	-0.280000	1.570000	-0.990000	-0.172000	-0.024000	-0.020000	29972	30157	29901	24914	24988	24990
5834	121.857662	0.000101	-0.190000	1.910000	-0.460000	-0.172000	-0.024000	-0.020000	29981	30191	29954	24914	24988	24990
5835	121.890723	0.033060	0.230000	0.740000	-0.500000	-0.172000	-0.024000	-0.020000	30023	30074	29950	24914	24988	24990
5836	121.922294	0.031572	0.400000	1.110000	0.020000	-0.172000	-0.024000	-0.020000	30040	30111	30002	24914	24988	24990
5837	121.956019	0.033725	0.380000	1.400000	-1.350000	-0.172000	-0.024000	-0.020000	30038	30140	29865	24914	24988	24990
5838	121.990373	0.034354	-0.230000	1.170000	-1.270000	-0.172000	-0.024000	-0.020000	29977	30117	29873	24914	24988	24990
5839	122.023002	0.032628	0.120000	1.080000	-0.760000	-0.172000	-0.024000	-0.020000	30012	30108	29924	24914	24988	24990
5840	122.056743	0.033741	0.120000	1.080000	-0.760000	-0.092000	-0.022000	-0.028000	30012	30108	29924	24954	24989	24986
5841	122.056837	0.000094	0.390000	0.770000	-0.210000	-0.092000	-0.022000	-0.028000	30039	30077	29979	24954	24989	24986
5842	122.090439	0.033602	-0.120000	1.440000	-1.090000	-0.092000	-0.022000	-0.028000	29988	30144	29891	24954	24989	24986
5843	122.118349	0.027910	0.310000	0.580000	-0.790000	-0.092000	-0.022000	-0.028000	30031	30058	29921	24954	24989	24986
5844	122.152277	0.033928	-0.030000	0.460000	-0.960000	-0.092000	-0.022000	-0.028000	29997	30046	29904	24954	24989	24986
5845	122.182816	0.030539	-0.050000	0.210000	-0.180000	-0.092000	-0.022000	-0.028000	29995	30021	29982	24954	24989	24986
5846	122.215329	0.032513	-0.010000	-0.550000	-0.490000	-0.092000	-0.022000	-0.028000	29999	29945	29951	24954	24989	24986
5847	122.247660	0.032330	0.490000	-0.760000	0.350000	-0.092000	-0.022000	-0.028000	30049	29924	30035	24954	24989	24986
5848	122.279358	0.031698	0.490000	-0.760000	0.350000	0.140000	0.072000	-0.010000	30049	29924	30035	25070	25036	24995
5849	122.279431	0.000074	0.490000	-0.760000	0.350000	-0.002000	0.000000	-0.006000	30049	29924	30035	24999	25000	24997
5850	122.279453	0.000022	0.630000	0.400000	-0.220000	-0.002000	0.000000	-0.006000	30063	30040	29978	24999	25000	24997
5851	122.312877	0.033424	0.460000	-0.010000	-0.240000	-0.002000	0.000000	-0.006000	30046	29999	29976	24999	25000	24997
5852	122.343275	0.030398	0.460000	-0.010000	-0.240000	-0.014000	0.032000	-0.006000	30046	29999	29976	24993	25016	24997
5853	122.343345	0.000070	0.460000	-0.010000	-0.240000	0.068000	0.010000	-0.010000	30046	29999	29976	25034	25005	24995
5854	122.343366	0.000021	0.480000	-0.110000	-0.730000	0.068000	0.010000	-0.010000	30048	29989	29927	25034	25005	24995
5855	122.375222	0.031856	0.490000	-0.140000	0.350000	0.068000	0.010000	-0.010000	30049	29986	30035	25034	25005	24995
5856	122.408122	0.032900	0.320000	-0.270000	-0.520000	0.068000	0.010000	-0.010000	30032	29973	29948	25034	25005	24995
5857	122.441271	0.033149	0.320000	-0.270000	-0.520000	0.010000	0.022000	-0.012000	30032	29973	29948	25005	25011	24994
5858	122.441357	0.000086	0.450000	0.110000	-0.490000	0.010000	0.022000	-0.012000	30045	30011	29951	25005	25011	24994
5859	122.474215	0.032858	0.520000	-0.370000	-0.800000	0.010000	0.022000	-0.012000	30052	29963	29920	25005	25011	24994
5860	122.500323	0.026109	0.520000	-0.370000	-0.800000	0.048000	0.050000	-0.002000	30052	29963	29920	25024	25025	24999
5861	122.500385	0.000062	0.170000	-0.590000	-0.230000	0.048000	0.050000	-0.002000	30017	29941	29977	25024	25025	24999
5862	122.530781	0.030396	-0.180000	-0.200000	-0.270000	0.048000	0.050000	-0.002000	29982	29980	29973	25024	25025	24999
5863	122.560781	0.030000	-0.180000	-0.200000	-0.270000	0.054000	0.028000	-0.004000	29982	29980	29973	25027	25014	24998
5864	122.560862	0.000081	-0.180000	-0.200000	-0.270000	0.054000	0.028000	-0.004000	29982	29980	29973	25027	25014	24998
5865	122.592869	0.032007	0.040000	-0.530000	-0.530000	0.054000	0.028000	-0.004000	30004	29947	29947	25027	25014	24998
5866	122.626369	0.033500	0.610000	0.350000	-0.860000	0.054000	0.028000	-0.004000	30061	30035	29914	25027	25014	24998
5867	122.662226	0.035857	0.880000	0.340000	-0.830000	0.054000	0.028000	-0.004000	30088	30034	29917	25027	25014	24998
5868	122.693961	0.031735	0.340000	-0.050000	-1.070000	0.054000	0.028000	-0.004000	30034	29995	29893	25027	25014	24998
5869	122.721168	0.027207	0.430000	-0.220000	-0.500000	0.054000	0.028000	-0.004000	30043	29978	29950	25027	25014	24998
5870	122.753282	0.032114	0.430000	-0.220000	-0.500000	0.012000	0.032000	-0.012000	30043	29978	29950	25006	25016	24994
5871	122.753362	0.000080	0.290000	-0.460000	-0.810000	0.012000	0.032000	-0.012000	30029	29954	29919	25006	25016	24994
5872	122.786432	0.033070	0.290000	-0.540000	-0.240000	0.012000	0.032000	-0.012000	30029	29946	29976	25006	25016	24994
5873	122.813968	0.027536	0.290000	-0.540000	-0.240000	0.062000	0.028000	-0.008000	30029	29946	29976	25031	25014	24996
5874	122.814040	0.000073	0.360000	-0.750000	-0.300000	0.062000	0.028000	-0.008000	30036	29925	29970	25031	25014	24996
5875	122.840593	0.026553	0.360000	-0.750000	-0.300000	0.076000	0.044000	-0.020000	30036	29925	29970	25038	25022	24990
5876	122.840683	0.000090	0.100000	-0.770000	-0.230000	0.076000	0.044000	-0.020000	30010	29923	29977	25038	25022	24990
5877	122.876103	0.035420	0.100000	-0.770000	-0.230000	0.060000	-0.002000	-0.002000	30010	29923	29977	25030	24999	24999
5878	122.876179	0.000076	0.580000	0.000000	-0.830000	0.060000	-0.002000	-0.002000	30058	30000	29917	25030	24999	24999
5879	122.908624	0.032445	0.580000	0.000000	-0.830000	-0.004000	0.056000	-0.016000	30058	30000	29917	24998	25028	24992
5880	122.908708	0.000084	0.540000	-0.070000	-0.250000	-0.004000	0.056000	-0.016000	30054	29993	29975	24998	25028	24992
5881	122.941162	0.032454	0.040000	-0.960000	0.040000	-0.004000	0.056000	-0.016000	30004	29904	30004	24998	25028	24992
5882	122.975195	0.034032	0.420000	-0.500000	0.010000	-0.004000	0.056000	-0.016000	30042	29950	30001	24998	25028	24992
5883	123.006821	0.031626	0.530000	-0.420000	-0.530000	-0.004000	0.056000	-0.016000	30053	29958	29947	24998	25028	24992
5884	123.033264	0.026443	0.250000	-0.660000	-0.300000	-0.004000	0.056000	-0.016000	30025	29934	29970	24998	25028	24992
5885	123.064760	0.031495	0.250000	-0.660000	-0.300000	0.048000	0.022000	-0.034000	30025	29934	29970	25024	25011	24983
5886	123.064842	0.000082	0.310000	-0.790000	-0.560000	0.048000	0.022000	-0.034000	30031	29921	29944	25024	25011	24983
5887	123.097995	0.033154	0.310000	-0.790000	-0.560000	0.050000	0.020000	-0.014000	30031	29921	29944	25025	25010	24993
5888	123.098075	0.000079	0.010000	-0.150000	0.010000	0.050000	0.020000	-0.014000	30001	29985	30001	25025	25010	24993
5889	123.130186	0.032112	0.550000	-0.440000	-0.480000	0.050000	0.020000	-0.014000	30055	29956	29952	25025	25010	24993
5890	123.164092	0.033906	0.550000	-0.440000	-0.480000	0.060000	0.042000	0.000000	30055	29956	29952	25030	25021	25000
5891	123.164203	0.000111	0.790000	-0.340000	-0.550000	0.060000	0.042000	0.000000	30079	29966	29945	25030	25021	25000
5892	123.199290	0.035086	0.100000	-0.320000	-0.260000	0.060000	0.042000	0.000000	30010	29968	29974	25030	25021	25000
5893	123.227466	0.028177	0.300000	-0.480000	-0.520000	0.060000	0.042000	0.000000	30030	29952	29948	25030	25021	25000
5894	123.257026	0.029559	0.300000	-0.480000	-0.520000	0.064000	0.030000	-0.022000	30030	29952	29948	25032	25015	24989
5895	123.257098	0.000072	0.950000	-0.250000	-0.240000	0.064000	0.030000	-0.022000	30095	29975	29976	25032	25015	24989
5896	123.282886	0.025788	0.950000	-0.250000	-0.240000	0.010000	0.038000	-0.012000	30095	29975	29976	25005	25019	24994
5897	123.282953	0.000067	0.130000	-0.440000	-0.530000	0.010000	0.038000	-0.012000	30013	29956	29947	25005	25019	24994
5898	123.312806	0.029853	0.460000	0.200000	-0.470000	0.010000	0.038000	-0.012000	30046	30020	29953	25005	25019	24994
5899	123.343387	0.030581	0.460000	0.200000	-0.470000	0.010000	0.042000	-0.008000	30046	30020	29953	25005	25021	24996
5900	123.343470	0.000083	0.220000	-0.410000	-0.780000	0.010000	0.042000	-0.008000	30022	29959	29922	25005	25021	24996
5901	123.396855	0.053386	0.220000	-0.410000	-0.780000	0.056000	0.020000	-0.016000	30022	29959	29922	25028	25010	24992
5902	123.396964	0.000109	0.100000	-0.320000	-0.460000	0.056000	0.020000	-0.016000	30010	29968	29954	25028	25010	24992
5903	123.430701	0.033737	0.000000	-0.020000	-1.110000	0.056000	0.020000	-0.016000	30000	29998	29889	25028	25010	24992
5904	123.456644	0.025943	0.000000	-0.020000	-1.110000	0.022000	0.028000	-0.018000	30000	29998	29889	25011	25014	24991
5905	123.456753	0.000109	0.000000	-0.290000	-0.770000	0.022000	0.028000	-0.018000	30000	29971	29923	25011	25014	24991
5906	123.484084	0.027331	0.000000	-0.290000	-0.770000	0.046000	0.058000	-0.030000	30000	29971	29923	25023	25029	24985
5907	123.484154	0.000070	0.100000	-0.240000	-1.070000	0.046000	0.058000	-0.030000	30010	29976	29893	25023	25029	24985
5908	123.514177	0.030022	0.400000	-0.170000	-0.820000	0.046000	0.058000	-0.030000	30040	29983	29918	25023	25029	24985
5909	123.547217	0.033041	0.400000	-0.170000	-0.820000	0.002000	0.046000	-0.022000	30040	29983	29918	25001	25023	24989
5910	123.547298	0.000080	0.330000	-0.670000	-1.360000	0.002000	0.046000	-0.022000	30033	29933	29864	25001	25023	24989
5911	123.574012	0.026715	0.320000	-0.500000	-0.770000	0.002000	0.046000	-0.022000	30032	29950	29923	25001	25023	24989
5912	123.603524	0.029512	0.320000	-0.500000	-0.770000	0.040000	0.030000	-0.002000	30032	29950	29923	25020	25015	24999
5913	123.603603	0.000079	0.550000	-0.170000	-0.270000	0.040000	0.030000	-0.002000	30055	29983	29973	25020	25015	24999
5914	123.633653	0.030050	0.550000	-0.170000	-0.270000	0.004000	-0.010000	-0.014000	30055	29983	29973	25002	24995	24993
5915	123.633726	0.000073	-0.060000	-0.200000	-0.800000	0.004000	-0.010000	-0.014000	29994	29980	29920	25002	24995	24993
5916	123.664792	0.031067	0.370000	0.370000	0.040000	0.004000	-0.010000	-0.014000	30037	30037	30004	25002	24995	24993
5917	123.698554	0.033762	0.370000	0.370000	0.040000	-0.050000	0.046000	-0.012000	30037	30037	30004	24975	25023	24994
5918	123.698625	0.000071	0.220000	-0.740000	0.070000	-0.050000	0.046000	-0.012000	30022	29926	30007	24975	25023	24994
5919	123.725305	0.026680	0.220000	-0.740000	0.070000	0.084000	0.016000	-0.008000	30022	29926	30007	25042	25008	24996
5920	123.725373	0.000068	0.470000	-0.280000	-0.830000	0.084000	0.016000	-0.008000	30047	29972	29917	25042	25008	24996
5921	123.756845	0.031472	0.470000	-0.280000	-0.830000	0.006000	0.030000	-0.012000	30047	29972	29917	25003	25015	24994
5922	123.757000	0.000155	0.310000	0.020000	0.040000	0.006000	0.030000	-0.012000	30031	30002	30004	25003	25015	24994
5923	123.789448	0.032449	0.850000	-0.130000	-0.250000	0.006000	0.030000	-0.012000	30085	29987	29975	25003	25015	24994
5924	123.819611	0.030163	0.850000	-0.130000	-0.250000	0.024000	0.080000	-0.010000	30085	29987	29975	25012	25040	24995
5925	123.819746	0.000135	0.670000	0.370000	-0.250000	0.024000	0.080000	-0.010000	30067	30037	29975	25012	25040	24995
5926	123.859383	0.039637	0.670000	0.370000	-0.250000	-0.030000	0.056000	-0.018000	30067	30037	29975	24985	25028	24991
5927	123.859493	0.000110	0.070000	-0.290000	0.070000	-0.030000	0.056000	-0.018000	30007	29971	30007	24985	25028	24991
5928	123.895879	0.036386	0.070000	-0.290000	0.070000	0.040000	0.020000	-0.012000	30007	29971	30007	25020	25010	24994
5929	123.895967	0.000088	0.540000	-0.020000	-0.770000	0.040000	0.020000	-0.012000	30054	29998	29923	25020	25010	24994
5930	123.929729	0.033762	0.330000	-0.840000	-0.800000	0.040000	0.020000	-0.012000	30033	29916	29920	25020	25010	24994
5931	123.963930	0.034201	-0.070000	-0.420000	-1.050000	0.040000	0.020000	-0.012000	29993	29958	29895	25020	25010	24994
5932	123.995428	0.031498	-0.050000	-0.490000	0.090000	0.040000	0.020000	-0.012000	29995	29951	30009	25020	25010	24994
5933	124.029417	0.033989	-0.050000	-0.490000	0.090000	0.042000	0.044000	-0.014000	29995	29951	30009	25021	25022	24993
5934	124.029538	0.000121	-0.120000	-0.480000	-0.780000	0.042000	0.044000	-0.014000	29988	29952	29922	25021	25022	24993
5935	124.056783	0.027245	0.120000	-0.770000	-1.050000	0.042000	0.044000	-0.014000	30012	29923	29895	25021	25022	24993
5936	124.088470	0.031687	-0.140000	-0.730000	-0.200000	0.042000	0.044000	-0.014000	29986	29927	29980	25021	25022	24993
5937	124.121779	0.033309	-0.140000	-0.730000	-0.200000	0.076000	-0.008000	-0.012000	29986	29927	29980	25038	24996	24994
5938	124.121870	0.000091	-0.140000	-0.730000	-0.200000	0.076000	-0.008000	-0.012000	29986	29927	29980	25038	24996	24994
5939	124.155430	0.033559	0.230000	-0.500000	0.350000	0.076000	-0.008000	-0.012000	30023	29950	30035	25038	24996	24994
5940	124.189174	0.033744	0.560000	-0.230000	-0.760000	0.076000	-0.008000	-0.012000	30056	29977	29924	25038	24996	24994
5941	124.221453	0.032279	0.020000	-0.620000	-0.740000	0.076000	-0.008000	-0.012000	30002	29938	29926	25038	24996	24994
5942	124.254802	0.033348	0.020000	-0.620000	-0.740000	0.064000	0.002000	-0.006000	30002	29938	29926	25032	25001	24997
5943	124.254880	0.000078	-0.080000	-0.560000	0.030000	0.064000	0.002000	-0.006000	29992	29944	30003	25032	25001	24997
5944	124.287460	0.032580	0.420000	-0.330000	-0.280000	0.064000	0.002000	-0.006000	30042	29967	29972	25032	25001	24997
5945	124.323062	0.035602	0.420000	-0.330000	-0.280000	0.018000	0.036000	-0.016000	30042	29967	29972	25009	25018	24992
5946	124.323168	0.000105	0.890000	-0.010000	-0.520000	0.018000	0.036000	-0.016000	30089	29999	29948	25009	25018	24992
5947	124.356208	0.033040	0.810000	-0.300000	-0.760000	0.018000	0.036000	-0.016000	30081	29970	29924	25009	25018	24992
5948	124.388448	0.032241	0.180000	-0.160000	-0.250000	0.018000	0.036000	-0.016000	30018	29984	29975	25009	25018	24992
5949	124.422867	0.034419	0.330000	-0.290000	-0.510000	0.018000	0.036000	-0.016000	30033	29971	29949	25009	25018	24992
5950	124.453490	0.030623	0.330000	-0.290000	-0.510000	0.024000	0.042000	-0.020000	30033	29971	29949	25012	25021	24990
5951	124.453595	0.000106	0.360000	-0.580000	-0.490000	0.024000	0.042000	-0.020000	30036	29942	29951	25012	25021	24990
5952	124.488077	0.034482	0.580000	-0.090000	-0.790000	0.024000	0.042000	-0.020000	30058	29991	29921	25012	25021	24990
5953	124.517960	0.029883	0.580000	-0.090000	-0.790000	0.012000	0.042000	-0.016000	30058	29991	29921	25006	25021	24992
5954	124.518032	0.000072	0.940000	-0.310000	-0.230000	0.012000	0.042000	-0.016000	30094	29969	29977	25006	25021	24992
5955	124.549179	0.031147	0.940000	-0.310000	-0.230000	0.038000	0.080000	-0.018000	30094	29969	29977	25019	25040	24991
5956	124.549253	0.000074	0.520000	0.020000	-0.230000	0.038000	0.080000	-0.018000	30052	30002	29977	25019	25040	24991
5957	124.581904	0.032651	0.170000	-0.540000	0.040000	0.038000	0.080000	-0.018000	30017	29946	30004	25019	25040	24991
5958	124.609255	0.027350	0.170000	-0.540000	0.040000	0.046000	0.008000	0.004000	30017	29946	30004	25023	25004	25002
5959	124.609322	0.000067	0.090000	-0.500000	0.070000	0.046000	0.008000	0.004000	30009	29950	30007	25023	25004	25002
5960	124.641147	0.031825	0.100000	-0.870000	-0.770000	0.046000	0.008000	0.004000	30010	29913	29923	25023	25004	25002
5961	124.669107	0.027960	0.480000	-0.500000	-0.030000	0.046000	0.008000	0.004000	30048	29950	29997	25023	25004	25002
5962	124.700113	0.031006	0.480000	-0.500000	-0.030000	0.016000	0.046000	-0.024000	30048	29950	29997	25008	25023	24988
5963	124.700198	0.000084	0.100000	-0.200000	-0.270000	0.016000	0.046000	-0.024000	30010	29980	29973	25008	25023	24988
5964	124.731776	0.031578	-0.210000	-1.120000	0.040000	0.016000	0.046000	-0.024000	29979	29888	30004	25008	25023	24988
5965	124.763515	0.031739	-0.210000	-1.120000	0.040000	0.090000	-0.018000	-0.008000	29979	29888	30004	25045	24991	24996
5966	124.763608	0.000094	0.910000	-0.090000	-0.240000	0.090000	-0.018000	-0.008000	30091	29991	29976	25045	24991	24996
5967	124.797199	0.033591	-0.240000	-0.500000	-0.230000	0.090000	-0.018000	-0.008000	29976	29950	29977	25045	24991	24996
5968	124.827017	0.029818	0.650000	-0.920000	-0.790000	0.090000	-0.018000	-0.008000	30065	29908	29921	25045	24991	24996
5969	124.858451	0.031434	0.650000	-0.920000	-0.790000	-0.022000	0.072000	-0.022000	30065	29908	29921	24989	25036	24989
5970	124.858543	0.000091	0.440000	-0.480000	-0.510000	-0.022000	0.072000	-0.022000	30044	29952	29949	24989	25036	24989
5971	124.888371	0.029829	0.580000	-0.190000	-0.220000	-0.022000	0.072000	-0.022000	30058	29981	29978	24989	25036	24989
5972	124.920390	0.032019	0.580000	-0.190000	-0.220000	0.028000	0.028000	0.000000	30058	29981	29978	25014	25014	25000
5973	124.920513	0.000123	-0.120000	-0.260000	-0.200000	0.028000	0.028000	0.000000	29988	29974	29980	25014	25014	25000
5974	124.947664	0.027150	0.450000	0.090000	0.030000	0.028000	0.028000	0.000000	30045	30009	30003	25014	25014	25000
5975	124.977887	0.030224	0.450000	0.090000	0.030000	-0.004000	0.052000	-0.018000	30045	30009	30003	24998	25026	24991
5976	124.978044	0.000157	0.300000	-0.620000	-1.060000	-0.004000	0.052000	-0.018000	30030	29938	29894	24998	25026	24991
5977	125.009708	0.031664	0.330000	-0.080000	-0.210000	-0.004000	0.052000	-0.018000	30033	29992	29979	24998	25026	24991
5978	125.037020	0.027312	0.330000	-0.080000	-0.210000	0.028000	0.046000	-0.024000	30033	29992	29979	25014	25023	24988
5979	125.037103	0.000083	0.390000	-0.070000	-0.210000	0.028000	0.046000	-0.024000	30039	29993	29979	25014	25023	24988
5980	125.067731	0.030628	0.210000	-0.480000	-0.760000	0.028000	0.046000	-0.024000	30021	29952	29924	25014	25023	24988
5981	125.099599	0.031868	0.500000	-0.170000	-0.300000	0.028000	0.046000	-0.024000	30050	29983	29970	25014	25023	24988
5982	125.130814	0.031215	0.500000	-0.170000	-0.300000	0.032000	0.068000	-0.016000	30050	29983	29970	25016	25034	24992
5983	125.130892	0.000077	0.590000	-0.800000	-0.500000	0.032000	0.068000	-0.016000	30059	29920	29950	25016	25034	24992
5984	125.163478	0.032586	0.590000	-0.800000	-0.500000	0.070000	0.040000	-0.008000	30059	29920	29950	25035	25020	24996
5985	125.163568	0.000090	0.080000	-0.490000	-0.250000	0.070000	0.040000	-0.008000	30008	29951	29975	25035	25020	24996
5986	125.196700	0.033133	0.030000	-0.590000	0.060000	0.070000	0.040000	-0.008000	30003	29941	30006	25035	25020	24996
5987	125.231403	0.034702	-0.210000	-0.570000	-0.200000	0.070000	0.040000	-0.008000	29979	29943	29980	25035	25020	24996
5988	125.262776	0.031373	-0.210000	-0.570000	-0.200000	0.074000	0.000000	-0.010000	29979	29943	29980	25037	25000	24995
5989	125.262922	0.000146	0.170000	-0.260000	-0.210000	0.074000	0.000000	-0.010000	30017	29974	29979	25037	25000	24995
5990	125.295658	0.032736	0.170000	-0.260000	-0.210000	0.034000	0.026000	-0.018000	30017	29974	29979	25017	25013	24991
5991	125.295734	0.000077	0.500000	-0.230000	-0.240000	0.034000	0.026000	-0.018000	30050	29977	29976	25017	25013	24991
5992	125.322893	0.027159	0.360000	-0.300000	-0.480000	0.034000	0.026000	-0.018000	30036	29970	29952	25017	25013	24991
5993	125.353879	0.030986	0.510000	-0.610000	-0.260000	0.034000	0.026000	-0.018000	30051	29939	29974	25017	25013	24991
5994	125.390785	0.036907	0.510000	-0.610000	-0.260000	0.038000	0.038000	-0.020000	30051	29939	29974	25019	25019	24990
5995	125.390887	0.000102	0.420000	-0.280000	0.350000	0.038000	0.038000	-0.020000	30042	29972	30035	25019	25019	24990
5996	125.424986	0.034099	0.380000	0.160000	-0.780000	0.038000	0.038000	-0.020000	30038	30016	29922	25019	25019	24990
5997	125.459935	0.034950	0.470000	-0.110000	-1.040000	0.038000	0.038000	-0.020000	30047	29989	29896	25019	25019	24990
5998	125.491870	0.031935	0.470000	-0.110000	-1.040000	-0.002000	0.032000	-0.002000	30047	29989	29896	24999	25016	24999
5999	125.491947	0.000077	0.740000	-0.760000	0.020000	-0.002000	0.032000	-0.002000	30074	29924	30002	24999	25016	24999
6000	125.520359	0.028412	0.580000	-0.150000	-0.780000	-0.002000	0.032000	-0.002000	30058	29985	29922	24999	25016	24999
6001	125.550747	0.030388	0.840000	0.250000	-0.260000	-0.002000	0.032000	-0.002000	30084	30025	29974	24999	25016	24999
6002	125.578129	0.027382	0.840000	0.250000	-0.260000	-0.032000	0.058000	-0.016000	30084	30025	29974	24984	25029	24992
6003	125.578227	0.000098	0.920000	0.500000	-0.790000	-0.032000	0.058000	-0.016000	30092	30050	29921	24984	25029	24992
6004	125.606565	0.028338	-0.250000	-0.250000	-0.770000	-0.032000	0.058000	-0.016000	29975	29975	29923	24984	25029	24992
6005	125.637285	0.030720	0.560000	-0.320000	0.040000	-0.032000	0.058000	-0.016000	30056	29968	30004	24984	25029	24992
6006	125.670021	0.032736	0.560000	-0.320000	0.040000	0.022000	0.034000	-0.016000	30056	29968	30004	25011	25017	24992
6007	125.670092	0.000071	0.920000	-0.340000	-0.260000	0.022000	0.034000	-0.016000	30092	29966	29974	25011	25017	24992
6008	125.700690	0.030598	0.920000	-0.340000	-0.260000	0.038000	0.078000	-0.006000	30092	29966	29974	25019	25039	24997
6009	125.700771	0.000082	0.270000	-1.030000	-0.250000	0.038000	0.078000	-0.006000	30027	29897	29975	25019	25039	24997
6010	125.732765	0.031994	1.160000	-0.050000	-0.270000	0.038000	0.078000	-0.006000	30116	29995	29973	25019	25039	24997
6011	125.759256	0.026491	1.160000	-0.050000	-0.270000	0.050000	0.038000	-0.006000	30116	29995	29973	25025	25019	24997
6012	125.759337	0.000081	0.630000	-0.090000	-0.230000	0.050000	0.038000	-0.006000	30063	29991	29977	25025	25019	24997
6013	125.785311	0.025974	0.740000	0.050000	-1.600000	0.050000	0.038000	-0.006000	30074	30005	29840	25025	25019	24997
6014	125.812882	0.027571	0.740000	0.050000	-1.600000	0.000000	0.060000	-0.022000	30074	30005	29840	25000	25030	24989
6015	125.812949	0.000067	0.540000	-0.220000	-0.520000	0.000000	0.060000	-0.022000	30054	29978	29948	25000	25030	24989
6016	125.842151	0.029202	0.480000	-0.250000	-0.230000	0.000000	0.060000	-0.022000	30048	29975	29977	25000	25030	24989
6017	125.874645	0.032494	0.530000	-0.090000	-0.220000	0.000000	0.060000	-0.022000	30053	29991	29978	25000	25030	24989
6018	125.902307	0.027662	0.570000	-0.250000	0.000000	0.000000	0.060000	-0.022000	30057	29975	30000	25000	25030	24989
6019	125.935761	0.033455	0.570000	-0.250000	0.000000	0.044000	0.074000	-0.014000	30057	29975	30000	25022	25037	24993
6020	125.935859	0.000097	0.600000	-0.670000	0.080000	0.044000	0.074000	-0.014000	30060	29933	30008	25022	25037	24993
6021	125.971220	0.035362	0.600000	-0.670000	0.080000	0.090000	0.048000	-0.024000	30060	29933	30008	25045	25024	24988
6022	125.971315	0.000095	0.210000	-0.240000	-1.030000	0.090000	0.048000	-0.024000	30021	29976	29897	25045	25024	24988
6023	126.004733	0.033418	0.040000	-0.460000	-0.510000	0.090000	0.048000	-0.024000	30004	29954	29949	25045	25024	24988
6024	126.037146	0.032413	0.040000	-0.460000	-0.510000	0.062000	0.020000	-0.014000	30004	29954	29949	25031	25010	24993
6025	126.037254	0.000107	0.680000	-0.160000	0.010000	0.062000	0.020000	-0.014000	30068	29984	30001	25031	25010	24993
6026	126.069856	0.032602	0.680000	-0.160000	0.010000	0.020000	0.074000	-0.016000	30068	29984	30001	25010	25037	24992
6027	126.069932	0.000076	0.670000	-0.150000	-0.540000	0.020000	0.074000	-0.016000	30067	29985	29946	25010	25037	24992
6028	126.102633	0.032701	-0.200000	-0.870000	-0.780000	0.020000	0.074000	-0.016000	29980	29913	29922	25010	25037	24992
6029	126.134008	0.031375	-0.200000	-0.870000	-0.780000	0.100000	-0.002000	-0.018000	29980	29913	29922	25050	24999	24991
6030	126.134082	0.000074	1.210000	0.370000	0.010000	0.100000	-0.002000	-0.018000	30121	30037	30001	25050	24999	24991
6031	126.165949	0.031866	1.210000	0.370000	0.010000	-0.026000	0.098000	-0.024000	30121	30037	30001	24987	25049	24988
6032	126.166032	0.000083	-0.010000	-1.040000	-0.530000	-0.026000	0.098000	-0.024000	29999	29896	29947	24987	25049	24988
6033	126.192551	0.026519	-0.010000	-0.850000	-0.540000	-0.026000	0.098000	-0.024000	29999	29915	29946	24987	25049	24988
6034	126.218124	0.025573	-0.010000	-0.850000	-0.540000	0.104000	0.030000	0.008000	29999	29915	29946	25052	25015	25004
6035	126.218210	0.000086	0.390000	-0.020000	-0.830000	0.104000	0.030000	0.008000	30039	29998	29917	25052	25015	25004
6036	126.247324	0.029114	0.110000	-0.510000	0.030000	0.104000	0.030000	0.008000	30011	29949	30003	25052	25015	25004
6037	126.278260	0.030936	0.110000	-0.510000	0.030000	0.024000	0.018000	-0.006000	30011	29949	30003	25012	25009	24997
6038	126.278348	0.000088	0.160000	-1.380000	0.050000	0.024000	0.018000	-0.006000	30016	29862	30005	25012	25009	24997
6039	126.305438	0.027090	0.520000	-0.290000	-0.230000	0.024000	0.018000	-0.006000	30052	29971	29977	25012	25009	24997
6040	126.337374	0.031935	0.520000	-0.290000	-0.230000	0.048000	0.050000	-0.012000	30052	29971	29977	25024	25025	24994
6041	126.337458	0.000085	0.420000	0.140000	-1.300000	0.048000	0.050000	-0.012000	30042	30014	29870	25024	25025	24994
6042	126.370794	0.033335	0.420000	0.140000	-1.300000	0.018000	0.062000	-0.016000	30042	30014	29870	25009	25031	24992
6043	126.370873	0.000079	0.300000	-0.320000	-0.510000	0.018000	0.062000	-0.016000	30030	29968	29949	25009	25031	24992
6044	126.404393	0.033520	0.300000	-0.320000	-0.510000	-0.014000	0.092000	-0.024000	30030	29968	29949	24993	25046	24988
6045	126.404471	0.000078	0.240000	-0.580000	-0.490000	-0.014000	0.092000	-0.024000	30024	29942	29951	24993	25046	24988
6046	126.441963	0.037492	-0.050000	-1.050000	-0.790000	-0.014000	0.092000	-0.024000	29995	29895	29921	24993	25046	24988
6047	126.474739	0.032776	0.410000	-0.360000	-0.220000	-0.014000	0.092000	-0.024000	30041	29964	29978	24993	25046	24988
6048	126.505780	0.031041	0.670000	-0.160000	-0.840000	-0.014000	0.092000	-0.024000	30067	29984	29916	24993	25046	24988
6049	126.532289	0.026509	0.660000	-0.820000	0.030000	-0.014000	0.092000	-0.024000	30066	29918	30003	24993	25046	24988
6050	126.563321	0.031032	0.230000	-0.500000	-0.820000	-0.014000	0.092000	-0.024000	30023	29950	29918	24993	25046	24988
6051	126.601527	0.038206	0.130000	-0.740000	-0.500000	-0.014000	0.092000	-0.024000	30013	29926	29950	24993	25046	24988
6052	126.634661	0.033134	0.410000	-0.420000	-0.530000	-0.014000	0.092000	-0.024000	30041	29958	29947	24993	25046	24988
6053	126.664280	0.029618	0.130000	-0.930000	-0.790000	-0.014000	0.092000	-0.024000	30013	29907	29921	24993	25046	24988
6054	126.697550	0.033271	0.130000	-0.930000	-0.790000	0.098000	0.008000	0.000000	30013	29907	29921	25049	25004	25000
6055	126.697662	0.000112	0.380000	-1.150000	-0.230000	0.098000	0.008000	0.000000	30038	29885	29977	25049	25004	25000
6056	126.733781	0.036119	0.380000	-1.150000	-0.230000	0.120000	0.036000	-0.002000	30038	29885	29977	25060	25018	24999
6057	126.733863	0.000082	0.440000	-0.290000	-1.030000	0.120000	0.036000	-0.002000	30044	29971	29897	25060	25018	24999
6058	126.765382	0.031519	0.450000	-0.500000	-0.560000	0.120000	0.036000	-0.002000	30045	29950	29944	25060	25018	24999
6059	126.798959	0.033576	0.450000	-0.500000	-0.560000	-0.034000	0.048000	-0.004000	30045	29950	29944	24983	25024	24998
6060	126.799027	0.000069	0.450000	0.040000	-0.220000	-0.034000	0.048000	-0.004000	30045	30004	29978	24983	25024	24998
6061	126.825572	0.026544	0.750000	-0.710000	-1.050000	-0.034000	0.048000	-0.004000	30075	29929	29895	24983	25024	24998
6062	126.858347	0.032775	0.600000	0.110000	-0.790000	-0.034000	0.048000	-0.004000	30060	30011	29921	24983	25024	24998
6063	126.889063	0.030716	0.600000	0.110000	-0.790000	-0.004000	0.004000	0.012000	30060	30011	29921	24998	25002	25006
6064	126.889142	0.000079	0.070000	-0.890000	0.050000	-0.004000	0.004000	0.012000	30007	29911	30005	24998	25002	25006
6065	126.923848	0.034706	0.430000	-0.700000	0.290000	-0.004000	0.004000	0.012000	30043	29930	30029	24998	25002	25006
6066	126.958143	0.034295	0.150000	-0.320000	-1.260000	-0.004000	0.004000	0.012000	30015	29968	29874	24998	25002	25006
6067	126.991419	0.033276	0.150000	-0.320000	-1.260000	0.056000	-0.012000	-0.018000	30015	29968	29874	25028	24994	24991
6068	126.991497	0.000079	0.550000	-0.220000	-0.520000	0.056000	-0.012000	-0.018000	30055	29978	29948	25028	24994	24991
6069	127.019120	0.027623	0.550000	-0.220000	-0.520000	-0.006000	0.052000	-0.008000	30055	29978	29948	24997	25026	24996
6070	127.019190	0.000070	0.620000	-0.450000	-1.040000	-0.006000	0.052000	-0.008000	30062	29955	29896	24997	25026	24996
6071	127.050241	0.031051	0.170000	0.070000	-0.520000	-0.006000	0.052000	-0.008000	30017	30007	29948	24997	25026	24996
6072	127.081334	0.031093	0.170000	0.070000	-0.520000	-0.030000	0.018000	-0.026000	30017	30007	29948	24985	25009	24987
6073	127.081428	0.000094	0.550000	0.020000	-0.830000	-0.030000	0.018000	-0.026000	30055	30002	29917	24985	25009	24987
6074	127.113277	0.031849	0.000000	-0.300000	-0.800000	-0.030000	0.018000	-0.026000	30000	29970	29920	24985	25009	24987
6075	127.143275	0.029998	0.000000	-0.300000	-0.800000	0.016000	0.008000	-0.026000	30000	29970	29920	25008	25004	24987
6076	127.143367	0.000092	0.840000	-0.490000	-0.550000	0.016000	0.008000	-0.026000	30084	29951	29945	25008	25004	24987
6077	127.174793	0.031426	1.250000	-0.190000	-1.060000	0.016000	0.008000	-0.026000	30125	29981	29894	25008	25004	24987
6078	127.201463	0.026670	0.530000	0.110000	-0.740000	0.016000	0.008000	-0.026000	30053	30011	29926	25008	25004	24987
6079	127.228784	0.027321	0.530000	0.110000	-0.740000	-0.014000	0.026000	0.006000	30053	30011	29926	24993	25013	25003
6080	127.228858	0.000074	0.500000	0.380000	-0.750000	-0.014000	0.026000	0.006000	30050	30038	29925	24993	25013	25003
6081	127.260768	0.031910	-0.310000	-0.440000	-0.490000	-0.014000	0.026000	0.006000	29969	29956	29951	24993	25013	25003
6082	127.297284	0.036515	-0.310000	-0.440000	-0.490000	0.012000	-0.022000	-0.010000	29969	29956	29951	25006	24989	24995
6083	127.297440	0.000157	0.190000	-0.900000	-0.230000	0.012000	-0.022000	-0.010000	30019	29910	29977	25006	24989	24995
6084	127.335292	0.037851	0.370000	-0.550000	-0.550000	0.012000	-0.022000	-0.010000	30037	29945	29945	25006	24989	24995
6085	127.368857	0.033565	0.590000	-0.250000	-0.810000	0.012000	-0.022000	-0.010000	30059	29975	29919	25006	24989	24995
6086	127.401086	0.032229	0.270000	-0.420000	-0.520000	0.012000	-0.022000	-0.010000	30027	29958	29948	25006	24989	24995
6087	127.433533	0.032447	0.160000	-0.520000	-0.220000	0.012000	-0.022000	-0.010000	30016	29948	29978	25006	24989	24995
6088	127.464497	0.030964	0.160000	-0.520000	-0.220000	0.044000	0.026000	0.014000	30016	29948	29978	25022	25013	25007
6089	127.464571	0.000074	0.160000	-0.520000	-0.220000	0.062000	0.028000	0.012000	30016	29948	29978	25031	25014	25006
6090	127.464590	0.000019	0.540000	-0.430000	-0.800000	0.062000	0.028000	0.012000	30054	29957	29920	25031	25014	25006
6091	127.494124	0.029535	-0.010000	-0.140000	-0.260000	0.062000	0.028000	0.012000	29999	29986	29974	25031	25014	25006
6092	127.527589	0.033465	-0.010000	-0.140000	-0.260000	-0.012000	0.010000	-0.022000	29999	29986	29974	24994	25005	24989
6093	127.527668	0.000078	0.220000	-0.190000	-0.840000	-0.012000	0.010000	-0.022000	30022	29981	29916	24994	25005	24989
6094	127.558991	0.031324	0.390000	-0.650000	-0.260000	-0.012000	0.010000	-0.022000	30039	29935	29974	24994	25005	24989
6095	127.589835	0.030844	0.390000	-0.650000	-0.260000	0.046000	0.042000	-0.016000	30039	29935	29974	25023	25021	24992
6096	127.589907	0.000072	0.440000	-0.570000	-0.210000	0.046000	0.042000	-0.016000	30044	29943	29979	25023	25021	24992
6097	127.618488	0.028581	0.440000	-0.570000	-0.210000	0.066000	0.066000	-0.006000	30044	29943	29979	25033	25033	24997
6098	127.618593	0.000105	0.440000	-0.570000	-0.210000	0.014000	0.028000	-0.010000	30044	29943	29979	25007	25014	24995
6099	127.618623	0.000030	0.440000	-0.570000	-0.210000	0.044000	0.014000	0.004000	30044	29943	29979	25022	25007	25002
6100	127.618652	0.000028	0.070000	-0.510000	-0.260000	0.044000	0.014000	0.004000	30007	29949	29974	25022	25007	25002
6101	127.651273	0.032622	0.320000	-0.180000	-0.010000	0.044000	0.014000	0.004000	30032	29982	29999	25022	25007	25002
6102	127.685136	0.033863	0.400000	-0.900000	0.070000	0.044000	0.014000	0.004000	30040	29910	30007	25022	25007	25002
6103	127.712354	0.027218	0.400000	-0.900000	0.070000	0.070000	0.046000	0.000000	30040	29910	30007	25035	25023	25000
6104	127.712430	0.000076	0.310000	-1.000000	-0.510000	0.070000	0.046000	0.000000	30031	29900	29949	25035	25023	25000
6105	127.738619	0.026190	-0.090000	0.080000	-0.800000	0.070000	0.046000	0.000000	29991	30008	29920	25035	25023	25000
6106	127.767659	0.029040	0.030000	-0.520000	-0.740000	0.070000	0.046000	0.000000	30003	29948	29926	25035	25023	25000
6107	127.799105	0.031446	0.030000	-0.520000	-0.740000	0.068000	-0.008000	-0.012000	30003	29948	29926	25034	24996	24994
6108	127.799215	0.000110	0.320000	-0.490000	-0.250000	0.068000	-0.008000	-0.012000	30032	29951	29975	25034	24996	24994
6109	127.828429	0.029214	0.320000	-0.490000	-0.250000	0.026000	0.022000	0.012000	30032	29951	29975	25013	25011	25006
6110	127.828523	0.000094	0.280000	-0.280000	-0.540000	0.026000	0.022000	0.012000	30028	29972	29946	25013	25011	25006
6111	127.858871	0.030348	0.580000	-0.340000	-0.560000	0.026000	0.022000	0.012000	30058	29966	29944	25013	25011	25006
6112	127.896571	0.037700	0.580000	-0.340000	-0.560000	0.044000	0.084000	-0.006000	30058	29966	29944	25022	25042	24997
6113	127.896643	0.000072	0.170000	-0.630000	-0.790000	0.044000	0.084000	-0.006000	30017	29937	29921	25022	25042	24997
6114	127.924926	0.028283	0.070000	-0.330000	-0.270000	0.044000	0.084000	-0.006000	30007	29967	29973	25022	25042	24997
6115	127.954848	0.029922	0.240000	-0.990000	-0.220000	0.044000	0.084000	-0.006000	30024	29901	29978	25022	25042	24997
6116	127.983326	0.028478	0.490000	-0.690000	-0.570000	0.044000	0.084000	-0.006000	30049	29931	29943	25022	25042	24997
6117	128.011865	0.028539	0.470000	-0.450000	-0.510000	0.044000	0.084000	-0.006000	30047	29955	29949	25022	25042	24997
6118	128.040227	0.028361	-0.220000	0.060000	-0.220000	0.044000	0.084000	-0.006000	29978	30006	29978	25022	25042	24997
6119	128.073207	0.032981	-0.220000	0.060000	-0.220000	0.004000	0.020000	-0.014000	29978	30006	29978	25002	25010	24993
6120	128.073278	0.000071	0.760000	-0.380000	-0.490000	0.004000	0.020000	-0.014000	30076	29962	29951	25002	25010	24993
6121	128.105324	0.032046	0.790000	-0.760000	-0.220000	0.004000	0.020000	-0.014000	30079	29924	29978	25002	25010	24993
6122	128.135194	0.029870	0.330000	-0.420000	0.020000	0.004000	0.020000	-0.014000	30033	29958	30002	25002	25010	24993
6123	128.166448	0.031254	0.620000	-0.400000	-1.370000	0.004000	0.020000	-0.014000	30062	29960	29863	25002	25010	24993
6124	128.192841	0.026393	0.540000	-0.690000	-0.840000	0.004000	0.020000	-0.014000	30054	29931	29916	25002	25010	24993
6125	128.224595	0.031754	0.290000	-0.860000	-1.050000	0.004000	0.020000	-0.014000	30029	29914	29895	25002	25010	24993
6126	128.253094	0.028499	0.140000	-0.410000	-0.810000	0.004000	0.020000	-0.014000	30014	29959	29919	25002	25010	24993
6127	128.278100	0.025007	0.140000	-0.410000	-0.810000	0.022000	0.000000	0.002000	30014	29959	29919	25011	25000	25001
6128	128.278189	0.000088	0.120000	-0.500000	-0.280000	0.022000	0.000000	0.002000	30012	29950	29972	25011	25000	25001
6129	128.310671	0.032483	0.770000	0.030000	-0.510000	0.022000	0.000000	0.002000	30077	30003	29949	25011	25000	25001
6130	128.340076	0.029404	0.550000	-0.780000	-1.300000	0.022000	0.000000	0.002000	30055	29922	29870	25011	25000	25001
6131	128.371746	0.031671	0.550000	-0.780000	-1.300000	0.098000	0.044000	0.006000	30055	29922	29870	25049	25022	25003
6132	128.371824	0.000078	0.300000	-0.760000	-1.320000	0.098000	0.044000	0.006000	30030	29924	29868	25049	25022	25003
6133	128.403147	0.031323	0.330000	-1.270000	-0.760000	0.098000	0.044000	0.006000	30033	29873	29924	25049	25022	25003
6134	128.436404	0.033256	0.330000	-1.270000	-0.760000	0.016000	0.014000	0.004000	30033	29873	29924	25008	25007	25002
6135	128.436484	0.000081	0.300000	-0.510000	-0.450000	0.016000	0.014000	0.004000	30030	29949	29955	25008	25007	25002
6136	128.468048	0.031564	0.300000	-0.510000	-0.450000	0.014000	-0.012000	0.000000	30030	29949	29955	25007	24994	25000
6137	128.468138	0.000090	1.060000	-0.150000	0.890000	0.014000	-0.012000	0.000000	30106	29985	30089	25007	24994	25000
6138	128.495335	0.027197	0.930000	-0.430000	-1.050000	0.014000	-0.012000	0.000000	30093	29957	29895	25007	24994	25000
6139	128.529039	0.033705	0.930000	-0.430000	-1.050000	0.008000	0.076000	0.016000	30093	29957	29895	25004	25038	25008
6140	128.529117	0.000078	0.180000	-0.770000	0.030000	0.008000	0.076000	0.016000	30018	29923	30003	25004	25038	25008
6141	128.558419	0.029302	0.770000	0.140000	-0.800000	0.008000	0.076000	0.016000	30077	30014	29920	25004	25038	25008
6142	128.590273	0.031854	0.770000	0.140000	-0.800000	-0.026000	0.048000	0.006000	30077	30014	29920	24987	25024	25003
6143	128.590363	0.000090	-0.010000	-0.870000	-1.330000	-0.026000	0.048000	0.006000	29999	29913	29867	24987	25024	25003
6144	128.617388	0.027025	0.780000	-0.830000	-0.520000	-0.026000	0.048000	0.006000	30078	29917	29948	24987	25024	25003
6145	128.644309	0.026921	0.290000	-0.290000	-1.620000	-0.026000	0.048000	0.006000	30029	29971	29838	24987	25024	25003
6146	128.672048	0.027739	0.120000	-0.470000	-0.470000	-0.026000	0.048000	0.006000	30012	29953	29953	24987	25024	25003
6147	128.702245	0.030198	0.120000	-0.470000	-0.470000	0.004000	0.018000	0.002000	30012	29953	29953	25002	25009	25001
6148	128.702321	0.000076	-0.030000	-0.100000	-0.290000	0.004000	0.018000	0.002000	29997	29990	29971	25002	25009	25001
6149	128.736087	0.033766	-0.030000	-0.100000	-0.290000	0.022000	0.040000	-0.022000	29997	29990	29971	25011	25020	24989
6150	128.736170	0.000083	0.900000	-0.610000	-0.540000	0.022000	0.040000	-0.022000	30090	29939	29946	25011	25020	24989
6151	128.767777	0.031607	0.760000	-0.880000	-0.040000	0.022000	0.040000	-0.022000	30076	29912	29996	25011	25020	24989
6152	128.806295	0.038518	0.760000	-0.880000	-0.040000	0.052000	0.096000	-0.010000	30076	29912	29996	25026	25048	24995
6153	128.806379	0.000084	0.570000	0.460000	0.020000	0.052000	0.096000	-0.010000	30057	30046	30002	25026	25048	24995
6154	128.834441	0.028062	0.570000	0.460000	0.020000	-0.022000	0.068000	-0.010000	30057	30046	30002	24989	25034	24995
6155	128.834535	0.000094	0.570000	0.460000	0.020000	0.046000	0.002000	0.010000	30057	30046	30002	25023	25001	25005
6156	128.834552	0.000017	0.380000	-0.890000	-0.200000	0.046000	0.002000	0.010000	30038	29911	29980	25023	25001	25005
6157	128.861459	0.026907	-0.140000	-0.770000	-0.190000	0.046000	0.002000	0.010000	29986	29923	29981	25023	25001	25005
6158	128.890960	0.029501	-0.140000	-0.770000	-0.190000	0.098000	0.000000	0.000000	29986	29923	29981	25049	25000	25000
6159	128.891033	0.000073	-0.140000	-0.770000	-0.190000	0.122000	0.028000	0.008000	29986	29923	29981	25061	25014	25004
6160	128.891073	0.000040	0.600000	0.360000	-1.350000	0.122000	0.028000	0.008000	30060	30036	29865	25061	25014	25004
6161	128.922318	0.031244	-0.200000	-0.840000	-0.450000	0.122000	0.028000	0.008000	29980	29916	29955	25061	25014	25004
6162	128.956581	0.034263	0.290000	0.340000	-1.310000	0.122000	0.028000	0.008000	30029	30034	29869	25061	25014	25004
6163	128.987521	0.030941	-2.560000	-1.230000	1.230000	0.122000	0.028000	0.008000	29744	29877	30123	25061	25014	25004
6164	129.016649	0.029127	-2.560000	-1.230000	1.230000	0.114000	-0.202000	-0.018000	29744	29877	30123	25057	24899	24991
6165	129.016707	0.000059	0.930000	-1.070000	-0.600000	0.114000	-0.202000	-0.018000	30093	29893	29940	25057	24899	24991
6166	129.044465	0.027757	0.930000	-1.070000	-0.600000	0.074000	0.100000	0.008000	30093	29893	29940	25037	25050	25004
6167	129.044565	0.000101	0.930000	-1.070000	-0.600000	0.122000	0.088000	0.014000	30093	29893	29940	25061	25044	25007
6168	129.044626	0.000060	-0.970000	0.830000	-0.210000	0.122000	0.088000	0.014000	29903	30083	29979	25061	25044	25007
6169	129.085638	0.041012	-1.330000	0.770000	-0.180000	0.122000	0.088000	0.014000	29867	30077	29982	25061	25044	25007
6170	129.121786	0.036147	1.670000	-1.130000	-1.390000	0.122000	0.088000	0.014000	30167	29887	29861	25061	25044	25007
6171	129.155224	0.033438	-0.520000	-0.190000	-0.210000	0.122000	0.088000	0.014000	29948	29981	29979	25061	25044	25007
6172	129.191516	0.036292	0.540000	0.180000	-0.280000	0.122000	0.088000	0.014000	30054	30018	29972	25061	25044	25007
6173	129.226810	0.035294	0.540000	0.180000	-0.280000	-0.054000	0.050000	0.012000	30054	30018	29972	24973	25025	25006
6174	129.226896	0.000086	0.380000	-1.950000	-1.070000	-0.054000	0.050000	0.012000	30038	29805	29893	24973	25025	25006
6175	129.261802	0.034906	0.380000	-1.950000	-1.070000	0.200000	0.050000	0.008000	30038	29805	29893	25100	25025	25004
6176	129.261905	0.000103	-0.010000	0.200000	-0.270000	0.200000	0.050000	0.008000	29999	30020	29973	25100	25025	25004
6177	129.331197	0.069292	0.060000	-1.140000	-0.500000	0.200000	0.050000	0.008000	30006	29886	29950	25100	25025	25004
6178	129.357077	0.025879	0.060000	-1.140000	-0.500000	0.098000	0.008000	0.018000	30006	29886	29950	25049	25004	25009
6179	129.357170	0.000094	0.030000	-0.420000	-0.220000	0.098000	0.008000	0.018000	30003	29958	29978	25049	25004	25009
6180	129.384493	0.027323	0.030000	-0.420000	-0.220000	0.028000	-0.004000	-0.006000	30003	29958	29978	25014	24998	24997
6181	129.384588	0.000094	-0.470000	-1.270000	-1.300000	0.028000	-0.004000	-0.006000	29953	29873	29870	25014	24998	24997
6182	129.416368	0.031780	0.290000	-0.440000	-0.510000	0.028000	-0.004000	-0.006000	30029	29956	29949	25014	24998	24997
6183	129.449506	0.033138	0.290000	-0.440000	-0.510000	0.032000	0.034000	0.004000	30029	29956	29949	25016	25017	25002
6184	129.449611	0.000105	0.230000	-0.730000	-0.230000	0.032000	0.034000	0.004000	30023	29927	29977	25016	25017	25002
6185	129.486150	0.036539	0.230000	-0.730000	-0.230000	0.062000	0.020000	-0.010000	30023	29927	29977	25031	25010	24995
6186	129.486330	0.000180	0.230000	-0.730000	-0.230000	0.064000	0.048000	0.010000	30023	29927	29977	25032	25024	25005
6187	129.486421	0.000091	-0.220000	-0.900000	-0.810000	0.064000	0.048000	0.010000	29978	29910	29919	25032	25024	25005
6188	129.520732	0.034311	-0.220000	-0.900000	-0.810000	0.078000	-0.026000	-0.014000	29978	29910	29919	25039	24987	24993
6189	129.520858	0.000125	0.260000	-0.500000	0.320000	0.078000	-0.026000	-0.014000	30026	29950	30032	25039	24987	24993
6190	129.556276	0.035418	0.060000	-0.610000	-0.220000	0.078000	-0.026000	-0.014000	30006	29939	29978	25039	24987	24993
6191	129.586525	0.030249	0.060000	-0.610000	-0.220000	0.064000	0.014000	0.002000	30006	29939	29978	25032	25007	25001
6192	129.586614	0.000089	0.250000	-0.800000	-0.520000	0.064000	0.014000	0.002000	30025	29920	29948	25032	25007	25001
6193	129.618225	0.031611	0.250000	-0.800000	-0.520000	0.080000	0.026000	0.002000	30025	29920	29948	25040	25013	25001
6194	129.618313	0.000088	0.580000	0.140000	-0.540000	0.080000	0.026000	0.002000	30058	30014	29946	25040	25013	25001
6195	129.649279	0.030966	0.890000	-0.480000	-0.510000	0.080000	0.026000	0.002000	30089	29952	29949	25040	25013	25001
6196	129.685264	0.035986	0.890000	-0.480000	-0.510000	0.034000	0.076000	0.000000	30089	29952	29949	25017	25038	25000
6197	129.685355	0.000090	0.600000	-0.440000	-0.800000	0.034000	0.076000	0.000000	30060	29956	29920	25017	25038	25000
6198	129.716150	0.030796	0.600000	-0.440000	-0.800000	0.042000	0.056000	-0.004000	30060	29956	29920	25021	25028	24998
6199	129.716389	0.000238	0.400000	-0.210000	-0.540000	0.042000	0.056000	-0.004000	30040	29979	29946	25021	25028	24998
6200	129.749678	0.033290	0.400000	-0.210000	-0.540000	0.014000	0.058000	-0.010000	30040	29979	29946	25007	25029	24995
6201	129.749791	0.000112	0.480000	-0.520000	-1.050000	0.014000	0.058000	-0.010000	30048	29948	29895	25007	25029	24995
6202	129.788297	0.038506	0.180000	-1.150000	-0.250000	0.014000	0.058000	-0.010000	30018	29885	29975	25007	25029	24995
6203	129.825964	0.037667	0.180000	-1.150000	-0.250000	0.112000	0.018000	-0.010000	30018	29885	29975	25056	25009	24995
6204	129.826026	0.000062	0.510000	-0.580000	0.030000	0.112000	0.018000	-0.010000	30051	29942	30003	25056	25009	24995
6205	129.852152	0.026126	0.510000	-0.580000	0.030000	0.062000	0.054000	-0.014000	30051	29942	30003	25031	25027	24993
6206	129.852289	0.000137	0.430000	-0.200000	-1.340000	0.062000	0.054000	-0.014000	30043	29980	29866	25031	25027	24993
6207	129.879272	0.026982	0.430000	-0.200000	-1.340000	0.016000	0.030000	0.010000	30043	29980	29866	25008	25015	25005
6208	129.879376	0.000104	0.470000	-0.760000	0.000000	0.016000	0.030000	0.010000	30047	29924	30000	25008	25015	25005
6209	129.907854	0.028478	0.480000	-0.690000	-0.500000	0.016000	0.030000	0.010000	30048	29931	29950	25008	25015	25005
6210	129.938929	0.031075	0.210000	-0.280000	-0.530000	0.016000	0.030000	0.010000	30021	29972	29947	25008	25015	25005
6211	129.972271	0.033342	0.230000	-0.670000	-0.240000	0.016000	0.030000	0.010000	30023	29933	29976	25008	25015	25005
6212	130.002378	0.030106	0.230000	-0.670000	-0.240000	0.048000	0.028000	-0.010000	30023	29933	29976	25024	25014	24995
6213	130.002487	0.000109	0.410000	-0.430000	-0.780000	0.048000	0.028000	-0.010000	30041	29957	29922	25024	25014	24995
6214	130.034124	0.031637	-0.200000	-0.430000	-0.490000	0.048000	0.028000	-0.010000	29980	29957	29951	25024	25014	24995
6215	130.063967	0.029844	0.380000	-0.740000	-0.500000	0.048000	0.028000	-0.010000	30038	29926	29950	25024	25014	24995
6216	130.096449	0.032482	0.380000	-0.740000	-0.500000	0.072000	0.046000	-0.004000	30038	29926	29950	25036	25023	24998
6217	130.096561	0.000113	0.530000	-0.090000	-0.770000	0.072000	0.046000	-0.004000	30053	29991	29923	25036	25023	24998
6218	130.129234	0.032673	0.530000	-0.090000	-0.770000	0.028000	0.032000	0.002000	30053	29991	29923	25014	25016	25001
6219	130.129322	0.000088	0.290000	-0.550000	-0.220000	0.028000	0.032000	0.002000	30029	29945	29978	25014	25016	25001
6220	130.162343	0.033021	0.030000	-0.540000	-0.770000	0.028000	0.032000	0.002000	30003	29946	29923	25014	25016	25001
6221	130.194153	0.031810	0.030000	-0.540000	-0.770000	0.040000	-0.002000	0.000000	30003	29946	29923	25020	24999	25000
6222	130.194223	0.000069	0.560000	-0.860000	0.060000	0.040000	-0.002000	0.000000	30056	29914	30006	25020	24999	25000
6223	130.223655	0.029433	0.430000	-0.470000	-0.520000	0.040000	-0.002000	0.000000	30043	29953	29948	25020	24999	25000
6224	130.252804	0.029149	0.430000	-0.470000	-0.520000	0.054000	0.046000	-0.012000	30043	29953	29948	25027	25023	24994
6225	130.252955	0.000151	0.430000	-0.470000	-0.520000	0.050000	0.044000	0.004000	30043	29953	29948	25025	25022	25002
6226	130.253007	0.000052	-0.110000	-0.640000	-0.220000	0.050000	0.044000	0.004000	29989	29936	29978	25025	25022	25002
6227	130.283941	0.030934	0.640000	-1.220000	-0.820000	0.050000	0.044000	0.004000	30064	29878	29918	25025	25022	25002
6228	130.316872	0.032931	0.620000	-0.240000	-0.240000	0.050000	0.044000	0.004000	30062	29976	29976	25025	25022	25002
6229	130.349215	0.032343	0.620000	-0.240000	-0.240000	-0.008000	0.048000	0.006000	30062	29976	29976	24996	25024	25003
6230	130.349315	0.000100	0.570000	-0.850000	-0.520000	-0.008000	0.048000	0.006000	30057	29915	29948	24996	25024	25003
6231	130.377262	0.027947	0.250000	-0.740000	0.320000	-0.008000	0.048000	0.006000	30025	29926	30032	24996	25024	25003
6232	130.407493	0.030231	0.250000	-0.740000	0.320000	0.064000	0.026000	-0.002000	30025	29926	30032	25032	25013	24999
6233	130.407564	0.000071	0.250000	-0.740000	0.320000	0.022000	0.068000	-0.002000	30025	29926	30032	25011	25034	24999
6234	130.407582	0.000018	0.820000	-0.350000	0.030000	0.022000	0.068000	-0.002000	30082	29965	30003	25011	25034	24999
6235	130.444858	0.037276	0.390000	-0.700000	-0.250000	0.022000	0.068000	-0.002000	30039	29930	29975	25011	25034	24999
6236	130.476914	0.032056	0.570000	-0.060000	0.060000	0.022000	0.068000	-0.002000	30057	29994	30006	25011	25034	24999
6237	130.508282	0.031368	0.570000	-0.060000	0.060000	0.002000	0.064000	-0.004000	30057	29994	30006	25001	25032	24998
6238	130.508421	0.000139	0.640000	-0.420000	0.310000	0.002000	0.064000	-0.004000	30064	29958	30031	25001	25032	24998
6239	130.535592	0.027171	0.300000	-0.990000	-0.530000	0.002000	0.064000	-0.004000	30030	29901	29947	25001	25032	24998
6240	130.565047	0.029456	0.370000	-0.460000	0.050000	0.002000	0.064000	-0.004000	30037	29954	30005	25001	25032	24998
6241	130.629863	0.064815	0.370000	-0.460000	0.050000	0.040000	0.024000	-0.002000	30037	29954	30005	25020	25012	24999
6242	130.629974	0.000111	0.540000	-0.830000	-0.530000	0.040000	0.024000	-0.002000	30054	29917	29947	25020	25012	24999
6243	130.657989	0.028015	0.660000	-0.330000	-0.530000	0.040000	0.024000	-0.002000	30066	29967	29947	25020	25012	24999
6244	130.684130	0.026141	0.660000	-0.330000	-0.530000	0.006000	0.054000	0.004000	30066	29967	29947	25003	25027	25002
6245	130.684215	0.000085	0.290000	-0.130000	-0.260000	0.006000	0.054000	0.004000	30029	29987	29974	25003	25027	25002
6246	130.719247	0.035032	0.110000	-0.470000	-1.090000	0.006000	0.054000	0.004000	30011	29953	29891	25003	25027	25002
6247	130.748570	0.029324	0.230000	-0.970000	-0.500000	0.006000	0.054000	0.004000	30023	29903	29950	25003	25027	25002
6248	130.775796	0.027226	0.230000	-0.970000	-0.500000	0.074000	0.014000	-0.002000	30023	29903	29950	25037	25007	24999
6249	130.775899	0.000103	0.220000	-0.140000	-0.540000	0.074000	0.014000	-0.002000	30022	29986	29946	25037	25007	24999
6250	130.803786	0.027887	0.160000	-0.810000	-1.050000	0.074000	0.014000	-0.002000	30016	29919	29895	25037	25007	24999
6251	130.833145	0.029359	0.160000	-0.810000	-1.050000	0.088000	0.024000	-0.002000	30016	29919	29895	25044	25012	24999
6252	130.833226	0.000081	-0.030000	-0.930000	-0.820000	0.088000	0.024000	-0.002000	29997	29907	29918	25044	25012	24999
6253	130.867734	0.034508	0.660000	-0.980000	0.580000	0.088000	0.024000	-0.002000	30066	29902	30058	25044	25012	24999
6254	130.898705	0.030971	0.660000	-0.980000	0.580000	0.080000	0.062000	-0.008000	30066	29902	30058	25040	25031	24996
6255	130.898785	0.000080	-0.180000	-0.960000	-0.250000	0.080000	0.062000	-0.008000	29982	29904	29975	25040	25031	24996
6256	130.931146	0.032360	0.110000	-0.920000	-0.770000	0.080000	0.062000	-0.008000	30011	29908	29923	25040	25031	24996
6257	130.963919	0.032773	0.110000	-0.920000	-0.770000	0.098000	0.022000	0.000000	30011	29908	29923	25049	25011	25000
6258	130.964039	0.000120	-0.020000	-0.930000	-0.240000	0.098000	0.022000	0.000000	29998	29907	29976	25049	25011	25000
6259	131.000423	0.036384	0.390000	-0.520000	-0.010000	0.098000	0.022000	0.000000	30039	29948	29999	25049	25011	25000
6260	131.037682	0.037259	0.600000	-0.500000	-0.520000	0.098000	0.022000	0.000000	30060	29950	29948	25049	25011	25000
6261	131.074193	0.036511	0.600000	-0.500000	-0.520000	0.040000	0.040000	0.004000	30060	29950	29948	25020	25020	25002
6262	131.074270	0.000077	0.630000	0.500000	-0.810000	0.040000	0.040000	0.004000	30063	30050	29919	25020	25020	25002
6263	131.110004	0.035734	0.630000	0.500000	-0.810000	-0.036000	0.074000	-0.008000	30063	30050	29919	24982	25037	24996
6264	131.110082	0.000078	0.430000	0.100000	0.590000	-0.036000	0.074000	-0.008000	30043	30010	30059	24982	25037	24996
6265	131.145385	0.035303	0.380000	-0.160000	-0.800000	-0.036000	0.074000	-0.008000	30038	29984	29920	24982	25037	24996
6266	131.173658	0.028272	0.300000	-0.250000	-1.090000	-0.036000	0.074000	-0.008000	30030	29975	29891	24982	25037	24996
6267	131.208705	0.035047	0.300000	-0.250000	-1.090000	0.022000	0.042000	-0.002000	30030	29975	29891	25011	25021	24999
6268	131.208789	0.000084	0.270000	-0.080000	-0.520000	0.022000	0.042000	-0.002000	30027	29992	29948	25011	25021	24999
6269	131.244906	0.036117	0.270000	-0.080000	-0.520000	-0.002000	0.026000	-0.002000	30027	29992	29948	24999	25013	24999
6270	131.244990	0.000084	0.740000	-0.040000	0.000000	-0.002000	0.026000	-0.002000	30074	29996	30000	24999	25013	24999
6271	131.278752	0.033762	0.750000	0.110000	-0.820000	-0.002000	0.026000	-0.002000	30075	30011	29918	24999	25013	24999
6272	131.312461	0.033710	0.420000	-0.330000	-1.100000	-0.002000	0.026000	-0.002000	30042	29967	29890	24999	25013	24999
6273	131.347177	0.034716	0.420000	-0.330000	-1.100000	0.004000	0.042000	-0.002000	30042	29967	29890	25002	25021	24999
6274	131.347256	0.000079	0.170000	-0.590000	-0.240000	0.004000	0.042000	-0.002000	30017	29941	29976	25002	25021	24999
6275	131.377634	0.030378	1.000000	-0.150000	0.260000	0.004000	0.042000	-0.002000	30100	29985	30026	25002	25021	24999
6276	131.417452	0.039818	-0.080000	-0.090000	-0.490000	0.004000	0.042000	-0.002000	29992	29991	29951	25002	25021	24999
6277	131.448932	0.031480	-0.080000	-0.090000	-0.490000	0.024000	0.024000	-0.014000	29992	29991	29951	25012	25012	24993
6278	131.449003	0.000071	0.060000	-0.970000	-0.840000	0.024000	0.024000	-0.014000	30006	29903	29916	25012	25012	24993
6279	131.481784	0.032780	0.350000	-0.480000	-0.780000	0.024000	0.024000	-0.014000	30035	29952	29922	25012	25012	24993
6280	131.517504	0.035720	0.150000	-0.720000	-0.210000	0.024000	0.024000	-0.014000	30015	29928	29979	25012	25012	24993
6281	131.548742	0.031238	0.150000	-0.720000	-0.210000	0.086000	0.036000	0.008000	30015	29928	29979	25043	25018	25004
6282	131.548881	0.000139	0.410000	-0.730000	0.010000	0.086000	0.036000	0.008000	30041	29927	30001	25043	25018	25004
6283	131.580363	0.031483	0.100000	-0.520000	-0.270000	0.086000	0.036000	0.008000	30010	29948	29973	25043	25018	25004
6284	131.611353	0.030989	0.310000	-0.220000	-1.060000	0.086000	0.036000	0.008000	30031	29978	29894	25043	25018	25004
6285	131.649476	0.038123	0.310000	-0.220000	-1.060000	0.026000	0.030000	-0.004000	30031	29978	29894	25013	25015	24998
6286	131.649570	0.000094	0.500000	-0.660000	-1.140000	0.026000	0.030000	-0.004000	30050	29934	29886	25013	25015	24998
6287	131.686000	0.036430	0.500000	-0.660000	-1.140000	0.018000	0.044000	-0.008000	30050	29934	29886	25009	25022	24996
6288	131.686072	0.000072	-0.240000	-0.800000	-0.250000	0.018000	0.044000	-0.008000	29976	29920	29975	25009	25022	24996
6289	131.717227	0.031155	-0.240000	-0.800000	-0.250000	0.030000	0.008000	-0.002000	29976	29920	29975	25015	25004	24999
6290	131.717314	0.000087	0.060000	-0.830000	-0.010000	0.030000	0.008000	-0.002000	30006	29917	29999	25015	25004	24999
6291	131.747547	0.030233	-0.060000	-0.670000	-1.050000	0.030000	0.008000	-0.002000	29994	29933	29895	25015	25004	24999
6292	131.776810	0.029263	0.330000	-0.650000	-0.480000	0.030000	0.008000	-0.002000	30033	29935	29952	25015	25004	24999
6293	131.806981	0.030171	0.330000	-0.650000	-0.480000	0.048000	0.022000	0.000000	30033	29935	29952	25024	25011	25000
6294	131.807131	0.000151	0.410000	-0.710000	-0.250000	0.048000	0.022000	0.000000	30041	29929	29975	25024	25011	25000
6295	131.844603	0.037471	0.130000	-0.400000	-0.780000	0.048000	0.022000	0.000000	30013	29960	29922	25024	25011	25000
6296	131.876071	0.031469	0.260000	-0.360000	-0.510000	0.048000	0.022000	0.000000	30026	29964	29949	25024	25011	25000
6297	131.904946	0.028875	0.140000	-0.230000	-0.230000	0.048000	0.022000	0.000000	30014	29977	29977	25024	25011	25000
6298	131.935723	0.030777	0.140000	-0.230000	-0.230000	0.022000	0.028000	-0.004000	30014	29977	29977	25011	25014	24998
6299	131.935808	0.000085	0.280000	-0.650000	-0.520000	0.022000	0.028000	-0.004000	30028	29935	29948	25011	25014	24998
6300	131.969291	0.033483	0.180000	-0.960000	-0.540000	0.022000	0.028000	-0.004000	30018	29904	29946	25011	25014	24998
6301	131.998951	0.029661	0.810000	-0.430000	0.000000	0.022000	0.028000	-0.004000	30081	29957	30000	25011	25014	24998
6302	132.031797	0.032846	0.780000	0.020000	-0.800000	0.022000	0.028000	-0.004000	30078	30002	29920	25011	25014	24998
6303	132.063150	0.031353	0.780000	0.020000	-0.800000	0.008000	0.076000	-0.006000	30078	30002	29920	25004	25038	24997
6304	132.063224	0.000074	0.760000	-0.660000	0.000000	0.008000	0.076000	-0.006000	30076	29934	30000	25004	25038	24997
6305	132.093996	0.030772	0.760000	-0.660000	0.000000	0.074000	0.088000	-0.004000	30076	29934	30000	25037	25044	24998
6306	132.094120	0.000125	-0.150000	-1.300000	0.310000	0.074000	0.088000	-0.004000	29985	29870	30031	25037	25044	24998
6307	132.129089	0.034968	0.110000	-0.580000	-0.790000	0.074000	0.088000	-0.004000	30011	29942	29921	25037	25044	24998
6308	132.162208	0.033120	0.110000	-0.580000	-0.790000	0.050000	0.018000	0.004000	30011	29942	29921	25025	25009	25002
6309	132.162287	0.000079	0.420000	0.060000	-0.510000	0.050000	0.018000	0.004000	30042	30006	29949	25025	25009	25002
6310	132.196355	0.034068	0.420000	0.060000	-0.510000	0.008000	0.052000	-0.004000	30042	30006	29949	25004	25026	24998
6311	132.196440	0.000085	0.530000	-0.620000	-0.810000	0.008000	0.052000	-0.004000	30053	29938	29919	25004	25026	24998
6312	132.225588	0.029148	0.320000	-0.350000	0.020000	0.008000	0.052000	-0.004000	30032	29965	30002	25004	25026	24998
6313	132.268157	0.042568	0.320000	-0.350000	0.020000	0.002000	0.026000	-0.016000	30032	29965	30002	25001	25013	24992
6314	132.268245	0.000089	0.440000	-0.190000	-0.490000	0.002000	0.026000	-0.016000	30044	29981	29951	25001	25013	24992
6315	132.303730	0.035485	0.440000	-0.190000	-0.490000	0.024000	0.028000	0.002000	30044	29981	29951	25012	25014	25001
6316	132.303810	0.000080	0.180000	-0.760000	-0.260000	0.024000	0.028000	0.002000	30018	29924	29974	25012	25014	25001
6317	132.338062	0.034252	0.260000	-0.760000	-1.070000	0.024000	0.028000	0.002000	30026	29924	29893	25012	25014	25001
6318	132.372559	0.034497	0.410000	-0.850000	-0.300000	0.024000	0.028000	0.002000	30041	29915	29970	25012	25014	25001
6319	132.407172	0.034613	0.410000	-0.850000	-0.300000	0.056000	0.034000	-0.010000	30041	29915	29970	25028	25017	24995
6320	132.407258	0.000086	0.860000	-0.430000	-0.240000	0.056000	0.034000	-0.010000	30086	29957	29976	25028	25017	24995
6321	132.440604	0.033345	0.860000	-0.430000	-0.240000	0.038000	0.082000	-0.006000	30086	29957	29976	25019	25041	24997
6322	132.440675	0.000071	0.520000	-0.410000	-0.520000	0.038000	0.082000	-0.006000	30052	29959	29948	25019	25041	24997
6323	132.477714	0.037039	0.520000	-0.410000	-0.520000	0.032000	0.054000	-0.010000	30052	29959	29948	25016	25027	24995
6324	132.477801	0.000088	0.260000	-0.870000	-0.260000	0.032000	0.054000	-0.010000	30026	29913	29974	25016	25027	24995
6325	132.508438	0.030636	-0.200000	-0.970000	-0.500000	0.032000	0.054000	-0.010000	29980	29903	29950	25016	25027	24995
6326	132.539311	0.030873	0.300000	-0.280000	-1.320000	0.032000	0.054000	-0.010000	30030	29972	29868	25016	25027	24995
6327	132.576089	0.036778	0.300000	-0.280000	-1.320000	0.008000	0.064000	-0.010000	30030	29972	29868	25004	25032	24995
6328	132.576189	0.000101	0.400000	-0.510000	0.060000	0.008000	0.064000	-0.010000	30040	29949	30006	25004	25032	24995
6329	132.611567	0.035378	0.000000	-0.920000	-0.460000	0.008000	0.064000	-0.010000	30000	29908	29954	25004	25032	24995
6330	132.645151	0.033584	0.440000	-0.340000	-0.770000	0.008000	0.064000	-0.010000	30044	29966	29923	25004	25032	24995
6331	132.674730	0.029579	0.440000	-0.340000	-0.770000	0.034000	0.024000	0.008000	30044	29966	29923	25017	25012	25004
6332	132.674823	0.000093	0.560000	-0.020000	-0.790000	0.034000	0.024000	0.008000	30056	29998	29921	25017	25012	25004
6333	132.710258	0.035435	0.560000	-0.020000	-0.790000	0.014000	0.050000	-0.004000	30056	29998	29921	25007	25025	24998
6334	132.710352	0.000094	0.700000	-0.340000	-0.480000	0.014000	0.050000	-0.004000	30070	29966	29952	25007	25025	24998
6335	132.739343	0.028991	0.700000	-0.340000	-0.480000	0.044000	0.056000	-0.016000	30070	29966	29952	25022	25028	24992
6336	132.739407	0.000064	0.270000	-0.460000	-0.790000	0.044000	0.056000	-0.016000	30027	29954	29921	25022	25028	24992
6337	132.769964	0.030557	0.870000	-0.020000	0.340000	0.044000	0.056000	-0.016000	30087	29998	30034	25022	25028	24992
6338	132.800189	0.030225	0.870000	-0.020000	0.340000	-0.010000	0.076000	0.002000	30087	29998	30034	24995	25038	25001
6339	132.800331	0.000142	0.730000	-0.370000	0.020000	-0.010000	0.076000	0.002000	30073	29963	30002	24995	25038	25001
6340	132.833183	0.032852	0.780000	-0.440000	-0.510000	-0.010000	0.076000	0.002000	30078	29956	29949	24995	25038	25001
6341	132.870803	0.037620	0.440000	-0.420000	-0.780000	-0.010000	0.076000	0.002000	30044	29958	29922	24995	25038	25001
6342	132.903343	0.032541	0.440000	-0.420000	-0.780000	0.034000	0.046000	0.016000	30044	29958	29922	25017	25023	25008
6343	132.903426	0.000082	0.220000	0.190000	-0.740000	0.034000	0.046000	0.016000	30022	30019	29926	25017	25023	25008
6344	132.934992	0.031566	0.410000	-0.020000	0.010000	0.034000	0.046000	0.016000	30041	29998	30001	25017	25023	25008
6345	132.964092	0.029101	0.360000	-0.540000	0.020000	0.034000	0.046000	0.016000	30036	29946	30002	25017	25023	25008
6346	133.004421	0.040328	0.360000	-0.540000	0.020000	0.050000	0.048000	0.004000	30036	29946	30002	25025	25024	25002
6347	133.004531	0.000110	0.700000	-0.710000	-0.250000	0.050000	0.048000	0.004000	30070	29929	29975	25025	25024	25002
6348	133.039176	0.034646	0.700000	-0.710000	-0.250000	0.048000	0.060000	0.000000	30070	29929	29975	25024	25030	25000
6349	133.039251	0.000074	0.710000	-0.070000	-1.080000	0.048000	0.060000	0.000000	30071	29993	29892	25024	25030	25000
6350	133.072616	0.033365	0.380000	-0.330000	0.310000	0.048000	0.060000	0.000000	30038	29967	30031	25024	25030	25000
6351	133.104027	0.031411	0.550000	-0.380000	0.300000	0.048000	0.060000	0.000000	30055	29962	30030	25024	25030	25000
6352	133.135367	0.031340	0.550000	-0.380000	0.300000	0.008000	0.034000	0.002000	30055	29962	30030	25004	25017	25001
6353	133.135471	0.000104	0.550000	-0.380000	0.300000	0.062000	0.016000	-0.002000	30055	29962	30030	25031	25008	24999
6354	133.135615	0.000144	0.040000	-0.920000	-1.050000	0.062000	0.016000	-0.002000	30004	29908	29895	25031	25008	24999
6355	133.164547	0.028932	0.550000	-0.690000	-0.820000	0.062000	0.016000	-0.002000	30055	29931	29918	25031	25008	24999
6356	133.198651	0.034104	0.020000	-0.360000	-0.520000	0.062000	0.016000	-0.002000	30002	29964	29948	25031	25008	24999
6357	133.230484	0.031833	0.160000	-0.580000	0.060000	0.062000	0.016000	-0.002000	30016	29942	30006	25031	25008	24999
6358	133.267191	0.036707	0.160000	-0.580000	0.060000	0.066000	0.034000	0.006000	30016	29942	30006	25033	25017	25003
6359	133.267361	0.000170	0.330000	-0.600000	-0.570000	0.066000	0.034000	0.006000	30033	29940	29943	25033	25017	25003
6360	133.297662	0.030301	0.240000	-0.690000	-1.340000	0.066000	0.034000	0.006000	30024	29931	29866	25033	25017	25003
6361	133.328818	0.031155	0.240000	-0.760000	-1.350000	0.066000	0.034000	0.006000	30024	29924	29865	25033	25017	25003
6362	133.360110	0.031293	0.700000	0.070000	0.000000	0.066000	0.034000	0.006000	30070	30007	30000	25033	25017	25003
6363	133.392378	0.032268	0.110000	-0.940000	-0.280000	0.066000	0.034000	0.006000	30011	29906	29972	25033	25017	25003
6364	133.425577	0.033199	0.110000	-0.590000	-0.520000	0.066000	0.034000	0.006000	30011	29941	29948	25033	25017	25003
6365	133.452779	0.027202	-0.080000	-1.180000	-0.770000	0.066000	0.034000	0.006000	29992	29882	29923	25033	25017	25003
6366	133.480823	0.028044	-0.050000	-1.080000	-0.820000	0.066000	0.034000	0.006000	29995	29892	29918	25033	25017	25003
6367	133.507962	0.027139	-0.050000	-1.080000	-0.820000	0.078000	0.002000	0.002000	29995	29892	29918	25039	25001	25001
6368	133.508027	0.000066	0.000000	-0.620000	-0.790000	0.078000	0.002000	0.002000	30000	29938	29921	25039	25001	25001
6369	133.540109	0.032081	0.530000	-0.880000	-1.110000	0.078000	0.002000	0.002000	30053	29912	29889	25039	25001	25001
6370	133.568314	0.028206	-0.210000	-1.460000	-0.490000	0.078000	0.002000	0.002000	29979	29854	29951	25039	25001	25001
6371	133.601601	0.033287	-0.210000	-1.460000	-0.490000	0.130000	-0.014000	0.010000	29979	29854	29951	25065	24993	25005
6372	133.601705	0.000104	0.220000	-1.100000	-0.520000	0.130000	-0.014000	0.010000	30022	29890	29948	25065	24993	25005
6373	133.636077	0.034372	0.430000	-0.290000	-0.800000	0.130000	-0.014000	0.010000	30043	29971	29920	25065	24993	25005
6374	133.671854	0.035776	0.430000	-0.290000	-0.800000	0.022000	0.058000	0.000000	30043	29971	29920	25011	25029	25000
6375	133.671935	0.000082	0.460000	-0.580000	-1.040000	0.022000	0.058000	0.000000	30046	29942	29896	25011	25029	25000
6376	133.704062	0.032127	0.460000	-0.580000	-1.040000	0.050000	0.044000	0.000000	30046	29942	29896	25025	25022	25000
6377	133.704206	0.000144	0.430000	-0.660000	-1.040000	0.050000	0.044000	0.000000	30043	29934	29896	25025	25022	25000
6378	133.740055	0.035848	0.430000	-0.660000	-1.040000	0.054000	0.040000	-0.002000	30043	29934	29896	25027	25020	24999
6379	133.740140	0.000085	0.280000	-0.220000	-0.810000	0.054000	0.040000	-0.002000	30028	29978	29919	25027	25020	24999
6380	133.773649	0.033510	0.340000	0.190000	-0.810000	0.054000	0.040000	-0.002000	30034	30019	29919	25027	25020	24999
6381	133.805780	0.032131	0.530000	-0.790000	-0.540000	0.054000	0.040000	-0.002000	30053	29921	29946	25027	25020	24999
6382	133.841871	0.036090	0.530000	-0.790000	-0.540000	0.086000	0.060000	0.006000	30053	29921	29946	25043	25030	25003
6383	133.841944	0.000074	0.530000	-0.570000	-0.240000	0.086000	0.060000	0.006000	30053	29943	29976	25043	25030	25003
6384	133.873803	0.031859	0.280000	-0.550000	-0.810000	0.086000	0.060000	0.006000	30028	29945	29919	25043	25030	25003
6385	133.906841	0.033038	0.610000	-0.280000	-0.740000	0.086000	0.060000	0.006000	30061	29972	29926	25043	25030	25003
6386	133.938543	0.031702	0.610000	-0.280000	-0.740000	0.006000	0.024000	0.024000	30061	29972	29926	25003	25012	25012
6387	133.938623	0.000080	0.410000	-0.930000	-0.240000	0.006000	0.024000	0.024000	30041	29907	29976	25003	25012	25012
6388	133.970191	0.031568	0.410000	-0.930000	-0.240000	0.082000	0.034000	-0.002000	30041	29907	29976	25041	25017	24999
6389	133.970280	0.000089	0.600000	-0.270000	0.000000	0.082000	0.034000	-0.002000	30060	29973	30000	25041	25017	24999
6390	134.000811	0.030531	0.580000	-0.670000	-0.820000	0.082000	0.034000	-0.002000	30058	29933	29918	25041	25017	24999
6391	134.036086	0.035274	0.580000	-0.670000	-0.820000	0.040000	0.046000	-0.004000	30058	29933	29918	25020	25023	24998
6392	134.036196	0.000110	0.510000	-0.370000	-1.330000	0.040000	0.046000	-0.004000	30051	29963	29867	25020	25023	24998
6393	134.064924	0.028728	0.550000	-0.410000	-0.250000	0.040000	0.046000	-0.004000	30055	29959	29975	25020	25023	24998
6394	134.117189	0.052265	0.550000	-0.410000	-0.250000	-0.018000	0.070000	0.000000	30055	29959	29975	24991	25035	25000
6395	134.117253	0.000064	-0.230000	-0.810000	0.050000	-0.018000	0.070000	0.000000	29977	29919	30005	24991	25035	25000
6396	134.151129	0.033876	0.510000	-0.620000	-0.800000	-0.018000	0.070000	0.000000	30051	29938	29920	24991	25035	25000
6397	134.195030	0.043901	0.440000	-0.650000	0.320000	-0.018000	0.070000	0.000000	30044	29935	30032	24991	25035	25000
6398	134.230344	0.035314	0.440000	-0.650000	0.320000	0.026000	0.028000	0.010000	30044	29935	30032	25013	25014	25005
6399	134.230424	0.000080	0.440000	-0.650000	0.320000	-0.002000	0.070000	-0.004000	30044	29935	30032	24999	25035	24998
6400	134.230443	0.000019	0.470000	-0.360000	-1.360000	-0.002000	0.070000	-0.004000	30047	29964	29864	24999	25035	24998
6401	134.262801	0.032358	0.110000	-1.000000	0.080000	-0.002000	0.070000	-0.004000	30011	29900	30008	24999	25035	24998
6402	134.294979	0.032178	0.490000	-0.060000	-0.270000	-0.002000	0.070000	-0.004000	30049	29994	29973	24999	25035	24998
6403	134.324352	0.029373	0.350000	-0.510000	-0.570000	-0.002000	0.070000	-0.004000	30035	29949	29943	24999	25035	24998
6404	134.353318	0.028966	0.370000	-0.410000	-0.540000	-0.002000	0.070000	-0.004000	30037	29959	29946	24999	25035	24998
6405	134.384017	0.030699	0.050000	-0.530000	-0.190000	-0.002000	0.070000	-0.004000	30005	29947	29981	24999	25035	24998
6406	134.410680	0.026663	0.050000	-0.530000	-0.190000	0.058000	0.012000	0.006000	30005	29947	29981	25029	25006	25003
6407	134.410747	0.000067	0.360000	-0.910000	-0.760000	0.058000	0.012000	0.006000	30036	29909	29924	25029	25006	25003
6408	134.442086	0.031339	0.370000	0.080000	-0.250000	0.058000	0.012000	0.006000	30037	30008	29975	25029	25006	25003
6409	134.473850	0.031763	0.280000	-0.560000	-0.510000	0.058000	0.012000	0.006000	30028	29944	29949	25029	25006	25003
6410	134.513854	0.040004	0.280000	-0.560000	-0.510000	0.050000	0.038000	0.010000	30028	29944	29949	25025	25019	25005
6411	134.513962	0.000108	0.800000	-0.530000	-0.470000	0.050000	0.038000	0.010000	30080	29947	29953	25025	25019	25005
6412	134.543395	0.029433	0.310000	-0.630000	-0.540000	0.050000	0.038000	0.010000	30031	29937	29946	25025	25019	25005
6413	134.572741	0.029345	0.310000	-0.630000	-0.540000	0.052000	0.032000	0.006000	30031	29937	29946	25026	25016	25003
6414	134.572829	0.000089	0.620000	-0.090000	-0.530000	0.052000	0.032000	0.006000	30062	29991	29947	25026	25016	25003
6415	134.608331	0.035501	0.620000	-0.090000	-0.530000	0.016000	0.066000	-0.016000	30062	29991	29947	25008	25033	24992
6416	134.608441	0.000110	0.620000	-0.090000	-0.530000	0.052000	0.036000	0.016000	30062	29991	29947	25026	25018	25008
6417	134.608468	0.000027	0.020000	0.010000	-0.200000	0.052000	0.036000	0.016000	30002	30001	29980	25026	25018	25008
6418	134.641025	0.032557	0.020000	0.010000	-0.200000	-0.022000	0.012000	-0.006000	30002	30001	29980	24989	25006	24997
6419	134.641100	0.000074	0.690000	-0.330000	0.010000	-0.022000	0.012000	-0.006000	30069	29967	30001	24989	25006	24997
6420	134.671255	0.030155	0.690000	-0.330000	0.010000	0.056000	0.012000	-0.002000	30069	29967	30001	25028	25006	24999
6421	134.671327	0.000072	-0.150000	-0.390000	-0.970000	0.056000	0.012000	-0.002000	29985	29961	29903	25028	25006	24999
6422	134.703819	0.032493	0.730000	-0.630000	0.030000	0.056000	0.012000	-0.002000	30073	29937	30003	25028	25006	24999
6423	134.739673	0.035854	0.730000	-0.630000	0.030000	0.068000	0.022000	-0.016000	30073	29937	30003	25034	25011	24992
6424	134.739763	0.000089	-0.130000	-0.370000	-0.220000	0.068000	0.022000	-0.016000	29987	29963	29978	25034	25011	24992
6425	134.771052	0.031289	0.940000	-0.050000	-1.080000	0.068000	0.022000	-0.016000	30094	29995	29892	25034	25011	24992
6426	134.801473	0.030421	0.940000	-0.050000	-1.080000	0.016000	0.100000	-0.004000	30094	29995	29892	25008	25050	24998
6427	134.801590	0.000117	0.370000	0.240000	-1.110000	0.016000	0.100000	-0.004000	30037	30024	29889	25008	25050	24998
6428	134.831649	0.030059	0.370000	0.240000	-1.110000	-0.014000	0.068000	-0.008000	30037	30024	29889	24993	25034	24996
6429	134.831728	0.000079	0.310000	-0.670000	-0.200000	-0.014000	0.068000	-0.008000	30031	29933	29980	24993	25034	24996
6430	134.864671	0.032944	0.280000	-1.070000	-0.270000	-0.014000	0.068000	-0.008000	30028	29893	29973	24993	25034	24996
6431	134.893305	0.028634	0.400000	-0.280000	-0.300000	-0.014000	0.068000	-0.008000	30040	29972	29970	24993	25034	24996
6432	134.925391	0.032087	0.400000	-0.280000	-0.300000	0.068000	0.026000	-0.004000	30040	29972	29970	25034	25013	24998
6433	134.925455	0.000064	0.010000	-0.240000	-0.540000	0.068000	0.026000	-0.004000	30001	29976	29946	25034	25013	24998
6434	134.956633	0.031178	0.010000	-0.240000	-0.540000	0.022000	-0.002000	0.000000	30001	29976	29946	25011	24999	25000
6435	134.956729	0.000096	0.350000	-0.660000	-0.730000	0.022000	-0.002000	0.000000	30035	29934	29927	25011	24999	25000
6436	134.989444	0.032715	0.360000	-0.950000	-0.530000	0.022000	-0.002000	0.000000	30036	29905	29947	25011	24999	25000
6437	135.021582	0.032138	0.360000	-0.950000	-0.530000	0.086000	0.030000	-0.018000	30036	29905	29947	25043	25015	24991
6438	135.021654	0.000072	0.740000	-0.350000	-1.090000	0.086000	0.030000	-0.018000	30074	29965	29891	25043	25015	24991
6439	135.053369	0.031715	0.740000	-0.350000	-1.090000	-0.004000	0.044000	0.002000	30074	29965	29891	24998	25022	25001
6440	135.053454	0.000085	0.360000	-0.280000	-1.060000	-0.004000	0.044000	0.002000	30036	29972	29894	24998	25022	25001
6441	135.083465	0.030011	0.160000	-0.620000	-0.550000	-0.004000	0.044000	0.002000	30016	29938	29945	24998	25022	25001
6442	135.113985	0.030520	0.520000	-0.180000	-0.490000	-0.004000	0.044000	0.002000	30052	29982	29951	24998	25022	25001
6443	135.149441	0.035456	0.520000	-0.180000	-0.490000	0.032000	0.050000	-0.010000	30052	29982	29951	25016	25025	24995
6444	135.149646	0.000205	0.140000	-0.670000	-0.520000	0.032000	0.050000	-0.010000	30014	29933	29948	25016	25025	24995
6445	135.178375	0.028729	0.140000	-0.670000	-0.520000	0.084000	0.024000	-0.004000	30014	29933	29948	25042	25012	24998
6446	135.178463	0.000088	0.740000	-0.520000	0.020000	0.084000	0.024000	-0.004000	30074	29948	30002	25042	25012	24998
6447	135.214941	0.036477	0.510000	-0.250000	-0.560000	0.084000	0.024000	-0.004000	30051	29975	29944	25042	25012	24998
6448	135.243338	0.028397	0.090000	-0.980000	-0.780000	0.084000	0.024000	-0.004000	30009	29902	29922	25042	25012	24998
6449	135.273217	0.029879	0.300000	-0.600000	0.600000	0.084000	0.024000	-0.004000	30030	29940	30060	25042	25012	24998
6450	135.306285	0.033068	-0.040000	-0.450000	0.010000	0.084000	0.024000	-0.004000	29996	29955	30001	25042	25012	24998
6451	135.335830	0.029545	0.790000	-0.410000	0.320000	0.084000	0.024000	-0.004000	30079	29959	30032	25042	25012	24998
6452	135.371342	0.035512	0.790000	-0.410000	0.320000	0.032000	0.062000	0.010000	30079	29959	30032	25016	25031	25005
6453	135.371404	0.000062	0.330000	0.690000	-0.810000	0.032000	0.062000	0.010000	30033	30069	29919	25016	25031	25005
6454	135.398546	0.027142	0.330000	0.690000	-0.810000	-0.054000	0.048000	-0.010000	30033	30069	29919	24973	25024	24995
6455	135.398617	0.000071	0.460000	0.280000	-0.720000	-0.054000	0.048000	-0.010000	30046	30028	29928	24973	25024	24995
6456	135.429367	0.030750	0.710000	-0.800000	-0.750000	-0.054000	0.048000	-0.010000	30071	29920	29925	24973	25024	24995
6457	135.462386	0.033019	0.710000	-0.800000	-0.750000	0.058000	0.044000	0.008000	30071	29920	29925	25029	25022	25004
6458	135.462472	0.000086	0.170000	-0.280000	-1.070000	0.058000	0.044000	0.008000	30017	29972	29893	25029	25022	25004
6459	135.495477	0.033005	0.170000	-0.280000	-1.070000	0.032000	0.024000	-0.004000	30017	29972	29893	25016	25012	24998
6460	135.495587	0.000110	0.170000	-0.280000	-1.070000	0.064000	0.032000	0.002000	30017	29972	29893	25032	25016	25001
6461	135.495632	0.000045	0.980000	-0.290000	-0.220000	0.064000	0.032000	0.002000	30098	29971	29978	25032	25016	25001
6462	135.525836	0.030204	0.980000	-0.290000	-0.220000	0.004000	0.054000	0.002000	30098	29971	29978	25002	25027	25001
6463	135.525972	0.000137	0.660000	-0.860000	-0.780000	0.004000	0.054000	0.002000	30066	29914	29922	25002	25027	25001
6464	135.556685	0.030712	0.660000	-0.860000	-0.780000	0.074000	0.046000	0.002000	30066	29914	29922	25037	25023	25001
6465	135.556763	0.000078	-0.110000	-0.730000	-0.800000	0.074000	0.046000	0.002000	29989	29927	29920	25037	25023	25001
6466	135.589268	0.032505	0.630000	-0.120000	0.290000	0.074000	0.046000	0.002000	30063	29988	30029	25037	25023	25001
6467	135.621379	0.032111	0.630000	-0.120000	0.290000	-0.010000	0.062000	-0.010000	30063	29988	30029	24995	25031	24995
6468	135.621454	0.000075	0.480000	-0.010000	-0.790000	-0.010000	0.062000	-0.010000	30048	29999	29921	24995	25031	24995
6469	135.657384	0.035930	0.400000	-0.710000	-0.510000	-0.010000	0.062000	-0.010000	30040	29929	29949	24995	25031	24995
6470	135.688292	0.030908	0.400000	-0.710000	-0.510000	0.072000	0.034000	-0.002000	30040	29929	29949	25036	25017	24999
6471	135.688374	0.000082	0.210000	-0.450000	-1.060000	0.072000	0.034000	-0.002000	30021	29955	29894	25036	25017	24999
6472	135.720036	0.031662	0.210000	-0.450000	-1.060000	0.044000	0.036000	-0.006000	30021	29955	29894	25022	25018	24997
6473	135.720108	0.000072	-0.380000	-0.720000	-0.230000	0.044000	0.036000	-0.006000	29962	29928	29977	25022	25018	24997
6474	135.750680	0.030572	0.290000	-0.720000	-1.020000	0.044000	0.036000	-0.006000	30029	29928	29898	25022	25018	24997
6475	135.780561	0.029881	0.290000	-0.720000	-1.020000	0.064000	0.016000	-0.008000	30029	29928	29898	25032	25008	24996
6476	135.780644	0.000084	0.720000	-0.210000	-0.820000	0.064000	0.016000	-0.008000	30072	29979	29918	25032	25008	24996
6477	135.808945	0.028301	0.720000	-0.210000	-0.820000	-0.010000	0.040000	0.000000	30072	29979	29918	24995	25020	25000
6478	135.809019	0.000074	0.260000	-0.930000	-1.320000	-0.010000	0.040000	0.000000	30026	29907	29868	24995	25020	25000
6479	135.839801	0.030781	0.260000	-0.930000	-1.320000	0.102000	0.020000	-0.008000	30026	29907	29868	25051	25010	24996
6480	135.839893	0.000092	0.600000	0.190000	-1.060000	0.102000	0.020000	-0.008000	30060	30019	29894	25051	25010	24996
6481	135.867869	0.027976	0.260000	-0.750000	-0.810000	0.102000	0.020000	-0.008000	30026	29925	29919	25051	25010	24996
6482	135.897201	0.029332	0.260000	-0.750000	-0.810000	0.064000	0.030000	0.006000	30026	29925	29919	25032	25015	25003
6483	135.897323	0.000122	-0.150000	-0.440000	-0.290000	0.064000	0.030000	0.006000	29985	29956	29971	25032	25015	25003
6484	135.929216	0.031893	-0.150000	-0.440000	-0.290000	0.038000	-0.028000	0.008000	29985	29956	29971	25019	24986	25004
6485	135.929297	0.000082	-0.220000	-0.450000	-0.290000	0.038000	-0.028000	0.008000	29978	29955	29971	25019	24986	25004
6486	135.960353	0.031056	-0.220000	-0.450000	-0.290000	0.034000	-0.044000	0.006000	29978	29955	29971	25017	24978	25003
6487	135.960422	0.000069	-0.380000	-0.440000	-0.290000	0.034000	-0.044000	0.006000	29962	29956	29971	25017	24978	25003
6488	135.994339	0.033917	-0.380000	-0.440000	-0.290000	0.036000	-0.058000	0.006000	29962	29956	29971	25018	24971	25003
6489	135.994426	0.000087	-0.390000	-0.420000	-0.560000	0.036000	-0.058000	0.006000	29961	29958	29944	25018	24971	25003
6490	136.022817	0.028391	-0.390000	-0.420000	-0.560000	0.036000	-0.060000	0.006000	29961	29958	29944	25018	24970	25003
6491	136.022906	0.000089	-0.460000	-0.530000	-0.540000	0.036000	-0.060000	0.006000	29954	29947	29946	25018	24970	25003
6492	136.052116	0.029210	-0.460000	-0.530000	-0.540000	0.048000	-0.042000	0.002000	29954	29947	29946	25024	24979	25001
6493	136.052214	0.000098	0.120000	-0.060000	-0.550000	0.048000	-0.042000	0.002000	30012	29994	29945	25024	24979	25001
6494	136.087662	0.035448	0.120000	-0.060000	-0.550000	-0.004000	0.000000	-0.012000	30012	29994	29945	24998	25000	24994
6495	136.087768	0.000105	0.270000	-0.280000	0.550000	-0.004000	0.000000	-0.012000	30027	29972	30055	24998	25000	24994
6496	136.119164	0.031396	0.270000	-0.280000	0.550000	0.010000	0.022000	-0.008000	30027	29972	30055	25005	25011	24996
6497	136.119326	0.000162	0.460000	0.260000	0.560000	0.010000	0.022000	-0.008000	30046	30026	30056	25005	25011	24996
6498	136.148953	0.029627	0.460000	0.260000	0.560000	-0.018000	0.024000	0.004000	30046	30026	30056	24991	25012	25002
6499	136.149041	0.000088	-0.070000	-0.010000	0.560000	-0.018000	0.024000	0.004000	29993	29999	30056	24991	25012	25002
6500	136.181854	0.032812	-0.070000	-0.010000	0.560000	0.002000	-0.012000	0.016000	29993	29999	30056	25001	24994	25008
6501	136.182001	0.000147	-0.180000	0.130000	-0.550000	0.002000	-0.012000	0.016000	29982	30013	29945	25001	24994	25008
6502	136.223411	0.041410	-0.180000	0.130000	-0.550000	-0.006000	-0.026000	0.014000	29982	30013	29945	24997	24987	25007
6503	136.223497	0.000086	-0.260000	-0.360000	-0.580000	-0.006000	-0.026000	0.014000	29974	29964	29942	24997	24987	25007
6504	136.255311	0.031815	-0.260000	-0.360000	-0.580000	0.022000	-0.036000	0.006000	29974	29964	29942	25011	24982	25003
6505	136.255371	0.000060	0.110000	0.250000	-0.620000	0.022000	-0.036000	0.006000	30011	30025	29938	25011	24982	25003
6506	136.282101	0.026730	0.110000	0.250000	-0.620000	-0.022000	0.004000	-0.008000	30011	30025	29938	24989	25002	24996
6507	136.282193	0.000092	0.210000	0.130000	0.210000	-0.022000	0.004000	-0.008000	30021	30013	30021	24989	25002	24996
6508	136.308681	0.026488	0.210000	0.130000	0.210000	-0.014000	0.018000	-0.006000	30021	30013	30021	24993	25009	24997
6509	136.308750	0.000070	0.410000	0.320000	0.220000	-0.014000	0.018000	-0.006000	30041	30032	30022	24993	25009	24997
6510	136.339341	0.030590	0.410000	0.320000	0.220000	-0.026000	0.042000	0.002000	30041	30032	30022	24987	25021	25001
6511	136.339447	0.000106	0.280000	0.000000	0.240000	-0.026000	0.042000	0.002000	30028	30000	30024	24987	25021	25001
6512	136.376992	0.037545	0.280000	0.000000	0.240000	0.006000	0.028000	0.008000	30028	30000	30024	25003	25014	25004
6513	136.377102	0.000110	0.190000	0.100000	-0.860000	0.006000	0.028000	0.008000	30019	30010	29914	25003	25014	25004
6514	136.404825	0.027723	0.190000	0.100000	-0.860000	0.000000	0.016000	0.006000	30019	30010	29914	25000	25008	25003
6515	136.404907	0.000082	-0.130000	-0.180000	-0.860000	0.000000	0.016000	0.006000	29987	29982	29914	25000	25008	25003
6516	136.435283	0.030377	-0.130000	-0.180000	-0.860000	0.016000	-0.010000	-0.006000	29987	29982	29914	25008	24995	24997
6517	136.435392	0.000109	-0.090000	0.020000	-0.870000	0.016000	-0.010000	-0.006000	29991	30002	29913	25008	24995	24997
6518	136.472431	0.037038	-0.090000	0.020000	-0.870000	-0.024000	-0.012000	-0.006000	29991	30002	29913	24988	24994	24997
6519	136.472512	0.000081	-0.040000	0.010000	0.230000	-0.024000	-0.012000	-0.006000	29996	30001	30023	24988	24994	24997
6520	136.513680	0.041168	-0.040000	0.010000	0.230000	-0.024000	-0.010000	-0.008000	29996	30001	30023	24988	24995	24996
6521	136.513754	0.000074	-0.220000	-0.410000	0.180000	-0.024000	-0.010000	-0.008000	29978	29959	30018	24988	24995	24996
6522	136.542459	0.028706	-0.220000	-0.410000	0.180000	0.006000	-0.034000	-0.018000	29978	29959	30018	25003	24983	24991
6523	136.542530	0.000071	-0.280000	-0.640000	0.200000	0.006000	-0.034000	-0.018000	29972	29936	30020	25003	24983	24991
6524	136.574553	0.032022	-0.280000	-0.640000	0.200000	0.026000	-0.044000	-0.014000	29972	29936	30020	25013	24978	24993
6525	136.574666	0.000113	-0.280000	-0.640000	0.200000	0.012000	0.006000	0.008000	29972	29936	30020	25006	25003	25004
6526	136.574703	0.000036	-0.010000	0.220000	0.530000	0.012000	0.006000	0.008000	29999	30022	30053	25006	25003	25004
6527	136.606774	0.032072	-0.010000	0.220000	0.530000	-0.020000	0.010000	0.004000	29999	30022	30053	24990	25005	25002
6528	136.606862	0.000087	-0.270000	-0.030000	0.000000	-0.020000	0.010000	0.004000	29973	29997	30000	24990	25005	25002
6529	136.639151	0.032290	-0.380000	0.040000	0.280000	-0.020000	0.010000	0.004000	29962	30004	30028	24990	25005	25002
6530	136.672230	0.033078	-0.380000	0.040000	0.280000	0.002000	-0.028000	-0.012000	29962	30004	30028	25001	24986	24994
6531	136.672314	0.000085	-0.630000	-0.490000	0.530000	0.002000	-0.028000	-0.012000	29937	29951	30053	25001	24986	24994
6532	136.706401	0.034087	-0.080000	0.210000	0.240000	0.002000	-0.028000	-0.012000	29992	30021	30024	25001	24986	24994
6533	136.741369	0.034968	-0.080000	0.210000	0.240000	-0.040000	-0.014000	-0.006000	29992	30021	30024	24980	24993	24997
6534	136.741479	0.000110	0.030000	-0.260000	-0.590000	-0.040000	-0.014000	-0.006000	30003	29974	29941	24980	24993	24997
6535	136.774812	0.033333	0.100000	0.110000	0.220000	-0.040000	-0.014000	-0.006000	30010	30011	30022	24980	24993	24997
6536	136.825762	0.050949	0.100000	0.110000	0.220000	0.000000	0.022000	-0.018000	30010	30011	30022	25000	25011	24991
6537	136.825852	0.000090	-0.200000	0.070000	-0.040000	0.000000	0.022000	-0.018000	29980	30007	29996	25000	25011	24991
6538	136.857741	0.031889	-0.330000	-0.500000	0.580000	0.000000	0.022000	-0.018000	29967	29950	30058	25000	25011	24991
6539	136.888628	0.030888	0.030000	-0.280000	-0.580000	0.000000	0.022000	-0.018000	30003	29972	29942	25000	25011	24991
6540	136.923276	0.034647	0.030000	-0.280000	-0.580000	0.022000	-0.006000	0.000000	30003	29972	29942	25011	24997	25000
6541	136.923350	0.000075	0.430000	-0.110000	0.250000	0.022000	-0.006000	0.000000	30043	29989	30025	25011	24997	25000
6542	136.955987	0.032637	0.430000	-0.110000	0.250000	0.016000	0.018000	0.008000	30043	29989	30025	25008	25009	25004
6543	136.956114	0.000127	0.190000	0.150000	-0.820000	0.016000	0.018000	0.008000	30019	30015	29918	25008	25009	25004
6544	136.989441	0.033327	0.380000	0.040000	-0.010000	0.016000	0.018000	0.008000	30038	30004	29999	25008	25009	25004
6545	137.022901	0.033460	0.110000	0.020000	-0.590000	0.016000	0.018000	0.008000	30011	30002	29941	25008	25009	25004
6546	137.055382	0.032481	0.110000	0.020000	-0.590000	0.002000	0.016000	-0.016000	30011	30002	29941	25001	25008	24992
6547	137.055531	0.000149	0.090000	0.430000	-0.030000	0.002000	0.016000	-0.016000	30009	30043	29997	25001	25008	24992
6548	137.085616	0.030085	0.090000	0.430000	-0.030000	-0.044000	0.010000	-0.004000	30009	30043	29997	24978	25005	24998
6549	137.085889	0.000273	0.450000	0.210000	0.250000	-0.044000	0.010000	-0.004000	30045	30021	30025	24978	25005	24998
6550	137.121473	0.035584	-0.050000	0.070000	-0.850000	-0.044000	0.010000	-0.004000	29995	30007	29915	24978	25005	24998
6551	137.155778	0.034305	-0.380000	-0.370000	-0.250000	-0.044000	0.010000	-0.004000	29962	29963	29975	24978	25005	24998
6552	137.189158	0.033380	-0.380000	-0.370000	-0.250000	0.040000	-0.026000	0.012000	29962	29963	29975	25020	24987	25006
6553	137.189229	0.000071	-0.380000	-0.370000	-0.250000	0.004000	-0.050000	-0.004000	29962	29963	29975	25002	24975	24998
6554	137.189249	0.000020	-0.120000	0.020000	0.780000	0.004000	-0.050000	-0.004000	29988	30002	30078	25002	24975	24998
6555	137.220397	0.031148	0.060000	0.150000	0.000000	0.004000	-0.050000	-0.004000	30006	30015	30000	25002	24975	24998
6556	137.253320	0.032923	0.060000	0.150000	0.000000	-0.010000	0.006000	0.008000	30006	30015	30000	24995	25003	25004
6557	137.253402	0.000082	-0.300000	0.040000	-0.630000	-0.010000	0.006000	0.008000	29970	30004	29937	24995	25003	25004
6558	137.286104	0.032701	-0.300000	0.040000	-0.630000	0.030000	-0.012000	-0.004000	29970	30004	29937	25015	24994	24998
6559	137.286185	0.000082	-0.150000	0.250000	-0.310000	0.030000	-0.012000	-0.004000	29985	30025	29969	25015	24994	24998
6560	137.320028	0.033842	-0.150000	0.250000	-0.310000	-0.028000	-0.008000	-0.018000	29985	30025	29969	24986	24996	24991
6561	137.320104	0.000076	0.280000	0.830000	0.000000	-0.028000	-0.008000	-0.018000	30028	30083	30000	24986	24996	24991
6562	137.350085	0.029981	-0.060000	-0.790000	0.280000	-0.028000	-0.008000	-0.018000	29994	29921	30028	24986	24996	24991
6563	137.381999	0.031914	-0.070000	0.210000	-0.290000	-0.028000	-0.008000	-0.018000	29993	30021	29971	24986	24996	24991
6564	137.415534	0.033535	-0.360000	-0.050000	-0.280000	-0.028000	-0.008000	-0.018000	29964	29995	29972	24986	24996	24991
6565	137.449931	0.034397	-0.480000	-0.120000	0.560000	-0.028000	-0.008000	-0.018000	29952	29988	30056	24986	24996	24991
6566	137.482738	0.032806	-0.480000	-0.120000	0.560000	0.018000	-0.044000	-0.006000	29952	29988	30056	25009	24978	24997
6567	137.482880	0.000143	0.060000	-0.070000	-0.550000	0.018000	-0.044000	-0.006000	30006	29993	29945	25009	24978	24997
6568	137.514242	0.031361	0.060000	-0.070000	-0.550000	0.012000	0.002000	-0.006000	30006	29993	29945	25006	25001	24997
6569	137.514313	0.000071	-0.100000	-0.500000	0.850000	0.012000	0.002000	-0.006000	29990	29950	30085	25006	25001	24997
6570	137.549100	0.034787	-0.060000	0.040000	0.500000	0.012000	0.002000	-0.006000	29994	30004	30050	25006	25001	24997
6571	137.577202	0.028102	0.150000	-0.200000	0.000000	0.012000	0.002000	-0.006000	30015	29980	30000	25006	25001	24997
6572	137.608074	0.030873	0.150000	-0.200000	0.000000	0.028000	0.014000	-0.008000	30015	29980	30000	25014	25007	24996
6573	137.608148	0.000074	0.150000	-0.200000	0.000000	-0.016000	-0.040000	0.000000	30015	29980	30000	24992	24980	25000
6574	137.608170	0.000022	0.130000	-0.170000	0.000000	-0.016000	-0.040000	0.000000	30013	29983	30000	24992	24980	25000
6575	137.642528	0.034358	-0.040000	-0.200000	0.270000	-0.016000	-0.040000	0.000000	29996	29980	30027	24992	24980	25000
6576	137.676305	0.033778	-0.240000	-0.010000	-0.570000	-0.016000	-0.040000	0.000000	29976	29999	29943	24992	24980	25000
6577	137.708754	0.032448	-0.240000	-0.010000	-0.570000	0.036000	-0.006000	-0.002000	29976	29999	29943	25018	24997	24999
6578	137.708930	0.000176	-0.420000	-0.060000	-0.020000	0.036000	-0.006000	-0.002000	29958	29994	29998	25018	24997	24999
6579	137.743673	0.034743	0.200000	0.160000	-0.610000	0.036000	-0.006000	-0.002000	30020	30016	29939	25018	24997	24999
6580	137.773854	0.030181	-0.150000	0.080000	-0.050000	0.036000	-0.006000	-0.002000	29985	30008	29995	25018	24997	24999
6581	137.801819	0.027964	-0.300000	-0.410000	-0.020000	0.036000	-0.006000	-0.002000	29970	29959	29998	25018	24997	24999
6582	137.830877	0.029058	-0.300000	-0.410000	-0.020000	0.050000	-0.016000	0.002000	29970	29959	29998	25025	24992	25001
6583	137.830959	0.000083	-0.190000	0.110000	0.520000	0.050000	-0.016000	0.002000	29981	30011	30052	25025	24992	25001
6584	137.861638	0.030679	-0.190000	0.110000	0.520000	-0.002000	0.000000	0.004000	29981	30011	30052	24999	25000	25002
6585	137.861733	0.000095	-0.170000	-0.640000	-0.550000	-0.002000	0.000000	0.004000	29983	29936	29945	24999	25000	25002
6586	137.891074	0.029342	-0.080000	-0.340000	-0.280000	-0.002000	0.000000	0.004000	29992	29966	29972	24999	25000	25002
6587	137.922850	0.031775	-0.080000	-0.340000	-0.280000	0.014000	-0.018000	-0.002000	29992	29966	29972	25007	24991	24999
6588	137.922937	0.000087	0.000000	-0.010000	-0.040000	0.014000	-0.018000	-0.002000	30000	29999	29996	25007	24991	24999
6589	137.958194	0.035257	0.000000	-0.010000	-0.040000	0.000000	-0.008000	-0.008000	30000	29999	29996	25000	24996	24996
6590	137.958261	0.000066	0.000000	-0.010000	-0.040000	0.048000	-0.036000	-0.004000	30000	29999	29996	25024	24982	24998
6591	137.958278	0.000017	0.310000	-0.270000	-0.050000	0.048000	-0.036000	-0.004000	30031	29973	29995	25024	24982	24998
6592	137.987402	0.029124	0.310000	-0.270000	-0.050000	0.016000	0.014000	0.000000	30031	29973	29995	25008	25007	25000
6593	137.987513	0.000112	0.090000	-0.220000	0.250000	0.016000	0.014000	0.000000	30009	29978	30025	25008	25007	25000
6594	138.018841	0.031327	0.090000	-0.220000	0.250000	0.004000	0.006000	0.000000	30009	29978	30025	25002	25003	25000
6595	138.018929	0.000088	-0.310000	-0.190000	0.260000	0.004000	0.006000	0.000000	29969	29981	30026	25002	25003	25000
6596	138.051435	0.032506	-0.400000	-0.140000	-0.320000	0.004000	0.006000	0.000000	29960	29986	29968	25002	25003	25000
6597	138.087007	0.035572	0.210000	-0.380000	0.210000	0.004000	0.006000	0.000000	30021	29962	30021	25002	25003	25000
6598	138.120606	0.033599	0.210000	-0.380000	0.210000	0.018000	0.006000	0.000000	30021	29962	30021	25009	25003	25000
6599	138.120697	0.000092	0.210000	-0.380000	0.210000	0.006000	-0.022000	-0.010000	30021	29962	30021	25003	24989	24995
6600	138.120720	0.000023	-0.100000	-0.010000	-0.060000	0.006000	-0.022000	-0.010000	29990	29999	29994	25003	24989	24995
6601	138.162560	0.041840	0.120000	-0.200000	0.560000	0.006000	-0.022000	-0.010000	30012	29980	30056	25003	24989	24995
6602	138.191644	0.029083	0.120000	-0.200000	0.560000	0.026000	0.010000	-0.002000	30012	29980	30056	25013	25005	24999
6603	138.191721	0.000078	0.310000	0.070000	0.520000	0.026000	0.010000	-0.002000	30031	30007	30052	25013	25005	24999
6604	138.224131	0.032410	-0.650000	-0.640000	0.840000	0.026000	0.010000	-0.002000	29935	29936	30084	25013	25005	24999
6605	138.253639	0.029508	0.320000	0.310000	-0.080000	0.026000	0.010000	-0.002000	30032	30031	29992	25013	25005	24999
6606	138.287250	0.033611	0.320000	0.310000	-0.080000	-0.034000	0.030000	-0.004000	30032	30031	29992	24983	25015	24998
6607	138.287327	0.000077	0.320000	0.310000	-0.080000	0.064000	0.020000	-0.006000	30032	30031	29992	25032	25010	24997
6608	138.287351	0.000024	-0.150000	0.130000	0.560000	0.064000	0.020000	-0.006000	29985	30013	30056	25032	25010	24997
6609	138.321355	0.034004	0.020000	-0.010000	0.530000	0.064000	0.020000	-0.006000	30002	29999	30053	25032	25010	24997
6610	138.356571	0.035216	0.020000	-0.010000	0.530000	-0.014000	0.002000	-0.008000	30002	29999	30053	24993	25001	24996
6611	138.356648	0.000078	-0.730000	-0.160000	0.010000	-0.014000	0.002000	-0.008000	29927	29984	30001	24993	25001	24996
6612	138.383587	0.026938	-0.730000	-0.160000	0.010000	0.018000	-0.052000	-0.002000	29927	29984	30001	25009	24974	24999
6613	138.383686	0.000099	0.100000	0.070000	0.240000	0.018000	-0.052000	-0.002000	30010	30007	30024	25009	24974	24999
6614	138.423986	0.040300	0.100000	0.070000	0.240000	-0.004000	0.018000	-0.006000	30010	30007	30024	24998	25009	24997
6615	138.424055	0.000069	0.180000	0.590000	0.300000	-0.004000	0.018000	-0.006000	30018	30059	30030	24998	25009	24997
6616	138.455710	0.031655	0.580000	-0.090000	-0.030000	-0.004000	0.018000	-0.006000	30058	29991	29997	24998	25009	24997
6617	138.488956	0.033246	0.580000	-0.090000	-0.030000	-0.004000	0.034000	-0.004000	30058	29991	29997	24998	25017	24998
6618	138.489028	0.000071	-0.730000	-0.730000	0.230000	-0.004000	0.034000	-0.004000	29927	29927	30023	24998	25017	24998
6619	138.528023	0.038995	-0.070000	-0.330000	-0.040000	-0.004000	0.034000	-0.004000	29993	29967	29996	24998	25017	24998
6620	138.565788	0.037765	0.070000	-0.130000	0.220000	-0.004000	0.034000	-0.004000	30007	29987	30022	24998	25017	24998
6621	138.596531	0.030743	0.070000	-0.130000	0.220000	-0.016000	-0.008000	0.006000	30007	29987	30022	24992	24996	25003
6622	138.596609	0.000077	0.000000	0.430000	0.530000	-0.016000	-0.008000	0.006000	30000	30043	30053	24992	24996	25003
6623	138.627877	0.031268	-0.090000	0.150000	-0.040000	-0.016000	-0.008000	0.006000	29991	30015	29996	24992	24996	25003
6624	138.657341	0.029464	0.010000	-0.430000	0.560000	-0.016000	-0.008000	0.006000	30001	29957	30056	24992	24996	25003
6625	138.686097	0.028756	0.010000	-0.430000	0.560000	0.036000	-0.008000	-0.002000	30001	29957	30056	25018	24996	24999
6626	138.686175	0.000078	-0.120000	-0.410000	-0.070000	0.036000	-0.008000	-0.002000	29988	29959	29993	25018	24996	24999
6627	138.716874	0.030699	-0.120000	-0.410000	-0.070000	0.038000	-0.006000	-0.008000	29988	29959	29993	25019	24997	24996
6628	138.716986	0.000112	-0.120000	-0.410000	-0.070000	0.010000	0.016000	-0.010000	29988	29959	29993	25005	25008	24995
6629	138.717032	0.000047	-0.070000	0.260000	-0.020000	0.010000	0.016000	-0.010000	29993	30026	29998	25005	25008	24995
6630	138.747256	0.030224	-0.100000	-0.070000	0.510000	0.010000	0.016000	-0.010000	29990	29993	30051	25005	25008	24995
6631	138.775896	0.028640	-0.100000	-0.070000	0.510000	0.000000	-0.002000	-0.010000	29990	29993	30051	25000	24999	24995
6632	138.775978	0.000082	-0.100000	-0.070000	0.510000	0.000000	-0.002000	-0.010000	29990	29993	30051	25000	24999	24995
6633	138.805065	0.029086	-0.660000	-0.270000	0.020000	0.000000	-0.002000	-0.010000	29934	29973	30002	25000	24999	24995
6634	138.846309	0.041245	0.470000	0.040000	-0.290000	0.000000	-0.002000	-0.010000	30047	30004	29971	25000	24999	24995
6635	138.878460	0.032151	0.040000	-0.240000	0.280000	0.000000	-0.002000	-0.010000	30004	29976	30028	25000	24999	24995
6636	138.906020	0.027560	-0.050000	-0.130000	-0.030000	0.000000	-0.002000	-0.010000	29995	29987	29997	25000	24999	24995
6637	138.936267	0.030247	-0.050000	-0.130000	-0.030000	0.038000	-0.002000	-0.004000	29995	29987	29997	25019	24999	24998
6638	138.936383	0.000116	0.200000	-0.120000	0.510000	0.038000	-0.002000	-0.004000	30020	29988	30051	25019	24999	24998
6639	138.971702	0.035319	-0.630000	-0.590000	-0.810000	0.038000	-0.002000	-0.004000	29937	29941	29919	25019	24999	24998
6640	139.002348	0.030647	0.310000	0.070000	-0.890000	0.038000	-0.002000	-0.004000	30031	30007	29911	25019	24999	24998
6641	139.035270	0.032922	-0.110000	0.080000	-0.030000	0.038000	-0.002000	-0.004000	29989	30008	29997	25019	24999	24998
6642	139.067591	0.032321	-0.790000	-0.200000	-0.500000	0.038000	-0.002000	-0.004000	29921	29980	29950	25019	24999	24998
6643	139.103314	0.035723	-0.120000	-0.510000	-0.560000	0.038000	-0.002000	-0.004000	29988	29949	29944	25019	24999	24998
6644	139.139599	0.036284	0.470000	-0.070000	0.220000	0.038000	-0.002000	-0.004000	30047	29993	30022	25019	24999	24998
6645	139.167280	0.027682	-0.090000	-0.570000	0.540000	0.038000	-0.002000	-0.004000	29991	29943	30054	25019	24999	24998
6646	139.200519	0.033239	-0.090000	-0.570000	0.540000	0.040000	-0.020000	-0.004000	29991	29943	30054	25020	24990	24998
6647	139.200644	0.000124	0.160000	-0.130000	0.540000	0.040000	-0.020000	-0.004000	30016	29987	30054	25020	24990	24998
6648	139.235151	0.034507	0.320000	0.220000	0.830000	0.040000	-0.020000	-0.004000	30032	30022	30083	25020	24990	24998
6649	139.273231	0.038080	-0.190000	0.010000	0.540000	0.040000	-0.020000	-0.004000	29981	30001	30054	25020	24990	24998
6650	139.305393	0.032162	-0.170000	0.050000	1.390000	0.040000	-0.020000	-0.004000	29983	30005	30139	25020	24990	24998
6651	139.333314	0.027921	-0.180000	0.280000	-1.130000	0.040000	-0.020000	-0.004000	29982	30028	29887	25020	24990	24998
6652	139.365226	0.031912	0.190000	0.270000	-0.590000	0.040000	-0.020000	-0.004000	30019	30027	29941	25020	24990	24998
6653	139.399429	0.034203	0.190000	0.270000	-0.590000	-0.026000	0.014000	-0.012000	30019	30027	29941	24987	25007	24994
6654	139.399504	0.000076	-0.600000	-0.090000	0.240000	-0.026000	0.014000	-0.012000	29940	29991	30024	24987	25007	24994
6655	139.430929	0.031425	-0.600000	-0.090000	0.240000	0.034000	-0.022000	0.000000	29940	29991	30024	25017	24989	25000
6656	139.431039	0.000109	-0.440000	-0.280000	-0.300000	0.034000	-0.022000	0.000000	29956	29972	29970	25017	24989	25000
6657	139.461605	0.030566	-0.440000	-0.280000	-0.300000	0.032000	-0.042000	-0.006000	29956	29972	29970	25016	24979	24997
6658	139.461658	0.000053	-0.440000	-0.280000	-0.300000	0.008000	0.032000	0.002000	29956	29972	29970	25004	25016	25001
6659	139.461672	0.000015	-0.410000	-0.220000	0.280000	0.008000	0.032000	0.002000	29959	29978	30028	25004	25016	25001
6660	139.488896	0.027224	-0.290000	0.040000	-0.550000	0.008000	0.032000	0.002000	29971	30004	29945	25004	25016	25001
6661	139.518331	0.029435	-0.290000	0.040000	-0.550000	0.006000	-0.026000	0.004000	29971	30004	29945	25003	24987	25002
6662	139.518410	0.000079	0.290000	0.230000	-0.020000	0.006000	-0.026000	0.004000	30029	30023	29998	25003	24987	25002
6663	139.549900	0.031490	0.590000	0.080000	0.240000	0.006000	-0.026000	0.004000	30059	30008	30024	25003	24987	25002
6664	139.580398	0.030498	0.100000	-0.200000	-0.300000	0.006000	-0.026000	0.004000	30010	29980	29970	25003	24987	25002
6665	139.609214	0.028815	-0.110000	0.020000	-0.310000	0.006000	-0.026000	0.004000	29989	30002	29969	25003	24987	25002
6666	139.639947	0.030733	-0.020000	-0.370000	-0.020000	0.006000	-0.026000	0.004000	29998	29963	29998	25003	24987	25002
6667	139.666811	0.026864	-0.020000	-0.370000	-0.020000	0.004000	-0.026000	0.000000	29998	29963	29998	25002	24987	25000
6668	139.666879	0.000068	0.250000	0.610000	-0.020000	0.004000	-0.026000	0.000000	30025	30061	29998	25002	24987	25000
6669	139.698552	0.031673	0.300000	-0.290000	0.250000	0.004000	-0.026000	0.000000	30030	29971	30025	25002	24987	25000
6670	139.730852	0.032301	0.300000	-0.290000	0.250000	0.012000	0.010000	-0.008000	30030	29971	30025	25006	25005	24996
6671	139.730973	0.000120	0.340000	-0.490000	-0.020000	0.012000	0.010000	-0.008000	30034	29951	29998	25006	25005	24996
6672	139.764407	0.033434	0.070000	-0.420000	-0.050000	0.012000	0.010000	-0.008000	30007	29958	29995	25006	25005	24996
6673	139.799130	0.034723	0.070000	-0.420000	-0.050000	0.012000	-0.010000	-0.010000	30007	29958	29995	25006	24995	24995
6674	139.799201	0.000070	-0.330000	0.100000	-0.810000	0.012000	-0.010000	-0.010000	29967	30010	29919	25006	24995	24995
6675	139.825179	0.025979	-0.510000	-0.130000	-0.080000	0.012000	-0.010000	-0.010000	29949	29987	29992	25006	24995	24995
6676	139.857034	0.031855	-0.250000	-0.350000	-0.890000	0.012000	-0.010000	-0.010000	29975	29965	29911	25006	24995	24995
6677	139.889129	0.032094	-0.250000	-0.350000	-0.890000	0.044000	-0.022000	-0.008000	29975	29965	29911	25022	24989	24996
6678	139.889218	0.000089	-0.150000	-0.390000	0.480000	0.044000	-0.022000	-0.008000	29985	29961	30048	25022	24989	24996
6679	139.918442	0.029225	-0.080000	-0.460000	-0.570000	0.044000	-0.022000	-0.008000	29992	29954	29943	25022	24989	24996
6680	139.949212	0.030770	-0.260000	0.160000	0.530000	0.044000	-0.022000	-0.008000	29974	30016	30053	25022	24989	24996
6681	139.981032	0.031819	0.020000	-0.490000	-0.260000	0.044000	-0.022000	-0.008000	30002	29951	29974	25022	24989	24996
6682	140.016871	0.035839	-0.630000	-0.620000	0.550000	0.044000	-0.022000	-0.008000	29937	29938	30055	25022	24989	24996
6683	140.052345	0.035474	0.240000	0.430000	-0.050000	0.044000	-0.022000	-0.008000	30024	30043	29995	25022	24989	24996
6684	140.097541	0.045196	0.240000	0.430000	-0.050000	0.022000	-0.022000	-0.006000	30024	30043	29995	25011	24989	24997
6685	140.097676	0.000135	-0.130000	0.230000	0.820000	0.022000	-0.022000	-0.006000	29987	30023	30082	25011	24989	24997
6686	140.126380	0.028704	0.120000	0.030000	0.560000	0.022000	-0.022000	-0.006000	30012	30003	30056	25011	24989	24997
6687	140.154175	0.027796	0.000000	-0.600000	-0.070000	0.022000	-0.022000	-0.006000	30000	29940	29993	25011	24989	24997
6688	140.182368	0.028192	-0.210000	0.100000	-0.560000	0.022000	-0.022000	-0.006000	29979	30010	29944	25011	24989	24997
6689	140.223133	0.040765	-0.210000	0.100000	-0.560000	0.000000	-0.012000	0.010000	29979	30010	29944	25000	24994	25005
6690	140.223281	0.000149	-0.350000	-0.450000	0.260000	0.000000	-0.012000	0.010000	29965	29955	30026	25000	24994	25005
6691	140.259198	0.035917	0.410000	0.360000	0.540000	0.000000	-0.012000	0.010000	30041	30036	30054	25000	24994	25005
6692	140.289049	0.029851	0.410000	0.360000	0.540000	-0.044000	0.024000	0.006000	30041	30036	30054	24978	25012	25003
6693	140.289136	0.000086	-0.500000	-0.690000	-0.310000	-0.044000	0.024000	0.006000	29950	29931	29969	24978	25012	25003
6694	140.319390	0.030254	-0.500000	-0.690000	-0.310000	0.058000	-0.038000	0.002000	29950	29931	29969	25029	24981	25001
6695	140.319466	0.000076	-0.550000	-0.740000	-0.310000	0.058000	-0.038000	0.002000	29945	29926	29969	25029	24981	25001
6696	140.349051	0.029585	-0.260000	-0.010000	0.260000	0.058000	-0.038000	0.002000	29974	29999	30026	25029	24981	25001
6697	140.380811	0.031760	-0.260000	-0.010000	0.260000	-0.004000	-0.022000	-0.012000	29974	29999	30026	24998	24989	24994
6698	140.380891	0.000080	0.470000	-0.400000	-0.300000	-0.004000	-0.022000	-0.012000	30047	29960	29970	24998	24989	24994
6699	140.411881	0.030990	0.470000	-0.400000	-0.300000	0.054000	0.030000	-0.010000	30047	29960	29970	25027	25015	24995
6700	140.411942	0.000060	-0.040000	-0.160000	-0.860000	0.054000	0.030000	-0.010000	29996	29984	29914	25027	25015	24995
6701	140.441622	0.029681	-0.040000	-0.160000	-0.860000	0.006000	-0.040000	0.000000	29996	29984	29914	25003	24980	25000
6702	140.441704	0.000082	0.080000	-0.450000	0.280000	0.006000	-0.040000	0.000000	30008	29955	30028	25003	24980	25000
6703	140.474297	0.032593	0.200000	0.430000	0.210000	0.006000	-0.040000	0.000000	30020	30043	30021	25003	24980	25000
6704	140.505967	0.031670	-0.350000	-0.350000	-0.310000	0.006000	-0.040000	0.000000	29965	29965	29969	25003	24980	25000
6705	140.536268	0.030301	-0.350000	-0.350000	-0.310000	0.016000	-0.026000	0.004000	29965	29965	29969	25008	24987	25002
6706	140.536358	0.000090	-0.350000	-0.350000	-0.310000	0.058000	-0.006000	0.006000	29965	29965	29969	25029	24997	25003
6707	140.536373	0.000015	0.350000	-0.310000	-0.050000	0.058000	-0.006000	0.006000	30035	29969	29995	25029	24997	25003
6708	140.563276	0.026903	0.350000	-0.310000	-0.050000	0.020000	-0.008000	-0.006000	30035	29969	29995	25010	24996	24997
6709	140.563339	0.000063	0.500000	-0.050000	0.810000	0.020000	-0.008000	-0.006000	30050	29995	30081	25010	24996	24997
6710	140.593447	0.030108	-0.220000	0.280000	-0.820000	0.020000	-0.008000	-0.006000	29978	30028	29918	25010	24996	24997
6711	140.624960	0.031513	-0.220000	0.280000	-0.820000	-0.022000	-0.012000	-0.004000	29978	30028	29918	24989	24994	24998
6712	140.625044	0.000084	0.070000	-0.330000	0.280000	-0.022000	-0.012000	-0.004000	30007	29967	30028	24989	24994	24998
6713	140.657996	0.032952	0.030000	-0.390000	0.280000	-0.022000	-0.012000	-0.004000	30003	29961	30028	24989	24994	24998
6714	140.691850	0.033854	0.270000	-0.100000	0.270000	-0.022000	-0.012000	-0.004000	30027	29990	30027	24989	24994	24998
6715	140.724811	0.032961	-0.340000	-0.110000	-0.070000	-0.022000	-0.012000	-0.004000	29966	29989	29993	24989	24994	24998
6716	140.756688	0.031877	-0.460000	-0.570000	-0.040000	-0.022000	-0.012000	-0.004000	29954	29943	29996	24989	24994	24998
6717	140.791343	0.034655	-0.050000	-0.250000	0.240000	-0.022000	-0.012000	-0.004000	29995	29975	30024	24989	24994	24998
6718	140.819740	0.028397	-0.050000	-0.250000	0.240000	0.022000	-0.004000	-0.020000	29995	29975	30024	25011	24998	24990
6719	140.819832	0.000092	0.050000	0.170000	0.230000	0.022000	-0.004000	-0.020000	30005	30017	30023	25011	24998	24990
6720	140.851062	0.031230	0.240000	1.080000	-0.350000	0.022000	-0.004000	-0.020000	30024	30108	29965	25011	24998	24990
6721	140.883813	0.032750	0.360000	-0.020000	-0.050000	0.022000	-0.004000	-0.020000	30036	29998	29995	25011	24998	24990
6722	140.923495	0.039683	0.360000	-0.020000	-0.050000	-0.010000	0.020000	-0.010000	30036	29998	29995	24995	25010	24995
6723	140.923565	0.000070	-0.460000	-0.440000	0.290000	-0.010000	0.020000	-0.010000	29954	29956	30029	24995	25010	24995
6724	140.956884	0.033318	-0.460000	-0.440000	0.290000	0.040000	-0.046000	0.000000	29954	29956	30029	25020	24977	25000
6725	140.956963	0.000080	-0.190000	-0.370000	-0.550000	0.040000	-0.046000	0.000000	29981	29963	29945	25020	24977	25000
6726	140.987581	0.030617	-0.400000	-0.980000	1.120000	0.040000	-0.046000	0.000000	29960	29902	30112	25020	24977	25000
6727	141.022539	0.034958	-0.570000	-0.550000	-0.310000	0.040000	-0.046000	0.000000	29943	29945	29969	25020	24977	25000
6728	141.055952	0.033413	-0.260000	-0.640000	0.240000	0.040000	-0.046000	0.000000	29974	29936	30024	25020	24977	25000
6729	141.087347	0.031395	0.000000	0.150000	0.250000	0.040000	-0.046000	0.000000	30000	30015	30025	25020	24977	25000
6730	141.119728	0.032381	0.160000	0.000000	0.520000	0.040000	-0.046000	0.000000	30016	30000	30052	25020	24977	25000
6731	141.150186	0.030458	0.160000	0.000000	0.520000	0.004000	0.018000	0.004000	30016	30000	30052	25002	25009	25002
6732	141.150275	0.000089	-0.070000	-0.510000	-0.590000	0.004000	0.018000	0.004000	29993	29949	29941	25002	25009	25002
6733	141.178789	0.028514	-0.070000	-0.510000	-0.590000	0.042000	-0.016000	0.000000	29993	29949	29941	25021	24992	25000
6734	141.178908	0.000119	-0.330000	-0.990000	-0.020000	0.042000	-0.016000	0.000000	29967	29901	29998	25021	24992	25000
6735	141.208476	0.029568	-0.150000	-0.430000	0.220000	0.042000	-0.016000	0.000000	29985	29957	30022	25021	24992	25000
6736	141.242631	0.034155	-0.150000	-0.430000	0.220000	0.018000	-0.028000	-0.002000	29985	29957	30022	25009	24986	24999
6737	141.242717	0.000086	-0.420000	-0.430000	-0.050000	0.018000	-0.028000	-0.002000	29958	29957	29995	25009	24986	24999
6738	141.274866	0.032149	-0.420000	-0.430000	-0.050000	0.050000	-0.022000	-0.006000	29958	29957	29995	25025	24989	24997
6739	141.274983	0.000117	-0.460000	-0.490000	-0.040000	0.050000	-0.022000	-0.006000	29954	29951	29996	25025	24989	24997
6740	141.308909	0.033926	0.110000	0.340000	-0.350000	0.050000	-0.022000	-0.006000	30011	30034	29965	25025	24989	24997
6741	141.341648	0.032740	0.110000	0.340000	-0.350000	-0.026000	0.014000	-0.016000	30011	30034	29965	24987	25007	24992
6742	141.341742	0.000094	0.110000	0.340000	-0.350000	0.006000	-0.014000	-0.004000	30011	30034	29965	25003	24993	24998
6743	141.341759	0.000017	-0.230000	-0.010000	-0.300000	0.006000	-0.014000	-0.004000	29977	29999	29970	25003	24993	24998
6744	141.372247	0.030488	-0.190000	-0.120000	0.250000	0.006000	-0.014000	-0.004000	29981	29988	30025	25003	24993	24998
6745	141.402139	0.029892	-0.350000	-0.590000	0.240000	0.006000	-0.014000	-0.004000	29965	29941	30024	25003	24993	24998
6746	141.436945	0.034806	-0.350000	-0.590000	0.240000	0.060000	-0.036000	0.008000	29965	29941	30024	25030	24982	25004
6747	141.437020	0.000075	0.190000	0.270000	0.540000	0.060000	-0.036000	0.008000	30019	30027	30054	25030	24982	25004
6748	141.467492	0.030472	-0.010000	-0.460000	0.560000	0.060000	-0.036000	0.008000	29999	29954	30056	25030	24982	25004
6749	141.500227	0.032735	-0.010000	-0.460000	0.560000	0.044000	0.000000	-0.002000	29999	29954	30056	25022	25000	24999
6750	141.500301	0.000074	0.190000	-0.180000	0.230000	0.044000	0.000000	-0.002000	30019	29982	30023	25022	25000	24999
6751	141.531174	0.030873	0.190000	-0.180000	0.230000	0.010000	0.012000	-0.004000	30019	29982	30023	25005	25006	24998
6752	141.531307	0.000134	0.190000	-0.180000	0.230000	0.046000	-0.016000	0.006000	30019	29982	30023	25023	24992	25003
6753	141.531331	0.000023	0.120000	0.110000	-0.300000	0.046000	-0.016000	0.006000	30012	30011	29970	25023	24992	25003
6754	141.561624	0.030293	0.120000	0.110000	-0.300000	0.006000	0.020000	0.004000	30012	30011	29970	25003	25010	25002
6755	141.561686	0.000063	0.000000	-0.040000	0.240000	0.006000	0.020000	0.004000	30000	29996	30024	25003	25010	25002
6756	141.589644	0.027957	0.000000	-0.040000	0.240000	-0.014000	-0.018000	-0.004000	30000	29996	30024	24993	24991	24998
6757	141.589714	0.000071	0.000000	-0.040000	0.240000	-0.016000	0.020000	-0.010000	30000	29996	30024	24992	25010	24995
6758	141.589735	0.000020	0.080000	-0.440000	-0.040000	-0.016000	0.020000	-0.010000	30008	29956	29996	24992	25010	24995
6759	141.620249	0.030514	-0.430000	-0.910000	0.280000	-0.016000	0.020000	-0.010000	29957	29909	30028	24992	25010	24995
6760	141.649598	0.029349	-0.310000	-0.110000	0.290000	-0.016000	0.020000	-0.010000	29969	29989	30029	24992	25010	24995
6761	141.680851	0.031253	-0.310000	-0.110000	0.290000	0.030000	-0.022000	0.008000	29969	29989	30029	25015	24989	25004
6762	141.680929	0.000078	0.060000	0.030000	0.260000	0.030000	-0.022000	0.008000	30006	30003	30026	25015	24989	25004
6763	141.707520	0.026590	0.060000	0.030000	0.260000	0.010000	0.016000	0.008000	30006	30003	30026	25005	25008	25004
6764	141.707587	0.000068	-0.060000	-0.440000	-0.800000	0.010000	0.016000	0.008000	29994	29956	29920	25005	25008	25004
6765	141.738721	0.031134	-0.060000	-0.440000	-0.800000	0.050000	-0.028000	0.010000	29994	29956	29920	25025	24986	25005
6766	141.738795	0.000074	0.050000	-0.740000	0.520000	0.050000	-0.028000	0.010000	30005	29926	30052	25025	24986	25005
6767	141.768714	0.029919	0.050000	-0.740000	0.520000	0.042000	-0.014000	-0.014000	30005	29926	30052	25021	24993	24993
6768	141.768814	0.000099	0.160000	-0.130000	0.500000	0.042000	-0.014000	-0.014000	30016	29987	30050	25021	24993	24993
6769	141.802360	0.033547	0.160000	-0.130000	0.500000	0.008000	0.018000	-0.006000	30016	29987	30050	25004	25009	24997
6770	141.802446	0.000086	0.010000	-0.210000	-0.010000	0.008000	0.018000	-0.006000	30001	29979	29999	25004	25009	24997
6771	141.831650	0.029203	0.010000	-0.210000	-0.010000	0.014000	-0.006000	0.000000	30001	29979	29999	25007	24997	25000
6772	141.831724	0.000074	-0.630000	-0.570000	-0.030000	0.014000	-0.006000	0.000000	29937	29943	29997	25007	24997	25000
6773	141.863395	0.031671	-0.630000	-0.570000	-0.030000	0.014000	-0.006000	0.000000	29937	29943	29997	25007	24997	25000
6774	141.893939	0.030544	-0.610000	-1.060000	-0.010000	0.014000	-0.006000	0.000000	29939	29894	29999	25007	24997	25000
6775	141.926909	0.032970	-0.610000	-1.060000	-0.010000	0.090000	-0.056000	0.012000	29939	29894	29999	25045	24972	25006
6776	141.926984	0.000075	0.230000	0.160000	-0.040000	0.090000	-0.056000	0.012000	30023	30016	29996	25045	24972	25006
6777	141.962915	0.035931	0.230000	0.160000	-0.040000	-0.020000	0.026000	0.016000	30023	30016	29996	24990	25013	25008
6778	141.963012	0.000097	0.000000	-0.100000	-0.830000	-0.020000	0.026000	0.016000	30000	29990	29917	24990	25013	25008
6779	141.991932	0.028920	0.000000	-0.100000	-0.830000	0.030000	0.008000	-0.008000	30000	29990	29917	25015	25004	24996
6780	141.992009	0.000076	0.060000	0.020000	-0.260000	0.030000	0.008000	-0.008000	30006	30002	29974	25015	25004	24996
6781	142.024918	0.032909	0.060000	0.020000	-0.260000	0.004000	-0.004000	0.008000	30006	30002	29974	25002	24998	25004
6782	142.024996	0.000078	-0.230000	-0.650000	0.550000	0.004000	-0.004000	0.008000	29977	29935	30055	25002	24998	25004
6783	142.059485	0.034490	-0.230000	-0.650000	0.550000	0.062000	-0.026000	-0.006000	29977	29935	30055	25031	24987	24997
6784	142.059582	0.000096	-0.200000	-0.160000	-0.230000	0.062000	-0.026000	-0.006000	29980	29984	29977	25031	24987	24997
6785	142.094203	0.034621	-0.200000	-0.160000	-0.230000	0.020000	-0.026000	0.000000	29980	29984	29977	25010	24987	25000
6786	142.094351	0.000148	-0.200000	-0.160000	-0.230000	-0.020000	-0.038000	-0.004000	29980	29984	29977	24990	24981	24998
6787	142.094402	0.000051	-0.270000	-0.310000	-0.030000	-0.020000	-0.038000	-0.004000	29973	29969	29997	24990	24981	24998
6788	142.125712	0.031310	-0.390000	-0.450000	1.120000	-0.020000	-0.038000	-0.004000	29961	29955	30112	24990	24981	24998
6789	142.158193	0.032482	-0.390000	-0.450000	1.120000	0.060000	-0.028000	0.014000	29961	29955	30112	25030	24986	25007
6790	142.158283	0.000089	0.100000	-0.160000	-0.030000	0.060000	-0.028000	0.014000	30010	29984	29997	25030	24986	25007
6791	142.188455	0.030173	0.100000	-0.160000	-0.030000	0.000000	0.000000	-0.006000	30010	29984	29997	25000	25000	24997
6792	142.188522	0.000067	-0.080000	0.110000	-0.870000	0.000000	0.000000	-0.006000	29992	30011	29913	25000	25000	24997
6793	142.218297	0.029775	-0.080000	0.110000	-0.870000	-0.008000	0.006000	-0.006000	29992	30011	29913	24996	25003	24997
6794	142.218374	0.000077	0.000000	0.000000	-0.040000	-0.008000	0.006000	-0.006000	30000	30000	29996	24996	25003	24997
6795	142.252815	0.034442	0.000000	0.000000	-0.040000	0.008000	0.000000	-0.006000	30000	30000	29996	25004	25000	24997
6796	142.253080	0.000264	-0.110000	-0.250000	0.190000	0.008000	0.000000	-0.006000	29989	29975	30019	25004	25000	24997
6797	142.284661	0.031582	-0.110000	-0.250000	0.190000	-0.006000	-0.016000	-0.010000	29989	29975	30019	24997	24992	24995
6798	142.284740	0.000078	-0.110000	-0.250000	0.190000	0.058000	-0.004000	-0.006000	29989	29975	30019	25029	24998	24997
6799	142.284765	0.000025	-0.220000	-0.580000	0.240000	0.058000	-0.004000	-0.006000	29978	29942	30024	25029	24998	24997
6800	142.319765	0.035000	0.030000	-0.260000	0.210000	0.058000	-0.004000	-0.006000	30003	29974	30021	25029	24998	24997
6801	142.352167	0.032403	0.030000	-0.260000	0.210000	0.016000	-0.002000	-0.010000	30003	29974	30021	25008	24999	24995
6802	142.352245	0.000078	0.010000	-0.610000	0.540000	0.016000	-0.002000	-0.010000	30001	29939	30054	25008	24999	24995
6803	142.384731	0.032486	0.010000	-0.610000	0.540000	0.056000	-0.002000	-0.010000	30001	29939	30054	25028	24999	24995
6804	142.384815	0.000084	-0.060000	-0.310000	-0.050000	0.056000	-0.002000	-0.010000	29994	29969	29995	25028	24999	24995
6805	142.413401	0.028586	0.160000	0.190000	0.500000	0.056000	-0.002000	-0.010000	30016	30019	30050	25028	24999	24995
6806	142.443243	0.029842	0.160000	0.190000	0.500000	-0.038000	0.004000	0.004000	30016	30019	30050	24981	25002	25002
6807	142.443317	0.000075	-0.350000	-0.390000	-0.080000	-0.038000	0.004000	0.004000	29965	29961	29992	24981	25002	25002
6808	142.476455	0.033138	0.050000	0.270000	0.510000	-0.038000	0.004000	0.004000	30005	30027	30051	24981	25002	25002
6809	142.513589	0.037134	0.050000	0.270000	0.510000	-0.026000	0.008000	-0.008000	30005	30027	30051	24987	25004	24996
6810	142.513688	0.000100	-0.080000	-0.100000	0.590000	-0.026000	0.008000	-0.008000	29992	29990	30059	24987	25004	24996
6811	142.541902	0.028214	0.060000	-0.550000	-0.570000	-0.026000	0.008000	-0.008000	30006	29945	29943	24987	25004	24996
6812	142.576454	0.034551	0.060000	-0.550000	-0.570000	0.044000	0.004000	-0.004000	30006	29945	29943	25022	25002	24998
6813	142.576518	0.000065	-0.600000	-0.760000	-0.040000	0.044000	0.004000	-0.004000	29940	29924	29996	25022	25002	24998
6814	142.607408	0.030889	-0.600000	-0.760000	-0.040000	0.016000	-0.070000	0.002000	29940	29924	29996	25008	24965	25001
6815	142.607495	0.000087	-0.780000	-0.020000	0.030000	0.016000	-0.070000	0.002000	29922	29998	30003	25008	24965	25001
6816	142.639920	0.032425	-0.780000	-0.020000	0.030000	0.008000	0.000000	0.000000	29922	29998	30003	25004	25000	25000
6817	142.640001	0.000081	-0.690000	-0.170000	-0.600000	0.008000	0.000000	0.000000	29931	29983	29940	25004	25000	25000
6818	142.666908	0.026907	-0.510000	-0.650000	-0.290000	0.008000	0.000000	0.000000	29949	29935	29971	25004	25000	25000
6819	142.699795	0.032887	-0.510000	-0.650000	-0.290000	0.056000	-0.042000	0.006000	29949	29935	29971	25028	24979	25003
6820	142.699889	0.000094	-0.220000	0.000000	-0.330000	0.056000	-0.042000	0.006000	29978	30000	29967	25028	24979	25003
6821	142.728011	0.028122	-0.220000	0.000000	-0.330000	0.000000	-0.010000	-0.008000	29978	30000	29967	25000	24995	24996
6822	142.728081	0.000070	0.000000	0.270000	0.000000	0.000000	-0.010000	-0.008000	30000	30027	30000	25000	24995	24996
6823	142.759628	0.031547	-0.080000	0.480000	0.240000	0.000000	-0.010000	-0.008000	29992	30048	30024	25000	24995	24996
6824	142.788368	0.028740	0.080000	-0.060000	0.260000	0.000000	-0.010000	-0.008000	30008	29994	30026	25000	24995	24996
6825	142.817730	0.029362	0.080000	-0.060000	0.260000	-0.008000	-0.006000	-0.006000	30008	29994	30026	24996	24997	24997
6826	142.817802	0.000071	0.020000	-0.060000	-0.280000	-0.008000	-0.006000	-0.006000	30002	29994	29972	24996	24997	24997
6827	142.848703	0.030901	0.010000	0.050000	-0.300000	-0.008000	-0.006000	-0.006000	30001	30005	29970	24996	24997	24997
6828	142.884230	0.035527	-0.370000	-0.280000	-0.850000	-0.008000	-0.006000	-0.006000	29963	29972	29915	24996	24997	24997
6829	142.917806	0.033576	-0.370000	-0.280000	-0.850000	0.026000	-0.006000	-0.002000	29963	29972	29915	25013	24997	24999
6830	142.917988	0.000181	-0.200000	-0.210000	0.220000	0.026000	-0.006000	-0.002000	29980	29979	30022	25013	24997	24999
6831	142.944508	0.026521	-0.200000	-0.210000	0.220000	0.002000	-0.030000	-0.012000	29980	29979	30022	25001	24985	24994
6832	142.944601	0.000092	-0.220000	-0.190000	-0.060000	0.002000	-0.030000	-0.012000	29978	29981	29994	25001	24985	24994
6833	142.974403	0.029803	0.310000	-0.020000	0.560000	0.002000	-0.030000	-0.012000	30031	29998	30056	25001	24985	24994
6834	143.010002	0.035598	-0.150000	-0.270000	0.230000	0.002000	-0.030000	-0.012000	29985	29973	30023	25001	24985	24994
6835	143.041826	0.031824	-0.150000	-0.270000	0.230000	0.016000	-0.012000	-0.004000	29985	29973	30023	25008	24994	24998
6836	143.042000	0.000174	-0.200000	-0.470000	0.580000	0.016000	-0.012000	-0.004000	29980	29953	30058	25008	24994	24998
6837	143.073078	0.031078	-0.200000	-0.470000	0.580000	0.066000	-0.004000	0.004000	29980	29953	30058	25033	24998	25002
6838	143.073153	0.000075	-0.510000	-0.820000	0.000000	0.066000	-0.004000	0.004000	29949	29918	30000	25033	24998	25002
6839	143.104430	0.031277	-0.510000	-0.820000	0.000000	0.078000	-0.046000	-0.002000	29949	29918	30000	25039	24977	24999
6840	143.104505	0.000075	-0.290000	0.000000	-0.880000	0.078000	-0.046000	-0.002000	29971	30000	29912	25039	24977	24999
6841	143.140142	0.035636	-0.220000	-0.110000	-0.780000	0.078000	-0.046000	-0.002000	29978	29989	29922	25039	24977	24999
6842	143.174352	0.034210	-0.160000	-0.220000	0.250000	0.078000	-0.046000	-0.002000	29984	29978	30025	25039	24977	24999
6843	143.201215	0.026863	0.400000	0.210000	-0.620000	0.078000	-0.046000	-0.002000	30040	30021	29938	25039	24977	24999
6844	143.228039	0.026823	0.400000	0.210000	-0.620000	0.006000	-0.022000	0.006000	30040	30021	29938	25003	24989	25003
6845	143.228115	0.000077	-0.300000	-0.280000	-0.030000	0.006000	-0.022000	0.006000	29970	29972	29997	25003	24989	25003
6846	143.257034	0.028919	0.080000	-0.110000	0.570000	0.006000	-0.022000	0.006000	30008	29989	30057	25003	24989	25003
6847	143.287200	0.030165	0.080000	-0.110000	0.570000	0.004000	0.018000	0.002000	30008	29989	30057	25002	25009	25001
6848	143.287345	0.000145	0.220000	0.130000	0.260000	0.004000	0.018000	0.002000	30022	30013	30026	25002	25009	25001
6849	143.317034	0.029689	-0.040000	0.100000	-0.560000	0.004000	0.018000	0.002000	29996	30010	29944	25002	25009	25001
6850	143.348413	0.031379	0.020000	0.130000	-0.340000	0.004000	0.018000	0.002000	30002	30013	29966	25002	25009	25001
6851	143.385740	0.037327	0.020000	0.130000	-0.340000	-0.024000	0.000000	-0.008000	30002	30013	29966	24988	25000	24996
6852	143.385820	0.000080	0.020000	0.130000	-0.340000	-0.024000	0.000000	-0.008000	30002	30013	29966	24988	25000	24996
6853	143.420428	0.034608	-0.390000	-0.610000	0.580000	-0.024000	0.000000	-0.008000	29961	29939	30058	24988	25000	24996
6854	143.450592	0.030164	-0.590000	-0.900000	1.110000	-0.024000	0.000000	-0.008000	29941	29910	30111	24988	25000	24996
6855	143.479733	0.029141	-0.590000	-0.900000	1.110000	0.022000	-0.008000	-0.008000	29941	29910	30111	25011	24996	24996
6856	143.479817	0.000084	-0.040000	-0.070000	-0.050000	0.022000	-0.008000	-0.008000	29996	29993	29995	25011	24996	24996
6857	143.511478	0.031661	-0.260000	0.010000	0.280000	0.022000	-0.008000	-0.008000	29974	30001	30028	25011	24996	24996
6858	143.542321	0.030843	-0.490000	-0.200000	-0.040000	0.022000	-0.008000	-0.008000	29951	29980	29996	25011	24996	24996
6859	143.581280	0.038959	-0.550000	-0.420000	-0.010000	0.022000	-0.008000	-0.008000	29945	29958	29999	25011	24996	24996
6860	143.612230	0.030950	0.160000	-0.180000	0.280000	0.022000	-0.008000	-0.008000	30016	29982	30028	25011	24996	24996
6861	143.652680	0.040451	0.160000	-0.180000	0.280000	0.008000	-0.004000	-0.004000	30016	29982	30028	25004	24998	24998
6862	143.652861	0.000181	-0.530000	0.170000	-0.870000	0.008000	-0.004000	-0.004000	29947	30017	29913	25004	24998	24998
6863	143.691650	0.038788	-0.530000	0.170000	-0.870000	-0.018000	-0.038000	-0.002000	29947	30017	29913	24991	24981	24999
6864	143.691738	0.000089	-0.050000	-0.380000	0.240000	-0.018000	-0.038000	-0.002000	29995	29962	30024	24991	24981	24999
6865	143.720047	0.028309	0.080000	0.230000	-0.320000	-0.018000	-0.038000	-0.002000	30008	30023	29968	24991	24981	24999
6866	143.759006	0.038959	0.080000	0.230000	-0.320000	-0.038000	-0.006000	0.008000	30008	30023	29968	24981	24997	25004
6867	143.759122	0.000116	-0.060000	-0.110000	-0.070000	-0.038000	-0.006000	0.008000	29994	29989	29993	24981	24997	25004
6868	143.798750	0.039628	-0.060000	-0.110000	-0.070000	-0.010000	-0.010000	-0.008000	29994	29989	29993	24995	24995	24996
6869	143.798902	0.000151	-0.120000	0.120000	-0.030000	-0.010000	-0.010000	-0.008000	29988	30012	29997	24995	24995	24996
6870	143.825649	0.026748	-0.090000	-0.560000	-0.070000	-0.010000	-0.010000	-0.008000	29991	29944	29993	24995	24995	24996
6871	143.855336	0.029686	-0.090000	-0.560000	-0.070000	0.032000	-0.024000	-0.012000	29991	29944	29993	25016	24988	24994
6872	143.855422	0.000086	-0.140000	-0.630000	-0.310000	0.032000	-0.024000	-0.012000	29986	29937	29969	25016	24988	24994
6873	143.891348	0.035926	-0.140000	-0.630000	-0.310000	0.070000	-0.010000	0.000000	29986	29937	29969	25035	24995	25000
6874	143.891518	0.000170	0.410000	-0.330000	-0.310000	0.070000	-0.010000	0.000000	30041	29967	29969	25035	24995	25000
6875	143.921320	0.029802	-0.110000	-0.280000	-0.310000	0.070000	-0.010000	0.000000	29989	29972	29969	25035	24995	25000
6876	143.963513	0.042194	-0.030000	-0.160000	0.490000	0.070000	-0.010000	0.000000	29997	29984	30049	25035	24995	25000
6877	143.994075	0.030561	-0.030000	-0.160000	0.490000	-0.018000	-0.032000	0.002000	29997	29984	30049	24991	24984	25001
6878	143.994251	0.000177	-0.060000	-0.310000	0.510000	-0.018000	-0.032000	0.002000	29994	29969	30051	24991	24984	25001
6879	144.021599	0.027347	-0.030000	0.170000	0.200000	-0.018000	-0.032000	0.002000	29997	30017	30020	24991	24984	25001
6880	144.052802	0.031203	0.070000	-0.120000	0.240000	-0.018000	-0.032000	0.002000	30007	29988	30024	24991	24984	25001
6881	144.087344	0.034542	0.070000	-0.120000	0.240000	0.008000	0.004000	-0.006000	30007	29988	30024	25004	25002	24997
6882	144.087413	0.000068	-0.230000	-0.650000	-0.010000	0.008000	0.004000	-0.006000	29977	29935	29999	25004	25002	24997
6883	144.117509	0.030096	-0.080000	-0.530000	-0.320000	0.008000	0.004000	-0.006000	29992	29947	29968	25004	25002	24997
6884	144.150780	0.033271	-0.280000	-0.550000	0.580000	0.008000	0.004000	-0.006000	29972	29945	30058	25004	25002	24997
6885	144.181007	0.030227	-0.280000	-0.550000	0.580000	0.058000	-0.028000	0.026000	29972	29945	30058	25029	24986	25013
6886	144.181074	0.000068	0.150000	0.070000	0.600000	0.058000	-0.028000	0.026000	30015	30007	30060	25029	24986	25013
6887	144.213280	0.032206	0.010000	-0.010000	0.530000	0.058000	-0.028000	0.026000	30001	29999	30053	25029	24986	25013
6888	144.242713	0.029433	-0.490000	-0.190000	-0.300000	0.058000	-0.028000	0.026000	29951	29981	29970	25029	24986	25013
6889	144.273638	0.030925	-0.490000	-0.190000	-0.300000	0.014000	-0.026000	-0.004000	29951	29981	29970	25007	24987	24998
6890	144.273714	0.000076	-0.390000	-0.490000	0.280000	0.014000	-0.026000	-0.004000	29961	29951	30028	25007	24987	24998
6891	144.303939	0.030225	-0.390000	-0.490000	0.280000	0.046000	-0.036000	0.000000	29961	29951	30028	25023	24982	25000
6892	144.304040	0.000101	-0.050000	-0.710000	0.830000	0.046000	-0.036000	0.000000	29995	29929	30083	25023	24982	25000
6893	144.333189	0.029149	-0.050000	-0.710000	0.830000	0.048000	-0.022000	-0.002000	29995	29929	30083	25024	24989	24999
6894	144.333257	0.000068	0.110000	0.020000	0.790000	0.048000	-0.022000	-0.002000	30011	30002	30079	25024	24989	24999
6895	144.363862	0.030605	-0.430000	-0.340000	0.250000	0.048000	-0.022000	-0.002000	29957	29966	30025	25024	24989	24999
6896	144.397988	0.034126	-0.430000	-0.340000	0.250000	0.040000	-0.022000	0.002000	29957	29966	30025	25020	24989	25001
6897	144.398167	0.000180	0.250000	0.460000	-0.330000	0.040000	-0.022000	0.002000	30025	30046	29967	25020	24989	25001
6898	144.433408	0.035240	-0.180000	-0.070000	-1.130000	0.040000	-0.022000	0.002000	29982	29993	29887	25020	24989	25001
6899	144.467745	0.034337	-0.060000	-0.380000	-0.290000	0.040000	-0.022000	0.002000	29994	29962	29971	25020	24989	25001
6900	144.497288	0.029543	-0.060000	-0.380000	-0.290000	0.058000	0.000000	-0.002000	29994	29962	29971	25029	25000	24999
6901	144.497379	0.000091	-0.060000	-0.380000	-0.290000	0.048000	-0.026000	0.006000	29994	29962	29971	25024	24987	25003
6902	144.497397	0.000018	0.600000	0.500000	0.250000	0.048000	-0.026000	0.006000	30060	30050	30025	25024	24987	25003
6903	144.528265	0.030869	-0.160000	-0.210000	0.230000	0.048000	-0.026000	0.006000	29984	29979	30023	25024	24987	25003
6904	144.568510	0.040244	-0.160000	-0.210000	0.230000	0.002000	-0.012000	-0.012000	29984	29979	30023	25001	24994	24994
6905	144.568646	0.000136	-0.160000	-0.210000	0.230000	-0.026000	0.008000	0.000000	29984	29979	30023	24987	25004	25000
6906	144.568710	0.000065	-0.210000	-0.100000	-0.320000	-0.026000	0.008000	0.000000	29979	29990	29968	24987	25004	25000
6907	144.601387	0.032677	-0.210000	-0.100000	-0.320000	-0.008000	-0.018000	0.002000	29979	29990	29968	24996	24991	25001
6908	144.601543	0.000156	-0.710000	-0.220000	0.780000	-0.008000	-0.018000	0.002000	29929	29978	30078	24996	24991	25001
6909	144.635418	0.033875	-0.370000	-0.240000	-0.060000	-0.008000	-0.018000	0.002000	29963	29976	29994	24996	24991	25001
6910	144.675337	0.039919	-0.370000	-0.240000	-0.060000	0.014000	-0.028000	-0.008000	29963	29976	29994	25007	24986	24996
6911	144.675428	0.000091	-0.390000	-0.170000	-0.540000	0.014000	-0.028000	-0.008000	29961	29983	29946	25007	24986	24996
6912	144.704644	0.029216	0.040000	0.590000	0.270000	0.014000	-0.028000	-0.008000	30004	30059	30027	25007	24986	24996
6913	144.737771	0.033128	-0.070000	-0.040000	-0.020000	0.014000	-0.028000	-0.008000	29993	29996	29998	25007	24986	24996
6914	144.766358	0.028587	-0.400000	-0.020000	0.310000	0.014000	-0.028000	-0.008000	29960	29998	30031	25007	24986	24996
6915	144.797293	0.030935	0.150000	-0.080000	1.370000	0.014000	-0.028000	-0.008000	30015	29992	30137	25007	24986	24996
6916	144.829360	0.032068	0.150000	-0.080000	1.370000	-0.008000	0.002000	-0.016000	30015	29992	30137	24996	25001	24992
6917	144.829427	0.000067	-0.340000	-0.600000	-0.310000	-0.008000	0.002000	-0.016000	29966	29940	29969	24996	25001	24992
6918	144.856209	0.026782	-0.560000	-0.520000	-0.570000	-0.008000	0.002000	-0.016000	29944	29948	29943	24996	25001	24992
6919	144.888075	0.031866	0.160000	-0.020000	-0.020000	-0.008000	0.002000	-0.016000	30016	29998	29998	24996	25001	24992
6920	144.921203	0.033127	-0.440000	0.310000	-0.570000	-0.008000	0.002000	-0.016000	29956	30031	29943	24996	25001	24992
6921	144.956160	0.034957	0.130000	0.010000	-0.290000	-0.008000	0.002000	-0.016000	30013	30001	29971	24996	25001	24992
6922	144.985680	0.029520	0.140000	0.460000	0.520000	-0.008000	0.002000	-0.016000	30014	30046	30052	24996	25001	24992
6923	145.016118	0.030438	-0.620000	-0.560000	0.230000	-0.008000	0.002000	-0.016000	29938	29944	30023	24996	25001	24992
6924	145.048738	0.032621	0.140000	-0.100000	0.280000	-0.008000	0.002000	-0.016000	30014	29990	30028	24996	25001	24992
6925	145.079145	0.030407	0.140000	-0.100000	0.280000	0.028000	0.024000	0.008000	30014	29990	30028	25014	25012	25004
6926	145.079245	0.000101	-0.450000	-0.410000	0.570000	0.028000	0.024000	0.008000	29955	29959	30057	25014	25012	25004
6927	145.111430	0.032185	0.240000	0.130000	-0.520000	0.028000	0.024000	0.008000	30024	30013	29948	25014	25012	25004
6928	145.139680	0.028249	0.230000	0.090000	0.810000	0.028000	0.024000	0.008000	30023	30009	30081	25014	25012	25004
6929	145.175387	0.035708	-0.260000	0.570000	-0.320000	0.028000	0.024000	0.008000	29974	30057	29968	25014	25012	25004
6930	145.203410	0.028023	0.180000	0.210000	-0.020000	0.028000	0.024000	0.008000	30018	30021	29998	25014	25012	25004
6931	145.234495	0.031085	0.050000	-0.080000	0.240000	0.028000	0.024000	0.008000	30005	29992	30024	25014	25012	25004
6932	145.265076	0.030581	0.050000	-0.080000	0.240000	0.016000	0.010000	-0.002000	30005	29992	30024	25008	25005	24999
6933	145.265194	0.000118	0.110000	-0.230000	0.290000	0.016000	0.010000	-0.002000	30011	29977	30029	25008	25005	24999
6934	145.295282	0.030087	0.110000	-0.230000	0.290000	0.036000	0.010000	0.002000	30011	29977	30029	25018	25005	25001
6935	145.295347	0.000065	0.100000	-0.220000	0.290000	0.036000	0.010000	0.002000	30010	29978	30029	25018	25005	25001
6936	145.325202	0.029855	0.100000	-0.220000	0.290000	0.022000	-0.002000	-0.004000	30010	29978	30029	25011	24999	24998
6937	145.325277	0.000075	0.100000	-0.220000	0.290000	0.022000	-0.002000	-0.004000	30010	29978	30029	25011	24999	24998
6938	145.360309	0.035032	0.210000	0.360000	-0.060000	0.022000	-0.002000	-0.004000	30021	30036	29994	25011	24999	24998
6939	145.389690	0.029381	0.060000	0.440000	0.210000	0.022000	-0.002000	-0.004000	30006	30044	30021	25011	24999	24998
6940	145.423344	0.033653	0.060000	0.440000	0.210000	-0.028000	0.022000	-0.008000	30006	30044	30021	24986	25011	24996
6941	145.423480	0.000136	-0.740000	-0.550000	-0.280000	-0.028000	0.022000	-0.008000	29926	29945	29972	24986	25011	24996
6942	145.452230	0.028750	-0.230000	-0.160000	-0.330000	-0.028000	0.022000	-0.008000	29977	29984	29967	24986	25011	24996
6943	145.485141	0.032912	-0.230000	-0.090000	0.810000	-0.028000	0.022000	-0.008000	29977	29991	30081	24986	25011	24996
6944	145.519953	0.034811	-0.240000	-0.800000	-0.030000	-0.028000	0.022000	-0.008000	29976	29920	29997	24986	25011	24996
6945	145.553234	0.033281	-0.240000	-0.800000	-0.030000	-0.034000	-0.020000	-0.006000	29976	29920	29997	24983	24990	24997
6946	145.553334	0.000100	-0.670000	-0.630000	0.010000	-0.034000	-0.020000	-0.006000	29933	29937	30001	24983	24990	24997
6947	145.588073	0.034739	-0.490000	-0.610000	0.550000	-0.034000	-0.020000	-0.006000	29951	29939	30055	24983	24990	24997
6948	145.622207	0.034134	-0.490000	-0.610000	0.550000	0.006000	-0.006000	0.008000	29951	29939	30055	25003	24997	25004
6949	145.622295	0.000088	0.370000	0.580000	0.500000	0.006000	-0.006000	0.008000	30037	30058	30050	25003	24997	25004
6950	145.658664	0.036369	-0.210000	-0.340000	-0.020000	0.006000	-0.006000	0.008000	29979	29966	29998	25003	24997	25004
6951	145.706697	0.048034	-0.780000	-0.380000	-0.010000	0.006000	-0.006000	0.008000	29922	29962	29999	25003	24997	25004
6952	145.746767	0.040070	-0.780000	-0.380000	-0.010000	0.034000	-0.056000	0.002000	29922	29962	29999	25017	24972	25001
6953	145.746987	0.000220	-0.370000	-0.560000	-0.340000	0.034000	-0.056000	0.002000	29963	29944	29966	25017	24972	25001
6954	145.775374	0.028387	0.110000	-0.400000	0.510000	0.034000	-0.056000	0.002000	30011	29960	30051	25017	24972	25001
6955	145.804928	0.029555	0.150000	-0.060000	-0.020000	0.034000	-0.056000	0.002000	30015	29994	29998	25017	24972	25001
6956	145.836369	0.031440	0.150000	-0.060000	-0.020000	-0.002000	0.004000	-0.006000	30015	29994	29998	24999	25002	24997
6957	145.836465	0.000096	-0.410000	-0.590000	-0.060000	-0.002000	0.004000	-0.006000	29959	29941	29994	24999	25002	24997
6958	145.868205	0.031741	-0.100000	-0.090000	-0.340000	-0.002000	0.004000	-0.006000	29990	29991	29966	24999	25002	24997
6959	145.901626	0.033421	-0.010000	0.320000	-0.330000	-0.002000	0.004000	-0.006000	29999	30032	29967	24999	25002	24997
6960	145.934768	0.033142	-0.010000	0.320000	-0.330000	0.060000	-0.010000	0.004000	29999	30032	29967	25030	24995	25002
6961	145.934847	0.000079	-0.070000	-0.860000	-0.020000	0.060000	-0.010000	0.004000	29993	29914	29998	25030	24995	25002
6962	145.969606	0.034758	-0.670000	-0.540000	0.300000	0.060000	-0.010000	0.004000	29933	29946	30030	25030	24995	25002
6963	146.004912	0.035307	-0.670000	-0.540000	0.300000	0.050000	-0.054000	0.008000	29933	29946	30030	25025	24973	25004
6964	146.004975	0.000063	-0.370000	-0.340000	-0.320000	0.050000	-0.054000	0.008000	29963	29966	29968	25025	24973	25004
6965	146.036056	0.031080	0.110000	-0.060000	-0.300000	0.050000	-0.054000	0.008000	30011	29994	29970	25025	24973	25004
6966	146.092818	0.056763	0.440000	0.340000	0.470000	0.050000	-0.054000	0.008000	30044	30034	30047	25025	24973	25004
6967	146.154657	0.061838	-0.020000	-0.030000	0.250000	0.050000	-0.054000	0.008000	29998	29997	30025	25025	24973	25004
6968	146.186194	0.031537	-0.020000	-0.030000	0.250000	0.002000	-0.016000	-0.014000	29998	29997	30025	25001	24992	24993
6969	146.186299	0.000105	-0.530000	-0.700000	-0.280000	0.002000	-0.016000	-0.014000	29947	29930	29972	25001	24992	24993
6970	146.222582	0.036283	0.210000	-0.450000	-0.580000	0.002000	-0.016000	-0.014000	30021	29955	29942	25001	24992	24993
6971	146.252745	0.030164	0.210000	-0.450000	-0.580000	0.036000	-0.002000	0.004000	30021	29955	29942	25018	24999	25002
6972	146.252856	0.000111	0.300000	-0.200000	-0.040000	0.036000	-0.002000	0.004000	30030	29980	29996	25018	24999	25002
6973	146.282687	0.029831	0.300000	-0.200000	-0.040000	0.012000	0.016000	-0.012000	30030	29980	29996	25006	25008	24994
6974	146.282777	0.000090	-0.290000	0.360000	-0.300000	0.012000	0.016000	-0.012000	29971	30036	29970	25006	25008	24994
6975	146.316118	0.033341	-0.290000	0.360000	-0.300000	0.018000	-0.048000	-0.010000	29971	30036	29970	25009	24976	24995
6976	146.316250	0.000131	-0.480000	-0.250000	-0.290000	0.018000	-0.048000	-0.010000	29952	29975	29971	25009	24976	24995
6977	146.352709	0.036459	-0.480000	-0.250000	-0.290000	0.032000	-0.004000	-0.014000	29952	29975	29971	25016	24998	24993
6978	146.352811	0.000102	-0.510000	-0.270000	-0.310000	0.032000	-0.004000	-0.014000	29949	29973	29969	25016	24998	24993
6979	146.386045	0.033234	0.160000	-0.100000	0.270000	0.032000	-0.004000	-0.014000	30016	29990	30027	25016	24998	24993
6980	146.419167	0.033121	0.160000	-0.100000	0.270000	-0.002000	0.000000	0.000000	30016	29990	30027	24999	25000	25000
6981	146.419261	0.000094	-0.280000	-0.220000	-0.050000	-0.002000	0.000000	0.000000	29972	29978	29995	24999	25000	25000
6982	146.452096	0.032835	-0.130000	0.110000	0.560000	-0.002000	0.000000	0.000000	29987	30011	30056	24999	25000	25000
6983	146.482917	0.030820	-0.130000	0.050000	-0.320000	-0.002000	0.000000	0.000000	29987	30005	29968	24999	25000	25000
6984	146.515437	0.032520	-0.130000	0.050000	-0.320000	0.008000	0.002000	-0.006000	29987	30005	29968	25004	25001	24997
6985	146.515516	0.000079	-0.150000	0.070000	-0.310000	0.008000	0.002000	-0.006000	29985	30007	29969	25004	25001	24997
6986	146.549701	0.034185	0.040000	-0.190000	-0.040000	0.008000	0.002000	-0.006000	30004	29981	29996	25004	25001	24997
6987	146.581206	0.031505	0.040000	-0.190000	-0.040000	0.036000	0.008000	-0.008000	30004	29981	29996	25018	25004	24996
6988	146.581294	0.000088	0.030000	0.150000	0.220000	0.036000	0.008000	-0.008000	30003	30015	30022	25018	25004	24996
6989	146.610075	0.028781	0.040000	0.490000	0.200000	0.036000	0.008000	-0.008000	30004	30049	30020	25018	25004	24996
6990	146.641465	0.031390	0.040000	0.490000	0.200000	-0.066000	-0.004000	-0.008000	30004	30049	30020	24967	24998	24996
6991	146.641556	0.000091	-0.110000	-0.490000	-0.360000	-0.066000	-0.004000	-0.008000	29989	29951	29964	24967	24998	24996
6992	146.674915	0.033359	-0.310000	-0.960000	-0.040000	-0.066000	-0.004000	-0.008000	29969	29904	29996	24967	24998	24996
6993	146.707698	0.032784	-0.310000	-0.960000	-0.040000	0.028000	0.002000	0.002000	29969	29904	29996	25014	25001	25001
6994	146.707802	0.000104	-0.280000	-0.180000	-0.570000	0.028000	0.002000	0.002000	29972	29982	29943	25014	25001	25001
6995	146.737486	0.029683	-0.610000	-0.120000	0.020000	0.028000	0.002000	0.002000	29939	29988	30002	25014	25001	25001
6996	146.767224	0.029738	-0.210000	-0.180000	-0.040000	0.028000	0.002000	0.002000	29979	29982	29996	25014	25001	25001
6997	146.805142	0.037918	-0.210000	-0.180000	-0.040000	-0.002000	-0.016000	0.004000	29979	29982	29996	24999	24992	25002
6998	146.805223	0.000081	0.100000	-0.220000	-0.060000	-0.002000	-0.016000	0.004000	30010	29978	29994	24999	24992	25002
6999	146.838968	0.033745	0.100000	-0.220000	-0.060000	-0.012000	0.024000	-0.004000	30010	29978	29994	24994	25012	24998
7000	146.839048	0.000079	-0.140000	-0.550000	-0.360000	-0.012000	0.024000	-0.004000	29986	29945	29964	24994	25012	24998
7001	146.870593	0.031546	-0.140000	-0.550000	-0.360000	0.034000	-0.018000	-0.014000	29986	29945	29964	25017	24991	24993
7002	146.870675	0.000081	-0.140000	-0.550000	-0.360000	-0.008000	-0.018000	-0.006000	29986	29945	29964	24996	24991	24997
7003	146.870694	0.000019	-0.360000	-0.550000	-0.280000	-0.008000	-0.018000	-0.006000	29964	29945	29972	24996	24991	24997
7004	146.901628	0.030934	-0.180000	-0.460000	0.290000	-0.008000	-0.018000	-0.006000	29982	29954	30029	24996	24991	24997
7005	146.934562	0.032934	-0.430000	-0.810000	0.530000	-0.008000	-0.018000	-0.006000	29957	29919	30053	24996	24991	24997
7006	146.972316	0.037754	0.150000	-0.380000	-0.030000	-0.008000	-0.018000	-0.006000	30015	29962	29997	24996	24991	24997
7007	147.003661	0.031345	0.010000	-0.150000	1.100000	-0.008000	-0.018000	-0.006000	30001	29985	30110	24996	24991	24997
7008	147.033716	0.030055	-0.660000	-0.180000	-0.340000	-0.008000	-0.018000	-0.006000	29934	29982	29966	24996	24991	24997
7009	147.064721	0.031006	0.030000	-0.250000	0.530000	-0.008000	-0.018000	-0.006000	30003	29975	30053	24996	24991	24997
7010	147.093355	0.028634	0.030000	-0.250000	0.530000	0.004000	0.002000	0.006000	30003	29975	30053	25002	25001	25003
7011	147.093421	0.000066	0.030000	-0.250000	0.530000	0.044000	-0.016000	0.008000	30003	29975	30053	25022	24992	25004
7012	147.093463	0.000042	0.180000	-0.350000	-0.860000	0.044000	-0.016000	0.008000	30018	29965	29914	25022	24992	25004
7013	147.125377	0.031914	0.180000	0.110000	-0.540000	0.044000	-0.016000	0.008000	30018	30011	29946	25022	24992	25004
7014	147.152549	0.027172	-0.050000	-0.220000	-0.040000	0.044000	-0.016000	0.008000	29995	29978	29996	25022	24992	25004
7015	147.182394	0.029845	-0.050000	-0.220000	-0.040000	0.004000	-0.008000	0.000000	29995	29978	29996	25002	24996	25000
7016	147.182458	0.000064	-0.050000	-0.220000	-0.040000	-0.018000	0.048000	-0.006000	29995	29978	29996	24991	25024	24997
7017	147.182476	0.000018	0.610000	0.220000	-0.050000	-0.018000	0.048000	-0.006000	30061	30022	29995	24991	25024	24997
7018	147.212711	0.030235	0.610000	0.220000	-0.050000	0.034000	-0.024000	0.006000	30061	30022	29995	25017	24988	25003
7019	147.212835	0.000124	0.000000	-0.210000	0.270000	0.034000	-0.024000	0.006000	30000	29979	30027	25017	24988	25003
7020	147.246530	0.033695	0.000000	-0.210000	0.270000	0.004000	-0.018000	0.006000	30000	29979	30027	25002	24991	25003
7021	147.246630	0.000100	0.000000	-0.380000	0.260000	0.004000	-0.018000	0.006000	30000	29962	30026	25002	24991	25003
7022	147.289259	0.042629	-0.100000	-0.430000	-0.030000	0.004000	-0.018000	0.006000	29990	29957	29997	25002	24991	25003
7023	147.323388	0.034129	0.230000	0.320000	0.230000	0.004000	-0.018000	0.006000	30023	30032	30023	25002	24991	25003
7024	147.357595	0.034207	0.230000	0.320000	0.230000	0.004000	0.042000	0.002000	30023	30032	30023	25002	25021	25001
7025	147.357680	0.000085	0.370000	0.140000	1.120000	0.004000	0.042000	0.002000	30037	30014	30112	25002	25021	25001
7026	147.390735	0.033055	0.190000	0.430000	0.260000	0.004000	0.042000	0.002000	30019	30043	30026	25002	25021	25001
7027	147.424452	0.033717	0.170000	-0.160000	0.490000	0.004000	0.042000	0.002000	30017	29984	30049	25002	25021	25001
7028	147.455310	0.030858	0.170000	-0.160000	0.490000	-0.016000	0.006000	-0.010000	30017	29984	30049	24992	25003	24995
7029	147.455381	0.000071	0.150000	-0.330000	0.280000	-0.016000	0.006000	-0.010000	30015	29967	30028	24992	25003	24995
7030	147.486781	0.031400	0.150000	-0.330000	0.280000	0.026000	0.010000	0.008000	30015	29967	30028	25013	25005	25004
7031	147.486920	0.000139	0.120000	-0.430000	0.280000	0.026000	0.010000	0.008000	30012	29957	30028	25013	25005	25004
7032	147.515567	0.028647	-0.020000	0.140000	-0.010000	0.026000	0.010000	0.008000	29998	30014	29999	25013	25005	25004
7033	147.545831	0.030264	-0.020000	0.140000	-0.010000	-0.010000	-0.002000	0.006000	29998	30014	29999	24995	24999	25003
7034	147.545904	0.000073	0.130000	0.020000	-0.090000	-0.010000	-0.002000	0.006000	30013	30002	29991	24995	24999	25003
7035	147.580999	0.035095	0.130000	0.020000	-0.090000	-0.014000	0.016000	0.002000	30013	30002	29991	24993	25008	25001
7036	147.581066	0.000066	0.250000	0.090000	-0.090000	-0.014000	0.016000	0.002000	30025	30009	29991	24993	25008	25001
7037	147.612055	0.030990	-0.170000	0.080000	-0.290000	-0.014000	0.016000	0.002000	29983	30008	29971	24993	25008	25001
7038	147.646001	0.033945	-0.240000	0.470000	0.260000	-0.014000	0.016000	0.002000	29976	30047	30026	24993	25008	25001
7039	147.676501	0.030500	-0.240000	-0.040000	-0.310000	-0.014000	0.016000	0.002000	29976	29996	29969	24993	25008	25001
7040	147.707382	0.030881	-0.140000	0.080000	-0.580000	-0.014000	0.016000	0.002000	29986	30008	29942	24993	25008	25001
7041	147.737223	0.029841	0.140000	0.140000	-0.610000	-0.014000	0.016000	0.002000	30014	30014	29939	24993	25008	25001
7042	147.777108	0.039885	0.140000	0.140000	-0.610000	-0.008000	0.014000	-0.008000	30014	30014	29939	24996	25007	24996
7043	147.777188	0.000080	-0.180000	-0.350000	-0.300000	-0.008000	0.014000	-0.008000	29982	29965	29970	24996	25007	24996
7044	147.811843	0.034655	-0.180000	-0.350000	-0.300000	0.014000	-0.030000	0.002000	29982	29965	29970	25007	24985	25001
7045	147.811919	0.000075	-0.600000	-0.520000	-0.290000	0.014000	-0.030000	0.002000	29940	29948	29971	25007	24985	25001
7046	147.843357	0.031439	-0.600000	-0.520000	-0.290000	0.044000	-0.052000	0.000000	29940	29948	29971	25022	24974	25000
7047	147.843453	0.000096	-0.390000	-0.250000	0.550000	0.044000	-0.052000	0.000000	29961	29975	30055	25022	24974	25000
7048	147.875993	0.032540	-0.390000	-0.250000	0.550000	0.032000	-0.022000	-0.004000	29961	29975	30055	25016	24989	24998
7049	147.876091	0.000098	0.220000	-0.050000	-0.870000	0.032000	-0.022000	-0.004000	30022	29995	29913	25016	24989	24998
7050	147.907958	0.031867	0.220000	-0.050000	-0.870000	-0.010000	0.004000	-0.006000	30022	29995	29913	24995	25002	24997
7051	147.908053	0.000096	0.190000	0.090000	-0.870000	-0.010000	0.004000	-0.006000	30019	30009	29913	24995	25002	24997
7052	147.942698	0.034645	-0.390000	0.250000	0.210000	-0.010000	0.004000	-0.006000	29961	30025	30021	24995	25002	24997
7053	147.975190	0.032491	-0.390000	0.250000	0.210000	0.010000	-0.012000	-0.006000	29961	30025	30021	25005	24994	24997
7054	147.975264	0.000074	-0.170000	-0.100000	-0.030000	0.010000	-0.012000	-0.006000	29983	29990	29997	25005	24994	24997
7055	148.008626	0.033362	-0.170000	-0.100000	-0.030000	0.000000	0.002000	0.000000	29983	29990	29997	25000	25001	25000
7056	148.008690	0.000064	-0.070000	0.050000	0.830000	0.000000	0.002000	0.000000	29993	30005	30083	25000	25001	25000
7057	148.037511	0.028821	-0.070000	0.050000	0.830000	0.054000	-0.040000	0.000000	29993	30005	30083	25027	24980	25000
7058	148.037577	0.000066	-0.300000	-0.250000	-0.500000	0.054000	-0.040000	0.000000	29970	29975	29950	25027	24980	25000
7059	148.065639	0.028062	-0.300000	-0.250000	-0.500000	0.052000	-0.020000	0.018000	29970	29975	29950	25026	24990	25009
7060	148.065705	0.000066	-0.020000	0.040000	0.550000	0.052000	-0.020000	0.018000	29998	30004	30055	25026	24990	25009
7061	148.097257	0.031552	-0.060000	0.060000	-0.070000	0.052000	-0.020000	0.018000	29994	30006	29993	25026	24990	25009
7062	148.128725	0.031468	-0.060000	0.060000	-0.070000	-0.026000	-0.006000	-0.004000	29994	30006	29993	24987	24997	24998
7063	148.128798	0.000073	0.000000	-0.200000	-0.090000	-0.026000	-0.006000	-0.004000	30000	29980	29991	24987	24997	24998
7064	148.156245	0.027447	0.000000	-0.200000	-0.090000	0.010000	0.000000	-0.016000	30000	29980	29991	25005	25000	24992
7065	148.156307	0.000063	-0.560000	-0.960000	-0.050000	0.010000	0.000000	-0.016000	29944	29904	29995	25005	25000	24992
7066	148.188904	0.032597	-0.650000	-0.310000	0.010000	0.010000	0.000000	-0.016000	29935	29969	30001	25005	25000	24992
7067	148.216637	0.027733	-0.070000	0.110000	-0.350000	0.010000	0.000000	-0.016000	29993	30011	29965	25005	25000	24992
7068	148.246520	0.029883	-0.070000	0.110000	-0.350000	-0.026000	-0.006000	-0.008000	29993	30011	29965	24987	24997	24996
7069	148.246593	0.000073	0.180000	0.030000	0.550000	-0.026000	-0.006000	-0.008000	30018	30003	30055	24987	24997	24996
7070	148.278671	0.032078	0.180000	0.030000	0.550000	0.012000	0.016000	0.006000	30018	30003	30055	25006	25008	25003
7071	148.278764	0.000094	-0.240000	0.170000	-0.640000	0.012000	0.016000	0.006000	29976	30017	29936	25006	25008	25003
7072	148.308981	0.030217	-0.240000	0.170000	-0.640000	-0.006000	-0.008000	-0.028000	29976	30017	29936	24997	24996	24986
7073	148.309048	0.000067	-0.030000	0.470000	-0.070000	-0.006000	-0.008000	-0.028000	29997	30047	29993	24997	24996	24986
7074	148.340463	0.031415	-0.470000	-0.690000	0.300000	-0.006000	-0.008000	-0.028000	29953	29931	30030	24997	24996	24986
7075	148.374124	0.033661	-0.010000	0.010000	-0.020000	-0.006000	-0.008000	-0.028000	29999	30001	29998	24997	24996	24986
7076	148.401280	0.027156	-0.010000	0.010000	-0.020000	0.000000	-0.010000	-0.004000	29999	30001	29998	25000	24995	24998
7077	148.401360	0.000080	0.040000	0.000000	-0.010000	0.000000	-0.010000	-0.004000	30004	30000	29999	25000	24995	24998
7078	148.439102	0.037742	-0.180000	0.230000	0.240000	0.000000	-0.010000	-0.004000	29982	30023	30024	25000	24995	24998
7079	148.470491	0.031389	0.690000	0.340000	-0.080000	0.000000	-0.010000	-0.004000	30069	30034	29992	25000	24995	24998
7080	148.506913	0.036421	0.690000	0.340000	-0.080000	-0.038000	0.060000	-0.006000	30069	30034	29992	24981	25030	24997
7081	148.507070	0.000158	0.310000	-0.500000	0.250000	-0.038000	0.060000	-0.006000	30031	29950	30025	24981	25030	24997
7082	148.541126	0.034056	0.310000	-0.500000	0.250000	0.056000	0.022000	-0.004000	30031	29950	30025	25028	25011	24998
7083	148.541204	0.000078	-0.650000	-0.720000	0.300000	0.056000	0.022000	-0.004000	29935	29928	30030	25028	25011	24998
7084	148.574032	0.032827	-0.220000	-0.650000	0.530000	0.056000	0.022000	-0.004000	29978	29935	30053	25028	25011	24998
7085	148.603685	0.029653	-0.220000	-0.650000	0.530000	0.072000	-0.012000	-0.010000	29978	29935	30053	25036	24994	24995
7086	148.603771	0.000085	-0.210000	0.080000	0.540000	0.072000	-0.012000	-0.010000	29979	30008	30054	25036	24994	24995
7087	148.636970	0.033199	0.180000	0.630000	-0.540000	0.072000	-0.012000	-0.010000	30018	30063	29946	25036	24994	24995
7088	148.676326	0.039356	0.180000	0.630000	-0.540000	-0.050000	0.016000	-0.002000	30018	30063	29946	24975	25008	24999
7089	148.676434	0.000108	0.180000	0.630000	-0.540000	-0.018000	0.000000	0.000000	30018	30063	29946	24991	25000	25000
7090	148.676465	0.000031	0.070000	0.160000	-0.010000	-0.018000	0.000000	0.000000	30007	30016	29999	24991	25000	25000
7091	148.705125	0.028660	0.070000	0.160000	-0.010000	0.004000	0.026000	-0.002000	30007	30016	29999	25002	25013	24999
7092	148.705210	0.000085	0.140000	-0.350000	-0.290000	0.004000	0.026000	-0.002000	30014	29965	29971	25002	25013	24999
7093	148.734888	0.029677	0.140000	-0.350000	-0.290000	0.036000	-0.002000	-0.018000	30014	29965	29971	25018	24999	24991
7094	148.734954	0.000066	0.140000	-0.350000	-0.290000	0.010000	-0.006000	0.002000	30014	29965	29971	25005	24997	25001
7095	148.734971	0.000017	-0.270000	0.030000	-0.830000	0.010000	-0.006000	0.002000	29973	30003	29917	25005	24997	25001
7096	148.763491	0.028520	-0.270000	0.030000	-0.830000	0.020000	-0.038000	-0.006000	29973	30003	29917	25010	24981	24997
7097	148.763580	0.000089	-0.010000	0.200000	0.550000	0.020000	-0.038000	-0.006000	29999	30020	30055	25010	24981	24997
7098	148.796006	0.032426	-0.010000	0.200000	0.550000	-0.026000	-0.002000	-0.008000	29999	30020	30055	24987	24999	24996
7099	148.796104	0.000098	-0.460000	-0.840000	0.560000	-0.026000	-0.002000	-0.008000	29954	29916	30056	24987	24999	24996
7100	148.832916	0.036811	-0.460000	-0.840000	0.560000	0.076000	-0.044000	0.006000	29954	29916	30056	25038	24978	25003
7101	148.833103	0.000187	-0.550000	-0.140000	-0.560000	0.076000	-0.044000	0.006000	29945	29986	29944	25038	24978	25003
7102	148.872178	0.039076	-0.200000	0.160000	0.020000	0.076000	-0.044000	0.006000	29980	30016	30002	25038	24978	25003
7103	148.904150	0.031971	-0.100000	-0.450000	-0.300000	0.076000	-0.044000	0.006000	29990	29955	29970	25038	24978	25003
7104	148.935420	0.031270	-0.100000	-0.450000	-0.300000	0.058000	0.004000	0.006000	29990	29955	29970	25029	25002	25003
7105	148.935486	0.000067	-0.460000	-0.410000	0.550000	0.058000	0.004000	0.006000	29954	29959	30055	25029	25002	25003
7106	148.964938	0.029452	0.360000	0.290000	0.300000	0.058000	0.004000	0.006000	30036	30029	30030	25029	25002	25003
7107	148.994511	0.029574	-0.530000	-0.630000	0.230000	0.058000	0.004000	0.006000	29947	29937	30023	25029	25002	25003
7108	149.028856	0.034345	-0.530000	-0.630000	0.230000	0.064000	-0.046000	0.008000	29947	29937	30023	25032	24977	25004
7109	149.029066	0.000210	0.130000	0.360000	-0.050000	0.064000	-0.046000	0.008000	30013	30036	29995	25032	24977	25004
7110	149.059332	0.030266	0.130000	0.360000	-0.050000	-0.048000	0.010000	0.002000	30013	30036	29995	24976	25005	25001
7111	149.059423	0.000091	0.080000	0.240000	-0.060000	-0.048000	0.010000	0.002000	30008	30024	29994	24976	25005	25001
7112	149.087239	0.027816	0.240000	0.040000	-0.010000	-0.048000	0.010000	0.002000	30024	30004	29999	24976	25005	25001
7113	149.122206	0.034968	0.040000	0.270000	-0.050000	-0.048000	0.010000	0.002000	30004	30027	29995	24976	25005	25001
7114	149.155511	0.033304	0.040000	0.270000	-0.050000	-0.048000	0.010000	0.002000	30004	30027	29995	24976	25005	25001
7115	149.186283	0.030772	-0.120000	-0.440000	0.490000	-0.048000	0.010000	0.002000	29988	29956	30049	24976	25005	25001
7116	149.217386	0.031103	-0.120000	-0.440000	0.490000	0.030000	-0.012000	-0.006000	29988	29956	30049	25015	24994	24997
7117	149.217458	0.000072	-0.410000	-0.080000	-0.810000	0.030000	-0.012000	-0.006000	29959	29992	29919	25015	24994	24997
7118	149.245375	0.027918	-0.410000	-0.080000	-0.810000	0.022000	-0.024000	-0.004000	29959	29992	29919	25011	24988	24998
7119	149.245443	0.000068	-0.040000	-0.260000	0.270000	0.022000	-0.024000	-0.004000	29996	29974	30027	25011	24988	24998
7120	149.276238	0.030794	0.120000	0.410000	-0.900000	0.022000	-0.024000	-0.004000	30012	30041	29910	25011	24988	24998
7121	149.307619	0.031381	-0.110000	-0.360000	1.140000	0.022000	-0.024000	-0.004000	29989	29964	30114	25011	24988	24998
7122	149.337164	0.029545	0.060000	0.380000	-0.270000	0.022000	-0.024000	-0.004000	30006	30038	29973	25011	24988	24998
7123	149.374547	0.037383	0.060000	0.380000	-0.270000	-0.018000	0.008000	-0.010000	30006	30038	29973	24991	25004	24995
7124	149.374618	0.000071	-0.430000	-1.070000	0.230000	-0.018000	0.008000	-0.010000	29957	29893	30023	24991	25004	24995
7125	149.405433	0.030815	-0.310000	-0.380000	-0.550000	-0.018000	0.008000	-0.010000	29969	29962	29945	24991	25004	24995
7126	149.436915	0.031483	-0.310000	-0.380000	-0.550000	0.024000	-0.036000	0.002000	29969	29962	29945	25012	24982	25001
7127	149.436990	0.000075	-0.070000	0.440000	-0.610000	0.024000	-0.036000	0.002000	29993	30044	29939	25012	24982	25001
7128	149.468784	0.031794	-0.550000	-0.640000	-0.030000	0.024000	-0.036000	0.002000	29945	29936	29997	25012	24982	25001
7129	149.500176	0.031391	0.410000	0.110000	-0.580000	0.024000	-0.036000	0.002000	30041	30011	29942	25012	24982	25001
7130	149.531868	0.031692	0.410000	0.110000	-0.580000	-0.026000	0.004000	-0.002000	30041	30011	29942	24987	25002	24999
7131	149.531955	0.000087	0.020000	-0.240000	-0.290000	-0.026000	0.004000	-0.002000	30002	29976	29971	24987	25002	24999
7132	149.564302	0.032348	-0.230000	-0.580000	-0.550000	-0.026000	0.004000	-0.002000	29977	29942	29945	24987	25002	24999
7133	149.599565	0.035262	-0.190000	-0.410000	-0.290000	-0.026000	0.004000	-0.002000	29981	29959	29971	24987	25002	24999
7134	149.651585	0.052020	-0.190000	-0.410000	-0.290000	0.044000	-0.026000	0.006000	29981	29959	29971	25022	24987	25003
7135	149.651798	0.000214	0.000000	-0.630000	0.010000	0.044000	-0.026000	0.006000	30000	29937	30001	25022	24987	25003
7136	149.693366	0.041567	0.050000	0.120000	-0.050000	0.044000	-0.026000	0.006000	30005	30012	29995	25022	24987	25003
7137	149.729049	0.035683	0.060000	-0.150000	-0.010000	0.044000	-0.026000	0.006000	30006	29985	29999	25022	24987	25003
7138	149.761305	0.032256	-0.150000	0.440000	-0.040000	0.044000	-0.026000	0.006000	29985	30044	29996	25022	24987	25003
