sample	t_s	dt_s	Fx	Fy	Fz	Tx	Ty	Tz	raw_Fx	raw_Fy	raw_Fz	raw_Tx	raw_Ty	raw_Tz
1	0.000000	0.000000	0.000000	0.000000	0.000000	-0.038000	0.006000	0.000000	0	0	0	24981	25003	25000
2	0.000031	0.000031	0.380000	0.120000	-0.270000	-0.038000	0.006000	0.000000	30038	30012	29973	24981	25003	25000
3	0.132122	0.132090	0.380000	0.120000	-0.270000	-0.034000	0.012000	0.002000	30038	30012	29973	24983	25006	25001
4	0.132193	0.000071	0.380000	0.120000	-0.270000	-0.034000	0.012000	0.002000	30038	30012	29973	24983	25006	25001
5	0.164245	0.032052	0.380000	0.120000	-0.270000	-0.034000	0.012000	0.002000	30038	30012	29973	24983	25006	25001
6	0.164316	0.000071	0.420000	0.760000	0.580000	-0.034000	0.012000	0.002000	30042	30076	30058	24983	25006	25001
7	0.196682	0.032366	0.420000	0.760000	0.580000	-0.046000	0.056000	-0.012000	30042	30076	30058	24977	25028	24994
8	0.196869	0.000187	0.280000	0.900000	0.600000	-0.046000	0.056000	-0.012000	30028	30090	30060	24977	25028	24994
9	0.229429	0.032560	0.280000	0.900000	0.600000	-0.060000	0.042000	-0.012000	30028	30090	30060	24970	25021	24994
10	0.229560	0.000132	0.280000	0.900000	0.600000	-0.060000	0.042000	-0.012000	30028	30090	30060	24970	25021	24994
11	0.265204	0.035644	0.280000	0.900000	0.600000	-0.060000	0.042000	-0.012000	30028	30090	30060	24970	25021	24994
12	0.265268	0.000064	-0.420000	-0.020000	0.600000	-0.060000	0.042000	-0.012000	29958	29998	30060	24970	25021	24994
13	0.297866	0.032599	-0.420000	-0.020000	0.600000	0.022000	-0.018000	-0.006000	29958	29998	30060	25011	24991	24997
14	0.297955	0.000088	-0.300000	-0.110000	0.580000	0.022000	-0.018000	-0.006000	29970	29989	30058	25011	24991	24997
15	0.333551	0.035596	-0.300000	-0.110000	0.580000	0.034000	-0.008000	-0.006000	29970	29989	30058	25017	24996	24997
16	0.333651	0.000100	-0.300000	-0.110000	0.580000	0.034000	-0.008000	-0.006000	29970	29989	30058	25017	24996	24997
17	0.365017	0.031366	-0.300000	-0.110000	0.580000	0.034000	-0.008000	-0.006000	29970	29989	30058	25017	24996	24997
18	0.365093	0.000076	0.020000	-0.240000	0.600000	0.034000	-0.008000	-0.006000	30002	29976	30060	25017	24996	24997
19	0.397794	0.032702	0.020000	-0.240000	0.600000	0.030000	0.000000	-0.004000	30002	29976	30060	25015	25000	24998
20	0.397868	0.000074	-0.040000	-0.290000	0.600000	0.030000	0.000000	-0.004000	29996	29971	30060	25015	25000	24998
21	0.435655	0.037787	-0.040000	-0.290000	0.600000	0.032000	-0.002000	-0.006000	29996	29971	30060	25016	24999	24997
22	0.435773	0.000118	-0.040000	-0.290000	0.600000	0.032000	-0.002000	-0.006000	29996	29971	30060	25016	24999	24997
23	0.466542	0.030769	-0.040000	-0.290000	0.600000	0.032000	-0.002000	-0.006000	29996	29971	30060	25016	24999	24997
24	0.466624	0.000082	0.120000	0.290000	-0.230000	0.032000	-0.002000	-0.006000	30012	30029	29977	25016	24999	24997
25	0.501202	0.034578	0.120000	0.290000	-0.230000	0.000000	0.026000	-0.004000	30012	30029	29977	25000	25013	24998
26	0.501389	0.000187	-0.060000	0.360000	-0.210000	0.000000	0.026000	-0.004000	29994	30036	29979	25000	25013	24998
27	0.538605	0.037216	-0.060000	0.360000	-0.210000	0.002000	0.014000	-0.008000	29994	30036	29979	25001	25007	24996
28	0.538691	0.000086	-0.060000	0.360000	-0.210000	0.002000	0.014000	-0.008000	29994	30036	29979	25001	25007	24996
29	0.570810	0.032119	-0.060000	0.360000	-0.210000	0.002000	0.014000	-0.008000	29994	30036	29979	25001	25007	24996
30	0.570883	0.000073	-0.350000	-0.270000	-0.220000	0.002000	0.014000	-0.008000	29965	29973	29978	25001	25007	24996
31	0.601615	0.030733	-0.350000	-0.270000	-0.220000	0.034000	-0.028000	-0.006000	29965	29973	29978	25017	24986	24997
32	0.601712	0.000097	-0.190000	-0.210000	0.050000	0.034000	-0.028000	-0.006000	29981	29979	30005	25017	24986	24997
33	0.645943	0.044231	-0.190000	-0.210000	0.050000	0.020000	-0.026000	0.004000	29981	29979	30005	25010	24987	25002
34	0.646123	0.000180	-0.180000	-0.280000	0.040000	0.020000	-0.026000	0.004000	29982	29972	30004	25010	24987	25002
35	0.682126	0.036002	-0.180000	-0.280000	0.040000	0.026000	-0.024000	0.002000	29982	29972	30004	25013	24988	25001
36	0.682255	0.000130	-0.200000	0.200000	0.010000	0.026000	-0.024000	0.002000	29980	30020	30001	25013	24988	25001
37	0.717700	0.035445	-0.200000	0.200000	0.010000	-0.020000	-0.014000	0.002000	29980	30020	30001	24990	24993	25001
38	0.717788	0.000088	0.120000	0.410000	0.300000	-0.020000	-0.014000	0.002000	30012	30041	30030	24990	24993	25001
39	0.750435	0.032647	0.120000	0.410000	0.300000	-0.044000	0.012000	-0.018000	30012	30041	30030	24978	25006	24991
40	0.750524	0.000089	0.120000	0.410000	0.300000	-0.044000	0.012000	-0.018000	30012	30041	30030	24978	25006	24991
41	0.779882	0.029358	0.120000	0.410000	0.300000	-0.044000	0.012000	-0.018000	30012	30041	30030	24978	25006	24991
42	0.779985	0.000103	0.010000	0.190000	0.320000	-0.044000	0.012000	-0.018000	30001	30019	30032	24978	25006	24991
43	0.814463	0.034478	0.010000	0.190000	0.320000	-0.032000	-0.004000	-0.014000	30001	30019	30032	24984	24998	24993
44	0.814550	0.000087	0.060000	-0.010000	0.590000	-0.032000	-0.004000	-0.014000	30006	29999	30059	24984	24998	24993
45	0.850551	0.036001	0.060000	-0.010000	0.590000	-0.026000	-0.004000	-0.014000	30006	29999	30059	24987	24998	24993
46	0.850628	0.000076	0.060000	-0.010000	0.590000	-0.026000	-0.004000	-0.014000	30006	29999	30059	24987	24998	24993
47	0.879964	0.029336	0.060000	-0.010000	0.590000	-0.026000	-0.004000	-0.014000	30006	29999	30059	24987	24998	24993
48	0.880055	0.000091	0.010000	0.010000	0.580000	-0.026000	-0.004000	-0.014000	30001	30001	30058	24987	24998	24993
49	0.943441	0.063386	0.010000	0.010000	0.580000	-0.030000	-0.008000	-0.012000	30001	30001	30058	24985	24996	24994
50	0.943664	0.000223	-0.270000	-0.090000	0.880000	-0.030000	-0.008000	-0.012000	29973	29991	30088	24985	24996	24994
51	0.972953	0.029290	-0.270000	-0.090000	0.880000	-0.008000	-0.018000	0.004000	29973	29991	30088	24996	24991	25002
52	0.973029	0.000075	-0.250000	-0.230000	0.870000	-0.008000	-0.018000	0.004000	29975	29977	30087	24996	24991	25002
53	1.006359	0.033330	-0.250000	-0.230000	0.870000	0.004000	-0.012000	0.002000	29975	29977	30087	25002	24994	25001
54	1.006494	0.000135	-0.110000	0.100000	0.850000	0.004000	-0.012000	0.002000	29989	30010	30085	25002	24994	25001
55	1.036311	0.029817	-0.110000	0.100000	0.850000	-0.016000	0.008000	-0.004000	29989	30010	30085	24992	25004	24998
56	1.036373	0.000062	0.010000	0.150000	0.270000	-0.016000	0.008000	-0.004000	30001	30015	30027	24992	25004	24998
57	1.066930	0.030557	0.010000	0.150000	0.270000	-0.018000	0.018000	0.006000	30001	30015	30027	24991	25009	25003
58	1.067002	0.000072	0.000000	0.220000	0.270000	-0.018000	0.018000	0.006000	30000	30022	30027	24991	25009	25003
59	1.099600	0.032598	0.000000	0.220000	0.270000	-0.024000	0.014000	0.008000	30000	30022	30027	24988	25007	25004
60	1.099798	0.000198	0.210000	0.020000	0.300000	-0.024000	0.014000	0.008000	30021	30002	30030	24988	25007	25004
61	1.127157	0.027359	0.210000	0.020000	0.300000	0.012000	0.028000	0.004000	30021	30002	30030	25006	25014	25002
62	1.127322	0.000164	0.160000	0.130000	0.600000	0.012000	0.028000	0.004000	30016	30013	30060	25006	25014	25002
63	1.158954	0.031632	0.160000	0.130000	0.600000	-0.010000	0.018000	-0.010000	30016	30013	30060	24995	25009	24995
64	1.159056	0.000102	0.110000	0.520000	0.620000	-0.010000	0.018000	-0.010000	30011	30052	30062	24995	25009	24995
65	1.190480	0.031424	0.110000	0.520000	0.620000	-0.038000	0.000000	-0.006000	30011	30052	30062	24981	25000	24997
66	1.190572	0.000092	-0.030000	0.570000	0.610000	-0.038000	0.000000	-0.006000	29997	30057	30061	24981	25000	24997
67	1.218103	0.027532	-0.030000	0.570000	0.610000	-0.054000	-0.012000	-0.002000	29997	30057	30061	24973	24994	24999
68	1.218196	0.000093	0.450000	0.860000	0.600000	-0.054000	-0.012000	-0.002000	30045	30086	30060	24973	24994	24999
69	1.247940	0.029744	0.450000	0.860000	0.600000	-0.074000	0.026000	-0.006000	30045	30086	30060	24963	25013	24997
70	1.248010	0.000070	0.470000	0.700000	0.600000	-0.074000	0.026000	-0.006000	30047	30070	30060	24963	25013	24997
71	1.276487	0.028477	0.470000	0.700000	0.600000	-0.062000	0.034000	-0.006000	30047	30070	30060	24969	25017	24997
72	1.276607	0.000119	0.340000	0.620000	0.600000	-0.062000	0.034000	-0.006000	30034	30062	30060	24969	25017	24997
73	1.307218	0.030611	0.340000	0.620000	0.600000	-0.064000	0.020000	-0.002000	30034	30062	30060	24968	25010	24999
74	1.307282	0.000064	0.000000	0.380000	-0.240000	-0.064000	0.020000	-0.002000	30000	30038	29976	24968	25010	24999
75	1.335394	0.028113	0.000000	0.380000	-0.240000	-0.052000	-0.008000	-0.012000	30000	30038	29976	24974	24996	24994
76	1.335477	0.000083	0.010000	0.300000	-0.250000	-0.052000	-0.008000	-0.012000	30001	30030	29975	24974	24996	24994
77	1.364179	0.028702	0.010000	0.300000	-0.250000	-0.046000	-0.004000	-0.014000	30001	30030	29975	24977	24998	24993
78	1.364258	0.000079	0.320000	0.450000	-0.250000	-0.046000	-0.004000	-0.014000	30032	30045	29975	24977	24998	24993
79	1.392650	0.028391	0.320000	0.450000	-0.250000	-0.038000	0.026000	-0.022000	30032	30045	29975	24981	25013	24989
80	1.392715	0.000065	0.780000	0.760000	0.590000	-0.038000	0.026000	-0.022000	30078	30076	30059	24981	25013	24989
81	1.421859	0.029143	0.780000	0.760000	0.590000	-0.060000	0.062000	-0.014000	30078	30076	30059	24970	25031	24993
82	1.421930	0.000071	0.790000	0.690000	0.590000	-0.060000	0.062000	-0.014000	30079	30069	30059	24970	25031	24993
83	1.450889	0.028959	0.790000	0.690000	0.590000	-0.054000	0.064000	-0.016000	30079	30069	30059	24973	25032	24992
84	1.450977	0.000087	0.600000	0.370000	0.610000	-0.054000	0.064000	-0.016000	30060	30037	30061	24973	25032	24992
85	1.482238	0.031262	0.600000	0.370000	0.610000	-0.038000	0.040000	-0.008000	30060	30037	30061	24981	25020	24996
86	1.482311	0.000073	-0.530000	-0.220000	0.340000	-0.038000	0.040000	-0.008000	29947	29978	30034	24981	25020	24996
87	1.512369	0.030058	-0.530000	-0.220000	0.340000	0.038000	-0.030000	0.004000	29947	29978	30034	25019	24985	25002
88	1.512448	0.000079	-0.510000	-0.370000	0.330000	0.038000	-0.030000	0.004000	29949	29963	30033	25019	24985	25002
89	1.543052	0.030604	-0.510000	-0.370000	0.330000	0.052000	-0.022000	0.002000	29949	29963	30033	25026	24989	25001
90	1.543118	0.000066	-0.470000	-0.250000	0.320000	0.052000	-0.022000	0.002000	29953	29975	30032	25026	24989	25001
91	1.570292	0.027174	-0.470000	-0.250000	0.320000	0.042000	-0.016000	0.000000	29953	29975	30032	25021	24992	25000
92	1.570367	0.000075	0.360000	0.230000	0.010000	0.042000	-0.016000	0.000000	30036	30023	30001	25021	24992	25000
93	1.600394	0.030027	0.360000	0.230000	0.010000	-0.028000	0.036000	-0.002000	30036	30023	30001	24986	25018	24999
94	1.600464	0.000071	0.350000	0.310000	0.020000	-0.028000	0.036000	-0.002000	30035	30031	30002	24986	25018	24999
95	1.627573	0.027108	0.350000	0.310000	0.020000	-0.034000	0.032000	-0.002000	30035	30031	30002	24983	25016	24999
96	1.627664	0.000091	0.350000	0.310000	0.020000	-0.034000	0.032000	-0.002000	30035	30031	30002	24983	25016	24999
97	1.656846	0.029182	0.350000	0.310000	0.020000	-0.034000	0.032000	-0.002000	30035	30031	30002	24983	25016	24999
98	1.656909	0.000063	-0.260000	-0.080000	1.160000	-0.034000	0.032000	-0.002000	29974	29992	30116	24983	25016	24999
99	1.684846	0.027937	-0.260000	-0.080000	1.160000	0.002000	-0.010000	-0.006000	29974	29992	30116	25001	24995	24997
100	1.684915	0.000069	-0.320000	0.370000	1.190000	0.002000	-0.010000	-0.006000	29968	30037	30119	25001	24995	24997
101	1.712256	0.027341	-0.320000	0.370000	1.190000	-0.032000	-0.032000	-0.002000	29968	30037	30119	24984	24984	24999
102	1.712326	0.000070	-0.320000	0.370000	1.190000	-0.032000	-0.032000	-0.002000	29968	30037	30119	24984	24984	24999
103	1.740401	0.028075	-0.320000	0.370000	1.190000	-0.032000	-0.032000	-0.002000	29968	30037	30119	24984	24984	24999
104	1.740462	0.000061	-0.260000	0.600000	-0.250000	-0.032000	-0.032000	-0.002000	29974	30060	29975	24984	24984	24999
105	1.773056	0.032594	-0.260000	0.600000	-0.250000	-0.062000	-0.036000	0.004000	29974	30060	29975	24969	24982	25002
106	1.773153	0.000097	-0.210000	0.150000	-0.270000	-0.062000	-0.036000	0.004000	29979	30015	29973	24969	24982	25002
107	1.803310	0.030157	-0.210000	0.150000	-0.270000	-0.028000	-0.016000	-0.002000	29979	30015	29973	24986	24992	24999
108	1.803383	0.000073	-0.210000	0.150000	-0.270000	-0.028000	-0.016000	-0.002000	29979	30015	29973	24986	24992	24999
109	1.830442	0.027059	-0.210000	0.150000	-0.270000	-0.028000	-0.016000	-0.002000	29979	30015	29973	24986	24992	24999
110	1.830506	0.000064	0.300000	0.230000	-0.230000	-0.028000	-0.016000	-0.002000	30030	30023	29977	24986	24992	24999
111	1.859663	0.029157	0.300000	0.230000	-0.230000	-0.034000	0.016000	-0.002000	30030	30023	29977	24983	25008	24999
112	1.859740	0.000077	0.340000	0.260000	0.620000	-0.034000	0.016000	-0.002000	30034	30026	30062	24983	25008	24999
113	1.891852	0.032112	0.340000	0.260000	0.620000	-0.040000	0.018000	-0.002000	30034	30026	30062	24980	25009	24999
114	1.891935	0.000083	0.340000	0.260000	0.620000	-0.040000	0.018000	-0.002000	30034	30026	30062	24980	25009	24999
115	1.922453	0.030518	0.340000	0.260000	0.620000	-0.040000	0.018000	-0.002000	30034	30026	30062	24980	25009	24999
116	1.922523	0.000070	0.200000	-0.370000	0.660000	-0.040000	0.018000	-0.002000	30020	29963	30066	24980	25009	24999
117	1.953969	0.031446	0.200000	-0.370000	0.660000	0.008000	-0.012000	0.000000	30020	29963	30066	25004	24994	25000
118	1.954049	0.000080	-0.060000	-0.080000	0.110000	0.008000	-0.012000	0.000000	29994	29992	30011	25004	24994	25000
119	1.986858	0.032808	-0.060000	-0.080000	0.110000	-0.008000	-0.036000	-0.004000	29994	29992	30011	24996	24982	24998
120	1.986932	0.000075	-0.060000	-0.080000	0.110000	-0.008000	-0.036000	-0.004000	29994	29992	30011	24996	24982	24998
121	2.016888	0.029956	-0.060000	-0.080000	0.110000	-0.008000	-0.036000	-0.004000	29994	29992	30011	24996	24982	24998
122	2.016968	0.000080	0.020000	0.820000	0.010000	-0.008000	-0.036000	-0.004000	30002	30082	30001	24996	24982	24998
123	2.045521	0.028553	0.020000	0.820000	0.010000	-0.066000	0.000000	-0.010000	30002	30082	30001	24967	25000	24995
124	2.045583	0.000063	0.180000	0.810000	0.570000	-0.066000	0.000000	-0.010000	30018	30081	30057	24967	25000	24995
125	2.072336	0.026753	0.180000	0.810000	0.570000	-0.072000	0.010000	-0.006000	30018	30081	30057	24964	25005	24997
126	2.072397	0.000061	0.220000	0.430000	0.550000	-0.072000	0.010000	-0.006000	30022	30043	30055	24964	25005	24997
127	2.098617	0.026219	0.220000	0.430000	0.550000	-0.042000	0.028000	-0.010000	30022	30043	30055	24979	25014	24995
128	2.098670	0.000053	-0.140000	-0.070000	0.590000	-0.042000	0.028000	-0.010000	29986	29993	30059	24979	25014	24995
129	2.129380	0.030710	-0.140000	-0.070000	0.590000	-0.020000	-0.016000	0.000000	29986	29993	30059	24990	24992	25000
130	2.129455	0.000075	-0.190000	0.110000	0.330000	-0.020000	-0.016000	0.000000	29981	30011	30033	24990	24992	25000
131	2.160590	0.031135	-0.190000	0.110000	0.330000	-0.022000	-0.006000	0.002000	29981	30011	30033	24989	24997	25001
132	2.160715	0.000125	-0.190000	0.110000	0.330000	-0.022000	-0.006000	0.002000	29981	30011	30033	24989	24997	25001
133	2.199358	0.038644	-0.190000	0.110000	0.330000	-0.022000	-0.006000	0.002000	29981	30011	30033	24989	24997	25001
134	2.199454	0.000096	-0.150000	0.130000	0.320000	-0.022000	-0.006000	0.002000	29985	30013	30032	24989	24997	25001
135	2.238840	0.039386	-0.150000	0.130000	0.320000	-0.002000	0.008000	0.000000	29985	30013	30032	24999	25004	25000
136	2.238925	0.000085	-0.210000	-0.020000	0.300000	-0.002000	0.008000	0.000000	29979	29998	30030	24999	25004	25000
137	2.265996	0.027071	-0.210000	-0.020000	0.300000	0.000000	-0.010000	-0.004000	29979	29998	30030	25000	24995	24998
138	2.266087	0.000091	-0.230000	0.130000	0.310000	0.000000	-0.010000	-0.004000	29977	30013	30031	25000	24995	24998
139	2.305382	0.039295	-0.230000	0.130000	0.310000	-0.012000	-0.018000	-0.002000	29977	30013	30031	24994	24991	24999
140	2.305449	0.000068	-0.640000	-0.150000	0.340000	-0.012000	-0.018000	-0.002000	29936	29985	30034	24994	24991	24999
141	2.333180	0.027731	-0.640000	-0.150000	0.340000	0.026000	-0.046000	0.002000	29936	29985	30034	25013	24977	25001
142	2.333267	0.000087	-0.520000	0.010000	0.930000	0.026000	-0.046000	0.002000	29948	30001	30093	25013	24977	25001
143	2.366522	0.033255	-0.520000	0.010000	0.930000	0.020000	-0.026000	0.008000	29948	30001	30093	25010	24987	25004
144	2.366609	0.000087	-0.540000	0.170000	0.940000	0.020000	-0.026000	0.008000	29946	30017	30094	25010	24987	25004
145	2.396044	0.029435	-0.540000	0.170000	0.940000	0.006000	-0.034000	0.010000	29946	30017	30094	25003	24983	25005
146	2.396109	0.000065	0.380000	0.760000	0.900000	0.006000	-0.034000	0.010000	30038	30076	30090	25003	24983	25005
147	2.423714	0.027605	0.380000	0.760000	0.900000	-0.044000	0.036000	-0.006000	30038	30076	30090	24978	25018	24997
148	2.423780	0.000065	0.300000	0.760000	0.610000	-0.044000	0.036000	-0.006000	30030	30076	30061	24978	25018	24997
149	2.453686	0.029906	0.300000	0.760000	0.610000	-0.042000	0.032000	-0.010000	30030	30076	30061	24979	25016	24995
150	2.453749	0.000063	0.340000	0.460000	0.600000	-0.042000	0.032000	-0.010000	30034	30046	30060	24979	25016	24995
151	2.484952	0.031203	0.340000	0.460000	0.600000	-0.018000	0.046000	-0.012000	30034	30046	30060	24991	25023	24994
152	2.485071	0.000118	0.110000	0.290000	0.620000	-0.018000	0.046000	-0.012000	30011	30029	30062	24991	25023	24994
153	2.513990	0.028920	0.110000	0.290000	0.620000	-0.016000	0.022000	-0.008000	30011	30029	30062	24992	25011	24996
154	2.514075	0.000085	0.290000	0.200000	0.310000	-0.016000	0.022000	-0.008000	30029	30020	30031	24992	25011	24996
155	2.551033	0.036958	0.290000	0.200000	0.310000	-0.022000	0.022000	-0.002000	30029	30020	30031	24989	25011	24999
156	2.551195	0.000162	0.270000	0.350000	0.320000	-0.022000	0.022000	-0.002000	30027	30035	30032	24989	25011	24999
157	2.583929	0.032734	0.270000	0.350000	0.320000	-0.034000	0.016000	-0.002000	30027	30035	30032	24983	25008	24999
158	2.584023	0.000094	0.040000	0.300000	0.320000	-0.034000	0.016000	-0.002000	30004	30030	30032	24983	25008	24999
159	2.614781	0.030759	0.040000	0.300000	0.320000	-0.046000	-0.006000	0.004000	30004	30030	30032	24977	24997	25002
160	2.614857	0.000076	-0.020000	0.200000	0.890000	-0.046000	-0.006000	0.004000	29998	30020	30089	24977	24997	25002
161	2.646801	0.031944	-0.020000	0.200000	0.890000	-0.036000	-0.004000	0.002000	29998	30020	30089	24982	24998	25001
162	2.646877	0.000076	-0.020000	0.200000	0.890000	-0.036000	-0.004000	0.002000	29998	30020	30089	24982	24998	25001
163	2.679162	0.032285	-0.020000	0.200000	0.890000	-0.036000	-0.004000	0.002000	29998	30020	30089	24982	24998	25001
164	2.679260	0.000098	-0.190000	0.300000	0.900000	-0.036000	-0.004000	0.002000	29981	30030	30090	24982	24998	25001
165	2.707124	0.027864	-0.190000	0.300000	0.900000	-0.038000	-0.012000	-0.002000	29981	30030	30090	24981	24994	24999
166	2.707255	0.000130	-0.240000	0.270000	1.190000	-0.038000	-0.012000	-0.002000	29976	30027	30119	24981	24994	24999
167	2.736738	0.029483	-0.240000	0.270000	1.190000	-0.036000	-0.014000	-0.004000	29976	30027	30119	24982	24993	24998
168	2.736808	0.000070	-0.230000	0.200000	1.190000	-0.036000	-0.014000	-0.004000	29977	30020	30119	24982	24993	24998
169	2.767073	0.030265	-0.230000	0.200000	1.190000	-0.030000	-0.010000	-0.004000	29977	30020	30119	24985	24995	24998
170	2.767154	0.000081	-0.260000	0.080000	1.190000	-0.030000	-0.010000	-0.004000	29974	30008	30119	24985	24995	24998
171	2.794732	0.027578	-0.260000	0.080000	1.190000	-0.022000	-0.016000	-0.002000	29974	30008	30119	24989	24992	24999
172	2.794793	0.000061	0.260000	0.020000	0.310000	-0.022000	-0.016000	-0.002000	30026	30002	30031	24989	24992	24999
173	2.826757	0.031965	0.260000	0.020000	0.310000	-0.020000	0.012000	0.008000	30026	30002	30031	24990	25006	25004
174	2.826844	0.000087	0.250000	0.100000	0.310000	-0.020000	0.012000	0.008000	30025	30010	30031	24990	25006	25004
175	2.856488	0.029644	0.250000	0.100000	0.310000	-0.024000	0.008000	0.010000	30025	30010	30031	24988	25004	25005
176	2.856573	0.000085	0.350000	0.460000	0.290000	-0.024000	0.008000	0.010000	30035	30046	30029	24988	25004	25005
177	2.889779	0.033206	0.350000	0.460000	0.290000	-0.050000	0.024000	0.004000	30035	30046	30029	24975	25012	25002
178	2.889880	0.000101	0.090000	0.340000	-0.250000	-0.050000	0.024000	0.004000	30009	30034	29975	24975	25012	25002
179	2.922616	0.032736	0.090000	0.340000	-0.250000	-0.022000	0.016000	-0.022000	30009	30034	29975	24989	25008	24989
180	2.922703	0.000087	0.080000	0.420000	-0.250000	-0.022000	0.016000	-0.022000	30008	30042	29975	24989	25008	24989
181	2.956180	0.033477	0.080000	0.420000	-0.250000	-0.028000	0.012000	-0.022000	30008	30042	29975	24986	25006	24989
182	2.956265	0.000086	-0.070000	-0.170000	-0.210000	-0.028000	0.012000	-0.022000	29993	29983	29979	24986	25006	24989
183	2.990485	0.034220	-0.070000	-0.170000	-0.210000	0.014000	-0.016000	-0.012000	29993	29983	29979	25007	24992	24994
184	2.990570	0.000085	-0.420000	-0.280000	0.650000	0.014000	-0.016000	-0.012000	29958	29972	30065	25007	24992	24994
185	3.024898	0.034328	-0.420000	-0.280000	0.650000	0.014000	-0.040000	0.000000	29958	29972	30065	25007	24980	25000
186	3.024978	0.000081	-0.400000	-0.420000	0.640000	0.014000	-0.040000	0.000000	29960	29958	30064	25007	24980	25000
187	3.060184	0.035206	-0.400000	-0.420000	0.640000	0.028000	-0.034000	-0.002000	29960	29958	30064	25014	24983	24999
188	3.060255	0.000071	-0.340000	-0.190000	0.620000	0.028000	-0.034000	-0.002000	29966	29981	30062	25014	24983	24999
189	3.088074	0.027819	-0.340000	-0.190000	0.620000	0.008000	-0.022000	-0.004000	29966	29981	30062	25004	24989	24998
190	3.088144	0.000070	-0.240000	0.140000	-0.210000	0.008000	-0.022000	-0.004000	29976	30014	29979	25004	24989	24998
191	3.119265	0.031121	-0.240000	0.140000	-0.210000	-0.012000	-0.020000	-0.002000	29976	30014	29979	24994	24990	24999
192	3.119342	0.000077	-0.270000	0.370000	-0.200000	-0.012000	-0.020000	-0.002000	29973	30037	29980	24994	24990	24999
193	3.146985	0.027643	-0.270000	0.370000	-0.200000	-0.030000	-0.032000	0.002000	29973	30037	29980	24985	24984	25001
194	3.147078	0.000092	-0.240000	0.490000	-0.210000	-0.030000	-0.032000	0.002000	29976	30049	29979	24985	24984	25001
195	3.181576	0.034499	-0.240000	0.490000	-0.210000	-0.038000	-0.026000	0.000000	29976	30049	29979	24981	24987	25000
196	3.181670	0.000094	0.310000	0.550000	-0.200000	-0.038000	-0.026000	0.000000	30031	30055	29980	24981	24987	25000
197	3.219193	0.037523	0.310000	0.550000	-0.200000	-0.044000	0.014000	-0.008000	30031	30055	29980	24978	25007	24996
198	3.219289	0.000096	0.420000	0.600000	0.650000	-0.044000	0.014000	-0.008000	30042	30060	30065	24978	25007	24996
199	3.248274	0.028985	0.420000	0.600000	0.650000	-0.044000	0.032000	-0.006000	30042	30060	30065	24978	25016	24997
200	3.248379	0.000106	0.510000	0.950000	0.630000	-0.044000	0.032000	-0.006000	30051	30095	30063	24978	25016	24997
201	3.280766	0.032386	0.510000	0.950000	0.630000	-0.068000	0.048000	-0.012000	30051	30095	30063	24966	25024	24994
202	3.280823	0.000057	0.170000	0.750000	0.580000	-0.068000	0.048000	-0.012000	30017	30075	30058	24966	25024	24994
203	3.308535	0.027713	0.170000	0.750000	0.580000	-0.050000	0.030000	-0.002000	30017	30075	30058	24975	25015	24999
204	3.308660	0.000124	0.070000	0.400000	-0.290000	-0.050000	0.030000	-0.002000	30007	30040	29971	24975	25015	24999
205	3.337493	0.028833	0.070000	0.400000	-0.290000	-0.030000	0.020000	-0.008000	30007	30040	29971	24985	25010	24996
206	3.337562	0.000069	-0.060000	-0.080000	-0.260000	-0.030000	0.020000	-0.008000	29994	29992	29974	24985	25010	24996
207	3.368943	0.031381	-0.060000	-0.080000	-0.260000	0.004000	-0.002000	0.000000	29994	29992	29974	25002	24999	25000
208	3.369077	0.000134	-0.010000	0.020000	-0.250000	0.004000	-0.002000	0.000000	29999	30002	29975	25002	24999	25000
209	3.397234	0.028157	-0.010000	0.020000	-0.250000	-0.010000	-0.002000	-0.004000	29999	30002	29975	24995	24999	24998
210	3.397320	0.000087	-0.060000	-0.090000	0.300000	-0.010000	-0.002000	-0.004000	29994	29991	30030	24995	24999	24998
211	3.436883	0.039562	-0.060000	-0.090000	0.300000	-0.010000	-0.018000	-0.008000	29994	29991	30030	24995	24991	24996
212	3.436951	0.000068	-0.060000	-0.090000	0.300000	-0.010000	-0.018000	-0.008000	29994	29991	30030	24995	24991	24996
213	3.464678	0.027727	-0.060000	-0.090000	0.300000	-0.010000	-0.018000	-0.008000	29994	29991	30030	24995	24991	24996
214	3.464740	0.000062	-0.110000	-0.080000	0.290000	-0.010000	-0.018000	-0.008000	29989	29992	30029	24995	24991	24996
215	3.496111	0.031371	-0.110000	-0.080000	0.290000	-0.016000	-0.022000	-0.006000	29989	29992	30029	24992	24989	24997
216	3.496208	0.000097	0.280000	-0.010000	0.570000	-0.016000	-0.022000	-0.006000	30028	29999	30057	24992	24989	24997
217	3.524524	0.028316	0.280000	-0.010000	0.570000	-0.026000	0.010000	0.006000	30028	29999	30057	24987	25005	25003
218	3.524602	0.000078	0.280000	-0.010000	0.570000	-0.026000	0.010000	0.006000	30028	29999	30057	24987	25005	25003
219	3.554810	0.030208	0.280000	-0.010000	0.570000	-0.026000	0.010000	0.006000	30028	29999	30057	24987	25005	25003
220	3.554916	0.000106	0.490000	0.510000	0.550000	-0.026000	0.010000	0.006000	30049	30051	30055	24987	25005	25003
221	3.624488	0.069572	0.490000	0.510000	0.550000	-0.088000	0.026000	-0.002000	30049	30051	30055	24956	25013	24999
222	3.624581	0.000093	0.440000	0.770000	1.150000	-0.088000	0.026000	-0.002000	30044	30077	30115	24956	25013	24999
223	3.653191	0.028610	0.440000	0.770000	1.150000	-0.092000	0.038000	-0.002000	30044	30077	30115	24954	25019	24999
224	3.653315	0.000123	0.460000	0.620000	1.140000	-0.092000	0.038000	-0.002000	30046	30062	30114	24954	25019	24999
225	3.679808	0.026493	0.460000	0.620000	1.140000	-0.080000	0.046000	-0.004000	30046	30062	30114	24960	25023	24998
226	3.679887	0.000079	0.520000	0.100000	1.170000	-0.080000	0.046000	-0.004000	30052	30010	30117	24960	25023	24998
227	3.707452	0.027565	0.520000	0.100000	1.170000	-0.012000	0.048000	0.000000	30052	30010	30117	24994	25024	25000
228	3.707513	0.000061	0.280000	0.090000	0.030000	-0.012000	0.048000	0.000000	30028	30009	30003	24994	25024	25000
229	3.733997	0.026484	0.280000	0.090000	0.030000	-0.008000	0.028000	-0.008000	30028	30009	30003	24996	25014	24996
230	3.734085	0.000088	0.250000	0.320000	0.050000	-0.008000	0.028000	-0.008000	30025	30032	30005	24996	25014	24996
231	3.761011	0.026926	0.250000	0.320000	0.050000	-0.024000	0.016000	-0.004000	30025	30032	30005	24988	25008	24998
232	3.761105	0.000094	0.390000	0.660000	0.020000	-0.024000	0.016000	-0.004000	30039	30066	30002	24988	25008	24998
233	3.793397	0.032292	0.390000	0.660000	0.020000	-0.044000	0.038000	-0.012000	30039	30066	30002	24978	25019	24994
234	3.793513	0.000116	0.430000	0.590000	0.020000	-0.044000	0.038000	-0.012000	30043	30059	30002	24978	25019	24994
235	3.862413	0.068900	0.430000	0.590000	0.020000	-0.044000	0.036000	-0.012000	30043	30059	30002	24978	25018	24994
236	3.862501	0.000088	0.450000	0.440000	0.010000	-0.044000	0.036000	-0.012000	30045	30044	30001	24978	25018	24994
237	3.892607	0.030106	0.450000	0.440000	0.010000	-0.032000	0.042000	-0.012000	30045	30044	30001	24984	25021	24994
238	3.892682	0.000074	0.050000	0.260000	0.070000	-0.032000	0.042000	-0.012000	30005	30026	30007	24984	25021	24994
239	3.923781	0.031099	0.050000	0.260000	0.070000	-0.010000	0.012000	-0.014000	30005	30026	30007	24995	25006	24993
240	3.923852	0.000071	0.100000	0.300000	0.070000	-0.010000	0.012000	-0.014000	30010	30030	30007	24995	25006	24993
241	3.963387	0.039536	0.100000	0.300000	0.070000	-0.010000	0.022000	-0.012000	30010	30030	30007	24995	25011	24994
242	3.963518	0.000130	0.110000	0.220000	0.070000	-0.010000	0.022000	-0.012000	30011	30022	30007	24995	25011	24994
243	3.996948	0.033430	0.110000	0.220000	0.070000	-0.004000	0.026000	-0.012000	30011	30022	30007	24998	25013	24994
244	3.997023	0.000075	0.050000	0.350000	0.010000	-0.004000	0.026000	-0.012000	30005	30035	30001	24998	25013	24994
245	4.024865	0.027842	0.050000	0.350000	0.010000	-0.028000	0.024000	-0.004000	30005	30035	30001	24986	25012	24998
246	4.024945	0.000080	-0.080000	-0.110000	0.830000	-0.028000	0.024000	-0.004000	29992	29989	30083	24986	25012	24998
247	4.055317	0.030371	-0.080000	-0.110000	0.830000	-0.006000	0.002000	-0.016000	29992	29989	30083	24997	25001	24992
248	4.055411	0.000095	-0.090000	-0.030000	0.840000	-0.006000	0.002000	-0.016000	29991	29997	30084	24997	25001	24992
249	4.090874	0.035463	-0.090000	-0.030000	0.840000	-0.012000	-0.002000	-0.014000	29991	29997	30084	24994	24999	24993
250	4.090966	0.000092	0.210000	0.340000	0.820000	-0.012000	-0.002000	-0.014000	30021	30034	30082	24994	24999	24993
251	4.120444	0.029478	0.210000	0.340000	0.820000	-0.046000	0.024000	-0.022000	30021	30034	30082	24977	25012	24989
252	4.120535	0.000090	0.380000	0.560000	1.110000	-0.046000	0.024000	-0.022000	30038	30056	30111	24977	25012	24989
253	4.150850	0.030315	0.380000	0.560000	1.110000	-0.062000	0.036000	-0.016000	30038	30056	30111	24969	25018	24992
254	4.150969	0.000119	0.350000	0.790000	1.120000	-0.062000	0.036000	-0.016000	30035	30079	30112	24969	25018	24992
255	4.178282	0.027314	0.350000	0.790000	1.120000	-0.080000	0.026000	-0.014000	30035	30079	30112	24960	25013	24993
256	4.178357	0.000074	-0.190000	0.550000	1.140000	-0.080000	0.026000	-0.014000	29981	30055	30114	24960	25013	24993
257	4.206949	0.028592	-0.190000	0.550000	1.140000	-0.050000	-0.008000	-0.006000	29981	30055	30114	24975	24996	24997
258	4.207024	0.000075	0.090000	1.040000	0.320000	-0.050000	-0.008000	-0.006000	30009	30104	30032	24975	24996	24997
259	4.235189	0.028165	0.090000	1.040000	0.320000	-0.070000	0.030000	0.008000	30009	30104	30032	24965	25015	25004
260	4.235269	0.000079	0.080000	1.120000	0.330000	-0.070000	0.030000	0.008000	30008	30112	30033	24965	25015	25004
261	4.263756	0.028487	0.080000	1.120000	0.330000	-0.076000	0.026000	0.010000	30008	30112	30033	24962	25013	25005
262	4.263859	0.000103	0.450000	0.380000	0.370000	-0.076000	0.026000	0.010000	30045	30038	30037	24962	25013	25005
263	4.300815	0.036956	0.450000	0.380000	0.370000	-0.036000	0.020000	0.018000	30045	30038	30037	24982	25010	25009
264	4.300907	0.000092	0.180000	0.160000	0.350000	-0.036000	0.020000	0.018000	30018	30016	30035	24982	25010	25009
265	4.328932	0.028026	0.180000	0.160000	0.350000	-0.028000	-0.008000	0.008000	30018	30016	30035	24986	24996	25004
266	4.329016	0.000084	0.190000	0.090000	0.350000	-0.028000	-0.008000	0.008000	30019	30009	30035	24986	24996	25004
267	4.362891	0.033876	0.190000	0.090000	0.350000	-0.022000	-0.004000	0.008000	30019	30009	30035	24989	24998	25004
268	4.362968	0.000076	0.210000	0.750000	0.330000	-0.022000	-0.004000	0.008000	30021	30075	30033	24989	24998	25004
269	4.397889	0.034921	0.210000	0.750000	0.330000	-0.072000	0.012000	-0.004000	30021	30075	30033	24964	25006	24998
270	4.397987	0.000098	0.150000	0.760000	0.610000	-0.072000	0.012000	-0.004000	30015	30076	30061	24964	25006	24998
271	4.427612	0.029625	0.150000	0.760000	0.610000	-0.072000	0.008000	-0.008000	30015	30076	30061	24964	25004	24996
272	4.427680	0.000068	0.160000	0.610000	0.610000	-0.072000	0.008000	-0.008000	30016	30061	30061	24964	25004	24996
273	4.459455	0.031775	0.160000	0.610000	0.610000	-0.060000	0.014000	-0.008000	30016	30061	30061	24970	25007	24996
274	4.459534	0.000079	0.050000	0.270000	0.610000	-0.060000	0.014000	-0.008000	30005	30027	30061	24970	25007	24996
275	4.495164	0.035629	0.050000	0.270000	0.610000	-0.030000	0.002000	-0.002000	30005	30027	30061	24985	25001	24999
276	4.495257	0.000093	-0.050000	0.170000	0.330000	-0.030000	0.002000	-0.002000	29995	30017	30033	24985	25001	24999
277	4.522447	0.027190	-0.050000	0.170000	0.330000	-0.018000	0.002000	-0.004000	29995	30017	30033	24991	25001	24998
278	4.522539	0.000092	-0.080000	0.170000	0.330000	-0.018000	0.002000	-0.004000	29992	30017	30033	24991	25001	24998
279	4.553995	0.031456	0.020000	0.070000	0.620000	-0.018000	0.002000	-0.004000	30002	30007	30062	24991	25001	24998
280	4.584264	0.030269	0.020000	0.070000	0.620000	0.004000	-0.004000	-0.004000	30002	30007	30062	25002	24998	24998
281	4.584338	0.000073	-0.270000	-0.050000	-0.530000	0.004000	-0.004000	-0.004000	29973	29995	29947	25002	24998	24998
282	4.614452	0.030114	-0.270000	-0.050000	-0.530000	0.004000	-0.016000	-0.006000	29973	29995	29947	25002	24992	24997
283	4.614535	0.000082	-0.210000	0.150000	0.340000	0.004000	-0.016000	-0.006000	29979	30015	30034	25002	24992	24997
284	4.648457	0.033922	-0.210000	0.150000	0.340000	0.012000	-0.002000	-0.016000	29979	30015	30034	25006	24999	24992
285	4.648558	0.000101	0.080000	-0.010000	0.940000	0.012000	-0.002000	-0.016000	30008	29999	30094	25006	24999	24992
286	4.682854	0.034296	0.240000	0.220000	0.870000	0.012000	-0.002000	-0.016000	30024	30022	30087	25006	24999	24992
287	4.719736	0.036882	-0.330000	0.210000	0.350000	0.012000	-0.002000	-0.016000	29967	30021	30035	25006	24999	24992
288	4.752676	0.032941	-0.330000	0.210000	0.350000	-0.008000	-0.016000	0.008000	29967	30021	30035	24996	24992	25004
289	4.752747	0.000071	0.600000	0.240000	0.910000	-0.008000	-0.016000	0.008000	30060	30024	30091	24996	24992	25004
290	4.778708	0.025960	0.600000	0.240000	0.910000	-0.024000	0.040000	-0.002000	30060	30024	30091	24988	25020	24999
291	4.778767	0.000060	0.200000	0.310000	0.590000	-0.024000	0.040000	-0.002000	30020	30031	30059	24988	25020	24999
292	4.809778	0.031011	0.200000	0.310000	0.590000	-0.036000	0.020000	0.002000	30020	30031	30059	24982	25010	25001
293	4.809854	0.000076	0.250000	0.960000	0.010000	-0.036000	0.020000	0.002000	30025	30096	30001	24982	25010	25001
294	4.840947	0.031093	0.010000	-0.090000	0.000000	-0.036000	0.020000	0.002000	30001	29991	30000	24982	25010	25001
295	4.868802	0.027856	-0.010000	-0.100000	0.290000	-0.036000	0.020000	0.002000	29999	29990	30029	24982	25010	25001
296	4.896685	0.027883	-0.010000	-0.100000	0.290000	0.010000	0.024000	-0.002000	29999	29990	30029	25005	25012	24999
297	4.896755	0.000070	-0.630000	-0.330000	0.620000	0.010000	0.024000	-0.002000	29937	29967	30062	25005	25012	24999
298	4.927604	0.030849	-0.630000	-0.330000	0.620000	0.020000	-0.038000	-0.008000	29937	29967	30062	25010	24981	24996
299	4.927729	0.000125	-0.630000	-0.330000	0.620000	0.036000	0.000000	-0.014000	29937	29967	30062	25018	25000	24993
300	4.927780	0.000051	0.170000	-0.260000	0.900000	0.036000	0.000000	-0.014000	30017	29974	30090	25018	25000	24993
301	4.959988	0.032209	0.040000	0.130000	0.620000	0.036000	0.000000	-0.014000	30004	30013	30062	25018	25000	24993
302	4.988289	0.028301	-0.050000	0.200000	0.630000	0.036000	0.000000	-0.014000	29995	30020	30063	25018	25000	24993
303	5.014160	0.025870	0.290000	0.540000	0.610000	0.036000	0.000000	-0.014000	30029	30054	30061	25018	25000	24993
304	5.040593	0.026434	0.290000	0.540000	0.610000	-0.048000	0.030000	-0.014000	30029	30054	30061	24976	25015	24993
305	5.040686	0.000093	0.060000	0.410000	-0.230000	-0.048000	0.030000	-0.014000	30006	30041	29977	24976	25015	24993
306	5.071792	0.031106	-0.070000	0.380000	-0.230000	-0.048000	0.030000	-0.014000	29993	30038	29977	24976	25015	24993
307	5.110001	0.038209	-0.400000	-0.160000	0.640000	-0.048000	0.030000	-0.014000	29960	29984	30064	24976	25015	24993
308	5.144448	0.034447	-0.400000	-0.160000	0.640000	0.032000	-0.022000	0.000000	29960	29984	30064	25016	24989	25000
309	5.144580	0.000132	0.280000	0.070000	0.010000	0.032000	-0.022000	0.000000	30028	30007	30001	25016	24989	25000
310	5.176823	0.032243	0.030000	0.120000	0.010000	0.032000	-0.022000	0.000000	30003	30012	30001	25016	24989	25000
311	5.208696	0.031873	0.300000	-0.310000	0.650000	0.032000	-0.022000	0.000000	30030	29969	30065	25016	24989	25000
312	5.240228	0.031532	0.300000	-0.310000	0.650000	0.018000	0.012000	0.004000	30030	29969	30065	25009	25006	25002
313	5.240298	0.000071	-0.280000	0.480000	1.490000	0.018000	0.012000	0.004000	29972	30048	30149	25009	25006	25002
314	5.270786	0.030488	-0.280000	0.480000	1.490000	-0.050000	-0.040000	0.000000	29972	30048	30149	24975	24980	25000
315	5.270867	0.000081	-0.140000	0.030000	-0.500000	-0.050000	-0.040000	0.000000	29986	30003	29950	24975	24980	25000
316	5.303766	0.032899	-0.140000	0.030000	-0.500000	-0.026000	-0.022000	0.004000	29986	30003	29950	24987	24989	25002
317	5.303847	0.000081	0.080000	-0.080000	0.890000	-0.026000	-0.022000	0.004000	30008	29992	30089	24987	24989	25002
318	5.330413	0.026567	0.080000	-0.080000	0.890000	-0.012000	0.000000	0.016000	30008	29992	30089	24994	25000	25008
319	5.330489	0.000076	0.150000	0.220000	0.560000	-0.012000	0.000000	0.016000	30015	30022	30056	24994	25000	25008
320	5.362705	0.032217	0.150000	0.220000	0.560000	-0.026000	0.022000	-0.004000	30015	30022	30056	24987	25011	24998
321	5.362764	0.000059	-0.010000	0.010000	1.150000	-0.026000	0.022000	-0.004000	29999	30001	30115	24987	25011	24998
322	5.391667	0.028903	-0.010000	0.010000	1.150000	-0.010000	0.004000	-0.002000	29999	30001	30115	24995	25002	24999
323	5.391769	0.000102	-0.010000	0.010000	1.150000	-0.046000	-0.002000	-0.004000	29999	30001	30115	24977	24999	24998
324	5.391801	0.000031	0.000000	0.370000	0.060000	-0.046000	-0.002000	-0.004000	30000	30037	30006	24977	24999	24998
325	5.420233	0.028432	0.200000	0.620000	-0.200000	-0.046000	-0.002000	-0.004000	30020	30062	29980	24977	24999	24998
326	5.453365	0.033132	0.200000	0.620000	-0.200000	-0.042000	0.006000	-0.004000	30020	30062	29980	24979	25003	24998
327	5.453464	0.000099	0.160000	0.650000	0.310000	-0.042000	0.006000	-0.004000	30016	30065	30031	24979	25003	24998
328	5.493433	0.039969	0.160000	0.650000	0.310000	-0.054000	0.012000	-0.022000	30016	30065	30031	24973	25006	24989
329	5.493545	0.000113	0.070000	-0.070000	0.070000	-0.054000	0.012000	-0.022000	30007	29993	30007	24973	25006	24989
330	5.530576	0.037031	0.070000	-0.070000	0.070000	-0.002000	-0.008000	-0.022000	30007	29993	30007	24999	24996	24989
331	5.530663	0.000087	0.290000	0.090000	0.310000	-0.002000	-0.008000	-0.022000	30029	30009	30031	24999	24996	24989
332	5.558437	0.027773	0.290000	0.090000	0.310000	-0.006000	0.030000	0.008000	30029	30009	30031	24997	25015	25004
333	5.558528	0.000092	0.270000	0.140000	0.590000	-0.006000	0.030000	0.008000	30027	30014	30059	24997	25015	25004
334	5.588053	0.029525	0.270000	0.140000	0.590000	-0.034000	0.018000	0.000000	30027	30014	30059	24983	25009	25000
335	5.588187	0.000134	0.180000	0.350000	0.630000	-0.034000	0.018000	0.000000	30018	30035	30063	24983	25009	25000
336	5.618531	0.030344	0.180000	0.350000	0.630000	-0.038000	0.012000	-0.004000	30018	30035	30063	24981	25006	24998
337	5.618708	0.000177	0.020000	0.510000	0.930000	-0.038000	0.012000	-0.004000	30002	30051	30093	24981	25006	24998
338	5.655310	0.036602	0.430000	0.730000	1.200000	-0.038000	0.012000	-0.004000	30043	30073	30120	24981	25006	24998
339	5.687547	0.032236	0.200000	0.410000	0.900000	-0.038000	0.012000	-0.004000	30020	30041	30090	24981	25006	24998
340	5.718152	0.030605	0.200000	0.410000	0.900000	-0.032000	0.018000	-0.010000	30020	30041	30090	24984	25009	24995
341	5.718293	0.000141	-0.570000	-0.870000	0.330000	-0.032000	0.018000	-0.010000	29943	29913	30033	24984	25009	24995
342	5.750918	0.032625	-0.570000	-0.870000	0.330000	0.082000	-0.050000	0.006000	29943	29913	30033	25041	24975	25003
343	5.751029	0.000111	0.080000	0.100000	0.350000	0.082000	-0.050000	0.006000	30008	30010	30035	25041	24975	25003
344	5.782439	0.031410	0.080000	0.100000	0.350000	-0.018000	0.002000	0.006000	30008	30010	30035	24991	25001	25003
345	5.782507	0.000068	-0.050000	0.520000	0.320000	-0.018000	0.002000	0.006000	29995	30052	30032	24991	25001	25003
346	5.811410	0.028903	-0.050000	0.520000	0.320000	-0.032000	0.018000	0.004000	29995	30052	30032	24984	25009	25002
347	5.811486	0.000076	0.620000	-0.040000	0.290000	-0.032000	0.018000	0.004000	30062	29996	30029	24984	25009	25002
348	5.841253	0.029766	0.620000	-0.040000	0.290000	-0.006000	0.042000	0.000000	30062	29996	30029	24997	25021	25000
349	5.841312	0.000060	0.260000	0.440000	0.330000	-0.006000	0.042000	0.000000	30026	30044	30033	24997	25021	25000
350	5.872838	0.031525	0.260000	0.440000	0.330000	-0.006000	0.042000	0.000000	30026	30044	30033	24997	25021	25000
351	5.903528	0.030691	0.320000	0.730000	0.870000	-0.006000	0.042000	0.000000	30032	30073	30087	24997	25021	25000
352	5.938220	0.034692	0.320000	0.730000	0.870000	-0.066000	0.034000	-0.006000	30032	30073	30087	24967	25017	24997
353	5.938301	0.000081	0.330000	0.420000	-0.260000	-0.066000	0.034000	-0.006000	30033	30042	29974	24967	25017	24997
354	5.970712	0.032411	0.330000	0.420000	-0.260000	-0.030000	0.030000	-0.016000	30033	30042	29974	24985	25015	24992
355	5.970785	0.000073	-0.360000	0.320000	0.370000	-0.030000	0.030000	-0.016000	29964	30032	30037	24985	25015	24992
356	6.000925	0.030140	-0.360000	0.320000	0.370000	-0.028000	-0.020000	-0.004000	29964	30032	30037	24986	24990	24998
357	6.001002	0.000077	-0.360000	0.320000	0.370000	-0.064000	-0.014000	-0.022000	29964	30032	30037	24968	24993	24989
358	6.001023	0.000021	0.160000	0.410000	0.000000	-0.064000	-0.014000	-0.022000	30016	30041	30000	24968	24993	24989
359	6.031783	0.030760	-0.050000	0.120000	-0.020000	-0.064000	-0.014000	-0.022000	29995	30012	29998	24968	24993	24989
360	6.063112	0.031329	-0.050000	0.120000	-0.020000	-0.016000	0.006000	-0.010000	29995	30012	29998	24992	25003	24995
361	6.063194	0.000082	0.100000	0.340000	-0.200000	-0.016000	0.006000	-0.010000	30010	30034	29980	24992	25003	24995
362	6.094503	0.031309	0.100000	0.340000	-0.200000	-0.034000	-0.002000	-0.016000	30010	30034	29980	24983	24999	24992
363	6.094590	0.000087	0.230000	0.390000	0.360000	-0.034000	-0.002000	-0.016000	30023	30039	30036	24983	24999	24992
364	6.128191	0.033601	0.230000	0.390000	0.360000	-0.024000	0.024000	-0.012000	30023	30039	30036	24988	25012	24994
365	6.128259	0.000068	-0.150000	0.050000	0.850000	-0.024000	0.024000	-0.012000	29985	30005	30085	24988	25012	24994
366	6.158215	0.029956	-0.150000	0.050000	0.850000	-0.030000	-0.016000	0.006000	29985	30005	30085	24985	24992	25003
367	6.158290	0.000074	0.160000	-0.230000	0.610000	-0.030000	-0.016000	0.006000	30016	29977	30061	24985	24992	25003
368	6.188809	0.030520	0.160000	-0.230000	0.610000	0.028000	0.030000	-0.004000	30016	29977	30061	25014	25015	24998
369	6.188867	0.000058	-0.180000	-0.020000	0.900000	0.028000	0.030000	-0.004000	29982	29998	30090	25014	25015	24998
370	6.217917	0.029049	-0.180000	-0.020000	0.900000	-0.006000	-0.018000	0.008000	29982	29998	30090	24997	24991	25004
371	6.217994	0.000077	0.270000	0.190000	0.310000	-0.006000	-0.018000	0.008000	30027	30019	30031	24997	24991	25004
372	6.248410	0.030416	0.270000	0.190000	0.310000	-0.014000	0.030000	-0.002000	30027	30019	30031	24993	25015	24999
373	6.248469	0.000059	0.270000	0.190000	0.310000	-0.032000	0.034000	-0.018000	30027	30019	30031	24984	25017	24991
374	6.248485	0.000016	0.400000	0.430000	1.180000	-0.032000	0.034000	-0.018000	30040	30043	30118	24984	25017	24991
375	6.277061	0.028576	-0.060000	-0.060000	0.610000	-0.032000	0.034000	-0.018000	29994	29994	30061	24984	25017	24991
376	6.308927	0.031866	-0.060000	-0.060000	0.610000	-0.002000	0.000000	0.004000	29994	29994	30061	24999	25000	25002
377	6.309000	0.000072	-0.330000	0.210000	0.400000	-0.002000	0.000000	0.004000	29967	30021	30040	24999	25000	25002
378	6.340900	0.031900	-0.330000	0.210000	0.400000	-0.022000	-0.038000	-0.006000	29967	30021	30040	24989	24981	24997
379	6.340982	0.000082	0.150000	0.110000	0.860000	-0.022000	-0.038000	-0.006000	30015	30011	30086	24989	24981	24997
380	6.380772	0.039790	0.150000	0.110000	0.860000	-0.038000	0.000000	-0.008000	30015	30011	30086	24981	25000	24996
381	6.380881	0.000109	-0.060000	0.200000	0.590000	-0.038000	0.000000	-0.008000	29994	30020	30059	24981	25000	24996
382	6.409873	0.028992	-0.060000	0.200000	0.590000	-0.034000	-0.008000	0.000000	29994	30020	30059	24983	24996	25000
383	6.409939	0.000066	0.210000	0.280000	-0.260000	-0.034000	-0.008000	0.000000	30021	30028	29974	24983	24996	25000
384	6.440719	0.030779	0.210000	0.280000	-0.260000	-0.038000	0.016000	-0.010000	30021	30028	29974	24981	25008	24995
385	6.440790	0.000072	-0.020000	0.110000	0.570000	-0.038000	0.016000	-0.010000	29998	30011	30057	24981	25008	24995
386	6.467719	0.026929	-0.020000	0.110000	0.570000	-0.026000	0.004000	-0.010000	29998	30011	30057	24987	25002	24995
387	6.467773	0.000054	0.360000	1.210000	0.550000	-0.026000	0.004000	-0.010000	30036	30121	30055	24987	25002	24995
388	6.496534	0.028761	0.360000	1.210000	0.550000	-0.114000	0.024000	-0.008000	30036	30121	30055	24943	25012	24996
389	6.496652	0.000119	0.040000	0.090000	0.040000	-0.114000	0.024000	-0.008000	30004	30009	30004	24943	25012	24996
390	6.526519	0.029866	0.040000	0.090000	0.040000	-0.008000	0.014000	-0.018000	30004	30009	30004	24996	25007	24991
391	6.526631	0.000112	-0.040000	0.460000	1.180000	-0.008000	0.014000	-0.018000	29996	30046	30118	24996	25007	24991
392	6.554531	0.027900	-0.040000	0.460000	1.180000	-0.034000	0.012000	-0.002000	29996	30046	30118	24983	25006	24999
393	6.554615	0.000084	0.360000	0.590000	0.890000	-0.034000	0.012000	-0.002000	30036	30059	30089	24983	25006	24999
394	6.586552	0.031937	0.360000	0.590000	0.890000	-0.058000	0.026000	-0.010000	30036	30059	30089	24971	25013	24995
395	6.586644	0.000092	-0.030000	0.270000	-0.250000	-0.058000	0.026000	-0.010000	29997	30027	29975	24971	25013	24995
396	6.620788	0.034144	-0.030000	0.270000	-0.250000	-0.014000	-0.004000	-0.010000	29997	30027	29975	24993	24998	24995
397	6.620864	0.000076	0.010000	-0.330000	0.860000	-0.014000	-0.004000	-0.010000	30001	29967	30086	24993	24998	24995
398	6.653790	0.032926	0.010000	-0.330000	0.860000	0.012000	-0.004000	0.002000	30001	29967	30086	25006	24998	25001
399	6.653868	0.000077	-0.640000	-0.330000	0.550000	0.012000	-0.004000	0.002000	29936	29967	30055	25006	24998	25001
400	6.687361	0.033494	-0.640000	-0.330000	0.550000	0.030000	-0.032000	0.014000	29936	29967	30055	25015	24984	25007
401	6.687462	0.000101	-0.640000	-0.330000	0.550000	-0.034000	0.018000	-0.020000	29936	29967	30055	24983	25009	24990
402	6.687497	0.000034	-0.070000	0.070000	0.580000	-0.034000	0.018000	-0.020000	29993	30007	30058	24983	25009	24990
403	6.720446	0.032949	-0.610000	0.230000	0.920000	-0.034000	0.018000	-0.020000	29939	30023	30092	24983	25009	24990
404	6.752518	0.032071	-0.610000	0.230000	0.920000	-0.020000	-0.042000	-0.006000	29939	30023	30092	24990	24979	24997
405	6.752627	0.000109	-0.610000	0.230000	0.920000	-0.008000	0.004000	-0.012000	29939	30023	30092	24996	25002	24994
406	6.752649	0.000022	-0.150000	0.180000	0.040000	-0.008000	0.004000	-0.012000	29985	30018	30004	24996	25002	24994
407	6.780806	0.028157	-0.250000	0.180000	-0.830000	-0.008000	0.004000	-0.012000	29975	30018	29917	24996	25002	24994
408	6.815260	0.034455	-0.250000	0.180000	-0.830000	-0.022000	0.004000	-0.016000	29975	30018	29917	24989	25002	24992
409	6.815339	0.000079	-0.340000	0.190000	0.080000	-0.022000	0.004000	-0.016000	29966	30019	30008	24989	25002	24992
410	6.848968	0.033629	-0.400000	0.360000	0.060000	-0.022000	0.004000	-0.016000	29960	30036	30006	24989	25002	24992
411	6.878169	0.029201	0.160000	0.330000	1.150000	-0.022000	0.004000	-0.016000	30016	30033	30115	24989	25002	24992
412	6.905643	0.027473	0.160000	0.330000	1.150000	-0.042000	0.010000	-0.006000	30016	30033	30115	24979	25005	24997
413	6.905696	0.000054	-0.120000	0.010000	0.300000	-0.042000	0.010000	-0.006000	29988	30001	30030	24979	25005	24997
414	6.933282	0.027585	-0.120000	0.010000	0.300000	0.010000	0.008000	0.012000	29988	30001	30030	25005	25004	25006
415	6.933338	0.000056	0.570000	0.380000	0.320000	0.010000	0.008000	0.012000	30057	30038	30032	25005	25004	25006
416	6.962451	0.029113	0.570000	0.380000	0.320000	-0.032000	0.048000	-0.012000	30057	30038	30032	24984	25024	24994
417	6.962503	0.000052	0.010000	0.440000	0.330000	-0.032000	0.048000	-0.012000	30001	30044	30033	24984	25024	24994
418	6.993474	0.030971	0.010000	0.440000	0.330000	-0.030000	0.012000	-0.002000	30001	30044	30033	24985	25006	24999
419	6.993552	0.000078	0.110000	0.160000	0.880000	-0.030000	0.012000	-0.002000	30011	30016	30088	24985	25006	24999
420	7.026505	0.032953	0.110000	0.160000	0.880000	-0.024000	0.014000	-0.006000	30011	30016	30088	24988	25007	24997
421	7.026579	0.000074	0.030000	0.520000	0.030000	-0.024000	0.014000	-0.006000	30003	30052	30003	24988	25007	24997
422	7.088767	0.062188	0.030000	0.520000	0.030000	-0.024000	0.014000	-0.006000	30003	30052	30003	24988	25007	24997
423	7.120614	0.031847	-0.220000	-0.290000	-0.510000	-0.024000	0.014000	-0.006000	29978	29971	29949	24988	25007	24997
424	7.149055	0.028441	-0.220000	-0.290000	-0.510000	0.028000	-0.024000	-0.010000	29978	29971	29949	25014	24988	24995
425	7.149126	0.000071	0.150000	0.440000	1.160000	0.028000	-0.024000	-0.010000	30015	30044	30116	25014	24988	24995
426	7.180829	0.031704	0.150000	0.440000	1.160000	-0.040000	0.018000	-0.018000	30015	30044	30116	24980	25009	24991
427	7.180905	0.000076	0.180000	0.260000	0.610000	-0.040000	0.018000	-0.018000	30018	30026	30061	24980	25009	24991
428	7.214840	0.033935	0.180000	0.260000	0.610000	-0.012000	0.028000	-0.006000	30018	30026	30061	24994	25014	24997
429	7.214937	0.000098	-0.020000	0.490000	0.070000	-0.012000	0.028000	-0.006000	29998	30049	30007	24994	25014	24997
430	7.245484	0.030547	-0.020000	0.490000	0.070000	-0.038000	0.012000	-0.006000	29998	30049	30007	24981	25006	24997
431	7.245564	0.000080	-0.040000	0.650000	0.860000	-0.038000	0.012000	-0.006000	29996	30065	30086	24981	25006	24997
432	7.277405	0.031841	-0.040000	0.650000	0.860000	-0.048000	0.018000	0.000000	29996	30065	30086	24976	25009	25000
433	7.277502	0.000097	-0.350000	-0.060000	0.640000	-0.048000	0.018000	0.000000	29965	29994	30064	24976	25009	25000
434	7.309740	0.032238	-0.350000	-0.060000	0.640000	0.006000	-0.028000	0.006000	29965	29994	30064	25003	24986	25003
435	7.309826	0.000086	0.390000	0.250000	0.070000	0.006000	-0.028000	0.006000	30039	30025	30007	25003	24986	25003
436	7.341952	0.032126	0.390000	0.250000	0.070000	-0.018000	0.032000	0.000000	30039	30025	30007	24991	25016	25000
437	7.342053	0.000101	0.280000	-0.090000	0.340000	-0.018000	0.032000	0.000000	30028	29991	30034	24991	25016	25000
438	7.374818	0.032765	0.280000	-0.090000	0.340000	0.010000	0.022000	-0.008000	30028	29991	30034	25005	25011	24996
439	7.374902	0.000084	0.020000	-0.180000	0.610000	0.010000	0.022000	-0.008000	30002	29982	30061	25005	25011	24996
440	7.403736	0.028834	0.020000	-0.180000	0.610000	0.008000	-0.004000	-0.014000	30002	29982	30061	25004	24998	24993
441	7.403832	0.000096	-0.070000	-0.330000	1.450000	0.008000	-0.004000	-0.014000	29993	29967	30145	25004	24998	24993
442	7.433888	0.030056	-0.070000	-0.330000	1.450000	0.012000	-0.004000	-0.014000	29993	29967	30145	25006	24998	24993
443	7.433981	0.000093	0.090000	-0.100000	0.310000	0.012000	-0.004000	-0.014000	30009	29990	30031	25006	24998	24993
444	7.505213	0.071232	0.090000	-0.100000	0.310000	0.002000	0.010000	-0.006000	30009	29990	30031	25001	25005	24997
445	7.505275	0.000062	-0.460000	-0.030000	0.040000	0.002000	0.010000	-0.006000	29954	29997	30004	25001	25005	24997
446	7.535820	0.030545	-0.460000	-0.030000	0.040000	-0.020000	-0.052000	-0.002000	29954	29997	30004	24990	24974	24999
447	7.535887	0.000068	-0.770000	-0.510000	-0.270000	-0.020000	-0.052000	-0.002000	29923	29949	29973	24990	24974	24999
448	7.566725	0.030837	-0.770000	-0.510000	-0.270000	0.048000	-0.060000	-0.006000	29923	29949	29973	25024	24970	24997
449	7.566903	0.000178	-0.230000	0.190000	0.940000	0.048000	-0.060000	-0.006000	29977	30019	30094	25024	24970	24997
450	7.599358	0.032455	-0.230000	0.190000	0.940000	-0.020000	-0.018000	-0.008000	29977	30019	30094	24990	24991	24996
451	7.599447	0.000089	-0.310000	-0.540000	0.600000	-0.020000	-0.018000	-0.008000	29969	29946	30060	24990	24991	24996
452	7.634310	0.034863	-0.310000	-0.540000	0.600000	0.046000	-0.010000	-0.004000	29969	29946	30060	25023	24995	24998
453	7.634411	0.000101	-0.490000	0.160000	0.320000	0.046000	-0.010000	-0.004000	29951	30016	30032	25023	24995	24998
454	7.662308	0.027898	-0.490000	0.160000	0.320000	-0.024000	-0.026000	-0.002000	29951	30016	30032	24988	24987	24999
455	7.662361	0.000053	-0.320000	-0.390000	0.340000	-0.024000	-0.026000	-0.002000	29968	29961	30034	24988	24987	24999
456	7.692007	0.029646	-0.320000	-0.390000	0.340000	0.062000	-0.014000	0.002000	29968	29961	30034	25031	24993	25001
457	7.692136	0.000129	-0.320000	-0.390000	0.340000	-0.064000	0.010000	-0.006000	29968	29961	30034	24968	25005	24997
458	7.692198	0.000062	0.240000	0.550000	1.750000	-0.064000	0.010000	-0.006000	30024	30055	30175	24968	25005	24997
459	7.726716	0.034518	0.140000	0.030000	0.300000	-0.064000	0.010000	-0.006000	30014	30003	30030	24968	25005	24997
460	7.765034	0.038318	0.140000	0.030000	0.300000	-0.036000	-0.002000	-0.002000	30014	30003	30030	24982	24999	24999
461	7.765114	0.000080	0.330000	0.740000	-0.220000	-0.036000	-0.002000	-0.002000	30033	30074	29978	24982	24999	24999
462	7.798384	0.033270	0.330000	0.740000	-0.220000	-0.080000	0.010000	-0.010000	30033	30074	29978	24960	25005	24995
463	7.798513	0.000128	0.610000	0.610000	0.310000	-0.080000	0.010000	-0.010000	30061	30061	30031	24960	25005	24995
464	7.830300	0.031787	0.610000	0.610000	0.310000	-0.030000	0.056000	-0.018000	30061	30061	30031	24985	25028	24991
465	7.830390	0.000090	0.310000	0.470000	0.910000	-0.030000	0.056000	-0.018000	30031	30047	30091	24985	25028	24991
466	7.863814	0.033425	0.310000	0.470000	0.910000	-0.026000	0.046000	-0.012000	30031	30047	30091	24987	25023	24994
467	7.863899	0.000085	-0.040000	-0.110000	0.620000	-0.026000	0.046000	-0.012000	29996	29989	30062	24987	25023	24994
468	7.896627	0.032728	-0.040000	-0.110000	0.620000	0.006000	-0.006000	-0.008000	29996	29989	30062	25003	24997	24996
469	7.896698	0.000072	0.120000	-0.430000	1.470000	0.006000	-0.006000	-0.008000	30012	29957	30147	25003	24997	24996
470	7.931929	0.035231	0.120000	-0.430000	1.470000	0.040000	0.004000	-0.016000	30012	29957	30147	25020	25002	24992
471	7.932008	0.000079	-0.370000	-0.040000	0.620000	0.040000	0.004000	-0.016000	29963	29996	30062	25020	25002	24992
472	7.962741	0.030733	-0.370000	-0.040000	0.620000	0.024000	-0.008000	0.000000	29963	29996	30062	25012	24996	25000
473	7.962817	0.000076	-0.370000	-0.040000	0.620000	0.010000	0.050000	-0.010000	29963	29996	30062	25005	25025	24995
474	7.962840	0.000023	0.640000	-0.060000	0.610000	0.010000	0.050000	-0.010000	30064	29994	30061	25005	25025	24995
475	7.996314	0.033475	0.160000	-0.040000	-0.230000	0.010000	0.050000	-0.010000	30016	29996	29977	25005	25025	24995
476	8.029505	0.033190	0.160000	-0.040000	-0.230000	0.004000	0.008000	-0.016000	30016	29996	29977	25002	25004	24992
477	8.029577	0.000072	0.110000	0.400000	-0.520000	0.004000	0.008000	-0.016000	30011	30040	29948	25002	25004	24992
478	8.056639	0.027062	0.110000	0.400000	-0.520000	-0.024000	0.022000	0.006000	30011	30040	29948	24988	25011	25003
479	8.056706	0.000068	0.060000	-0.120000	0.920000	-0.024000	0.022000	0.006000	30006	29988	30092	24988	25011	25003
480	8.083437	0.026731	0.060000	-0.120000	0.920000	0.032000	0.014000	-0.020000	30006	29988	30092	25016	25007	24990
481	8.083594	0.000157	-0.380000	-0.120000	0.890000	0.032000	0.014000	-0.020000	29962	29988	30089	25016	25007	24990
482	8.119297	0.035703	0.020000	-0.120000	0.310000	0.032000	0.014000	-0.020000	30002	29988	30031	25016	25007	24990
483	8.152954	0.033657	0.200000	0.260000	0.350000	0.032000	0.014000	-0.020000	30020	30026	30035	25016	25007	24990
484	8.184048	0.031094	0.200000	0.260000	0.350000	-0.022000	-0.002000	-0.012000	30020	30026	30035	24989	24999	24994
485	8.184124	0.000076	0.330000	0.720000	0.620000	-0.022000	-0.002000	-0.012000	30033	30072	30062	24989	24999	24994
486	8.216249	0.032125	0.330000	0.720000	0.620000	-0.052000	0.030000	0.008000	30033	30072	30062	24974	25015	25004
487	8.216325	0.000076	0.030000	0.130000	0.610000	-0.052000	0.030000	0.008000	30003	30013	30061	24974	25015	25004
488	8.246057	0.029732	0.030000	0.130000	0.610000	-0.012000	0.010000	-0.002000	30003	30013	30061	24994	25005	24999
489	8.246123	0.000066	0.010000	0.770000	0.030000	-0.012000	0.010000	-0.002000	30001	30077	30003	24994	25005	24999
490	8.278314	0.032191	0.010000	0.770000	0.030000	-0.060000	0.016000	0.002000	30001	30077	30003	24970	25008	25001
491	8.278392	0.000078	0.480000	0.500000	0.580000	-0.060000	0.016000	0.002000	30048	30050	30058	24970	25008	25001
492	8.305083	0.026691	0.480000	0.500000	0.580000	-0.056000	0.036000	-0.008000	30048	30050	30058	24972	25018	24996
493	8.305145	0.000062	-0.110000	0.290000	0.620000	-0.056000	0.036000	-0.008000	29989	30029	30062	24972	25018	24996
494	8.335689	0.030544	-0.110000	0.290000	0.620000	-0.006000	0.012000	-0.008000	29989	30029	30062	24997	25006	24996
495	8.335792	0.000103	-0.110000	0.290000	0.620000	0.004000	-0.004000	-0.002000	29989	30029	30062	25002	24998	24999
496	8.335814	0.000023	-0.330000	-0.120000	0.640000	0.004000	-0.004000	-0.002000	29967	29988	30064	25002	24998	24999
497	8.369813	0.033999	0.030000	0.170000	-0.510000	0.004000	-0.004000	-0.002000	30003	30017	29949	25002	24998	24999
498	8.406523	0.036710	0.030000	0.170000	-0.510000	-0.012000	0.014000	-0.002000	30003	30017	29949	24994	25007	24999
499	8.406606	0.000082	-0.020000	-0.100000	0.050000	-0.012000	0.014000	-0.002000	29998	29990	30005	24994	25007	24999
500	8.435323	0.028717	0.100000	0.120000	0.620000	-0.012000	0.014000	-0.002000	30010	30012	30062	24994	25007	24999
501	8.466280	0.030958	-0.090000	-0.040000	0.600000	-0.012000	0.014000	-0.002000	29991	29996	30060	24994	25007	24999
502	8.495841	0.029561	-0.090000	-0.040000	0.600000	-0.008000	-0.006000	-0.008000	29991	29996	30060	24996	24997	24996
503	8.495914	0.000073	0.280000	-0.220000	0.860000	-0.008000	-0.006000	-0.008000	30028	29978	30086	24996	24997	24996
504	8.525440	0.029525	0.280000	-0.220000	0.860000	-0.014000	0.002000	0.004000	30028	29978	30086	24993	25001	25002
505	8.525543	0.000104	0.200000	0.010000	0.340000	-0.014000	0.002000	0.004000	30020	30001	30034	24993	25001	25002
506	8.560016	0.034472	0.200000	0.010000	0.340000	-0.006000	0.022000	0.004000	30020	30001	30034	24997	25011	25002
507	8.560089	0.000073	0.070000	0.170000	0.360000	-0.006000	0.022000	0.004000	30007	30017	30036	24997	25011	25002
508	8.589258	0.029169	0.070000	0.170000	0.360000	-0.038000	-0.008000	0.012000	30007	30017	30036	24981	24996	25006
509	8.589320	0.000062	0.380000	-0.740000	0.910000	-0.038000	-0.008000	0.012000	30038	29926	30091	24981	24996	25006
510	8.618811	0.029490	0.380000	-0.740000	0.910000	0.086000	0.028000	-0.014000	30038	29926	30091	25043	25014	24993
511	8.618870	0.000059	-0.430000	-0.660000	0.590000	0.086000	0.028000	-0.014000	29957	29934	30059	25043	25014	24993
512	8.645390	0.026520	-0.430000	-0.660000	0.590000	0.058000	-0.038000	0.006000	29957	29934	30059	25029	24981	25003
513	8.645450	0.000060	-0.050000	0.360000	0.320000	0.058000	-0.038000	0.006000	29995	30036	30032	25029	24981	25003
514	8.676261	0.030811	-0.050000	0.360000	0.320000	-0.034000	0.006000	0.004000	29995	30036	30032	24983	25003	25002
515	8.676346	0.000086	-0.050000	0.360000	0.320000	0.012000	0.022000	-0.008000	29995	30036	30032	25006	25011	24996
516	8.676372	0.000025	0.090000	0.110000	-0.240000	0.012000	0.022000	-0.008000	30009	30011	29976	25006	25011	24996
517	8.708305	0.031933	-0.140000	0.060000	0.600000	0.012000	0.022000	-0.008000	29986	30006	30060	25006	25011	24996
518	8.738457	0.030152	-0.140000	0.060000	0.600000	-0.032000	-0.022000	-0.006000	29986	30006	30060	24984	24989	24997
519	8.738525	0.000068	-0.130000	0.280000	0.610000	-0.032000	-0.022000	-0.006000	29987	30028	30061	24984	24989	24997
520	8.765892	0.027368	-0.130000	0.280000	0.610000	-0.034000	-0.004000	-0.006000	29987	30028	30061	24983	24998	24997
521	8.765963	0.000071	0.100000	-0.390000	0.350000	-0.034000	-0.004000	-0.006000	30010	29961	30035	24983	24998	24997
522	8.792858	0.026895	0.100000	-0.390000	0.350000	0.044000	0.002000	0.004000	30010	29961	30035	25022	25001	25002
523	8.792917	0.000059	0.380000	0.540000	0.870000	0.044000	0.002000	0.004000	30038	30054	30087	25022	25001	25002
524	8.848995	0.056078	0.380000	0.540000	0.870000	-0.050000	0.038000	-0.002000	30038	30054	30087	24975	25019	24999
525	8.849083	0.000088	0.520000	0.800000	0.580000	-0.050000	0.038000	-0.002000	30052	30080	30058	24975	25019	24999
526	8.877583	0.028499	0.520000	0.800000	0.580000	-0.076000	0.046000	0.004000	30052	30080	30058	24962	25023	25002
527	8.877637	0.000055	0.620000	0.570000	0.610000	-0.076000	0.046000	0.004000	30062	30057	30061	24962	25023	25002
528	8.902951	0.025313	0.620000	0.570000	0.610000	-0.058000	0.038000	-0.002000	30062	30057	30061	24971	25019	24999
529	8.903015	0.000064	-0.440000	-0.110000	0.060000	-0.058000	0.038000	-0.002000	29956	29989	30006	24971	25019	24999
530	8.933832	0.030817	-0.440000	-0.110000	0.060000	0.006000	-0.020000	-0.006000	29956	29989	30006	25003	24990	24997
531	8.933902	0.000070	0.300000	0.490000	0.050000	0.006000	-0.020000	-0.006000	30030	30049	30005	25003	24990	24997
532	8.967896	0.033994	0.300000	0.490000	0.050000	-0.022000	0.040000	0.000000	30030	30049	30005	24989	25020	25000
533	8.967990	0.000094	-0.110000	0.320000	0.340000	-0.022000	0.040000	0.000000	29989	30032	30034	24989	25020	25000
534	9.000890	0.032900	-0.110000	0.320000	0.340000	-0.056000	-0.010000	-0.010000	29989	30032	30034	24972	24995	24995
535	9.000962	0.000072	0.500000	0.370000	1.160000	-0.056000	-0.010000	-0.010000	30050	30037	30116	24972	24995	24995
536	9.030359	0.029398	0.500000	0.370000	1.160000	-0.032000	0.040000	0.000000	30050	30037	30116	24984	25020	25000
537	9.030639	0.000279	-0.350000	-0.310000	0.300000	-0.032000	0.040000	0.000000	29965	29969	30030	24984	25020	25000
538	9.061612	0.030973	-0.350000	-0.310000	0.300000	0.048000	-0.016000	0.002000	29965	29969	30030	25024	24992	25001
539	9.061668	0.000057	0.540000	0.450000	0.590000	0.048000	-0.016000	0.002000	30054	30045	30059	25024	24992	25001
540	9.092908	0.031240	0.540000	0.450000	0.590000	-0.024000	0.068000	-0.010000	30054	30045	30059	24988	25034	24995
541	9.092976	0.000068	0.160000	0.030000	0.600000	-0.024000	0.068000	-0.010000	30016	30003	30060	24988	25034	24995
542	9.121773	0.028797	0.160000	0.030000	0.600000	-0.026000	0.014000	0.002000	30016	30003	30060	24987	25007	25001
543	9.121871	0.000098	-0.020000	0.750000	0.010000	-0.026000	0.014000	0.002000	29998	30075	30001	24987	25007	25001
544	9.154700	0.032829	-0.020000	0.750000	0.010000	-0.058000	0.014000	-0.012000	29998	30075	30001	24971	25007	24994
545	9.154780	0.000080	-0.390000	-0.130000	1.180000	-0.058000	0.014000	-0.012000	29961	29987	30118	24971	25007	24994
546	9.184189	0.029409	-0.390000	-0.130000	1.180000	0.012000	-0.014000	0.002000	29961	29987	30118	25006	24993	25001
547	9.184259	0.000070	-0.740000	-0.570000	0.350000	0.012000	-0.014000	0.002000	29926	29943	30035	25006	24993	25001
548	9.213714	0.029455	-0.740000	-0.570000	0.350000	0.062000	-0.048000	0.006000	29926	29943	30035	25031	24976	25003
549	9.213787	0.000073	-0.740000	-0.570000	0.350000	-0.016000	0.000000	0.000000	29926	29943	30035	24992	25000	25000
550	9.213810	0.000023	0.150000	-0.120000	0.290000	-0.016000	0.000000	0.000000	30015	29988	30029	24992	25000	25000
551	9.249725	0.035915	-0.180000	0.420000	0.890000	-0.016000	0.000000	0.000000	29982	30042	30089	24992	25000	25000
552	9.281588	0.031863	-0.180000	0.420000	0.890000	-0.034000	-0.006000	-0.014000	29982	30042	30089	24983	24997	24993
553	9.281766	0.000178	0.100000	-0.060000	-0.280000	-0.034000	-0.006000	-0.014000	30010	29994	29972	24983	24997	24993
554	9.310176	0.028410	0.100000	-0.060000	-0.280000	0.018000	0.020000	-0.012000	30010	29994	29972	25009	25010	24994
555	9.310246	0.000071	0.120000	-0.150000	-0.250000	0.018000	0.020000	-0.012000	30012	29985	29975	25009	25010	24994
556	9.341187	0.030941	0.120000	-0.150000	-0.250000	0.026000	0.002000	0.008000	30012	29985	29975	25013	25001	25004
557	9.341267	0.000080	0.130000	-0.360000	-0.540000	0.026000	0.002000	0.008000	30013	29964	29946	25013	25001	25004
558	9.374828	0.033561	0.130000	-0.360000	-0.540000	0.044000	0.012000	0.006000	30013	29964	29946	25022	25006	25003
559	9.374902	0.000074	-0.410000	-0.530000	-0.530000	0.044000	0.012000	0.006000	29959	29947	29947	25022	25006	25003
560	9.402374	0.027472	-0.410000	-0.530000	-0.530000	0.084000	-0.026000	0.008000	29959	29947	29947	25042	24987	25004
561	9.402461	0.000087	-0.390000	-0.450000	-0.520000	0.084000	-0.026000	0.008000	29961	29955	29948	25042	24987	25004
562	9.431425	0.028964	-0.390000	-0.450000	-0.520000	0.080000	-0.022000	0.010000	29961	29955	29948	25040	24989	25005
563	9.431484	0.000058	-0.360000	-0.340000	-0.530000	0.080000	-0.022000	0.010000	29964	29966	29947	25040	24989	25005
564	9.461003	0.029519	-0.360000	-0.340000	-0.530000	0.070000	-0.016000	0.008000	29964	29966	29947	25035	24992	25004
565	9.461074	0.000071	-0.480000	-0.370000	-0.550000	0.070000	-0.016000	0.008000	29952	29963	29945	25035	24992	25004
566	9.492973	0.031899	-0.480000	-0.370000	-0.550000	0.066000	-0.022000	0.012000	29952	29963	29945	25033	24989	25006
567	9.493048	0.000075	0.280000	0.180000	-0.540000	0.066000	-0.022000	0.012000	30028	30018	29946	25033	24989	25006
568	9.525349	0.032301	0.280000	0.180000	-0.540000	-0.002000	0.028000	0.002000	30028	30018	29946	24999	25014	25001
569	9.525416	0.000067	0.290000	0.040000	0.020000	-0.002000	0.028000	0.002000	30029	30004	30002	24999	25014	25001
570	9.558247	0.032831	0.290000	0.040000	0.020000	0.008000	0.026000	0.004000	30029	30004	30002	25004	25013	25002
571	9.558331	0.000084	0.140000	0.060000	0.020000	0.008000	0.026000	0.004000	30014	30006	30002	25004	25013	25002
572	9.590671	0.032340	0.140000	0.060000	0.020000	-0.004000	0.018000	0.006000	30014	30006	30002	24998	25009	25003
573	9.590829	0.000158	0.070000	-0.170000	0.000000	-0.004000	0.018000	0.006000	30007	29983	30000	24998	25009	25003
574	9.622301	0.031472	0.070000	-0.170000	0.000000	0.006000	0.004000	0.000000	30007	29983	30000	25003	25002	25000
575	9.622377	0.000076	-0.040000	-0.300000	-0.530000	0.006000	0.004000	0.000000	29996	29970	29947	25003	25002	25000
576	9.649685	0.027308	-0.040000	-0.300000	-0.530000	0.018000	-0.014000	0.006000	29996	29970	29947	25009	24993	25003
577	9.649753	0.000068	-0.030000	-0.280000	-0.530000	0.018000	-0.014000	0.006000	29997	29972	29947	25009	24993	25003
578	9.681743	0.031990	-0.030000	-0.280000	-0.530000	0.026000	-0.016000	0.002000	29997	29972	29947	25013	24992	25001
579	9.681812	0.000068	0.020000	-0.130000	-0.520000	0.026000	-0.016000	0.002000	30002	29987	29948	25013	24992	25001
580	9.709798	0.027986	0.020000	-0.130000	-0.520000	0.018000	-0.006000	0.004000	30002	29987	29948	25009	24997	25002
581	9.709863	0.000065	0.130000	-0.200000	0.300000	0.018000	-0.006000	0.004000	30013	29980	30030	25009	24997	25002
582	9.739484	0.029622	0.130000	-0.200000	0.300000	0.022000	0.010000	0.002000	30013	29980	30030	25011	25005	25001
583	9.739553	0.000069	0.080000	-0.180000	0.290000	0.022000	0.010000	0.002000	30008	29982	30029	25011	25005	25001
584	9.771516	0.031963	0.080000	-0.180000	0.290000	0.016000	0.006000	0.002000	30008	29982	30029	25008	25003	25001
585	9.771602	0.000086	-0.280000	-0.380000	0.300000	0.016000	0.006000	0.002000	29972	29962	30030	25008	25003	25001
586	9.802497	0.030895	-0.280000	-0.380000	0.300000	0.046000	-0.014000	0.008000	29972	29962	30030	25023	24993	25004
587	9.802578	0.000081	-0.350000	-0.530000	-0.530000	0.046000	-0.014000	0.008000	29965	29947	29947	25023	24993	25004
588	9.833519	0.030941	-0.350000	-0.530000	-0.530000	0.062000	-0.020000	0.010000	29965	29947	29947	25031	24990	25005
589	9.833632	0.000113	-0.300000	-0.540000	-0.530000	0.062000	-0.020000	0.010000	29970	29946	29947	25031	24990	25005
590	9.865406	0.031774	-0.300000	-0.540000	-0.530000	0.068000	-0.016000	0.008000	29970	29946	29947	25034	24992	25004
591	9.865478	0.000072	-0.180000	-0.540000	-0.530000	0.068000	-0.016000	0.008000	29982	29946	29947	25034	24992	25004
592	9.893256	0.027778	-0.180000	-0.540000	-0.530000	0.050000	-0.018000	0.000000	29982	29946	29947	25025	24991	25000
593	9.893327	0.000071	-0.150000	-0.290000	-0.260000	0.050000	-0.018000	0.000000	29985	29971	29974	25025	24991	25000
594	9.920670	0.027343	-0.150000	-0.290000	-0.260000	0.028000	-0.018000	0.000000	29985	29971	29974	25014	24991	25000
595	9.920736	0.000066	-0.130000	-0.230000	-0.270000	0.028000	-0.018000	0.000000	29987	29977	29973	25014	24991	25000
596	9.952173	0.031437	-0.130000	-0.230000	-0.270000	0.010000	-0.020000	0.006000	29987	29977	29973	25005	24990	25003
597	9.952261	0.000088	-0.100000	-0.150000	-0.260000	0.010000	-0.020000	0.006000	29990	29985	29974	25005	24990	25003
598	9.983479	0.031219	-0.100000	-0.150000	-0.260000	0.054000	-0.004000	-0.002000	29990	29985	29974	25027	24998	24999
599	9.983543	0.000064	-0.200000	-0.410000	-0.220000	0.054000	-0.004000	-0.002000	29980	29959	29978	25027	24998	24999
600	10.010674	0.027131	0.380000	0.340000	-0.250000	0.054000	-0.004000	-0.002000	30038	30034	29975	25027	24998	24999
601	10.038434	0.027760	0.460000	0.510000	-0.530000	0.054000	-0.004000	-0.002000	30046	30051	29947	25027	24998	24999
602	10.068792	0.030358	0.460000	0.510000	-0.530000	-0.042000	0.024000	0.000000	30046	30051	29947	24979	25012	25000
603	10.068872	0.000079	-0.190000	-0.270000	-0.510000	-0.042000	0.024000	0.000000	29981	29973	29949	24979	25012	25000
604	10.097442	0.028570	-0.120000	0.410000	-0.220000	-0.042000	0.024000	0.000000	29988	30041	29978	24979	25012	25000
605	10.124273	0.026831	-0.120000	0.410000	-0.220000	-0.032000	-0.004000	0.010000	29988	30041	29978	24984	24998	25005
606	10.124335	0.000062	0.200000	-0.180000	-0.010000	-0.032000	-0.004000	0.010000	30020	29982	29999	24984	24998	25005
607	10.152226	0.027891	0.200000	-0.180000	-0.010000	-0.008000	0.010000	0.006000	30020	29982	29999	24996	25005	25003
608	10.152289	0.000063	0.310000	0.080000	-0.510000	-0.008000	0.010000	0.006000	30031	30008	29949	24996	25005	25003
609	10.181012	0.028723	0.310000	0.080000	-0.510000	0.014000	0.026000	-0.002000	30031	30008	29949	25007	25013	24999
610	10.181108	0.000097	-0.130000	-0.260000	-0.240000	0.014000	0.026000	-0.002000	29987	29974	29976	25007	25013	24999
611	10.218568	0.037459	-0.130000	-0.260000	-0.240000	0.034000	-0.028000	-0.004000	29987	29974	29976	25017	24986	24998
612	10.218670	0.000102	0.040000	-0.020000	-0.010000	0.034000	-0.028000	-0.004000	30004	29998	29999	25017	24986	24998
613	10.246664	0.027994	0.040000	-0.020000	-0.010000	0.012000	-0.004000	-0.010000	30004	29998	29999	25006	24998	24995
614	10.246725	0.000061	0.190000	-0.040000	0.040000	0.012000	-0.004000	-0.010000	30019	29996	30004	25006	24998	24995
615	10.278795	0.032070	0.190000	-0.040000	0.040000	0.006000	0.012000	0.012000	30019	29996	30004	25003	25006	25006
616	10.278863	0.000068	0.130000	0.010000	-0.510000	0.006000	0.012000	0.012000	30013	30001	29949	25003	25006	25006
617	10.320525	0.041662	-0.110000	0.000000	0.000000	0.006000	0.012000	0.012000	29989	30000	30000	25003	25006	25006
618	10.353761	0.033236	0.530000	0.240000	-0.820000	0.006000	0.012000	0.012000	30053	30024	29918	25003	25006	25006
619	10.384887	0.031126	0.530000	0.240000	-0.820000	-0.012000	0.040000	-0.006000	30053	30024	29918	24994	25020	24997
620	10.384963	0.000075	-0.130000	-0.590000	-0.570000	-0.012000	0.040000	-0.006000	29987	29941	29943	24994	25020	24997
621	10.412378	0.027415	-0.130000	-0.590000	-0.570000	0.058000	-0.022000	-0.006000	29987	29941	29943	25029	24989	24997
622	10.412442	0.000064	0.370000	-0.110000	-0.840000	0.058000	-0.022000	-0.006000	30037	29989	29916	25029	24989	24997
623	10.446619	0.034177	0.370000	-0.110000	-0.840000	0.004000	0.024000	0.000000	30037	29989	29916	25002	25012	25000
624	10.446779	0.000160	-0.220000	-0.390000	0.070000	0.004000	0.024000	0.000000	29978	29961	30007	25002	25012	25000
625	10.475477	0.028698	-0.220000	-0.390000	0.070000	0.050000	-0.024000	0.014000	29978	29961	30007	25025	24988	25007
626	10.475578	0.000101	-0.100000	-0.700000	-0.560000	0.050000	-0.024000	0.014000	29990	29930	29944	25025	24988	25007
627	10.503891	0.028314	-0.100000	-0.700000	-0.560000	0.052000	-0.024000	0.016000	29990	29930	29944	25026	24988	25008
628	10.503955	0.000064	-0.100000	-0.700000	-0.560000	0.020000	0.016000	0.000000	29990	29930	29944	25010	25008	25000
629	10.503977	0.000022	-0.260000	0.160000	-0.790000	0.020000	0.016000	0.000000	29974	30016	29921	25010	25008	25000
630	10.533686	0.029709	0.410000	-0.050000	-0.010000	0.020000	0.016000	0.000000	30041	29995	29999	25010	25008	25000
631	10.562997	0.029311	0.410000	-0.050000	-0.010000	0.026000	0.036000	-0.010000	30041	29995	29999	25013	25018	24995
632	10.563057	0.000059	0.410000	-0.050000	-0.010000	0.012000	0.036000	0.010000	30041	29995	29999	25006	25018	25005
633	10.563074	0.000017	-0.010000	-0.100000	0.340000	0.012000	0.036000	0.010000	29999	29990	30034	25006	25018	25005
634	10.592975	0.029901	-0.190000	-0.080000	0.050000	0.012000	0.036000	0.010000	29981	29992	30005	25006	25018	25005
635	10.626722	0.033747	-0.190000	-0.080000	0.050000	0.012000	-0.022000	0.012000	29981	29992	30005	25006	24989	25006
636	10.626792	0.000070	-0.180000	-0.170000	0.040000	0.012000	-0.022000	0.012000	29982	29983	30004	25006	24989	25006
637	10.657660	0.030868	0.100000	-0.420000	0.020000	0.012000	-0.022000	0.012000	30010	29958	30002	25006	24989	25006
638	10.686163	0.028503	0.240000	0.060000	-1.080000	0.012000	-0.022000	0.012000	30024	30006	29892	25006	24989	25006
639	10.715793	0.029630	0.240000	0.060000	-1.080000	-0.002000	0.000000	-0.006000	30024	30006	29892	24999	25000	24997
640	10.715886	0.000093	0.450000	0.010000	-0.800000	-0.002000	0.000000	-0.006000	30045	30001	29920	24999	25000	24997
641	10.744757	0.028871	0.450000	0.010000	-0.800000	-0.006000	0.036000	-0.006000	30045	30001	29920	24997	25018	24997
642	10.744848	0.000091	0.430000	0.120000	0.890000	-0.006000	0.036000	-0.006000	30043	30012	30089	24997	25018	24997
643	10.775720	0.030872	0.430000	0.120000	0.890000	-0.002000	0.046000	0.010000	30043	30012	30089	24999	25023	25005
644	10.775835	0.000114	0.430000	-0.110000	0.310000	-0.002000	0.046000	0.010000	30043	29989	30031	24999	25023	25005
645	10.816624	0.040790	0.430000	-0.110000	0.310000	-0.008000	0.020000	0.012000	30043	29989	30031	24996	25010	25006
646	10.816719	0.000095	0.320000	-0.140000	0.270000	-0.008000	0.020000	0.012000	30032	29986	30027	24996	25010	25006
647	10.849870	0.033151	0.320000	-0.140000	0.270000	-0.002000	0.016000	0.008000	30032	29986	30027	24999	25008	25004
648	10.849961	0.000091	0.650000	0.140000	-0.260000	-0.002000	0.016000	0.008000	30065	30014	29974	24999	25008	25004
649	10.882776	0.032816	0.650000	0.140000	-0.260000	-0.014000	0.038000	-0.008000	30065	30014	29974	24993	25019	24996
650	10.882857	0.000081	0.380000	-0.180000	0.000000	-0.014000	0.038000	-0.008000	30038	29982	30000	24993	25019	24996
651	10.912922	0.030065	0.380000	-0.180000	0.000000	-0.008000	-0.004000	0.004000	30038	29982	30000	24996	24998	25002
652	10.913011	0.000088	0.350000	-0.330000	-0.560000	-0.008000	-0.004000	0.004000	30035	29967	29944	24996	24998	25002
653	10.944391	0.031380	0.370000	0.070000	0.570000	-0.008000	-0.004000	0.004000	30037	30007	30057	24996	24998	25002
654	10.972152	0.027762	0.500000	0.290000	0.290000	-0.008000	-0.004000	0.004000	30050	30029	30029	24996	24998	25002
655	11.000489	0.028337	0.500000	0.290000	0.290000	-0.018000	0.034000	-0.006000	30050	30029	30029	24991	25017	24997
656	11.000607	0.000118	0.040000	-0.560000	0.020000	-0.018000	0.034000	-0.006000	30004	29944	30002	24991	25017	24997
657	11.028457	0.027850	0.040000	-0.560000	0.020000	0.044000	-0.012000	-0.002000	30004	29944	30002	25022	24994	24999
658	11.028523	0.000066	0.040000	-0.560000	0.020000	0.036000	-0.008000	0.006000	30004	29944	30002	25018	24996	25003
659	11.028555	0.000032	-0.440000	-0.580000	-0.240000	0.036000	-0.008000	0.006000	29956	29942	29976	25018	24996	25003
660	11.058493	0.029938	0.300000	0.350000	0.050000	0.036000	-0.008000	0.006000	30030	30035	30005	25018	24996	25003
661	11.092810	0.034317	0.300000	0.350000	0.050000	-0.010000	0.022000	-0.004000	30030	30035	30005	24995	25011	24998
662	11.092893	0.000083	0.300000	0.350000	0.050000	0.054000	0.014000	0.000000	30030	30035	30005	25027	25007	25000
663	11.092931	0.000038	-0.100000	-0.280000	0.050000	0.054000	0.014000	0.000000	29990	29972	30005	25027	25007	25000
664	11.125570	0.032639	-0.100000	-0.280000	0.050000	0.026000	-0.024000	-0.012000	29990	29972	30005	25013	24988	24994
665	11.125654	0.000084	0.380000	-0.170000	-0.260000	0.026000	-0.024000	-0.012000	30038	29983	29974	25013	24988	24994
666	11.153569	0.027915	0.380000	0.020000	-0.230000	0.026000	-0.024000	-0.012000	30038	30002	29977	25013	24988	24994
667	11.181938	0.028369	0.380000	0.020000	-0.230000	0.006000	0.016000	0.004000	30038	30002	29977	25003	25008	25002
668	11.182007	0.000069	0.190000	-0.200000	-0.560000	0.006000	0.016000	0.004000	30019	29980	29944	25003	25008	25002
669	11.213216	0.031208	0.190000	-0.200000	-0.560000	0.016000	0.016000	-0.012000	30019	29980	29944	25008	25008	24994
670	11.213374	0.000158	-0.040000	0.070000	1.190000	0.016000	0.016000	-0.012000	29996	30007	30119	25008	25008	24994
671	11.243633	0.030259	-0.040000	0.070000	1.190000	0.004000	0.006000	0.008000	29996	30007	30119	25002	25003	25004
672	11.243712	0.000079	0.170000	-0.180000	0.000000	0.004000	0.006000	0.008000	30017	29982	30000	25002	25003	25004
673	11.274488	0.030776	0.170000	-0.180000	0.000000	0.024000	0.008000	-0.004000	30017	29982	30000	25012	25004	24998
674	11.274571	0.000083	0.100000	-0.500000	0.900000	0.024000	0.008000	-0.004000	30010	29950	30090	25012	25004	24998
675	11.306169	0.031598	0.100000	-0.500000	0.900000	0.048000	-0.004000	0.008000	30010	29950	30090	25024	24998	25004
676	11.306257	0.000088	-0.740000	-0.560000	0.070000	0.048000	-0.004000	0.008000	29926	29944	30007	25024	24998	25004
677	11.334700	0.028443	-0.740000	-0.560000	0.070000	0.074000	-0.052000	0.018000	29926	29944	30007	25037	24974	25009
678	11.334766	0.000066	0.170000	-0.240000	0.040000	0.074000	-0.052000	0.018000	30017	29976	30004	25037	24974	25009
679	11.364801	0.030035	0.170000	-0.240000	0.040000	0.034000	0.004000	0.008000	30017	29976	30004	25017	25002	25004
680	11.364873	0.000072	0.150000	-0.230000	-0.240000	0.034000	0.004000	0.008000	30015	29977	29976	25017	25002	25004
681	11.394488	0.029615	-0.210000	-0.250000	0.050000	0.034000	0.004000	0.008000	29979	29975	30005	25017	25002	25004
682	11.427273	0.032785	0.300000	0.370000	-0.500000	0.034000	0.004000	0.008000	30030	30037	29950	25017	25002	25004
683	11.456796	0.029523	0.300000	0.370000	-0.500000	-0.026000	0.008000	0.008000	30030	30037	29950	24987	25004	25004
684	11.456874	0.000078	0.070000	0.210000	-0.230000	-0.026000	0.008000	0.008000	30007	30021	29977	24987	25004	25004
685	11.493712	0.036838	0.220000	0.720000	-0.240000	-0.026000	0.008000	0.008000	30022	30072	29976	24987	25004	25004
686	11.525113	0.031401	-0.170000	-0.280000	-0.040000	-0.026000	0.008000	0.008000	29983	29972	29996	24987	25004	25004
687	11.561992	0.036879	-0.170000	-0.280000	-0.040000	0.024000	-0.010000	0.002000	29983	29972	29996	25012	24995	25001
688	11.562075	0.000082	0.190000	-0.190000	0.290000	0.024000	-0.010000	0.002000	30019	29981	30029	25012	24995	25001
689	11.598159	0.036084	-0.060000	0.140000	0.320000	0.024000	-0.010000	0.002000	29994	30014	30032	25012	24995	25001
690	11.629476	0.031317	-0.060000	0.140000	0.320000	0.026000	-0.024000	0.004000	29994	30014	30032	25013	24988	25002
691	11.629554	0.000078	-0.090000	-0.240000	0.020000	0.026000	-0.024000	0.004000	29991	29976	30002	25013	24988	25002
692	11.666083	0.036529	-0.180000	-0.570000	-0.010000	0.026000	-0.024000	0.004000	29982	29943	29999	25013	24988	25002
693	11.696875	0.030792	-0.180000	-0.570000	-0.010000	0.038000	-0.036000	0.002000	29982	29943	29999	25019	24982	25001
694	11.696944	0.000069	0.090000	-0.880000	0.820000	0.038000	-0.036000	0.002000	30009	29912	30082	25019	24982	25001
695	11.726498	0.029553	0.090000	-0.880000	0.820000	0.068000	-0.006000	0.002000	30009	29912	30082	25034	24997	25001
696	11.726583	0.000085	-0.230000	0.320000	-0.760000	0.068000	-0.006000	0.002000	29977	30032	29924	25034	24997	25001
697	11.757260	0.030677	-0.230000	0.320000	-0.760000	-0.012000	-0.026000	0.006000	29977	30032	29924	24994	24987	25003
698	11.757336	0.000076	-0.070000	0.330000	-0.260000	-0.012000	-0.026000	0.006000	29993	30033	29974	24994	24987	25003
699	11.794651	0.037315	-0.070000	0.330000	-0.260000	-0.016000	0.006000	0.008000	29993	30033	29974	24992	25003	25004
700	11.794751	0.000100	0.000000	0.340000	0.560000	-0.016000	0.006000	0.008000	30000	30034	30056	24992	25003	25004
701	11.837096	0.042345	0.690000	0.170000	0.030000	-0.016000	0.006000	0.008000	30069	30017	30003	24992	25003	25004
702	11.870265	0.033169	-0.180000	-0.490000	-0.280000	-0.016000	0.006000	0.008000	29982	29951	29972	24992	25003	25004
703	11.900175	0.029910	-0.180000	-0.490000	-0.280000	0.034000	-0.024000	-0.002000	29982	29951	29972	25017	24988	24999
704	11.900265	0.000090	-0.600000	-0.800000	-0.280000	0.034000	-0.024000	-0.002000	29940	29920	29972	25017	24988	24999
705	11.931099	0.030834	-0.600000	-0.800000	-0.280000	0.068000	-0.044000	0.010000	29940	29920	29972	25034	24978	25005
706	11.931175	0.000076	0.410000	0.240000	0.030000	0.068000	-0.044000	0.010000	30041	30024	30003	25034	24978	25005
707	11.967723	0.036548	0.410000	0.240000	0.030000	-0.014000	0.036000	-0.004000	30041	30024	30003	24993	25018	24998
708	11.967790	0.000066	-0.220000	0.010000	-0.310000	-0.014000	0.036000	-0.004000	29978	30001	29969	24993	25018	24998
709	11.998394	0.030604	-0.220000	0.010000	-0.310000	0.012000	-0.008000	-0.008000	29978	30001	29969	25006	24996	24996
710	11.998504	0.000111	-0.120000	-0.150000	-0.270000	0.012000	-0.008000	-0.008000	29988	29985	29973	25006	24996	24996
711	12.030200	0.031696	-0.120000	-0.150000	-0.270000	0.028000	-0.008000	-0.004000	29988	29985	29973	25014	24996	24998
712	12.030278	0.000077	-0.120000	-0.150000	-0.270000	0.042000	0.040000	-0.010000	29988	29985	29973	25021	25020	24995
713	12.030300	0.000022	-0.260000	-0.660000	0.290000	0.042000	0.040000	-0.010000	29974	29934	30029	25021	25020	24995
714	12.061691	0.031392	0.220000	-0.160000	0.000000	0.042000	0.040000	-0.010000	30022	29984	30000	25021	25020	24995
715	12.093008	0.031316	0.220000	-0.160000	0.000000	0.000000	0.006000	0.008000	30022	29984	30000	25000	25003	25004
716	12.093092	0.000085	0.350000	0.010000	0.000000	0.000000	0.006000	0.008000	30035	30001	30000	25000	25003	25004
717	12.121209	0.028117	0.350000	0.010000	0.000000	-0.018000	0.004000	0.008000	30035	30001	30000	24991	25002	25004
718	12.121273	0.000064	0.350000	0.010000	0.000000	-0.004000	0.030000	0.006000	30035	30001	30000	24998	25015	25003
719	12.121294	0.000021	0.370000	0.600000	0.050000	-0.004000	0.030000	0.006000	30037	30060	30005	24998	25015	25003
720	12.157755	0.036461	-0.410000	-0.700000	0.030000	-0.004000	0.030000	0.006000	29959	29930	30003	24998	25015	25003
721	12.189726	0.031971	-0.410000	-0.700000	0.030000	0.072000	-0.036000	0.008000	29959	29930	30003	25036	24982	25004
722	12.189792	0.000067	0.610000	-0.240000	0.900000	0.072000	-0.036000	0.008000	30061	29976	30090	25036	24982	25004
723	12.217798	0.028006	0.610000	-0.240000	0.900000	0.028000	0.042000	0.004000	30061	29976	30090	25014	25021	25002
724	12.217869	0.000070	-0.100000	-0.650000	-0.280000	0.028000	0.042000	0.004000	29990	29935	29972	25014	25021	25002
725	12.245292	0.027423	-0.100000	-0.650000	-0.280000	0.042000	-0.024000	0.010000	29990	29935	29972	25021	24988	25005
726	12.245354	0.000062	-0.100000	-0.650000	-0.280000	0.036000	-0.028000	0.018000	29990	29935	29972	25018	24986	25009
727	12.245372	0.000017	-0.280000	-0.430000	-0.010000	0.036000	-0.028000	0.018000	29972	29957	29999	25018	24986	25009
728	12.276822	0.031450	0.100000	-0.230000	-0.810000	0.036000	-0.028000	0.018000	30010	29977	29919	25018	24986	25009
729	12.313763	0.036941	0.100000	-0.230000	-0.810000	0.018000	-0.006000	0.006000	30010	29977	29919	25009	24997	25003
730	12.313841	0.000078	0.280000	-0.120000	-0.790000	0.018000	-0.006000	0.006000	30028	29988	29921	25009	24997	25003
731	12.346598	0.032757	0.280000	-0.120000	-0.790000	0.036000	0.028000	0.008000	30028	29988	29921	25018	25014	25004
732	12.346681	0.000083	0.630000	-0.180000	-0.010000	0.036000	0.028000	0.008000	30063	29982	29999	25018	25014	25004
733	12.376339	0.029658	0.630000	-0.180000	-0.010000	0.002000	0.044000	0.006000	30063	29982	29999	25001	25022	25003
734	12.376400	0.000061	0.170000	0.100000	-0.300000	0.002000	0.044000	0.006000	30017	30010	29970	25001	25022	25003
735	12.405983	0.029583	0.170000	0.100000	-0.300000	-0.004000	0.018000	0.002000	30017	30010	29970	24998	25009	25001
736	12.406062	0.000079	0.310000	0.130000	-0.300000	-0.004000	0.018000	0.002000	30031	30013	29970	24998	25009	25001
737	12.439556	0.033494	0.310000	0.130000	-0.300000	0.040000	-0.016000	0.012000	30031	30013	29970	25020	24992	25006
738	12.439625	0.000069	0.280000	-0.450000	0.030000	0.040000	-0.016000	0.012000	30028	29955	30003	25020	24992	25006
739	12.469410	0.029785	0.280000	-0.450000	0.030000	0.034000	-0.002000	0.016000	30028	29955	30003	25017	24999	25008
740	12.469493	0.000083	0.580000	-0.180000	-0.010000	0.034000	-0.002000	0.016000	30058	29982	29999	25017	24999	25008
741	12.501833	0.032341	0.580000	-0.180000	-0.010000	-0.012000	0.022000	0.004000	30058	29982	29999	24994	25011	25002
742	12.501979	0.000146	0.000000	-0.740000	-1.060000	-0.012000	0.022000	0.004000	30000	29926	29894	24994	25011	25002
743	12.531441	0.029461	0.000000	-0.740000	-1.060000	0.068000	-0.014000	-0.004000	30000	29926	29894	25034	24993	24998
744	12.531515	0.000075	-0.030000	-0.510000	-0.240000	0.068000	-0.014000	-0.004000	29997	29949	29976	25034	24993	24998
745	12.561218	0.029703	-0.030000	-0.510000	-0.240000	0.046000	-0.014000	0.002000	29997	29949	29976	25023	24993	25001
746	12.561311	0.000092	0.290000	0.400000	0.030000	0.046000	-0.014000	0.002000	30029	30040	30003	25023	24993	25001
747	12.591644	0.030334	0.290000	0.400000	0.030000	-0.018000	0.034000	-0.002000	30029	30040	30003	24991	25017	24999
748	12.591785	0.000141	-0.100000	-0.290000	0.150000	-0.018000	0.034000	-0.002000	29990	29971	30015	24991	25017	24999
749	12.636487	0.044702	-0.100000	-0.290000	0.150000	0.036000	-0.002000	0.010000	29990	29971	30015	25018	24999	25005
750	12.636615	0.000128	-0.230000	-0.290000	0.180000	0.036000	-0.002000	0.010000	29977	29971	30018	25018	24999	25005
751	12.668930	0.032315	-0.230000	-0.290000	0.180000	0.034000	-0.010000	0.004000	29977	29971	30018	25017	24995	25002
752	12.669005	0.000076	0.300000	0.210000	0.160000	0.034000	-0.010000	0.004000	30030	30021	30016	25017	24995	25002
753	12.700344	0.031338	0.300000	0.210000	0.160000	-0.022000	0.028000	-0.008000	30030	30021	30016	24989	25014	24996
754	12.700417	0.000074	0.400000	0.160000	0.150000	-0.022000	0.028000	-0.008000	30040	30016	30015	24989	25014	24996
755	12.730801	0.030384	0.400000	0.160000	0.150000	-0.026000	0.030000	-0.006000	30040	30016	30015	24987	25015	24997
756	12.730872	0.000071	0.360000	0.260000	0.130000	-0.026000	0.030000	-0.006000	30036	30026	30013	24987	25015	24997
757	12.761271	0.030399	0.360000	0.260000	0.130000	-0.040000	0.022000	0.000000	30036	30026	30013	24980	25011	25000
758	12.761351	0.000080	-0.220000	-0.480000	0.450000	-0.040000	0.022000	0.000000	29978	29952	30045	24980	25011	25000
759	12.790109	0.028758	-0.220000	-0.480000	0.450000	0.032000	-0.026000	0.016000	29978	29952	30045	25016	24987	25008
760	12.790176	0.000067	-0.430000	-0.600000	0.450000	0.032000	-0.026000	0.016000	29957	29940	30045	25016	24987	25008
761	12.817256	0.027079	-0.430000	-0.600000	0.450000	0.048000	-0.038000	0.008000	29957	29940	30045	25024	24981	25004
762	12.817318	0.000062	-0.480000	-0.580000	0.450000	0.048000	-0.038000	0.008000	29952	29942	30045	25024	24981	25004
763	12.847589	0.030271	-0.480000	-0.580000	0.450000	0.042000	-0.042000	0.008000	29952	29942	30045	25021	24979	25004
764	12.847665	0.000076	-0.350000	-0.510000	-0.400000	0.042000	-0.042000	0.008000	29965	29949	29960	25021	24979	25004
765	12.875981	0.028316	-0.350000	-0.510000	-0.400000	0.036000	-0.034000	0.008000	29965	29949	29960	25018	24983	25004
766	12.876081	0.000101	-0.530000	-0.550000	-0.400000	0.036000	-0.034000	0.008000	29947	29945	29960	25018	24983	25004
767	12.910031	0.033950	-0.530000	-0.550000	-0.400000	0.046000	-0.044000	0.002000	29947	29945	29960	25023	24978	25001
768	12.910123	0.000092	-0.530000	-0.550000	-0.400000	0.046000	-0.044000	0.002000	29947	29945	29960	25023	24978	25001
769	12.944607	0.034484	-0.530000	-0.550000	-0.400000	0.046000	-0.044000	0.002000	29947	29945	29960	25023	24978	25001
770	12.944690	0.000083	-0.590000	-0.400000	0.170000	0.046000	-0.044000	0.002000	29941	29960	30017	25023	24978	25001
771	12.973142	0.028452	-0.590000	-0.400000	0.170000	0.028000	-0.046000	-0.004000	29941	29960	30017	25014	24977	24998
772	12.973265	0.000122	-0.400000	-0.140000	0.180000	0.028000	-0.046000	-0.004000	29960	29986	30018	25014	24977	24998
773	13.001454	0.028190	-0.400000	-0.140000	0.180000	0.008000	-0.026000	0.006000	29960	29986	30018	25004	24987	25003
774	13.001542	0.000087	-0.300000	0.000000	0.200000	0.008000	-0.026000	0.006000	29970	30000	30020	25004	24987	25003
775	13.036125	0.034583	-0.300000	0.000000	0.200000	0.008000	-0.026000	0.004000	29970	30000	30020	25004	24987	25002
776	13.036204	0.000079	-0.440000	-0.440000	0.220000	0.008000	-0.026000	0.004000	29956	29956	30022	25004	24987	25002
777	13.064350	0.028146	-0.440000	-0.440000	0.220000	0.052000	-0.044000	0.012000	29956	29956	30022	25026	24978	25006
778	13.064418	0.000069	-0.500000	-0.450000	0.220000	0.052000	-0.044000	0.012000	29950	29955	30022	25026	24978	25006
779	13.091737	0.027319	-0.500000	-0.450000	0.220000	0.056000	-0.046000	0.010000	29950	29955	30022	25028	24977	25005
780	13.091805	0.000067	-0.460000	-0.640000	0.210000	0.056000	-0.046000	0.010000	29954	29936	30021	25028	24977	25005
781	13.123653	0.031849	-0.460000	-0.640000	0.210000	0.072000	-0.036000	0.010000	29954	29936	30021	25036	24982	25005
782	13.123735	0.000082	0.220000	0.160000	1.020000	0.072000	-0.036000	0.010000	30022	30016	30102	25036	24982	25005
783	13.157268	0.033533	0.220000	0.160000	1.020000	-0.012000	0.024000	-0.008000	30022	30016	30102	24994	25012	24996
784	13.157353	0.000085	0.200000	0.070000	1.010000	-0.012000	0.024000	-0.008000	30020	30007	30101	24994	25012	24996
785	13.188010	0.030657	0.200000	0.070000	1.010000	-0.008000	0.018000	-0.010000	30020	30007	30101	24996	25009	24995
786	13.188137	0.000127	0.530000	0.060000	1.020000	-0.008000	0.018000	-0.010000	30053	30006	30102	24996	25009	24995
787	13.216034	0.027897	0.530000	0.060000	1.020000	-0.004000	0.040000	-0.006000	30053	30006	30102	24998	25020	24997
788	13.216100	0.000066	0.290000	-0.190000	0.180000	-0.004000	0.040000	-0.006000	30029	29981	30018	24998	25020	24997
789	13.242871	0.026771	0.290000	-0.190000	0.180000	0.024000	0.016000	0.000000	30029	29981	30018	25012	25008	25000
790	13.242942	0.000072	0.310000	-0.110000	0.190000	0.024000	0.016000	0.000000	30031	29989	30019	25012	25008	25000
791	13.271654	0.028711	0.310000	-0.110000	0.190000	0.020000	0.020000	0.002000	30031	29989	30019	25010	25010	25001
792	13.271720	0.000066	0.020000	-0.150000	0.190000	0.020000	0.020000	0.002000	30002	29985	30019	25010	25010	25001
793	13.301502	0.029782	0.020000	-0.150000	0.190000	0.022000	0.004000	-0.004000	30002	29985	30019	25011	25002	24998
794	13.301569	0.000067	0.310000	0.230000	-0.110000	0.022000	0.004000	-0.004000	30031	30023	29989	25011	25002	24998
795	13.333286	0.031718	0.310000	0.230000	-0.110000	-0.014000	0.028000	-0.012000	30031	30023	29989	24993	25014	24994
796	13.333418	0.000132	0.310000	0.230000	-0.110000	-0.014000	0.028000	-0.012000	30031	30023	29989	24993	25014	24994
797	13.363492	0.030074	0.310000	0.230000	-0.110000	-0.014000	0.028000	-0.012000	30031	30023	29989	24993	25014	24994
798	13.363554	0.000061	0.090000	-0.120000	0.150000	-0.014000	0.028000	-0.012000	30009	29988	30015	24993	25014	24994
799	13.393165	0.029612	0.090000	-0.120000	0.150000	-0.024000	-0.016000	0.002000	30009	29988	30015	24988	24992	25001
800	13.393248	0.000083	-0.450000	0.070000	-0.040000	-0.024000	-0.016000	0.002000	29955	30007	29996	24988	24992	25001
801	13.424212	0.030964	-0.450000	0.070000	-0.040000	-0.012000	-0.042000	-0.004000	29955	30007	29996	24994	24979	24998
802	13.424289	0.000077	0.160000	-0.040000	0.440000	-0.012000	-0.042000	-0.004000	30016	29996	30044	24994	24979	24998
803	13.458460	0.034171	0.160000	-0.040000	0.440000	0.022000	0.022000	-0.004000	30016	29996	30044	25011	25011	24998
804	13.458592	0.000131	-0.070000	0.040000	-0.650000	0.022000	0.022000	-0.004000	29993	30004	29935	25011	25011	24998
805	13.489472	0.030880	-0.070000	0.040000	-0.650000	-0.008000	-0.006000	-0.010000	29993	30004	29935	24996	24997	24995
806	13.489538	0.000066	0.290000	0.370000	-0.690000	-0.008000	-0.006000	-0.010000	30029	30037	29931	24996	24997	24995
807	13.520052	0.030514	0.290000	0.370000	-0.690000	-0.038000	0.022000	-0.010000	30029	30037	29931	24981	25011	24995
808	13.520138	0.000086	-0.560000	-0.140000	0.210000	-0.038000	0.022000	-0.010000	29944	29986	30021	24981	25011	24995
809	13.551770	0.031632	-0.560000	-0.140000	0.210000	0.042000	-0.024000	0.008000	29944	29986	30021	25021	24988	25004
810	13.551858	0.000088	0.160000	-0.110000	0.180000	0.042000	-0.024000	0.008000	30016	29989	30018	25021	24988	25004
811	13.583721	0.031863	0.160000	-0.110000	0.180000	0.012000	0.018000	0.004000	30016	29989	30018	25006	25009	25002
812	13.583804	0.000084	-0.380000	-0.370000	0.190000	0.012000	0.018000	0.004000	29962	29963	30019	25006	25009	25002
813	13.617455	0.033650	-0.380000	-0.370000	0.190000	0.056000	-0.020000	0.008000	29962	29963	30019	25028	24990	25004
814	13.617565	0.000110	-0.500000	-0.170000	0.240000	0.056000	-0.020000	0.008000	29950	29983	30024	25028	24990	25004
815	13.686491	0.068926	-0.500000	-0.170000	0.240000	0.038000	-0.034000	0.018000	29950	29983	30024	25019	24983	25009
816	13.686579	0.000088	-0.010000	0.240000	0.160000	0.038000	-0.034000	0.018000	29999	30024	30016	25019	24983	25009
817	13.716551	0.029972	0.480000	0.510000	0.160000	0.038000	-0.034000	0.018000	30048	30051	30016	25019	24983	25009
818	13.743872	0.027321	-0.020000	0.210000	-0.090000	0.038000	-0.034000	0.018000	29998	30021	29991	25019	24983	25009
819	13.773654	0.029781	-0.020000	0.210000	-0.090000	-0.008000	0.010000	-0.008000	29998	30021	29991	24996	25005	24996
820	13.773731	0.000077	-0.230000	-0.140000	0.230000	-0.008000	0.010000	-0.008000	29977	29986	30023	24996	25005	24996
821	13.800705	0.026973	-0.230000	-0.140000	0.230000	0.000000	-0.022000	0.004000	29977	29986	30023	25000	24989	25002
822	13.800777	0.000072	0.420000	0.280000	0.480000	0.000000	-0.022000	0.004000	30042	30028	30048	25000	24989	25002
823	13.832377	0.031600	0.360000	0.020000	0.220000	0.000000	-0.022000	0.004000	30036	30002	30022	25000	24989	25002
824	13.868956	0.036579	0.110000	0.070000	-0.150000	0.000000	-0.022000	0.004000	30011	30007	29985	25000	24989	25002
825	13.900766	0.031809	0.110000	0.070000	-0.150000	-0.028000	0.000000	-0.004000	30011	30007	29985	24986	25000	24998
826	13.900899	0.000133	0.110000	0.070000	-0.150000	-0.020000	0.040000	0.000000	30011	30007	29985	24990	25020	25000
827	13.900944	0.000045	0.580000	-0.090000	-0.130000	-0.020000	0.040000	0.000000	30058	29991	29987	24990	25020	25000
828	13.933023	0.032079	0.580000	-0.090000	-0.130000	0.000000	0.040000	0.000000	30058	29991	29987	25000	25020	25000
829	13.933104	0.000081	0.050000	-0.100000	-0.120000	0.000000	0.040000	0.000000	30005	29990	29988	25000	25020	25000
830	13.963384	0.030281	-0.790000	-0.740000	-0.440000	0.000000	0.040000	0.000000	29921	29926	29956	25000	25020	25000
831	13.993615	0.030231	-0.850000	-0.710000	-0.430000	0.000000	0.040000	0.000000	29915	29929	29957	25000	25020	25000
832	14.024777	0.031161	0.160000	-0.160000	-0.390000	0.000000	0.040000	0.000000	30016	29984	29961	25000	25020	25000
833	14.055655	0.030878	0.160000	-0.160000	-0.390000	0.014000	-0.002000	0.000000	30016	29984	29961	25007	24999	25000
834	14.055732	0.000077	0.040000	-0.070000	-0.640000	0.014000	-0.002000	0.000000	30004	29993	29936	25007	24999	25000
835	14.086433	0.030701	0.040000	-0.070000	-0.640000	0.014000	0.002000	-0.002000	30004	29993	29936	25007	25001	24999
836	14.086498	0.000064	-0.430000	-0.710000	-0.080000	0.014000	0.002000	-0.002000	29957	29929	29992	25007	25001	24999
837	14.114805	0.028308	-0.430000	-0.710000	-0.080000	0.080000	-0.042000	0.002000	29957	29929	29992	25040	24979	25001
838	14.114875	0.000069	0.360000	-0.290000	0.420000	0.080000	-0.042000	0.002000	30036	29971	30042	25040	24979	25001
839	14.142582	0.027707	0.360000	-0.290000	0.420000	0.014000	0.014000	0.000000	30036	29971	30042	25007	25007	25000
840	14.142661	0.000079	-0.100000	-0.040000	-0.440000	0.014000	0.014000	0.000000	29990	29996	29956	25007	25007	25000
841	14.172847	0.030187	-0.100000	-0.040000	-0.440000	-0.006000	-0.012000	-0.006000	29990	29996	29956	24997	24994	24997
842	14.172935	0.000087	0.070000	-0.150000	-0.100000	-0.006000	-0.012000	-0.006000	30007	29985	29990	24997	24994	24997
843	14.202866	0.029931	0.070000	-0.150000	-0.100000	0.010000	-0.004000	0.014000	30007	29985	29990	25005	24998	25007
844	14.202961	0.000095	0.200000	-0.020000	0.720000	0.010000	-0.004000	0.014000	30020	29998	30072	25005	24998	25007
845	14.233014	0.030053	0.200000	-0.020000	0.720000	-0.026000	0.000000	0.000000	30020	29998	30072	24987	25000	25000
846	14.233084	0.000070	-0.020000	0.030000	-0.370000	-0.026000	0.000000	0.000000	29998	30003	29963	24987	25000	25000
847	14.263112	0.030029	-0.020000	0.030000	-0.370000	-0.002000	-0.004000	0.016000	29998	30003	29963	24999	24998	25008
848	14.263209	0.000097	-0.460000	-0.080000	-0.370000	-0.002000	-0.004000	0.016000	29954	29992	29963	24999	24998	25008
849	14.293581	0.030372	-0.460000	-0.080000	-0.370000	-0.004000	-0.050000	0.018000	29954	29992	29963	24998	24975	25009
850	14.293704	0.000122	-0.370000	-0.620000	0.450000	-0.004000	-0.050000	0.018000	29963	29938	30045	24998	24975	25009
851	14.359845	0.066142	-0.270000	-0.020000	-0.130000	-0.004000	-0.050000	0.018000	29973	29998	29987	24998	24975	25009
852	14.392716	0.032871	-0.260000	-1.030000	-0.100000	-0.004000	-0.050000	0.018000	29974	29897	29990	24998	24975	25009
853	14.418669	0.025953	-0.260000	-1.030000	-0.100000	0.094000	-0.036000	0.000000	29974	29897	29990	25047	24982	25000
854	14.418747	0.000078	-0.260000	-1.030000	-0.100000	0.018000	0.006000	0.010000	29974	29897	29990	25009	25003	25005
855	14.418791	0.000043	0.160000	-0.360000	0.130000	0.018000	0.006000	0.010000	30016	29964	30013	25009	25003	25005
856	14.447067	0.028277	0.000000	0.090000	1.020000	0.018000	0.006000	0.010000	30000	30009	30102	25009	25003	25005
857	14.477181	0.030114	0.000000	0.090000	1.020000	-0.008000	0.006000	-0.014000	30000	30009	30102	24996	25003	24993
858	14.477312	0.000131	0.430000	0.250000	0.180000	-0.008000	0.006000	-0.014000	30043	30025	30018	24996	25003	24993
859	14.510197	0.032885	0.430000	0.250000	0.180000	-0.004000	0.046000	-0.006000	30043	30025	30018	24998	25023	24997
860	14.510261	0.000064	-0.150000	-0.430000	0.770000	-0.004000	0.046000	-0.006000	29985	29957	30077	24998	25023	24997
861	14.540602	0.030341	-0.150000	-0.430000	0.770000	0.056000	0.000000	0.004000	29985	29957	30077	25028	25000	25002
862	14.540678	0.000076	0.270000	-0.150000	-0.130000	0.056000	0.000000	0.004000	30027	29985	29987	25028	25000	25002
863	14.572818	0.032140	0.270000	-0.150000	-0.130000	0.016000	0.026000	-0.014000	30027	29985	29987	25008	25013	24993
864	14.572887	0.000070	-0.070000	-0.190000	0.450000	0.016000	0.026000	-0.014000	29993	29981	30045	25008	25013	24993
865	14.609808	0.036921	-0.070000	-0.190000	0.450000	-0.008000	-0.016000	0.008000	29993	29981	30045	24996	24992	25004
866	14.609890	0.000082	-0.340000	0.180000	-1.480000	-0.008000	-0.016000	0.008000	29966	30018	29852	24996	24992	25004
867	14.641907	0.032017	-0.340000	0.180000	-1.480000	-0.010000	-0.018000	0.004000	29966	30018	29852	24995	24991	25002
868	14.642088	0.000181	-0.100000	-0.160000	-0.350000	-0.010000	-0.018000	0.004000	29990	29984	29965	24995	24991	25002
869	14.676826	0.034737	-0.100000	-0.160000	-0.350000	0.002000	-0.016000	0.002000	29990	29984	29965	25001	24992	25001
870	14.676920	0.000094	-0.030000	-0.060000	-0.060000	0.002000	-0.016000	0.002000	29997	29994	29994	25001	24992	25001
871	14.709511	0.032591	-0.030000	-0.060000	-0.060000	0.014000	0.002000	0.000000	29997	29994	29994	25007	25001	25000
872	14.709576	0.000065	-0.030000	-0.060000	-0.060000	0.000000	0.012000	0.018000	29997	29994	29994	25000	25006	25009
873	14.709594	0.000018	-0.040000	-0.190000	0.480000	0.000000	0.012000	0.018000	29996	29981	30048	25000	25006	25009
874	14.736649	0.027055	0.240000	0.190000	0.200000	0.000000	0.012000	0.018000	30024	30019	30020	25000	25006	25009
875	14.766210	0.029561	0.240000	0.190000	0.200000	-0.024000	0.008000	-0.004000	30024	30019	30020	24988	25004	24998
876	14.766288	0.000078	0.100000	0.020000	-0.090000	-0.024000	0.008000	-0.004000	30010	30002	29991	24988	25004	24998
877	14.798112	0.031824	0.100000	0.020000	-0.090000	-0.006000	-0.012000	0.000000	30010	30002	29991	24997	24994	25000
878	14.798188	0.000076	0.100000	0.020000	-0.090000	0.042000	-0.014000	0.008000	30010	30002	29991	25021	24993	25004
879	14.798214	0.000026	-0.130000	-0.260000	0.180000	0.042000	-0.014000	0.008000	29987	29974	30018	25021	24993	25004
880	14.831226	0.033013	0.200000	0.240000	0.120000	0.042000	-0.014000	0.008000	30020	30024	30012	25021	24993	25004
881	14.866825	0.035599	0.200000	0.240000	0.120000	-0.032000	0.010000	-0.012000	30020	30024	30012	24984	25005	24994
882	14.866899	0.000074	0.140000	-0.330000	-0.670000	-0.032000	0.010000	-0.012000	30014	29967	29933	24984	25005	24994
883	14.895004	0.028105	0.020000	-0.100000	-0.080000	-0.032000	0.010000	-0.012000	30002	29990	29992	24984	25005	24994
884	14.925878	0.030875	0.020000	-0.100000	-0.080000	0.014000	0.004000	-0.010000	30002	29990	29992	25007	25002	24995
885	14.925970	0.000091	0.050000	-0.140000	0.130000	0.014000	0.004000	-0.010000	30005	29986	30013	25007	25002	24995
886	14.956272	0.030302	0.050000	-0.140000	0.130000	0.004000	0.002000	0.014000	30005	29986	30013	25002	25001	25007
887	14.956395	0.000123	0.130000	-0.200000	-0.640000	0.004000	0.002000	0.014000	30013	29980	29936	25002	25001	25007
888	14.986531	0.030137	0.130000	-0.200000	-0.640000	0.040000	0.028000	-0.002000	30013	29980	29936	25020	25014	24999
889	14.986610	0.000079	-0.010000	0.060000	-0.140000	0.040000	0.028000	-0.002000	29999	30006	29986	25020	25014	24999
890	15.017944	0.031334	-0.010000	0.060000	-0.140000	-0.012000	0.002000	0.006000	29999	30006	29986	24994	25001	25003
891	15.018064	0.000120	-0.010000	0.060000	-0.140000	-0.006000	0.004000	-0.010000	29999	30006	29986	24997	25002	24995
892	15.018143	0.000079	0.290000	0.110000	-0.100000	-0.006000	0.004000	-0.010000	30029	30011	29990	24997	25002	24995
893	15.050632	0.032488	-0.050000	-0.290000	1.040000	-0.006000	0.004000	-0.010000	29995	29971	30104	24997	25002	24995
894	15.080760	0.030128	-0.050000	-0.290000	1.040000	0.046000	0.004000	-0.004000	29995	29971	30104	25023	25002	24998
895	15.080826	0.000067	0.160000	-0.520000	0.460000	0.046000	0.004000	-0.004000	30016	29948	30046	25023	25002	24998
896	15.110934	0.030108	-0.090000	-0.410000	0.180000	0.046000	0.004000	-0.004000	29991	29959	30018	25023	25002	24998
897	15.150414	0.039479	0.160000	0.190000	0.460000	0.046000	0.004000	-0.004000	30016	30019	30046	25023	25002	24998
898	15.188841	0.038427	0.160000	0.190000	0.460000	-0.010000	0.030000	0.000000	30016	30019	30046	24995	25015	25000
899	15.188971	0.000130	-0.190000	-0.250000	0.170000	-0.010000	0.030000	0.000000	29981	29975	30017	24995	25015	25000
900	15.224497	0.035526	-0.190000	-0.250000	0.170000	0.000000	-0.026000	0.002000	29981	29975	30017	25000	24987	25001
901	15.224624	0.000127	-0.190000	-0.250000	0.170000	-0.016000	-0.006000	-0.012000	29981	29975	30017	24992	24997	24994
902	15.224660	0.000036	-0.090000	-0.340000	0.120000	-0.016000	-0.006000	-0.012000	29991	29966	30012	24992	24997	24994
903	15.258238	0.033578	-0.160000	-0.620000	-0.120000	-0.016000	-0.006000	-0.012000	29984	29938	29988	24992	24997	24994
904	15.289641	0.031403	-0.160000	-0.620000	-0.120000	0.064000	-0.010000	0.018000	29984	29938	29988	25032	24995	25009
905	15.289773	0.000132	-0.030000	-0.130000	0.740000	0.064000	-0.010000	0.018000	29997	29987	30074	25032	24995	25009
906	15.317491	0.027718	-0.030000	-0.130000	0.740000	-0.006000	-0.016000	0.002000	29997	29987	30074	24997	24992	25001
907	15.317568	0.000077	0.090000	-0.070000	0.740000	-0.006000	-0.016000	0.002000	30009	29993	30074	24997	24992	25001
908	15.348842	0.031275	0.090000	-0.070000	0.740000	-0.014000	0.014000	0.004000	30009	29993	30074	24993	25007	25002
909	15.348923	0.000081	-0.620000	-0.850000	0.180000	-0.014000	0.014000	0.004000	29938	29915	30018	24993	25007	25002
910	15.377143	0.028220	-0.620000	-0.850000	0.180000	0.098000	-0.034000	0.014000	29938	29915	30018	25049	24983	25007
911	15.377217	0.000074	-0.370000	-0.580000	0.160000	0.098000	-0.034000	0.014000	29963	29942	30016	25049	24983	25007
912	15.406321	0.029103	0.450000	0.380000	0.200000	0.098000	-0.034000	0.014000	30045	30038	30020	25049	24983	25007
913	15.434114	0.027793	0.170000	0.670000	0.460000	0.098000	-0.034000	0.014000	30017	30067	30046	25049	24983	25007
914	15.467023	0.032910	0.170000	0.670000	0.460000	-0.060000	0.010000	0.006000	30017	30067	30046	24970	25005	25003
915	15.467105	0.000081	0.170000	0.670000	0.460000	-0.058000	0.018000	0.012000	30017	30067	30046	24971	25009	25006
916	15.467127	0.000022	-0.210000	-0.410000	-0.660000	-0.058000	0.018000	0.012000	29979	29959	29934	24971	25009	25006
917	15.495673	0.028546	-0.260000	0.060000	0.140000	-0.058000	0.018000	0.012000	29974	30006	30014	24971	25009	25006
918	15.521569	0.025896	-0.260000	0.060000	0.140000	-0.018000	-0.008000	-0.010000	29974	30006	30014	24991	24996	24995
919	15.521660	0.000091	0.090000	0.060000	-0.360000	-0.018000	-0.008000	-0.010000	30009	30006	29964	24991	24996	24995
920	15.547850	0.026190	0.090000	0.060000	-0.360000	-0.014000	-0.002000	-0.008000	30009	30006	29964	24993	24999	24996
921	15.547916	0.000066	0.140000	0.080000	-0.430000	-0.014000	-0.002000	-0.008000	30014	30008	29957	24993	24999	24996
922	15.579587	0.031671	0.140000	0.080000	-0.430000	-0.012000	0.008000	0.004000	30014	30008	29957	24994	25004	25002
923	15.579692	0.000105	0.100000	-0.120000	-0.090000	-0.012000	0.008000	0.004000	30010	29988	29991	24994	25004	25002
924	15.612820	0.033128	-0.040000	-0.110000	0.190000	-0.012000	0.008000	0.004000	29996	29989	30019	24994	25004	25002
925	15.643567	0.030746	-0.160000	-0.100000	-0.640000	-0.012000	0.008000	0.004000	29984	29990	29936	24994	25004	25002
926	15.674675	0.031109	-0.160000	-0.100000	-0.640000	0.024000	-0.012000	-0.002000	29984	29990	29936	25012	24994	24999
927	15.674768	0.000092	-0.260000	-0.530000	0.180000	0.024000	-0.012000	-0.002000	29974	29947	30018	25012	24994	24999
928	15.707790	0.033022	-0.260000	-0.530000	0.180000	0.038000	-0.034000	0.002000	29974	29947	30018	25019	24983	25001
929	15.707868	0.000078	0.110000	-0.230000	1.040000	0.038000	-0.034000	0.002000	30011	29977	30104	25019	24983	25001
930	15.740218	0.032350	0.110000	-0.230000	1.040000	0.034000	0.012000	0.014000	30011	29977	30104	25017	25006	25007
931	15.740303	0.000085	0.520000	0.470000	0.150000	0.034000	0.012000	0.014000	30052	30047	30015	25017	25006	25007
932	15.770947	0.030645	0.420000	0.000000	0.480000	0.034000	0.012000	0.014000	30042	30000	30048	25017	25006	25007
933	15.800592	0.029644	-0.160000	0.220000	-0.130000	0.034000	0.012000	0.014000	29984	30022	29987	25017	25006	25007
934	15.830673	0.030081	-0.160000	0.220000	-0.130000	-0.030000	-0.018000	-0.016000	29984	30022	29987	24985	24991	24992
935	15.830775	0.000102	0.070000	-0.620000	-0.730000	-0.030000	-0.018000	-0.016000	30007	29938	29927	24985	24991	24992
936	15.862592	0.031817	0.070000	-0.620000	-0.730000	0.044000	-0.002000	-0.022000	30007	29938	29927	25022	24999	24989
937	15.862713	0.000121	0.110000	-0.390000	-0.150000	0.044000	-0.002000	-0.022000	30011	29961	29985	25022	24999	24989
938	15.894752	0.032039	0.140000	-0.010000	-0.900000	0.044000	-0.002000	-0.022000	30014	29999	29910	25022	24999	24989
939	15.926368	0.031616	0.360000	0.360000	0.130000	0.044000	-0.002000	-0.022000	30036	30036	30013	25022	24999	24989
940	15.963185	0.036817	0.360000	0.360000	0.130000	0.002000	0.042000	-0.016000	30036	30036	30013	25001	25021	24992
941	15.963283	0.000099	0.380000	0.560000	0.150000	0.002000	0.042000	-0.016000	30038	30056	30015	25001	25021	24992
942	15.992950	0.029667	-0.240000	0.110000	0.190000	0.002000	0.042000	-0.016000	29976	30011	30019	25001	25021	24992
943	16.023708	0.030757	-0.240000	0.110000	0.190000	-0.004000	-0.004000	0.010000	29976	30011	30019	24998	24998	25005
944	16.023795	0.000088	-0.130000	-0.400000	-0.070000	-0.004000	-0.004000	0.010000	29987	29960	29993	24998	24998	25005
945	16.054614	0.030819	0.180000	-0.120000	0.760000	-0.004000	-0.004000	0.010000	30018	29988	30076	24998	24998	25005
946	16.085146	0.030532	0.180000	-0.120000	0.760000	0.016000	0.022000	0.018000	30018	29988	30076	25008	25011	25009
947	16.085271	0.000124	0.430000	0.160000	-0.380000	0.016000	0.022000	0.018000	30043	30016	29962	25008	25011	25009
948	16.115271	0.030000	0.430000	0.160000	-0.380000	0.006000	0.036000	-0.010000	30043	30016	29962	25003	25018	24995
949	16.115341	0.000070	0.430000	0.160000	-0.380000	-0.022000	0.032000	0.002000	30043	30016	29962	24989	25016	25001
950	16.115357	0.000016	0.520000	-0.110000	0.440000	-0.022000	0.032000	0.002000	30052	29989	30044	24989	25016	25001
951	16.146152	0.030795	0.140000	-0.300000	0.450000	-0.022000	0.032000	0.002000	30014	29970	30045	24989	25016	25001
952	16.173769	0.027617	0.140000	-0.300000	0.450000	0.022000	0.020000	0.004000	30014	29970	30045	25011	25010	25002
953	16.173840	0.000071	0.180000	0.530000	-0.340000	0.022000	0.020000	0.004000	30018	30053	29966	25011	25010	25002
954	16.204813	0.030973	0.180000	0.530000	-0.340000	-0.032000	0.002000	0.004000	30018	30053	29966	24984	25001	25002
955	16.204884	0.000071	0.180000	0.530000	-0.340000	0.012000	-0.030000	0.004000	30018	30053	29966	25006	24985	25002
956	16.204907	0.000024	0.150000	0.050000	-0.370000	0.012000	-0.030000	0.004000	30015	30005	29963	25006	24985	25002
957	16.236755	0.031848	0.100000	-0.090000	-0.110000	0.012000	-0.030000	0.004000	30010	29991	29989	25006	24985	25002
958	16.267656	0.030901	0.100000	-0.090000	-0.110000	0.008000	0.008000	0.004000	30010	29991	29989	25004	25004	25002
959	16.267731	0.000076	0.250000	-0.520000	0.140000	0.008000	0.008000	0.004000	30025	29948	30014	25004	25004	25002
960	16.298939	0.031208	-0.290000	-0.770000	0.190000	0.008000	0.008000	0.004000	29971	29923	30019	25004	25004	25002
961	16.325834	0.026895	-0.020000	-0.300000	0.140000	0.008000	0.008000	0.004000	29998	29970	30014	25004	25004	25002
962	16.352878	0.027044	-0.020000	-0.300000	0.140000	0.006000	-0.006000	0.002000	29998	29970	30014	25003	24997	25001
963	16.352955	0.000077	-0.020000	-0.300000	0.140000	-0.022000	-0.044000	-0.012000	29998	29970	30014	24989	24978	24994
964	16.352971	0.000016	0.120000	0.070000	-0.340000	-0.022000	-0.044000	-0.012000	30012	30007	29966	24989	24978	24994
965	16.380309	0.027338	0.290000	-0.340000	0.170000	-0.022000	-0.044000	-0.012000	30029	29966	30017	24989	24978	24994
966	16.409677	0.029368	0.290000	-0.340000	0.170000	0.010000	0.012000	-0.004000	30029	29966	30017	25005	25006	24998
967	16.409776	0.000099	-0.100000	-0.220000	0.190000	0.010000	0.012000	-0.004000	29990	29978	30019	25005	25006	24998
968	16.449929	0.040153	0.120000	-0.070000	-0.100000	0.010000	0.012000	-0.004000	30012	29993	29990	25005	25006	24998
969	16.498903	0.048973	0.120000	-0.070000	-0.100000	0.014000	0.010000	0.010000	30012	29993	29990	25007	25005	25005
970	16.498969	0.000066	0.170000	-0.120000	0.740000	0.014000	0.010000	0.010000	30017	29988	30074	25007	25005	25005
971	16.526510	0.027541	0.340000	0.080000	0.150000	0.014000	0.010000	0.010000	30034	30008	30015	25007	25005	25005
972	16.552816	0.026306	0.340000	0.080000	0.150000	-0.014000	0.026000	-0.004000	30034	30008	30015	24993	25013	24998
973	16.552888	0.000072	0.280000	-0.240000	0.430000	-0.014000	0.026000	-0.004000	30028	29976	30043	24993	25013	24998
974	16.583391	0.030503	0.280000	-0.240000	0.430000	-0.006000	0.002000	-0.006000	30028	29976	30043	24997	25001	24997
975	16.583458	0.000067	0.070000	-0.270000	0.100000	-0.006000	0.002000	-0.006000	30007	29973	30010	24997	25001	24997
976	16.610771	0.027313	0.070000	-0.270000	0.100000	-0.010000	-0.014000	-0.010000	30007	29973	30010	24995	24993	24995
977	16.610841	0.000070	0.070000	-0.270000	0.100000	-0.014000	-0.014000	0.012000	30007	29973	30010	24993	24993	25006
978	16.610862	0.000021	0.040000	-0.370000	0.450000	-0.014000	-0.014000	0.012000	30004	29963	30045	24993	24993	25006
979	16.648974	0.038112	0.180000	0.220000	-0.370000	-0.014000	-0.014000	0.012000	30018	30022	29963	24993	24993	25006
980	16.681038	0.032064	-0.210000	-0.120000	-0.140000	-0.014000	-0.014000	0.012000	29979	29988	29986	24993	24993	25006
981	16.710813	0.029775	0.170000	0.460000	0.160000	-0.014000	-0.014000	0.012000	30017	30046	30016	24993	24993	25006
982	16.745818	0.035006	0.170000	0.460000	0.160000	-0.042000	0.024000	0.000000	30017	30046	30016	24979	25012	25000
983	16.745897	0.000079	-0.100000	0.150000	0.400000	-0.042000	0.024000	0.000000	29990	30015	30040	24979	25012	25000
984	16.778519	0.032622	-0.100000	0.150000	0.400000	-0.036000	-0.012000	0.004000	29990	30015	30040	24982	24994	25002
985	16.778587	0.000067	0.380000	-0.090000	0.440000	-0.036000	-0.012000	0.004000	30038	29991	30044	24982	24994	25002
986	16.809509	0.030923	0.380000	-0.090000	0.440000	-0.016000	0.018000	0.008000	30038	29991	30044	24992	25009	25004
987	16.809614	0.000105	-0.160000	-0.550000	-0.380000	-0.016000	0.018000	0.008000	29984	29945	29962	24992	25009	25004
988	16.848904	0.039289	-0.160000	-0.550000	-0.380000	0.058000	-0.018000	-0.004000	29984	29945	29962	25029	24991	24998
989	16.849035	0.000132	-0.100000	-0.280000	-0.140000	0.058000	-0.018000	-0.004000	29990	29972	29986	25029	24991	24998
990	16.882121	0.033085	-0.100000	-0.280000	-0.140000	0.016000	-0.008000	-0.006000	29990	29972	29986	25008	24996	24997
991	16.882178	0.000058	-0.130000	-0.390000	-0.130000	0.016000	-0.008000	-0.006000	29987	29961	29987	25008	24996	24997
992	16.912365	0.030186	-0.190000	0.060000	-0.080000	0.016000	-0.008000	-0.006000	29981	30006	29992	25008	24996	24997
993	16.944035	0.031671	-0.240000	-0.090000	0.500000	0.016000	-0.008000	-0.006000	29976	29991	30050	25008	24996	24997
994	16.980464	0.036429	-0.240000	-0.090000	0.500000	0.002000	-0.018000	0.000000	29976	29991	30050	25001	24991	25000
995	16.980566	0.000102	-0.100000	0.030000	-0.070000	0.002000	-0.018000	0.000000	29990	30003	29993	25001	24991	25000
996	17.012978	0.032412	-0.100000	0.030000	-0.070000	-0.004000	-0.002000	0.000000	29990	30003	29993	24998	24999	25000
997	17.013077	0.000099	0.120000	-0.010000	-0.050000	-0.004000	-0.002000	0.000000	30012	29999	29995	24998	24999	25000
998	17.052171	0.039094	-0.370000	-1.010000	-0.410000	-0.004000	-0.002000	0.000000	29963	29899	29959	24998	24999	25000
999	17.087147	0.034976	0.270000	-0.270000	0.720000	-0.004000	-0.002000	0.000000	30027	29973	30072	24998	24999	25000
1000	17.125610	0.038462	0.270000	-0.270000	0.720000	0.012000	0.008000	-0.002000	30027	29973	30072	25006	25004	24999
1001	17.125769	0.000159	0.040000	-0.010000	0.130000	0.012000	0.008000	-0.002000	30004	29999	30013	25006	25004	24999
1002	17.162506	0.036737	0.040000	-0.010000	0.130000	-0.004000	0.004000	-0.002000	30004	29999	30013	24998	25002	24999
1003	17.162581	0.000075	0.240000	-0.010000	-0.160000	-0.004000	0.004000	-0.002000	30024	29999	29984	24998	25002	24999
1004	17.198787	0.036206	0.240000	-0.010000	-0.160000	-0.026000	-0.004000	-0.018000	30024	29999	29984	24987	24998	24991
1005	17.198893	0.000106	0.310000	0.300000	-0.130000	-0.026000	-0.004000	-0.018000	30031	30030	29987	24987	24998	24991
1006	17.234819	0.035926	0.020000	0.350000	0.440000	-0.026000	-0.004000	-0.018000	30002	30035	30044	24987	24998	24991
1007	17.269570	0.034751	0.200000	0.670000	0.720000	-0.026000	-0.004000	-0.018000	30020	30067	30072	24987	24998	24991
1008	17.300262	0.030693	0.200000	0.670000	0.720000	-0.064000	0.016000	-0.004000	30020	30067	30072	24968	25008	24998
1009	17.300332	0.000070	0.200000	0.670000	0.720000	0.032000	-0.032000	-0.012000	30020	30067	30072	25016	24984	24994
1010	17.300354	0.000022	-0.230000	-0.340000	-0.100000	0.032000	-0.032000	-0.012000	29977	29966	29990	25016	24984	24994
1011	17.331043	0.030689	0.150000	-0.250000	-0.140000	0.032000	-0.032000	-0.012000	30015	29975	29986	25016	24984	24994
1012	17.361387	0.030344	0.150000	-0.250000	-0.140000	0.006000	0.006000	0.000000	30015	29975	29986	25003	25003	25000
1013	17.361456	0.000069	0.450000	0.130000	0.160000	0.006000	0.006000	0.000000	30045	30013	30016	25003	25003	25000
1014	17.389855	0.028400	0.450000	0.130000	0.160000	-0.026000	0.010000	0.002000	30045	30013	30016	24987	25005	25001
1015	17.389950	0.000094	0.220000	0.160000	0.170000	-0.026000	0.010000	0.002000	30022	30016	30017	24987	25005	25001
1016	17.418506	0.028556	0.220000	0.160000	0.170000	-0.008000	0.018000	0.004000	30022	30016	30017	24996	25009	25002
1017	17.418580	0.000074	0.130000	-0.360000	-0.070000	-0.008000	0.018000	0.004000	30013	29964	29993	24996	25009	25002
1018	17.451967	0.033387	0.130000	-0.360000	-0.070000	0.008000	-0.020000	-0.022000	30013	29964	29993	25004	24990	24989
1019	17.452053	0.000086	0.110000	0.010000	0.420000	0.008000	-0.020000	-0.022000	30011	30001	30042	25004	24990	24989
1020	17.486588	0.034535	0.110000	0.010000	0.420000	0.008000	0.026000	-0.004000	30011	30001	30042	25004	25013	24998
1021	17.486744	0.000155	-0.090000	-0.190000	0.170000	0.008000	0.026000	-0.004000	29991	29981	30017	25004	25013	24998
1022	17.522586	0.035843	-0.090000	-0.190000	0.170000	0.014000	-0.006000	-0.010000	29991	29981	30017	25007	24997	24995
1023	17.522674	0.000088	-0.210000	-0.290000	0.720000	0.014000	-0.006000	-0.010000	29979	29971	30072	25007	24997	24995
1024	17.551507	0.028833	-0.210000	-0.290000	0.720000	0.018000	-0.008000	0.004000	29979	29971	30072	25009	24996	25002
1025	17.551571	0.000064	-0.210000	-0.290000	0.720000	0.042000	0.016000	0.012000	29979	29971	30072	25021	25008	25006
1026	17.551588	0.000018	0.100000	-0.560000	0.180000	0.042000	0.016000	0.012000	30010	29944	30018	25021	25008	25006
1027	17.579287	0.027698	-0.250000	0.050000	-0.640000	0.042000	0.016000	0.012000	29975	30005	29936	25021	25008	25006
1028	17.607327	0.028040	-0.250000	0.050000	-0.640000	0.010000	-0.012000	-0.012000	29975	30005	29936	25005	24994	24994
1029	17.607401	0.000074	0.240000	0.110000	0.440000	0.010000	-0.012000	-0.012000	30024	30011	30044	25005	24994	24994
1030	17.637327	0.029926	0.240000	0.110000	0.440000	0.000000	0.020000	-0.012000	30024	30011	30044	25000	25010	24994
1031	17.637494	0.000166	-0.020000	0.350000	0.700000	0.000000	0.020000	-0.012000	29998	30035	30070	25000	25010	24994
1032	17.672372	0.034879	-0.020000	0.350000	0.700000	-0.046000	0.004000	0.002000	29998	30035	30070	24977	25002	25001
1033	17.672492	0.000120	-0.020000	0.340000	-0.110000	-0.046000	0.004000	0.002000	29998	30034	29989	24977	25002	25001
1034	17.701576	0.029084	-0.020000	0.340000	-0.110000	-0.022000	0.012000	0.000000	29998	30034	29989	24989	25006	25000
1035	17.701649	0.000073	0.250000	0.110000	0.180000	-0.022000	0.012000	0.000000	30025	30011	30018	24989	25006	25000
1036	17.731270	0.029621	0.250000	0.110000	0.180000	-0.020000	0.018000	0.008000	30025	30011	30018	24990	25009	25004
1037	17.731378	0.000108	0.520000	0.150000	0.740000	-0.020000	0.018000	0.008000	30052	30015	30074	24990	25009	25004
1038	17.764022	0.032644	0.520000	0.150000	0.740000	-0.034000	0.030000	0.000000	30052	30015	30074	24983	25015	25000
1039	17.764096	0.000074	0.300000	0.250000	-0.080000	-0.034000	0.030000	0.000000	30030	30025	29992	24983	25015	25000
1040	17.794323	0.030227	0.300000	0.250000	-0.080000	-0.024000	0.014000	-0.008000	30030	30025	29992	24988	25007	24996
1041	17.794403	0.000080	0.250000	0.210000	-0.090000	-0.024000	0.014000	-0.008000	30025	30021	29991	24988	25007	24996
1042	17.827504	0.033101	0.580000	0.180000	-0.120000	-0.024000	0.014000	-0.008000	30058	30018	29988	24988	25007	24996
1043	17.860411	0.032907	0.130000	-0.400000	0.120000	-0.024000	0.014000	-0.008000	30013	29960	30012	24988	25007	24996
1044	17.895661	0.035250	0.130000	-0.400000	0.120000	0.052000	0.024000	-0.008000	30013	29960	30012	25026	25012	24996
1045	17.895731	0.000069	0.120000	0.170000	0.160000	0.052000	0.024000	-0.008000	30012	30017	30016	25026	25012	24996
